Step Dist_Z Force_Z PMF_Work Rg RMSD E_Interface E_Poly_Internal T_Local
840960 137.7179695019729877 0.11609583008700000151 0.00054453161123460005165 42.530421724401001882 0.22241227858891599034 -23116.726451789600105 130769.30794358800631 311.45959316058599597
841440 137.72200718949900988 0.47945394658030099366 0.0095646510389634804145 42.535553889390897098 0.46737375712200501798 -23130.463875660600024 130740.70712247799383 309.47009283847097549
841920 137.72798457595999366 0.83162449156044504495 0.029165036541663000996 42.538979099664800287 0.58979750159336996607 -23095.7272284114988 130595.07592957200541 309.84402511420597648
842400 137.73324665878399742 1.1789292482087099234 0.059408254315213203378 42.543882320554303078 0.65586233332550702979 -23114.216747091300931 130577.57813132900628 308.42216909860900387
842880 137.73663175077601295 1.5100877924601099345 0.099761849396766300035 42.547642789890097959 0.70051425325658500665 -23200.383246422301454 131060.01754834300664 308.47118929684700106
843360 137.73925635046700222 1.8296601806692600611 0.1498799291873479933 42.546039014892997443 0.73085597837905003082 -23146.18567139840161 130708.82107093899685 310.53015962976201081
843840 137.7407682900260113 2.1475256088186700509 0.20949389493026698839 42.54449611903900319 0.75808233830653903862 -23109.13122403520174 130629.74908424400201 311.23675665482602426
844320 137.74438121253899681 2.4878384658634300486 0.27907611960495998238 42.54471871571440289 0.77496393150905895642 -23094.303474656699109 130496.33131998100725 309.2928477343079976
844800 137.74587397181801407 2.7926694382908299197 0.35832868623105001982 42.540170194216102573 0.80170844901945303995 -23108.179542193200177 130544.82641654700274 310.66191467854702069
845280 137.74726905509700714 3.092449745214589818 0.44659480745173202321 42.534465266752697232 0.82880926367813401168 -22987.602393731798657 131138.27874018301372 308.52980856416400002
845760 137.74865218564301017 3.4011990568131000856 0.54401967572650400395 42.523421419100998264 0.84795035980636301876 -23070.610851093799283 130898.23228165500041 310.88939805099397518
846240 137.74682988552899587 3.6892783820639798442 0.65043845236867003923 42.510707721724799057 0.86724100801685000128 -23119.373853953500657 130943.59280172000581 308.0761276704760121
846720 137.74746856905198911 4.0037361375894899851 0.76573157054628504525 42.496988985103399727 0.88471137407337896441 -22868.793684956901416 130664.19159061300161 308.45270598516299287
847200 137.74990472263999663 4.3395367129633504177 0.89082070964857296147 42.484777072951203536 0.90246229667390198692 -22966.9423279549992 130576.25269008999749 309.08053881442498323
847680 137.75416608664500018 4.6874925430264697823 1.0262951748471900171 42.475580637956198871 0.91392939674344098044 -22975.948456591399008 130653.21079577000637 309.38624107192600832
848160 137.75757886251400919 5.0128456207606300055 1.1717868222566401037 42.467742562753002744 0.92221430944529603213 -22989.60285139789994 130463.85719793199678 309.82984119536200751
848640 137.76001821140201287 5.3262189620917403943 1.3270557436503500615 42.459207355346201496 0.93772412149805595138 -22887.804364677700505 130646.54642971100111 307.86253361741898971
849120 137.75966241484201191 5.6092824613556899749 1.4910197238409399478 42.454530612336100148 0.95432431501371495219 -22872.775430690799112 130731.02635723199637 309.60351101333498036
849600 137.76194625357300083 5.9204814048587399711 1.6639321472468699969 42.453605566562501394 0.97139348381926005072 -22944.53210787739954 131179.1306646669982 307.72880999499102472
850080 137.76029299759500191 6.2120281855256003212 1.8460494095467099296 42.452385591992197078 0.98218095984968500911 -22818.509189664200676 130793.66362232899701 309.33203118329100789
850560 137.75685974107599918 6.4760533616332498497 2.0363576078156198079 42.452605339274398943 0.98757906441547305132 -22940.595985619100247 130775.10778495100385 309.26515595007299453
851040 137.75632468261798635 6.7748060177376698832 2.235030835007330019 42.451884350469697438 0.99556560216867895363 -22962.956418735899206 130950.65083058300661 309.68139077493901823
851520 137.75631898497800876 7.0734750755965301039 2.4428206878570000171 42.454866405165496701 1.0020652913617000834 -23021.170349473901297 131298.43872436298989 309.31178085515898601
852000 137.75696858818699297 7.372274747422109975 2.6595100398862201452 42.46064520048449964 1.0105299020429099333 -23071.081513007098692 130779.74533625699405 309.76948953923397312
852480 137.75610215438999262 7.6626104310351799143 2.8850834187564400324 42.466296097511502694 1.0163655168642700133 -22905.674249676700128 131118.75207169901114 307.39315542566697559
852960 137.75379898073299501 7.9386175778786496338 3.119135237991859988 42.47431076753080248 1.0232932243813699369 -22872.270324717901531 130983.02065643700189 309.72151025485698028
853440 137.7524905862819935 8.2237881640322907373 3.3615604479573502061 42.479786418975599815 1.0273730799194300545 -22880.184082237901748 130482.94244431699917 309.52166294446698203
853920 137.75144552362399963 8.5099440304388007661 3.6126242635124001801 42.484092228558999693 1.0323613574031000883 -22857.290023491299507 130806.78201200299372 307.87989909943297562
854400 137.75003761569200833 8.7889206821433294436 3.8721409671067799074 42.491097221141401974 1.0412479651584400919 -22972.761950919801166 130753.77682374599681 310.94246305891601878
854880 137.7482689642469893 9.0626290402240297084 4.1399151822797000122 42.495040262179102797 1.0540465068696101003 -22882.373973295900214 131018.65626580400567 309.98076385682099954
855360 137.74762655237299214 9.3455674704323001833 4.4159848093684503922 42.497040710140602471 1.0597657468336298958 -23058.256164837301185 131017.10686711499875 310.1175006461029966
855840 137.74732116593099818 9.6426114763963397536 4.7008031368248399673 42.499343760382899404 1.062203258899490077 -23081.182405982199271 131305.81250770500628 309.11509120067302092
856320 137.74527872676600282 9.9304810078753096292 4.9944548491502995802 42.501639736680800752 1.0717639697000500565 -23118.337300085899187 130617.65353322999727 311.30979529264101302
856800 137.74129693194700508 10.208835066464299501 5.2965489864154600141 42.501864285444000302 1.0801059722642301075 -22995.712584699998843 130253.4581315539981 310.20932209660202261
857280 137.73623264668199795 10.466802158531299582 5.6067933415342601222 42.50264188726019654 1.0884704943014700262 -23103.426398538100329 130946.54756807599915 308.07165307072898486
857760 137.72783311224500835 10.700586342430600695 5.9243285001033303416 42.506390665946803153 1.0989355531013100808 -22954.215435496200371 130792.93643500900362 309.16409803805299816
858240 137.72104504211600329 10.935837446632699965 6.2488635174515101411 42.512735252839100042 1.1074957782951999619 -22887.149810255901684 131044.4441692870023 309.31340561445699677
858720 137.71732959557598974 11.180711732991600371 6.5806353701041198079 42.51794445208459905 1.1077236387690800878 -23015.962370021399693 130912.47876319600618 308.33521527626999159
859200 137.70992234052400249 11.381573641181800483 6.9192172664036597496 42.516598952972401548 1.1115974240283199581 -22975.2407964041995 131019.93892080600199 310.10246862125001144
859680 137.7007513387920028 11.581960488049199753 7.2635400419112796655 42.513881382118597685 1.1191415052533899566 -23025.529039796500001 131105.79558491098578 307.71457040736999033
860160 137.69488419443399607 11.831934461759999522 7.6147389909977496458 42.510285916827299957 1.1274089307968100382 -22802.266693073601346 130975.61763680100557 308.1963028268950211
860640 137.68804521446799072 12.057864593103900575 7.9731768575370596253 42.507641186799297373 1.1347232085539700197 -22806.256496907801193 130846.99307380100072 308.85869419827997717
861120 137.68078583248200175 12.282740903850399405 8.3382757490581997928 42.504228073527102083 1.1425368434941500784 -22743.381890411499626 130933.25215912000567 308.69589131167401774
861600 137.67466789849601128 12.521925871980199574 8.7103203915480005293 42.501166274134497769 1.1480038860446599713 -22940.662042828898848 130479.61162152999896 309.9002373773540171
862080 137.67018325761100073 12.76404327355369972 9.0896406344484805828 42.503148410202101104 1.1580256724087401032 -22885.693981300599262 130842.54680850000295 308.60995653988697995
862560 137.66428005432601367 12.987572465237100516 9.4759235702243405086 42.507940109693102215 1.165120360767970098 -22985.314205122500425 130850.29105708299903 308.9793747710630214
863040 137.65941479429798733 13.220827542632099139 9.868996790929649876 42.509519968294497971 1.1691085817202400143 -22896.604612916598853 130914.16496009100229 308.05885789689199328
863520 137.65427184796399729 13.450844374342800336 10.269161621026800191 42.50727761313149955 1.1807074179498999733 -22838.197698158001003 130777.76638273800199 306.99361433191899096
864000 137.6487521530789877 13.673668926802999835 10.675956912804599241 42.502670991470097306 1.1908665774295899009 -22786.359608733800997 130570.75807425800303 308.70355412465602285
864480 137.64510138373000814 13.915920874786799288 11.089767091763100382 42.499025878266699863 1.1960551342951100118 -22846.656080478598597 130489.86589187500067 308.76801474034999728
864960 137.64003182742300169 14.148051212167899848 11.510790083292700814 42.493953788086500367 1.2023382773178399319 -22973.51813332239908 130746.43044277100125 309.72052949085298224
865440 137.63208110650398908 14.356369136037899992 11.938385340152699143 42.491337382105399456 1.2043931676524499697 -22749.6032434937988 130462.89110882800014 309.25554631730102528
865920 137.62468230243999301 14.569348270236300635 12.372299262796699892 42.492869965453301973 1.2070131901331400126 -22891.206828536098328 130847.72666368600039 309.04527059900800623
866400 137.61730357772898969 14.786523434603299876 12.812646689665299959 42.498613466479099543 1.2133274803037599199 -22819.699334119501145 130392.10859094500483 308.67505425966498933
866880 137.60990011682000045 15.01527242500280046 13.25961501176269941 42.507317201984001542 1.222475007093589916 -22837.41941301100087 130584.61427489899506 307.11186170739199497
867360 137.60229956337698809 15.231637778809300698 13.713401278352099766 42.516155138818696457 1.2324546923707699886 -22912.383160579498508 130483.32883847599442 308.42541973205800332
867840 137.5939099494530069 15.438867392705699189 14.173410083778499313 42.524775288480903157 1.2372164273745500651 -22947.833646761100681 130660.91998239999521 307.20116066969399071
868320 137.58676412035001135 15.646790997197200568 14.639756217656099579 42.533592702370498273 1.245551400312379986 -22874.279143722298613 130830.92663486499805 308.42440422333197603
868800 137.57863183803499396 15.84775578671639984 15.112134226204499754 42.539134124151900096 1.2459304221526199541 -22931.149240282098617 130296.03873349599598 310.586149882549023
869280 137.56919018715001357 16.048990629914598571 15.590586879596299852 42.541234558363001383 1.2521494682785900832 -22989.060402713701478 130654.60728281400225 310.57046634287900133
869760 137.55794034714099894 16.236773274089198793 16.074958454370701588 42.539476807367798017 1.2596014031371300934 -22967.352016464501503 130735.05032685300102 309.27296396520500821
870240 137.54455283771599738 16.398548566907898305 16.564560430869601504 42.535765699056696576 1.2698906879214000298 -22846.636039348799386 130818.20328980899649 309.16202065081097317
870720 137.53020414274499217 16.548787870400001765 17.058723967486400852 42.535480889282503369 1.2765488885902100957 -22922.325365404198237 130909.93391862399585 310.06593380116100889
871200 137.51754125988699684 16.714092175050499378 17.557735863595599568 42.536137079829700269 1.2849375892685299672 -22857.814839106900763 130690.46307135099778 308.94378526739700419
871680 137.50503786529000649 16.882900364648399716 18.06168517882100133 42.538558996193700068 1.2866003517331299211 -22958.634146673401119 130363.61352690099739 308.83626216027698774
872160 137.49196383421499945 17.035029993352900135 18.570447955411800933 42.539773776953900608 1.2853061749298499983 -22937.387510405198555 130707.70076444999722 307.48294296613698862
872640 137.4802076120259926 17.212828529027500934 19.084061062021799415 42.541496773756300342 1.2889735283905199292 -22956.998507064101432 130669.59407887799898 307.89263176545699707
873120 137.47033255199900736 17.413737794686998228 19.60349077806860052 42.547748012563403108 1.2968957827277201034 -22960.500331878600264 130547.89000262599438 307.39442215659897784
873600 137.46092545529199924 17.612830969188898678 20.128880951939699173 42.551077549970599989 1.3069094976149500109 -22932.515380357501272 130867.89445686100225 308.20208634705699069
874080 137.4505360356100141 17.800652819666698434 20.660074215667599162 42.554991209405400809 1.3166218382422401056 -22968.086793171598401 130476.21928539899818 308.59092606580799156
874560 137.44193950492299905 17.999398600066498943 21.197105280446699282 42.559753406008496768 1.3231645328481700385 -22923.589176308199967 130376.88476147899928 308.45207860720097415
875040 137.43567831571999704 18.213417459938398224 21.740191327444900793 42.561645913395601326 1.3323098575211000938 -22787.973435392199463 130553.12258802200085 309.13383935630599808
875520 137.4305243574540043 18.437019352274699457 22.290034104794798964 42.5672741426430008 1.3345961955478700123 -22888.188335644801555 130617.51140336500248 307.79821944755701679
876000 137.42454461261399956 18.651891622027100937 22.846320370348198736 42.574949936541500506 1.3391848492614200072 -22877.306678342600208 130748.20603886900062 307.43941792402199553
876480 137.41776633825699605 18.858136591720299435 23.409017131860998973 42.576443942064798875 1.3371940054916500173 -22839.70276305580046 130496.38330362699344 309.01712397899302687
876960 137.41236564452501057 19.071958897882900885 23.977910404580299542 42.573222285808597576 1.3334951893377100518 -22909.639355632298248 130533.05877630700707 307.96040325223498257
877440 137.40745354071501083 19.305669361978299747 24.553550507635698352 42.566323202467202691 1.332451974525719951 -22824.370967559698329 130771.78917046199786 308.40441571922201547
877920 137.40093594887798645 19.526692984339401704 25.136170119829298386 42.563792483553399393 1.3317380287608500122 -22897.027880980800546 130706.39753551399917 309.17200926111502213
878400 137.39432624072199474 19.746603408121600864 25.725152335090299971 42.565081099458801361 1.3342684760918399611 -22859.155212256700906 130876.36145952199877 307.10203448292901385
878880 137.3887891947229889 19.976055012187899251 26.320985726518401293 42.566147238000198172 1.3397932868614599311 -22779.714939072298876 130855.23215866599639 308.56171585836699478
879360 137.38408735701798946 20.216827732482698821 26.923879762941901106 42.566496635013500338 1.3462039550323900983 -22776.857484422900598 130868.47007296800439 307.34696908025699713
879840 137.37960852139099188 20.470796503693900803 27.534115379104299848 42.565753636782503122 1.3492773057862399444 -22730.220626295300463 130637.2421689430048 308.53025636107798846
880320 137.3767004304239947 20.745808216930100798 28.152370777033400628 42.569773708146399827 1.3615472408244300162 -22744.116701655399083 130553.56969138000568 308.55681211597601532
880800 137.37499998424300429 21.025260515380701065 28.77887217819780119 42.57119626095879994 1.367884477166450008 -22807.07234739120031 130821.95019043900538 309.10160871304901775
881280 137.37533152334398778 21.317633907317699027 29.41408208393890078 42.569971377786700373 1.374159833740620007 -22792.922123252101301 130485.56597751200025 309.02796408745297185
881760 137.37196114479701237 21.587326480350398583 30.057673624957299552 42.572756463557901441 1.3701833647116901105 -22694.01800028749858 130789.48085343500134 308.0684939091190131
882240 137.36959784898900239 21.87157860774859941 30.709475981129898514 42.582567895177596995 1.3701535550882300019 -22816.295405337201373 130495.54351130599389 308.70885011510000595
882720 137.36829106890999697 22.181599440433600989 31.370300529482200602 42.594886530477197084 1.3739355280248999325 -22742.389583732499887 130530.16524587399908 308.22291699273699805
883200 137.36591930150100893 22.476340742411501594 32.040129504491396517 42.606628200287701702 1.3719367250614000753 -22791.820657742999174 131013.07034712099994 307.8321476337289937
883680 137.36336162659199545 22.758991687716001451 32.718805825259103415 42.613375681938698847 1.3705921095193900339 -22826.516056045798905 130774.81786228899728 309.74451437522799324
884160 137.35670109423099916 23.003514997891500116 33.405303649315001735 42.617562377212102831 1.3749378703366299526 -22736.619440547201521 130541.71308844399755 309.32276123267899948
884640 137.34947317724299864 23.240366451295098926 34.098901231886202368 42.619815426531097557 1.3821147952183499008 -22606.668730474601034 130701.38280837099592 309.22466423068300401
885120 137.34384600571499391 23.509538470653801312 34.800053733621098218 42.617660988839396907 1.3865717351894200071 -22731.394847938601742 130710.95591367600719 309.3261619398360267
885600 137.34049132152000539 23.80284220551229879 35.509787771675497936 42.615786109797596737 1.3904591560044599063 -22613.083706610101217 130612.92166768100287 309.49885704467499181
886080 137.33726253575500209 24.083429073521799069 36.228067402338801628 42.611888080699898751 1.3913502747786399283 -22676.626973523299966 130742.18996661700658 308.64462419110498104
886560 137.33473794299300152 24.368506454898199109 36.954935277156899076 42.61202122026409711 1.3981567558387300032 -22573.334821252701659 130966.59763597100391 307.63599745748001624
887040 137.3295748508539873 24.623259034144400204 37.689859770165497821 42.615621655162897241 1.4003940740876099635 -22644.574797364799451 130937.94326084500062 308.12996595372698039
887520 137.32413987223799268 24.870124888884699743 38.432263529241801336 42.620091426870899909 1.4062520577297099589 -22700.955354393998277 130726.62841231099446 308.31513310269201611
888000 137.32248939780899377 25.153603846478500117 39.182506938320798895 42.623607513774700806 1.4082953789932299848 -22701.939629800399416 131001.76603131799493 308.09958074557101781
888480 137.31942767126199101 25.433191978031398861 39.941422901037199722 42.625532828692797693 1.4131676808340600804 -22729.016067700100393 130951.47710054900381 306.61784327463499267
888960 137.3127163282240133 25.680766555181900657 40.708207744722798793 42.626546465711300016 1.4169319637111899013 -22630.933957582601579 130757.7430465590005 307.71763141973599431
889440 137.30830714620699951 25.953044143125801213 41.482594332027098005 42.627475364231798949 1.420542723349329961 -22810.784667700900172 130944.28672296200239 307.49997574914101506
889920 137.30488933680899777 26.240310538094799853 42.265493938197998602 42.630452090067599613 1.4179144301832200536 -22693.819683891601017 130544.8934416819975 307.56864670338501355
890400 137.30284047258300006 26.522499820712098995 43.057030249841396596 42.632822314883803472 1.4177394927683599768 -22662.033738110101694 131032.19798087599338 309.35907145220397751
890880 137.29973608560601406 26.781831163707099819 43.856611470287198529 42.636431489704698095 1.4204788215126400441 -22834.284878476100857 130712.35182384100335 307.37325691087897894
891360 137.29419102383099016 27.020319149611999876 44.663703174014102615 42.640855052200599573 1.4289643355017001003 -22786.68251178510036 130517.10052167699905 307.86032787230499252
891840 137.28852336741900331 27.25387549819879851 45.47777049409310024 42.644830978855402748 1.4409392794471600485 -22741.2472404723012 130918.06167143999483 307.24014697591400136
892320 137.28382136220500342 27.505988406745299102 46.299172595860497381 42.649196778761300664 1.4540388836418300933 -22741.816231153999979 130546.40147316899674 308.88519409758799839
892800 137.27842597958598958 27.751160118565898927 47.128014671524496748 42.655188413991503182 1.461772304610339912 -22808.0524990058002 130401.97332421199826 309.22548794556797702
893280 137.27138656542601325 27.987323248963601685 47.964118776154698764 42.65841763138210041 1.4705023767139600022 -22823.917170663098659 130574.99808252599905 309.82702001122999036
893760 137.26689099892200829 28.247393198853501417 48.807582928741702233 42.657352615212097646 1.4753291274031099523 -22808.270681397800217 130998.89893949699763 306.1510287100920209
894240 137.26183884702498972 28.498389870222901266 49.658853794309202101 42.660864257864197668 1.4833972998364799434 -22846.318116017198918 130815.84301269799471 307.79957612123399713
894720 137.25747055053000167 28.745057765106000858 50.517401330853701324 42.66296362198129799 1.4867906388893199487 -22745.85939707110083 130628.67484550899826 307.90227656693497238
895200 137.25295665964500813 29.007777082279101677 51.383709556713498046 42.660703781721899475 1.4900215786666100026 -22891.550722891999612 130377.45203802500328 309.12334937719100481
895680 137.24846023180398902 29.263664570077498439 52.257772907746002033 42.660994568865199028 1.4951462291076200728 -22875.151331957098591 130759.68935746200441 306.09519235258500203
896160 137.24648147163799194 29.550101485091300191 53.139915569109597016 42.657725579364196733 1.4973359530576799692 -22780.044330590299069 131242.85747923899908 306.5409607519810038
896640 137.24146955416000537 29.811789185801899293 54.030527889623897408 42.653476031605499941 1.4952270691672200353 -22801.044986682500166 130640.69035281900142 308.28201255785802459
897120 137.23181661358398742 30.021451920558000381 54.928031804664101401 42.650606220918298561 1.4963924618585300319 -22741.67944785419968 130765.49045706199831 307.12957626594499061
897600 137.22655971304999412 30.26799027932980124 55.832321273647998794 42.651378985373696651 1.4959807009902199582 -22826.852553837299638 130695.57793718999892 309.277756696997983
898080 137.22280571822699358 30.525789433470901457 56.744213901922499588 42.652167481300899965 1.4916580561334999988 -22773.531778649299667 130424.48911547000171 309.06657902475700439
898560 137.2161673594229967 30.765592814646200992 57.663619188532898363 42.655203395037197822 1.4932373285774500626 -22808.208151473798353 130816.22412624000572 306.92968558695901038
899040 137.20927413235401104 31.008168630892800621 58.590207446511001876 42.654340595569401273 1.4962511929614799033 -22836.429033464199165 130882.11344280200137 306.68972582624201095
899520 137.20496890475499185 31.274609212404598679 59.524439101896000182 42.650190656158699198 1.5091003253382699878 -22889.708445622698491 130343.31930271199963 307.83336846969098133
900000 137.19949209729699646 31.531974809938500215 60.466496684083999469 42.646406979427098349 1.5199351765731099473 -22768.323356229800993 130464.90231786899676 309.27828424367999105
900480 137.19693579782298798 31.820616803164998743 61.416766020673996707 42.643026094326600628 1.5170398034428700385 -22745.706983380401653 130572.16973246299312 308.2349375829900282
900960 137.19238082628100983 32.091366069137599482 62.375482258497200405 42.640825068500198824 1.5098899490154000791 -22784.524596099599876 130616.77500102500198 309.27883830155400346
901440 137.1890809794570032 32.368758660277798356 63.342361538394698073 42.640468010867600412 1.5104241936549001046 -22634.903161693498987 130643.66937879800389 307.09399737512802631
901920 137.18378329656300707 32.615261763470897449 64.317251698088995226 42.642123550760899775 1.5086005905386699055 -22745.542944392400386 130569.74546075399849 308.35764393289099417
902400 137.17759894926899733 32.837131240555798684 65.298994742437301397 42.644207901037198383 1.5092014160190199146 -22718.357822801499424 130525.7749396309955 309.36091601768100645
902880 137.17274822264099043 33.068279113841697381 66.287595138616296708 42.647287571399303374 1.510699420680869931 -22725.920746289400995 130568.4458418120048 309.3496903598110066
903360 137.17004047644800835 33.317536252913896533 67.283331597049297557 42.649128498877800553 1.5140262550156600163 -22631.707263631298702 130778.05435953999404 307.56695104983401734
903840 137.16687081983900498 33.576415243685502787 68.286766432317904219 42.646963428239601512 1.5164177557114699724 -22568.756331396300084 130689.4463566839986 307.81683437974902517
904320 137.1619636831019875 33.840485317805097054 69.298000225519899686 42.644081064478598364 1.5158115596030099503 -22772.562384254601056 130476.08868262000033 309.39072848021800155
904800 137.15781156758899328 34.116146055635098833 70.317330159334900941 42.643389576160799948 1.5178032205518199316 -22695.716601846401318 130251.49460353600443 308.92171349322501328
905280 137.1539049300729971 34.384153733067897463 71.344863943319893451 42.644917649172498386 1.5214974971442900564 -22607.891070373800176 130391.27341407300264 309.11891219192000335
905760 137.15212491729698741 34.659139631945201643 72.380545222228704461 42.643913448323800708 1.5256306786451399038 -22749.20893407479889 130389.29862528199737 307.77031484632800584
906240 137.14897489396798846 34.906462434608400258 73.424035220554699777 42.647353841617700709 1.529549023414519926 -22709.569999877599912 130773.54562884100596 307.40799357948901616
906720 137.14596286278700177 35.167782894673798921 74.475207976000504573 42.652575307451101594 1.5321837329014400542 -22665.912045667599159 130702.03756082500331 308.74489277093698547
907200 137.14141659785198613 35.407938729120097321 75.533803989171502735 42.65771926158190297 1.5320963902403099688 -22852.32901096779824 130702.90254562599875 309.25335016121601939
907680 137.13870034130999898 35.663128820589797385 76.599836781000306019 42.660406902859698164 1.5303884580028699336 -22782.151265766999131 130841.06173237900657 307.76647907512898428
908160 137.13927903813498688 35.954448409228199068 77.674027468998502854 42.663001705086102788 1.5276387127986499337 -22771.789702695499727 130383.08363996200205 308.81203906679002102
908640 137.14198333109101213 36.269231408716102294 78.75730992421920007 42.665969864199198014 1.5292658910567300534 -22752.123323262800113 130645.47016775999509 306.96688472913200485
909120 137.14518738811298704 36.594274202013203023 79.850299421389095755 42.666575882331500225 1.5327227739344899682 -22636.156657448798796 130360.21311384800356 307.19821430554702602
909600 137.146255938959996 36.903877212340098879 80.952821763864193372 42.666301310225101417 1.5383618929491900129 -22623.922538861799694 130443.98034262099827 310.43372383208497922
910080 137.14425539242100172 37.187019496152700526 82.064248788193395967 42.666847777981701029 1.5408955151023799868 -22710.405539317700459 130495.43095564200485 309.05762289553598521
910560 137.14083581666901068 37.465005920010696627 83.184065168457806294 42.669467545728501534 1.536840207704980088 -22726.159503295300965 130481.51600748200144 308.97556255017502735
911040 137.13895242776200689 37.744465302219403213 84.312191007961402534 42.672951356431099157 1.5407880967291200935 -22614.639173281699186 130703.1756660240062 308.79966634121200286
911520 137.13786446858799195 38.022945403663200636 85.448664154807204341 42.679618271374401672 1.5479698803923800376 -22705.21230727119837 130440.56325660299626 309.49378417627099225
912000 137.1379192338289954 38.318544535044097188 86.593803051414695915 42.685463197754103248 1.5510084072190699622 -22735.475072510798782 130699.16377368799294 308.65408800531099587
912480 137.13633344755200483 38.587743110386199419 87.747470639070002107 42.692153485870896645 1.5497324161163799072 -22827.386458512701211 131128.62433872700785 309.05734578592500839
912960 137.1319004033659894 38.833041637442697436 88.908848522362902145 42.696236286620901978 1.556815477654649893 -22966.1480794288982 130727.26127488299971 308.49899886242099001
913440 137.12691019806101167 39.074915374405897239 90.077431956034700988 42.699281189038998718 1.5661357624406699873 -22856.950411291400087 131103.86753118599881 307.86969544654300535
913920 137.12315182631800781 39.319446063526299895 91.253400761891199977 42.699661038826597803 1.5739091086339001002 -22785.034026948698738 130537.36521088000154 309.81756487958301705
914400 137.11991568454598678 39.567809983135802554 92.436644120454005247 42.698170827862902854 1.5822646046940900266 -22804.392898723399412 130518.15648105699802 309.57695897055401701
914880 137.11780309283298607 39.825737509023497296 93.62757562131569955 42.694730546250902137 1.5889758344403599466 -22740.149371476698434 130746.19196965399897 308.15545513163101532
915360 137.11512857864499892 40.074864758384997288 94.826077564718204371 42.688772845002802114 1.5897528774493800974 -22840.92491947669987 130706.42293083599361 309.05158790526098755
915840 137.11356050346500979 40.342768291779400158 96.032269941265496982 42.685880678592702964 1.590505927765150096 -22882.816538299299282 130873.68017540300207 307.31741057105301707
916320 137.11561470955200548 40.643265263226297179 97.247020920370502495 42.684055634585000405 1.5877877402131499451 -22766.713465977798478 130877.76941213599639 308.786669770744993
916800 137.11930472272700854 40.960085883776002902 98.471048803405906824 42.681186687246999156 1.5939435453353600902 -22836.331254618798994 131133.76464689598652 307.84957502524298434
917280 137.12137073856300162 41.272848276260603484 99.704625172038106484 42.676965399198202533 1.597715795296049901 -22717.329937142101699 131033.31786215500324 308.77671929557601516
917760 137.12208764817398787 41.573661313417396457 100.94726824179400637 42.674061017605801283 1.5985162336156899521 -22617.762041390200466 130662.65019171600579 309.92462433350999618
918240 137.12353432510801099 41.877587181244201986 102.19910693837400117 42.667385082220000925 1.6041058017106000211 -22720.467822634098411 130537.04340734299331 309.24596307201102263
918720 137.12295624575298802 42.172388262981598928 103.4598396494960042 42.665680972944798555 1.6048637034418300473 -22683.940727870900446 130815.3043960280047 307.49190970543401136
919200 137.12225678182900879 42.464675309965798533 104.72942550353400293 42.667998920476996716 1.6058401061143399158 -22690.051366556199355 130565.21783359299297 307.44438056292602823
919680 137.12086402245898853 42.750595287481999662 106.00769802430400546 42.668028423911700031 1.6075581051732199533 -22627.598961629300902 130665.72319158900063 308.06036285300501731
920160 137.11931945217298789 43.037445262515198863 107.29447971105399517 42.665275850741899433 1.6116209576812698945 -22707.363400349600852 130950.88296876699314 306.92988374679100616
920640 137.12009147869198955 43.330961255731303083 108.59005523752300348 42.664659942933198522 1.6195845758333500264 -22783.495221929701074 130923.73673489299836 307.68597702440200692
921120 137.11987592957999027 43.609501976475399943 109.8941515606829995 42.664141396283298491 1.6245443509714700969 -22729.341874378100329 130307.62857520100079 308.31032904923199567
921600 137.12108725834599454 43.911904969395699538 111.20694834785000182 42.66261226576119725 1.6294306206864199726 -22571.565362246099539 131155.62085183899035 308.23372452475598493
922080 137.12190832775999638 44.210190984892598465 112.52882425394800237 42.662489936921900835 1.6336958009382001045 -22723.282335168598365 130600.94511106199934 308.83399894169002664
922560 137.12132336437599633 44.487551827628600165 113.85941051007600322 42.663751214308597071 1.6329488860377598947 -22778.656933252899762 130451.59299322300649 308.79741031752399749
923040 137.11711109277200649 44.725265179730897103 115.19761347161299625 42.667900946751096569 1.6280683831974900322 -22732.473371524600225 131042.28138771299564 308.99472145956002578
923520 137.11599684188499282 44.997133639436199815 116.54340944519600498 42.666716763827800207 1.627591157042449943 -22822.388339597699087 130665.48752433099435 309.83429312723097837
924000 137.11607923753200566 45.285061272336101013 117.89758837637400291 42.664836331752297838 1.6285302661229699162 -22855.269819031200313 130690.74337455000204 307.72801977408897756
924480 137.11574473234000493 45.570165344754897774 119.26047201263199327 42.661940808643301182 1.6256374426139699185 -22838.41092395189844 130563.87376973900246 309.1755934059750075
924960 137.11414406835100976 45.843587913800803335 120.63171057504800388 42.655582727004997423 1.6199670864729200925 -22812.188512414901197 130941.83474372200726 308.2550763858300229
925440 137.11278355475099033 46.123628457445200013 122.01121246861799818 42.651308417999800326 1.6192462363488200339 -22811.196096568499343 130448.58670799000538 308.72753720572200109
925920 137.11283898559798899 46.411664537682597143 123.39919356329400557 42.649980077540298851 1.6203099948435299993 -22932.581657032398653 130534.25357491000614 308.72665591671398033
926400 137.11419435331001182 46.7074582171138033 124.79598693182799707 42.650264249804301642 1.6238477357173899396 -22925.375201503200515 130607.01999087899458 310.21883570358301085
926880 137.11323719433198676 46.979119167784702427 126.20132972687299855 42.652757909324897412 1.6255641325559200272 -22839.336260077299812 130700.3956042350037 309.19163525471498133
927360 137.11114314875800346 47.247188718433697829 127.61474196226700428 42.653935995783101021 1.6256901372159000552 -22867.749039095800981 130685.00697040400701 309.94723590433500249
927840 137.10924095570499048 47.51423483683559823 129.03619238069200037 42.654462886335501537 1.6294759839709800353 -22818.337447322501248 130974.21339694000199 308.03852859621599691
928320 137.10605014176999816 47.773457547338601614 130.46551277630601362 42.658805717208601038 1.6299853348084900606 -22904.3514387567011 130629.42961802899663 308.28179001288202699
928800 137.10316211010200504 48.041259097758697294 131.90262183252900741 42.65996032262400206 1.6356839467688999434 -22937.992034317201615 130853.77124063999509 308.46034311195501232
929280 137.104788437871008 48.360256072438296826 133.34858822775998988 42.663345981774398297 1.6379775790321799978 -22977.413588181101659 130793.90415918499639 309.33025308826501032
929760 137.10856234488900895 48.692379959166203207 134.80437008806600829 42.664926671515402745 1.6408369375054498995 -22884.559731198398367 131225.34633169398876 308.28509604545598677
930240 137.11429015983000568 49.044000988050697742 136.27039143930801401 42.666213099475896797 1.6409585673462399047 -22833.075924493001366 130857.28161387100408 306.84906586160099096
930720 137.11943679742799418 49.387128921131598247 137.74693824414001142 42.671603775564101113 1.6407979111043100584 -22933.693634602699603 130507.35849343400332 309.55461436907597772
931200 137.12231298370099353 49.719316639675000147 139.23356223497700057 42.675271628937700541 1.6472189087626198933 -22929.783136095498776 130437.56246643500344 310.01440246893798758
931680 137.12465093096599844 50.039485030075603333 140.73003595460698989 42.678516526327896941 1.6519350273313000432 -23046.11444483770174 130588.627892221004 310.2028359054889961
932160 137.12518001842400395 50.340838142040297498 142.23571044220798854 42.676527201347397522 1.6571686283574000864 -22855.372742151001148 130581.42251386100543 309.73763859005498489
932640 137.12424897878099728 50.629243591976802463 143.75041089102998626 42.672964878670001099 1.657818857089440101 -22954.833930886401504 130819.86637011700077 309.07824378953699807
933120 137.12176423702700845 50.884584289031799642 145.27310585325699321 42.672217870167401088 1.6580453569076301079 -22913.12147403059862 130611.30703147700115 308.35440227313802097
933600 137.12113274589898992 51.165327428392203046 146.80377270507000276 42.673017172748203052 1.6611537243165799271 -22898.508697748900886 130858.97264524399361 308.35053934665899078
934080 137.12389714227299464 51.490165381825001134 148.34355674884699283 42.675640443480197916 1.6664763989387700871 -22818.096422440899914 130566.92081470199628 308.33739061022197347
934560 137.12845971850501314 51.831355697726401388 149.89333101858301234 42.674830019231002609 1.6713311947027400528 -22732.331260399500025 130467.98913136900228 308.82030047420602159
935040 137.13314891784600036 52.15782145928410074 151.45323222372999794 42.671695169369797895 1.6732849902538999842 -22787.03409165389894 130564.70422680099728 307.48629434335498445
935520 137.13953580184198699 52.492082951707800476 153.02296058055898698 42.670514773182098622 1.6776790693322500836 -22746.473359154799255 130944.35438560599869 307.52491710022900406
936000 137.14726390785901344 52.841995170007699301 154.60302319476301136 42.66883782844050188 1.6846440748776501106 -22696.932009326999832 130717.30008378399361 308.63283227777100137
936480 137.15083358261000512 53.158544288175697545 156.19317574833098661 42.669937134675798518 1.6928794442200600923 -22884.933793609601707 131133.06367241300177 309.3645765099930145
936960 137.15128362947899632 53.450522186758696819 157.79228529002600112 42.67385742556160011 1.6977884988797000698 -22999.283042859598936 130594.99978227399697 308.5655768350960102
937440 137.15218444527801012 53.758786709767200307 159.40037931185199227 42.676813542959401104 1.7005893387288499863 -22861.360015985399514 130920.32147788300063 308.94135971262102203
937920 137.15111501137999994 54.040129227637997644 161.01757195988301419 42.684434906914603403 1.7071644173712801074 -22885.704429768298724 130476.96573095700296 307.93089417735302504
938400 137.14712735799699317 54.274591200846899142 162.64230367598599969 42.691842762071303241 1.71480667409488996 -23024.037778993199026 130695.49481029200251 309.74162967219797338
938880 137.14527588554798854 54.527488932539796451 164.27431167490300368 42.700787984688396648 1.7232956499043698972 -23007.666813229701802 130760.84254971999326 310.95865474664100248
939360 137.1449867524760009 54.795140734478898992 165.91409583930700933 42.711526959696897165 1.7269069257609199752 -22873.105610972601426 131340.1990145239979 308.59439350001201774
939840 137.14781674578000548 55.095396090225001728 167.56247180881499048 42.720761010478696562 1.7251513909741500452 -22997.111385818101553 130518.85895105000236 309.73631683750897992
940320 137.14987911956200151 55.399507054100503467 169.21988169544900416 42.728400951167202493 1.7280829641890700366 -22951.410789385099633 130946.14306510900497 308.54388877864801088
940800 137.14950442277898901 55.6835634055611024 170.88616812355598995 42.735059691970000983 1.7327082539837299624 -22908.839657155098394 130866.00392668400309 308.49507380785598798
941280 137.14951585373299281 55.96928609324260151 172.56100251199700324 42.742500198776099296 1.7410596324676999025 -22996.799007305100531 130278.12414795100631 307.98770552873600082
941760 137.14851190866599495 56.248195450148301688 174.24420851112299147 42.745626037125596497 1.7412327894423300645 -22934.024305282298883 130464.3395284510043 308.31431449206502293
942240 137.14596147243000246 56.515549904069700915 175.93570826032600962 42.746394055745902563 1.7414151682409799715 -23004.020104166600504 130883.6004335500038 308.41887376608298155
942720 137.14384731576498666 56.788717257830199969 177.63526456574300028 42.749141792617102453 1.7397580578326599099 -22816.652394474000175 130742.66000897300546 308.62494475235598657
943200 137.14165252520399463 57.065901881374301752 179.343133899613008 42.750640788289096861 1.7400549004320300384 -22873.539772236701538 130547.75993740200647 310.23942438028802826
943680 137.13818031625899607 57.333392205566198641 181.0591555281079934 42.750444851604100904 1.7425909337710099312 -22854.569195929598209 130489.5031797910051 308.66062854430697371
944160 137.13303460950200474 57.58453079361120075 182.78292629858600549 42.747093409372801887 1.7391702001661299981 -22939.084669507999934 130581.02878556899668 309.78601667461100533
944640 137.12924723841700825 57.844206648224698597 184.51431964110901163 42.742324530073396716 1.7348122627262398954 -22827.546149593301379 130579.2985009039985 308.55827738274297189
945120 137.12605712792299073 58.115234890954198477 186.25380705154199745 42.738784376830800227 1.7371762981134699633 -22858.902059591200668 130246.91774530700059 308.81639746452299278
945600 137.12227684669301198 58.359880041681400087 188.00090733044498847 42.73645979009130258 1.7422255390231700112 -22792.803493755200179 130542.36074914099299 309.33729930569097633
946080 137.11776540741101371 58.594578779015996872 189.75536077871700513 42.738188173624998001 1.7390650070145698969 -22802.822308458500629 130136.19446648099984 309.09773751585902346
946560 137.11209030853700597 58.823487758498401945 191.51656734723201225 42.739848614598002996 1.7400641891891199808 -22912.129242133200023 131074.59809415999916 307.23743693850002501
947040 137.10720213518999344 59.052437393140799315 193.2847482690009997 42.738257298495696546 1.7398900739130800375 -22863.360043770200718 131085.87087712599896 308.4425442000269868
947520 137.10497374777099822 59.309102331857801005 195.06008781353298787 42.733937372280898614 1.7377276326009700735 -22981.348063600700698 130834.82486462099769 308.29913846664800303
948000 137.1037497573279893 59.577077678429496643 196.84332192658101235 42.728308374428600303 1.7408936818085400944 -22898.369372474000556 131128.7501036740141 306.30056840355297254
948480 137.10558560856799204 59.874771862487698115 198.63506804421498941 42.722438305046402718 1.7421481932546900584 -22809.965826688599918 130379.6917466409941 308.29078089392100992
948960 137.10665245025501235 60.164564443360703194 200.43576020135299132 42.718113634117301558 1.7404012453654000847 -22802.573489662700013 130353.68330208999396 308.03338776869298954
949440 137.10530259414301213 60.421326105043100085 202.24460661858500998 42.714187150850001728 1.7394919716737000659 -22807.126129375199525 130741.66652291099308 307.31260123581097332
949920 137.10301284371701058 60.667370922011997436 204.06098021986699109 42.711274758133299656 1.7420242885699999125 -22773.627632474799611 130405.27576715199393 308.44342154414800916
950400 137.10102539551098744 60.908219770703198037 205.88462422878899361 42.711714706626096927 1.7451691389269698984 -22781.559110241400049 130974.04292016700492 308.29897308867799666
950880 137.09773114230699775 61.141843331224599467 207.71542647981300433 42.712820034643200984 1.7506575970264299791 -22778.241835395499947 130373.09619458699308 308.7438066566680277
951360 137.09451521934599327 61.382845571190898681 209.55332097341499775 42.717862274981499127 1.7585304364237799302 -22767.61851994150129 130243.34084958099993 305.86694833327999277
951840 137.08892180430399321 61.60828322283570202 211.39822665422599357 42.723164950053202915 1.7638521748613500417 -22713.031874164098554 130144.1953277309949 307.56264271705998681
952320 137.08367614468099305 61.841507022098099355 213.24990062111100997 42.727996777069698453 1.7716965314244199625 -22912.248412938901311 130697.94769222999457 308.35302874077501656
952800 137.08067366200000947 62.098841839162297163 215.10902848790200892 42.73093915233260276 1.7776121951138998956 -22708.86358307249975 130778.92308480599604 308.33872505798302655
953280 137.0784790475819932 62.365285853261298143 216.97591998544899639 42.729865432898797906 1.779725035785330034 -22689.900435054001719 130819.90362402300525 308.72222539144098619
953760 137.07714270559299052 62.635194349262000912 218.85102789738999718 42.730448181019298204 1.7826758836285299115 -22933.704067654398386 130497.55145915600588 307.80134792194900228
954240 137.07067833424000014 62.861681490133896943 220.73349468550100028 42.733753569387097571 1.7859768582326400743 -22798.791355854398716 130391.21451821000664 307.99043400629398093
954720 137.06471381721098624 63.110563573622101785 222.62303035904599824 42.736348217527599047 1.7935376458939300548 -22713.392562011700647 130447.75417692599876 307.9376269993450137
955200 137.05689807040698724 63.342353310858499071 224.51991767903200525 42.735431385020199002 1.8010734509069799003 -22853.766338929799531 130492.68818562199885 308.74209871532400484
955680 137.05009198562100892 63.577102356191296906 226.42370663478499182 42.736659909137898694 1.8039005255481699308 -22769.261106486399513 130364.26032825099537 307.33073226712497217
956160 137.04145712995901363 63.795644146938201402 228.33441135533499278 42.740575889764997441 1.8014965261903199689 -22787.818827283201244 130427.96309398500307 306.98111659583901201
956640 137.03396102864599015 64.013107963045996485 230.25148554677699053 42.747632000866197188 1.8024937712936799361 -22890.553241070301738 130942.6360116010037 308.09465525455999568
957120 137.03002751063701226 64.261829289977001167 232.17553934575900598 42.755531955944000799 1.8055772394975799777 -22770.123787268701562 130735.07155139399401 308.33007592252698714
957600 137.02441884272801076 64.492981747260799352 234.10689917960098683 42.764225612353101269 1.8048201549474600647 -22689.25585164199947 130363.67194860399468 308.68957707531802725
958080 137.01905812637599524 64.728480552752500898 236.04523374749399522 42.77356733380310061 1.8095593953688600131 -22745.696961686098803 130402.88300651899772 308.47409685338902818
958560 137.01236589489801077 64.952223673172596818 237.99042421970699479 42.7832493090353978 1.81024700331532995 -22852.08620095040169 130385.44050461999723 308.45247845873501547
959040 137.00855540159599855 65.19039428160199634 239.94253988177800352 42.789233516632599219 1.8107743703437699789 -22828.723497239501739 130516.22461420900072 307.51657121748701229
959520 137.00436760794499946 65.436920975868900996 241.90193523468599324 42.795314873506001163 1.8103258598236400267 -22658.922349075000966 130853.41788652699324 307.43032136800002263
960000 136.99878524533500013 65.681246366900992939 243.86873190124001098 42.801183133305897854 1.8102218179200200154 -22776.005173285200726 130601.46994415800145 307.97170590294200565
960480 136.99359290252098731 65.925881459951398256 245.8428543318480024 42.801285869830898889 1.818999925913109994 -22629.995193245798873 130427.60865751899837 306.12527240500998005
960960 136.98699258058999817 66.14921603412349782 247.82404982134900706 42.801919041226497598 1.8257316909889500511 -22726.682241463298851 130511.81166005200066 309.19301458499700175
961440 136.98035305788698679 66.370454929400096944 249.8118489321389859 42.798554290471003014 1.8309778641725700243 -22682.521096393200423 130452.01566184300464 307.97780167406597229
961920 136.97540274275399952 66.602360401581393035 251.80642627100201025 42.793784050395203167 1.8358156321526599708 -22905.544720460900862 130508.41147255999385 307.10363871214798337
962400 136.9716121188220086 66.850634843126300666 253.80820432351700333 42.788547677457998475 1.8420414390500399193 -22720.923881225098739 130376.38493032699625 306.62102481255698194
962880 136.96782175393400394 67.099054612420800936 255.81744277424400025 42.786519242618098247 1.8546154545712700834 -22758.214665048300958 130273.94753874000162 308.55202496745397411
963360 136.9660435820279929 67.359240000693006323 257.83428964274600048 42.786940562656603504 1.8597430353262600633 -22684.749693720499636 130387.30527670199808 307.4949823707950145
963840 136.96329657110899802 67.604083790534204468 259.8588497204660257 42.787600311585499924 1.861574001058049932 -22786.473594020601013 130697.27241517099901 306.71299388691602417
964320 136.96001572054001372 67.846051478733002682 261.89056629683102528 42.78597934517519974 1.867702939751229918 -22869.026673812601075 130656.33262554700195 305.61831128249497169
964800 136.95545304033799994 68.072026250168505612 263.9294268818300111 42.786041069536800308 1.8733012305476099968 -22798.769537188600225 130606.38313452400325 306.52533859281498962
965280 136.94972196840600986 68.294966864622494995 265.97484032693802192 42.785988785747697705 1.8769210106578899655 -22736.043271747799736 130609.85498999299307 308.5912230311379858
965760 136.94775386401801143 68.569202784527803374 268.02770375494998234 42.78439014803019802 1.8822876040970299982 -22806.179451215099107 130316.98009700900002 307.58374799763197416
966240 136.94784693321099667 68.870542709214007004 270.08927803592797545 42.78103064396010069 1.8836911940001499488 -22851.279501202301617 130333.061814435001 307.17836904334598103
966720 136.94632720282299942 69.16373616826180637 272.15981798526399871 42.781374561813599655 1.8817502167247699418 -22773.942724442898907 130677.66573789200629 308.77673533105001979
967200 136.94415118480500837 69.443073793623199208 274.23902085253797622 42.781681343258902928 1.8821423329954400927 -22757.69848395650115 130714.0029317199951 306.63702775100802
967680 136.93926010250399372 69.700116703033998533 276.32613997404797601 42.786285688453297382 1.8888911503615499754 -22651.949191717299982 130349.86343474600289 306.93460480412301195
968160 136.93633534908198612 69.968056935477804359 278.4210997319369767 42.793838607183197098 1.8960174481657698919 -22664.865636001999519 130458.89672880299622 307.99555882288098019
968640 136.93447297829700915 70.23747363186430448 280.52424683608001033 42.79589022604339732 1.9006029637150299028 -22677.664509948601335 130798.93866771200555 304.94347975240498272
969120 136.9306474966869871 70.49165560092220062 282.63522792832299046 42.797913366276802094 1.9012227196006799002 -22580.430935269698239 130573.81328322399349 305.50451439812400167
969600 136.92382017324700882 70.718013968240995837 284.7534689698039756 42.798674469603803061 1.9018096274584499472 -22718.221284977400501 130809.24690625100629 304.09592643426498171
970080 136.91516894882099109 70.918668746427300675 286.87799469857799295 42.801926828105699485 1.9013235683154199318 -22733.753740645599464 130668.40186213899869 306.01318627178000042
970560 136.90843439067501208 71.142198423475704772 289.00890838174001374 42.804583470301700743 1.9018725614369500487 -22804.490386512701662 130358.90556237999408 307.82260573234498224
971040 136.89757290990399952 71.323903270109695995 291.14604470216602294 42.808138887854298105 1.9047570171111600779 -22677.783373867900082 130504.84088254500239 306.21088150028600694
971520 136.88590462613498744 71.49990446627330698 293.2883622212510204 42.816708299716999875 1.9111658690508999126 -22741.41671480489822 130512.25699699700635 307.80868503386398061
972000 136.87523716255898876 71.699784213614293549 295.43635421713099731 42.822308802898000124 1.915802653303019909 -22651.767304637098277 130863.90284384999541 306.85251263991699489
972480 136.86700888274000931 71.921801262704406099 297.59060188793301904 42.828189463683301597 1.9184772671322900539 -22686.599052202800522 130430.55299609999929 306.05882780376100527
972960 136.86108990294499677 72.165327100146001271 299.75188854976499897 42.834791623367301838 1.9175252713480699374 -22689.522760222600482 130740.18126760299492 306.66182549299998072
973440 136.85757418799300922 72.423861452517201087 301.92064572667300126 42.836757543471200904 1.9230957396727199615 -22728.362453320198256 130809.5004431319976 305.37676828717599165
973920 136.857111199597 72.702045771071098557 304.0975954583479961 42.833763178704600705 1.9278421204110400833 -22717.822472740699595 130102.77149895699404 307.97862112394699352
974400 136.85514661349000676 72.952043191581296355 306.28241639544097552 42.832621089619898669 1.9308181377408899504 -22599.581706997199944 130316.57019120600307 306.3942221787929725
974880 136.85350395074999597 73.214036775301394755 308.47489480604997425 42.831838808465498403 1.9379737587876999516 -22655.022681267699227 130830.23514384799637 305.33833470322798576
975360 136.85282969252401131 73.486919555451095221 310.67539468253602308 42.833474355635402731 1.9450997545534800537 -22745.392304223798419 130283.74991685799614 306.55199341051900319
975840 136.85099491058599597 73.75142647169849397 312.88403294162901602 42.831197731142701457 1.9499328674806699624 -22696.783051259899366 130376.51028775700252 307.15556294214098898
976320 136.84669450446199335 74.000440305929103602 315.1003178591950018 42.827608343184699891 1.9529030681434500494 -22723.617908513599104 130288.34195872099372 305.48351066507899532
976800 136.84509830595598601 74.276738413993101062 317.32439469800897314 42.82502987059599775 1.9533703272617000124 -22577.875263050500507 130126.79620018799324 309.56719079724797439
977280 136.84488023734098761 74.561590288131299076 319.55694860341202457 42.822606310411103436 1.9589435277897599974 -22601.695560427200689 130277.32708653599548 306.7623255018539794
977760 136.84793455672300411 74.874357128024499275 321.79841834656497213 42.822766521976298293 1.9657817426571799757 -22663.777700064300006 130389.12967116899381 308.56072953298502171
978240 136.85098144271398724 75.18220486994670182 324.04935864579897498 42.825294415942899207 1.9759547551433900292 -22626.303072733498993 130047.16910917099449 309.12416551867397629
978720 136.8504188325159987 75.443652124307703843 326.3088424597610242 42.82763737085360134 1.9818658484437199352 -22566.260190877801506 130586.69766605300538 307.04296881901098004
979200 136.85024554702900446 75.708075870224305959 328.57601074079400405 42.831098499997096951 1.9848109712860200204 -22603.184875675600779 130377.48482501400576 307.24953830766497731
979680 136.85020094652600164 75.969760866408705624 330.85123751662001723 42.833134924515199771 1.9922573719954999039 -22592.050776960499206 130165.7940998319973 307.75785157414702553
980160 136.84787274276700941 76.216523550678800802 333.13412354807599058 42.835085695710297671 1.9968155995864000918 -22604.44653230430049 130356.25342672600527 308.44322549843002434
980640 136.84202756965399317 76.430257438837102768 335.42382799249901382 42.838708211413702998 1.9969806198729200819 -22648.275470685901382 130377.81511994199536 307.56812520981600301
981120 136.83558825795398661 76.651726825277293642 337.72002255854897612 42.839787743139098097 1.9999441917112499301 -22677.61244790569981 130655.6014712729957 306.02006524571299906
981600 136.82955779369601146 76.882052026601698458 340.0230745985060139 42.837914103419898026 2.0068739217289701671 -22734.936214595898491 130503.37696973400307 307.96310708505899356
982080 136.82151314935200048 77.085899068686799751 342.33263035783897976 42.841412991101798013 2.0103362211245499047 -22606.043744090999098 130685.45430352300173 307.34014518638201707
982560 136.81281467135698904 77.293966711087094268 344.64824887463902314 42.845579448216298601 2.0103687892644201973 -22557.960081650799111 130617.76766762499756 306.28419720095297407
983040 136.80643996849499899 77.533499446557996748 346.97069790421102198 42.851256076202197676 2.00829566205612009 -22547.33391511120135 130345.54893310800253 305.93826474547802263
983520 136.79799080695801194 77.759113435341504328 349.3000169442590277 42.852261863741802017 2.0081619131977199721 -22604.877726222301135 130272.7101479289995 305.87384706432800385
984000 136.79249620229700213 78.013388481433594279 351.63660340190597253 42.848654334495599016 2.0072993848894697955 -22569.797799835199839 130595.24778944200079 306.15586674211800755
984480 136.78556595972000309 78.241452126934206035 353.9805738710600167 42.847051137366200635 2.0065819916479998852 -22603.843048986800568 130355.7716670200025 307.29942700223801921
984960 136.77390788885600159 78.422752232437403563 356.33057357154899591 42.848303869444798408 2.0025919053734702047 -22540.852872007500991 130327.20133729900408 306.08406254562498816
985440 136.76374416034300907 78.604134138063102455 358.6859779601139735 42.851809746686697622 1.9974213122418500443 -22670.867034098100703 130591.78578301600646 305.32491455316500151
985920 136.75495457980198921 78.787108606974797453 361.04685824077398593 42.854260143125401328 1.9911423882153100884 -22721.460549088500557 130090.56052263299352 306.70547827362202042
986400 136.74747167216099797 78.993315549936099274 363.41338998052100351 42.856246502367000062 1.9877517673796301079 -22683.138062570098555 130277.72023494300083 307.60042815046000442
986880 136.7410141998140034 79.232591970056105879 365.78684083277300942 42.856343200038800489 1.9801988095351199526 -22642.1411718613017 130368.84211045800475 306.93480436354099083
987360 136.73339149455699726 79.444719082026097112 368.16704476017599745 42.860074312251498441 1.9685561536097599955 -22543.439171482099482 130391.08716983700288 306.92524943190198883
987840 136.7269611380569927 79.660435039276507041 370.55357889820402306 42.86454697521740087 1.9616143503690399719 -22480.922448214401811 129905.35816146200523 307.26489758630998494
988320 136.71809968069601382 79.864169728454001529 372.94659430247099863 42.867926209594997999 1.9581925798581500953 -22549.071973540798353 130294.04107121299603 307.76503804072797266
988800 136.70822730284601221 80.057114255217101118 375.3453073706680243 42.869858249195097244 1.9613129779977800382 -22594.902091038500657 130200.18805633799639 305.55382040081599371
989280 136.70106856578399857 80.272008894397401946 377.75035827113299547 42.870373021658600976 1.9623708840118498919 -22639.239905319398531 130269.05869230200187 306.44542044688000715
989760 136.69143270681200875 80.466401882532096579 380.16139886945501303 42.870448722658998975 1.9619842342619999709 -22631.163860154101712 129999.07858784199925 306.65963380624202728
990240 136.67891068347199734 80.63511234385849491 382.57804298893000805 42.871272583407602497 1.9587570662278699363 -22683.24782612620038 130515.19540886800678 307.85464045226399321
990720 136.66690125959900115 80.798343744205695316 384.99943497446901119 42.873305337646698376 1.9555859669647099874 -22487.88663619829822 130453.11591811600374 306.13487306159299806
991200 136.6593348272159858 81.003210561316805638 387.42637496054300073 42.873569588684198095 1.955764452033909917 -22591.490706107499136 130254.86967884999467 308.38002164374000813
991680 136.65028789706198609 81.20085352259860656 389.85944656909100559 42.871953842849300997 1.9559238953963000718 -22569.097330370699638 130655.33025669099879 306.40336763191601221
992160 136.64373412085100767 81.418915785462502299 392.29869026881999616 42.869489731933001053 1.9578205578070799753 -22656.320500382200407 130362.85496491000231 308.06171846939099623
992640 136.63648516992100213 81.629083667887499587 394.74447160939098467 42.869257170572197424 1.9612497218160100942 -22661.293717103199015 130176.02119606400083 308.16174100987700513
993120 136.62978509415700046 81.849052940702293313 397.19660044161798851 42.870087636642502105 1.9622517412026199146 -22746.774168444801035 130251.36355514499883 308.46437793179097753
993600 136.62146177141599424 82.063933045476105121 399.6553528388290033 42.870771118077200867 1.9577200331932300692 -22630.369187923799473 130936.00409250600205 307.22279599993800048
994080 136.61257553281299693 82.274056880101696265 402.1203862225970056 42.871874361920198737 1.9513478633189500488 -22613.947375612900942 130730.78799383300066 308.31956514035601913
994560 136.60454232710401357 82.490563056286205779 404.59190171019599802 42.876979228572800196 1.9565305006838300539 -22626.058222143899911 130584.18964243499795 306.81344525336800189
995040 136.59190362267500518 82.664414339171500501 407.06931074420202776 42.885346161843500568 1.9603040438208800822 -22700.438916590999725 130296.700576852003 306.69971673008802782
995520 136.57730780560800099 82.827438215625804219 409.55177480197397699 42.895063523770602387 1.9582007870639699387 -22676.614098179899884 130312.18654311500723 306.7264098036159794
996000 136.56110203617299703 82.971822838614102125 412.03876717003601016 42.900178186452400553 1.9540226736748500524 -22661.347332589699363 130418.32593190099578 306.75782732394100094
996480 136.54412873030400988 83.101722439710400181 414.52987194861901799 42.905176754330199174 1.9546729377409599593 -22680.978145122200658 130788.78461543899903 308.17690871683697651
996960 136.52939705096798662 83.244342868693394166 417.02500729398400381 42.910553698196203243 1.9566057271277799146 -22616.841106763698917 130463.95899759499298 308.27548424471399358
997440 136.51902897253600599 83.420720440606899615 419.5248603998679755 42.916343949177999662 1.9573256147111099956 -22709.096298759199271 130577.61298591000377 306.10000038581802073
997920 136.51058446600200114 83.631723344100805662 422.03068414289600696 42.917764294648002021 1.9497580437329800063 -22670.102438623300259 130185.16049704499892 307.84442479137499049
998400 136.49861633362098701 83.810619738959800884 424.54242121378501906 42.921519578123998429 1.9484923382970900096 -22652.875105784700281 130490.13844360300573 308.26825218280799845
998880 136.48678266799799985 83.988796637461106798 427.05930499437101844 42.924104083838898305 1.9550482221478999723 -22647.344737887498923 130673.46387428800517 309.10960191276501519
999360 136.47932787696998957 84.201288364082003568 429.58211087493901914 42.925162090907598156 1.9601335893545299704 -22613.564138085399463 130771.58844144000614 307.19789150194100102
999840 136.4728287877140076 84.428027597158603612 432.11152518795000788 42.930393423806002318 1.9640221611371200261 -22525.32393103549839 130813.62953984699561 306.76953192797901693
1000320 136.46433381544699159 84.649417919111201059 434.64772130762497682 42.935334512154497588 1.9611922477918799501 -22442.828802444499161 130047.42930607400194 307.70485078514099087
1000800 136.45309250769298615 84.838607507734693058 437.19014560657200263 42.94536242385390068 1.9562711734596900381 -22598.714613270800328 130277.29000772499421 308.75054521813200381
1001280 136.44112619473298764 85.004044670312396192 439.73779871116698814 42.951755733048202046 1.9560330371585499254 -22603.854067863998353 130487.00107473600656 307.96341657767402467
1001760 136.43014846625200676 85.176383188228697918 442.2905351116979773 42.953356727788701619 1.9550448301624498981 -22501.491308028700587 130379.69321298100112 306.69540328848302124
1002240 136.41888362963300096 85.351966832356893633 444.84842265240700954 42.955843390120499237 1.958767335082350014 -22513.164352792598947 130800.83259957899281 306.30299635981498341
1002720 136.40722425510298876 85.521622990899999195 447.41159754557997985 42.962001683778701988 1.9638306022291200925 -22483.385478002699529 130276.20867932299734 306.14438877912397174
1003200 136.39719891344199709 85.702714172533902115 449.97982510380302301 42.965500877985199679 1.9669676525216099883 -22512.323779391099379 130274.70570039699669 305.66201292956401403
1003680 136.38863401285800592 85.912919360381494016 452.55412899560900541 42.966083833142000969 1.9715695428069799355 -22459.591351584000222 129948.31989625300048 307.00769858509499954
1004160 136.38098214752901072 86.129933661225393848 455.13473308812098139 42.969640682578500446 1.9744658303770399321 -22573.486386751999817 130344.60578488200554 306.79989123768797299
1004640 136.3714236475749999 86.325525526071601234 457.72162580180400937 42.974485665427700098 1.9708826018868998986 -22568.676097678999213 130356.43185546100722 307.18647022207198916
1005120 136.36127329110701112 86.513969183789200201 460.31422767578300181 42.981381552693001424 1.9719860956461399137 -22576.673026718399342 130361.05614578799577 305.85685248429001604
1005600 136.3509946975169953 86.70151388370169343 462.91241643094497249 42.986333891796100204 1.9721053831548500668 -22566.81523096789897 130239.86224724800559 307.4213610631459801
1006080 136.34067890623899189 86.899655365763607051 465.51639228950699589 42.989113992968199796 1.9667615652840400031 -22545.617782233501202 130224.60972775499977 307.36654729124001051
1006560 136.33291967378900722 87.126170312639800386 468.1268154716460117 42.993082164984002702 1.9596878584819898972 -22535.069839186598983 130707.34344965399941 307.84689521119702249
1007040 136.32390247632099545 87.329498969626399685 470.74374375406097215 42.994849023974801128 1.9530943046271000973 -22468.438112763600657 130955.99191190500278 305.63275316059400666
1007520 136.31489316215299823 87.51690534541880595 473.36641087496997216 42.995358362867399649 1.9534924982649999325 -22571.400788995601033 130588.91216567299853 306.00885366265197263
1008000 136.30627929545698862 87.717042570240394639 475.99493210226501105 42.997221829189598452 1.9504149596692799129 -22556.470316046601511 130349.5222595630039 306.98856983462297876
1008480 136.29600518304300749 87.905044340466602648 478.62930519858400658 42.996244740299601972 1.9502367009591499158 -22644.815069654898252 130741.49263517999498 307.17733781139099847
1008960 136.28456258497999443 88.085931523411801436 481.26922742264702038 42.997172361496801329 1.9554636909158900071 -22629.607870262600045 130168.57541898899944 306.83225713953800096
1009440 136.27467147739798747 88.287587513339900624 483.91468708308900659 42.999026297234600236 1.9644327032643100761 -22588.031273282198526 130633.42780370899709 307.24571792222502609
1009920 136.26778930787699551 88.514170246180697177 486.56677984341598631 42.997265127788303118 1.9704828525300399633 -22585.24628255080097 130698.76039880600001 304.57016419672197571
1010400 136.26168201355699239 88.751349124000100232 489.22573451969998359 42.993581039461503224 1.9744815147846899173 -22626.051009959999647 130624.88654510800552 307.02846810181898718
1010880 136.25719528417900506 89.010344393363396875 491.89204225511002733 42.991377675816401904 1.9791725178281900366 -22612.278032373600581 130420.21003050799482 307.60868659179601536
1011360 136.25601978692299099 89.297784512113196342 494.56674228235601731 42.993606195784401791 1.9793574120871499922 -22682.188353753001138 130463.21387838899682 306.50484061014901727
1011840 136.25266363113800594 89.558375830841995935 497.24965001488197913 42.996347082010402119 1.9833199745814100723 -22576.124140508800338 130202.78181882599893 308.15448577217898674
1012320 136.25038168836300656 89.825607849486203804 499.94032681890899994 43.000451405962799356 1.9882725504770499825 -22570.515567466398352 130340.86324373900425 304.80552578951801479
1012800 136.24677137392799864 90.089160879412403915 502.63907939904197519 43.004942982144896746 1.9902270643182700116 -22638.163355403401511 130528.71547985599318 306.41165059392602643
1013280 136.24562443564300906 90.37321555240069415 505.34594728206297987 43.008941552744502701 1.9973646556981798916 -22655.803511305100983 130419.35385194199625 305.4952802878329976
1013760 136.24750240857198946 90.683143158211393597 508.06175088385901972 43.011629702137803122 2.0124501752717098846 -22632.773206741800095 130062.97841112999595 309.31042569696899136
1014240 136.25108279416301116 91.005679976862893454 510.78705494652098196 43.015443896774897325 2.0248328801202699623 -22534.529570759001217 130611.89321791900147 306.53504689584997323
1014720 136.25368636656799026 91.325932240887297553 513.52204533181804891 43.016889801818997796 2.0291561562433000354 -22500.558962497700122 130062.32472780400713 306.19436471228601704
1015200 136.25410681138799873 91.616349399409600096 516.26630095872599213 43.016673131934602736 2.0297308621847598431 -22518.118996058001358 129968.73448894399917 307.12587572887798615
1015680 136.25413519616299141 91.89806506851189738 519.01900215151897555 43.019234436456002868 2.0338083790257002192 -22551.843804855900089 130193.87867708900012 307.49699270495602832
1016160 136.2554699820259998 92.191149999603993592 521.78034646394803531 43.024304902318100119 2.030222680099420085 -22451.064325379898946 130402.09745711699361 306.19095081723702378
1016640 136.25545879655300041 92.460546918046702558 524.55014083363096233 43.033240058623697166 2.0240464197519099088 -22512.993256382298568 130513.36958740699629 305.84816729700798987
1017120 136.25657082776200468 92.741144984624298786 527.32813148278398785 43.041328161080599557 2.0172391131792601904 -22669.764845788999082 130733.15506168799766 306.71554733225400469
1017600 136.25563934471500716 93.01323726324049801 530.11452218771103162 43.04507610881219648 2.0129841724150900895 -22489.959457671200653 130652.28716454500682 307.22373868024402555
1018080 136.25449294078299545 93.299719064429993409 532.90912411609303945 43.045123226304596642 2.0184193319794498933 -22495.803911829498247 130850.57544228699408 306.34711653665897302
1018560 136.25419015035299708 93.588952739215002907 535.71251314860899129 43.04511534761289937 2.023244471492450014 -22651.66623958999844 130363.56523975099844 306.48166917237199414
1019040 136.25238263279200623 93.850600085739202427 538.52417190532105451 43.046185228108200249 2.0299539008105700333 -22622.914798683501431 130416.19354392100649 305.16964329389998056
1019520 136.25162351729301236 94.121111778908499446 541.3437483983260563 43.044444259424800237 2.0382855551800997951 -22578.73866806389924 130614.87867339400691 307.88359180934497772
1020000 136.24872152845298956 94.369775889369904576 544.17107841627000653 43.043297143718596942 2.0404347648036100793 -22600.645791095899767 130666.77251366899873 306.69235356778597179
1020480 136.24743435476199238 94.631222442501893966 547.00607327137799984 43.040327083346298309 2.0444043177286399526 -22580.426690837401111 130362.23565890200553 307.4356493088629918
1020960 136.24648428310800341 94.901387059990497619 549.84907262957403873 43.033638234623502683 2.0491741536791998612 -22566.632111529801477 130351.671500440003 307.88932346565701437
1021440 136.2436055791079923 95.153970481593404429 552.69996191450502465 43.030522203336701637 2.0551374796895500729 -22464.588069993300451 130320.83568135400128 306.18994671128899654
1021920 136.24186588037500201 95.413304007770705084 555.55844102026696874 43.025861144693500648 2.0634147591563700708 -22539.369851384301001 130287.79843308099953 307.03639480929700767
1022400 136.24165094402300724 95.687642046317705535 558.42494931768999322 43.021677642438000078 2.07536830456918997 -22462.018249215998367 130274.96161014700192 305.93826292798297573
1022880 136.23853671682701361 95.941284558077796873 561.29941555184097979 43.018926578631102586 2.0811652827374498287 -22475.445448962600494 130605.12021311899298 306.07575407693997249
1023360 136.23784140001799869 96.20756708416290337 564.18160891759998776 43.01808443605199983 2.0823077468269799439 -22378.626238503198692 130643.17811185099708 306.438732016336985
1023840 136.23863004270700117 96.499598159769504946 567.07225567719194714 43.018120031201696918 2.0838422607876401216 -22482.272040300198569 130432.77922464600124 305.89322826392702837
1024320 136.23743719834101285 96.776668241336693654 569.97144013713398181 43.019490619160897893 2.0838857240158499273 -22613.275382775100297 130610.17028117399605 307.4482638481879917
1024800 136.23445145773700915 97.046817317071997877 572.87880162594001376 43.023200913716998173 2.0827197088580597928 -22433.878721573699295 130377.86296089099778 305.23751625922699304
1025280 136.23222746048901399 97.32018695122259544 575.79430137405097412 43.027426438023397282 2.0870638819121598573 -22545.253314736000902 130668.59259351799847 307.43261446534899051
1025760 136.23073619854599769 97.59063515860249538 578.71792167605099166 43.028493205084096473 2.0909288707231898918 -22407.77660534000097 130529.96426798499306 306.80114802993000467
1026240 136.23352617579200796 97.898015846800802819 581.65019683477305534 43.02557734147590196 2.0952989938822801363 -22544.808287318999646 130340.18650587799493 306.28822186082499002
1026720 136.23342376203899562 98.176250706185896888 584.59142592259399862 43.020964859200397257 2.0965007260069898898 -22416.515256174301612 129980.04723235500569 306.82033344596499091
1027200 136.23335755730400365 98.451481233297698736 587.54081388163103838 43.015418422818001432 2.1006579540174401544 -22416.4948097667002 130503.87480311200488 306.85989518940897369
1027680 136.23326409112200963 98.727794011139096142 590.49856834761499158 43.012892088889799425 2.1004296044105701391 -22398.196522114201798 130420.99451546900673 305.99563245181900584
1028160 136.2315595008909952 98.991346884378302207 593.46432632084304259 43.012319430825996847 2.0971686272370901882 -22540.084868404399458 130287.6494805419934 307.72482803815302077
1028640 136.22874749792299554 99.249841415617495954 596.43795546033004484 43.011342844880601888 2.0936994853213199974 -22491.924732508199668 130578.39144163200399 304.92934542751902427
1029120 136.22445981875000598 99.489724875670205506 599.41910241534503712 43.010188403147800784 2.0959866246347700347 -22581.6499966047013 130264.99149969099381 307.12140440904897787
1029600 136.21878654154900801 99.738705673721099743 602.40749520235897307 43.008852989844001513 2.0956496235081698565 -22513.200509406298806 130376.16438909700082 306.29340011160900303
1030080 136.21409451400398893 99.996753881063696667 605.40353229018899128 43.008446035697502907 2.0992945749690199442 -22566.281556817200908 130222.31702385400422 306.45764990526402016
1030560 136.21005260186299779 100.26177551343400296 608.40737090136803999 43.004864385693096551 2.1055634157904301595 -22601.632026068498817 130280.82088652999664 308.33723058749097845
1031040 136.2058794411169913 100.52191372567399696 611.41915783576598642 43.002901085849799756 2.1093995062132702145 -22517.090618458201789 130739.13846159400418 305.23949463846798835
1031520 136.20350209903699579 100.78906828645699534 614.43879944630498358 43.006657542830403429 2.111474905812229963 -22457.262290240400034 130488.77794040800654 308.15241103410301093
1032000 136.20288588432200072 101.0669785999940018 617.4665967470709802 43.014914074077502448 2.1111220013528901873 -22461.128904562301614 130551.81927561300108 306.85946313023697485
1032480 136.2029486551309958 101.35614977464699393 620.50293895974505176 43.017388512533599965 2.1141054674438701788 -22567.419870997800899 130133.48867552999582 308.01701227459801657
1032960 136.20632859261499448 101.67482468270499396 623.5483085115670292 43.016659302522299413 2.1174491069820100542 -22699.596759619900695 130499.85229163900658 305.91566500754299796
1033440 136.21112941334598645 101.99482505166699298 626.60341144581400386 43.015238029782800311 2.1218914896264098324 -22596.930727203700371 130435.35539728599542 307.61338514720597459
1033920 136.21550143686800993 102.30870737512900348 629.66794586571097625 43.014364843367502544 2.1268345907106800396 -22566.016278717601381 130496.18442576999951 306.00355405495201921
1034400 136.21920493356299176 102.62051599487099907 632.74195283359495079 43.015954448160002244 2.1353487288371000297 -22646.549036040600186 130383.3966150579945 307.93155468497599259
1034880 136.22259699640699182 102.92317343710600142 635.82513549031796174 43.019987510031199918 2.1454248735382002167 -22507.193781757800025 130488.93459798999538 308.19516167483800473
1035360 136.22476939487199843 103.22526049850800689 638.91737523666995457 43.024574825498802966 2.1537268376205700449 -22666.257555652398878 130454.52642742700118 309.28793266099398807
1035840 136.22638205825001023 103.52146357667500354 642.01862663739598247 43.027130973589102325 2.1602820587548299258 -22531.368007595898234 130688.0460419459996 308.3882624049469996
1036320 136.22841703243199163 103.8184414879339954 645.12867588630297178 43.033566955859399172 2.1695283201365498371 -22502.738402820501506 130619.1537086419994 308.58908711848397388
1036800 136.23004110068501404 104.12063760383000499 648.24779660828801298 43.037979506037402189 2.1809637229626299693 -22518.812983551499201 130429.04636879799364 306.72512887721001107
1037280 136.23169707474698953 104.42829469834499889 651.37598798002795775 43.040319773823803473 2.1855177840268598111 -22553.04644773669861 130333.3376392479986 307.80069635707002362
1037760 136.23422773737200941 104.75491277644400157 654.51374794157698034 43.039980496553098988 2.189927610876349906 -22589.22720983850013 130240.03163397799653 307.59224273193302679
1038240 136.23387086159701198 105.04818349372399666 657.66097774428897083 43.041451061610402462 2.1965222193519000626 -22471.593764816199837 130741.40018026100006 306.60497120226500556
1038720 136.23186044414001117 105.31587810648599657 660.81636883498401858 43.042641869311900393 2.2009793718036201327 -22513.881007775700709 130279.33705535999616 307.84131128332597882
1039200 136.23034522256500622 105.58170996747600157 663.97994486040602169 43.046172805682800799 2.202418283758269979 -22549.706507227499969 130088.7814299659949 308.99172670634499127
1039680 136.227213722090994 105.82501099314899307 667.15099046708996866 43.052930969718296694 2.2080865702650798177 -22566.309838464501809 130683.36882061499637 307.3643101388340142
1040160 136.22586795595299236 106.09193270022500144 670.32967656538494339 43.052176352971898154 2.2127217244420798181 -22440.572726812399196 130399.71971134400519 305.65436396333302582
1040640 136.22519258871199099 106.37018426344999966 673.51666441864995249 43.048547885166399851 2.2195600309143599382 -22335.008614690799732 130489.15244176899432 306.62639154094699734
1041120 136.22338123559200085 106.63588001109299341 676.71175131402401348 43.044943598677200214 2.2241320376974798023 -22437.312930546700954 130234.08072804000403 306.43054894407799793
1041600 136.22236747894899622 106.91453511919000618 679.91502870623298804 43.046934443660397562 2.2258301814300001098 -22450.556355301301664 130427.45196119800676 307.60209190894499898
1042080 136.22189224056600665 107.18729468321099318 683.12655613093500051 43.04870993625589648 2.2263458936838400604 -22502.52625789459853 130792.43112574900442 305.92849834704901468
1042560 136.22072550396200086 107.45470418573499671 686.34619735195303747 43.051992758133401651 2.2234211305365301214 -22412.575837440199393 130278.6571979940054 307.88101009235901984
1043040 136.22040746577201276 107.73766631115100267 689.57406121973599511 43.057803091380598914 2.2219888102516698325 -22498.119128795700817 130393.26609556400217 306.50063740171299287
1043520 136.21762840329199662 108.00098377514700587 692.81025017247497999 43.061235850288298366 2.2238540978095100442 -22509.421579545698478 130218.27487335099431 307.72272729420899395
1044000 136.21401466138399883 108.24945404364399337 696.05407776157005628 43.062611809159200504 2.2238419088780201349 -22500.926794359500491 130137.90069382199727 306.95231926385901033
1044480 136.21042567746800955 108.49439196228399851 699.30523994564305212 43.065857356843096682 2.2287419934909498132 -22569.083931237499201 130172.07006216999434 307.91059729715499316
1044960 136.20743368021899755 108.75253640713400216 702.56387264139198123 43.068450634399098931 2.2325504057971201632 -22528.525599835698813 130343.81669545300247 307.73967053507999481
1045440 136.20593344248499079 109.02607664458200531 705.83057954928494837 43.070444966212100724 2.2365411923808600214 -22528.407911041100306 130302.84665697999299 306.45465070920499784
1045920 136.20512998194200804 109.29956808231000309 709.10543766125704224 43.071863765926998724 2.2413106939259299644 -22538.166378198999155 130486.1403878639976 305.36946253140399676
1046400 136.20403958918299736 109.57614622140499705 712.38861015242503072 43.070616395254603503 2.2466743228086700768 -22536.763245581099909 130342.63708795899583 304.34928597878598566
1046880 136.20287783432300444 109.84924277848099905 715.6799553549740267 43.068643461319297217 2.2550124104337201381 -22550.585283868600527 130094.64096928300569 307.17820109997899181
1047360 136.20272955537700454 110.14644243183599315 718.97988163808702211 43.066074060723103401 2.2582310809781600547 -22497.2400669974013 130384.1187823490036 305.88239471059301877
1047840 136.20110190224099256 110.42960148586199409 722.28854870908503472 43.066975289904803503 2.262871142110419953 -22462.824870398500934 130160.31787783799518 307.56833815282300293
1048320 136.19751560260499446 110.68372877455900039 725.60535795688304006 43.068972448780101558 2.2658681971080598672 -22543.758088266200502 130315.30280223599402 306.87773149946002604
1048800 136.19492190194299042 110.95300371105800252 728.92982736203498462 43.070494497308196458 2.2608039337614900255 -22597.587073201098974 130236.31044603799819 308.06945401928697947
1049280 136.19397111426800961 111.23245282493100206 732.26268540846501764 43.074118672741100511 2.2585000998910000902 -22685.093497749701783 130303.69447910900635 307.65252594166099698
1049760 136.19204954950998854 111.49867484966100051 735.60363224712602914 43.077940705284298417 2.2563253660743698426 -22692.189706548098911 130372.78100729000289 306.07492098992997853
1050240 136.18899078093500066 111.75291858713400472 738.95247279053603506 43.081963190723797652 2.2541747991203400225 -22637.050741221901262 130431.76781991199823 305.92437565444402026
1050720 136.18494607318999101 111.9983233449490001 742.30869760857194706 43.080148690659299859 2.25146907772468996 -22538.462135323701659 130471.21312891499838 306.79406020844402292
1051200 136.18170993827598636 112.25431456669299735 745.67253995082000984 43.080012492551801984 2.2513455752080098193 -22488.362043966899364 130100.38932751699758 306.71583079186200393
1051680 136.17664276820300984 112.47987107827499642 749.04362281639600951 43.082370268067400332 2.2517707180312500626 -22546.505991440000798 130228.30376405900461 306.06463310649002096
1052160 136.17076415697499669 112.69264354998999522 752.42126964933697764 43.085180394537196946 2.2528757475429102008 -22510.726645766801084 129897.37225255700469 306.67072802137198551
1052640 136.16325726020900788 112.89085364758000196 755.80500762709004903 43.088118223564102038 2.255630539147269964 -22555.97602439019829 130330.18989630200667 304.58202851059002114
1053120 136.15723557498299101 113.11120666282400293 759.19500323576801293 43.090103807281899151 2.2591813668399800541 -22468.968976682899665 129814.35002935999364 306.68781197328098642
1053600 136.15343668784498732 113.35494857575700678 762.59195127790201241 43.092367320983299805 2.2705749426758301546 -22615.570357112301281 129964.93515572800243 306.36547222442800376
1054080 136.15011138699500748 113.606780981105004 765.99636691632099428 43.098957886459700717 2.2851586718880398941 -22596.97005492990138 130214.00439606899454 306.41062327877199323
1054560 136.14615440427800763 113.85461332979899396 769.408289808292011 43.099359671499797741 2.2953046584245799799 -22584.368331167399447 129856.36282501700043 306.05835077815999057
1055040 136.14254432801899952 114.11009414967000453 772.82771506076301193 43.096541756048097227 2.2986075270070198684 -22417.647263120499701 130201.88687569700414 306.23269764342501276
1055520 136.13783383676400263 114.35962004436500195 776.25476943197998025 43.09584542000239793 2.2970859552898601486 -22493.872124980498484 130376.55798934900668 306.99436280488697548
1056000 136.13483959681400393 114.62209590435500672 779.68951476231200104 43.093029243451098864 2.298310015342210022 -22420.544670246101305 130167.37064680199546 307.50575742058799733
1056480 136.13119149253000728 114.87904459381600475 783.13203635117804424 43.093501845267098815 2.2979450969670200955 -22383.24260731870163 130074.63550630600366 307.42996803527898919
1056960 136.12817772476299183 115.14142530821800392 786.58236477847901824 43.094414144166101721 2.3004173154874001384 -22475.004011697401438 129850.59325941299903 307.7964203759360089
1057440 136.12455331645898582 115.40138315546400349 790.04053139520704008 43.095652849983302701 2.3014086050251498783 -22489.690166085398232 130120.15368466499785 307.83251917336099268
1057920 136.11781548583499557 115.63538638096700595 793.50614582401101416 43.098950328140197996 2.3019129480918900654 -22516.921403249398281 130187.53288931799761 306.82814914130801753
1058400 136.11264179267300278 115.87734797649500251 796.97882275526001195 43.100527262399701556 2.3007170762384401286 -22492.049379441301426 130193.8587750489969 307.0550057333189784
1058880 136.10766935412999601 116.129351417741006 800.45885781156096073 43.101033017647402801 2.2993399135507299746 -22585.105485825599317 130056.94305853699916 307.70412253159599913
1059360 136.1028335715670039 116.39303945245100635 803.94669527544897392 43.101387576164398752 2.2975022784099001782 -22533.966386615400552 130463.98026893800125 305.55075562439702708
1059840 136.09988559116899864 116.66425037940099685 807.44258875290699962 43.102630631357598645 2.2949833061706002013 -22436.905992026200693 129940.99241763599275 305.55471697712397372
1060320 136.09671862044700674 116.91703417219800087 810.94635265313399941 43.105635127592599076 2.2957868164469399375 -22481.562749126100243 129994.89788993299589 307.32650485271801699
1060800 136.09123154496998609 117.13806755628799294 814.45724260980102827 43.111209657275196605 2.2965912528815000115 -22648.469312044999242 130125.94423288000689 304.20959754949001308
1061280 136.08619730649598978 117.36837998959799734 817.97480548252497101 43.110487098447400456 2.2982308428710198633 -22610.595509106398822 130178.49931331099651 306.35775637748497502
1061760 136.08054191262499444 117.59230345899599968 821.49923679636503948 43.108005042462998802 2.3007252014010801666 -22689.917112735300179 130023.90947673200571 306.42411284423502593
1062240 136.07404241257899002 117.80518907557799935 825.03024198042101034 43.103059316942200496 2.3022655740790001211 -22656.80488274020172 130028.81382101000054 304.92176517727801865
1062720 136.06439161118998982 117.9788298830099933 828.56703318246502477 43.104912043375598785 2.3068805847626401295 -22658.031714436900074 130029.12793451499601 308.02082983864198695
1063200 136.05337587968901403 118.13498158228900081 832.10879167277801116 43.110354711579397247 2.3199976416038001759 -22568.270271711098758 130135.42131146299653 307.24988182489101973
1063680 136.04155313861500076 118.2837002797929955 835.65503344739101976 43.113235173316802218 2.333213798395449956 -22599.728469932000735 130321.38157907599816 306.02269014548301129
1064160 136.03167988681300926 118.45700339446999294 839.20612270201195315 43.112436040952097471 2.3448707964922701485 -22664.268185406799603 130012.37909931800095 306.84246978211899659
1064640 136.0236397533030015 118.65054146668200019 842.76269032198604236 43.113297727571399776 2.3551566584721301822 -22592.258415351800068 130073.19078680699749 306.48189297920197305
1065120 136.01596667509301142 118.85110921357500047 846.32524197896100304 43.114353825125697028 2.3630939403290200929 -22587.391507736600033 129904.18703030400502 306.37106518774902497
1065600 136.00812838482900702 119.04332515246800028 849.89368499162299031 43.114518539190896718 2.3691831015266702209 -22480.520560845998261 130600.30012789600005 304.6717348862339918
1066080 135.99883904969300374 119.23397463616500147 853.46785366109395454 43.116392016231799289 2.3734913604388898634 -22500.812381726500462 130225.5351971140044 307.34232913730198788
1066560 135.99131982955398712 119.44912223293700038 857.0479680131850273 43.11655390700040158 2.3793278965598898544 -22483.698857583200152 130124.92282172899286 306.66391124218199593
1067040 135.98480046417398626 119.67038224886999842 860.63478495632398335 43.118454559324497666 2.3891894434282598958 -22491.27190759970108 130243.81028145899472 305.79359697801498896
1067520 135.97952470055500385 119.90496617637900556 864.22843514807402698 43.12062947871429941 2.3984822728672900993 -22540.440548872800719 129959.95036329400318 306.40695891456101663
1068000 135.97382810761200744 120.13513919623299842 867.8289759582919487 43.123248938815699205 2.406363842844870149 -22385.335465176300204 130330.24363819700375 306.2484836470239884
1068480 135.97143894983199175 120.38099684625500174 871.43671711914601019 43.127030718964299183 2.4121183380078701219 -22502.796593647100963 130195.42981685200357 306.17103520547897233
1068960 135.96556354475200123 120.6055757745679955 875.0515947832659549 43.133127397928802793 2.4176363913789598037 -22512.200085748201673 129653.89358588399773 307.91723475540601385
1069440 135.95690165565099505 120.8217990321149955 878.67297952897104096 43.138164188682196709 2.4187461760223900598 -22582.293745255399699 130175.48639354199986 304.5006936924700085
1069920 135.95032824453400622 121.05279074400699812 882.30110044431296501 43.140903203752898776 2.4240201317199101538 -22661.741041313798632 129683.74164351100626 308.61492574536600841
1070400 135.94239299951098587 121.2648694616169962 885.93595821229098419 43.141986992127201006 2.4267340945912998507 -22609.873807273099374 130442.26433149199875 305.57607176259898552
1070880 135.93456805394100684 121.47640947294399894 889.57700115510397154 43.142215162624296454 2.4326801754287599167 -22580.668173261299671 130570.67525855600252 306.24799404521502311
1071360 135.92839127322199033 121.71020434357099305 893.22485916530195027 43.141055870342000844 2.4375754668176301543 -22512.16419207349827 130040.8120859519986 308.63849076028901663
1071840 135.92196764162500244 121.94661247845600371 896.87966409645105159 43.141813526060403206 2.4424163643802301316 -22454.204208091301552 130257.03503701899899 307.3674038252179912
1072320 135.91648852014100157 122.18717921214700084 900.54171209985702262 43.140956345633199476 2.4451399383573098056 -22396.47587699900032 129863.94077383600234 307.11759554168901332
1072800 135.91113149955299377 122.42912914661799562 904.21098688133201904 43.13789702423120076 2.4466903379574298505 -22497.176856204001524 130135.0955319969944 306.91078438196200295
1073280 135.90301721856900485 122.63776931237499923 907.88712576325201553 43.139177894747099629 2.4550949119830698386 -22503.596817412399105 130629.11580484200385 303.7138025488150106
1073760 135.89474368723401199 122.84114285403100553 911.56918731565099279 43.141691844542101819 2.4622104830668098963 -22660.46045242909895 129921.41335825399437 306.91348115562402654
1074240 135.88921075156599727 123.05937865877299942 915.25773733380799513 43.14375293140280121 2.4650099900579398593 -22692.654735764601355 130305.33544843900017 307.50011596432199212
1074720 135.88309734370500337 123.27865664154299452 918.95268696654500218 43.147920822584097778 2.4680066260940898282 -22603.071738236700185 129960.96360220000497 309.77073127567700794
1075200 135.87898030063800547 123.53048053500600645 922.65475933952302512 43.153714786607601184 2.4716416497230500049 -22478.63880337019873 130159.54618052499427 306.75480992005401504
1075680 135.87704513932999362 123.80349334183800636 926.36476059611300116 43.163401476391697997 2.4793485966163197887 -22627.161729363499035 130396.43237315300212 307.08567719533698437
1076160 135.87288628578500038 124.05033288173700612 930.08263721981802519 43.172603667123198079 2.4852738483721799057 -22458.264502119698591 130003.7791234900069 306.9428407621740007
1076640 135.86978272732301321 124.30178795066700559 933.8079426895379811 43.178036509534301501 2.485533305257019876 -22626.539998325300985 130039.54459426400717 309.96210239316502566
1077120 135.86381051958500166 124.53426118002400358 937.54048135573600575 43.181827873078603375 2.4847526163842301727 -22510.803239998400386 130391.56373001099564 308.43323534115899065
1077600 135.85844858578900585 124.77750650713599612 941.28018873136602451 43.187552007229896844 2.4893530420673801729 -22604.446412989898818 130550.13148019199434 306.83017133966200163
1078080 135.85122905975299545 125.00375554188499905 945.02692114231604137 43.192046924265397934 2.4930962783752499412 -22513.441716637000354 130392.41039301699493 308.42666291241499721
1078560 135.84225036594901326 125.20961506124500318 948.78020819073094572 43.194437326574998792 2.494713613920990003 -22475.469783493299474 130385.63132356600545 306.99818307020302655
1079040 135.83160875798398592 125.39863514816900647 952.53931775032594942 43.194997357218703371 2.4979736062892401449 -22549.063339555599669 130045.25081051900634 307.72372839487400142
1079520 135.82337315265598932 125.61903574975299591 956.30453829740395122 43.196074722873198937 2.5000797225681399283 -22623.77953359140156 130261.22695200699673 307.59236477627797512
1080000 135.81519387166400747 125.83395750148399372 960.0763699294819844 43.200950145042902761 2.5036043911499099579 -22511.07859588410065 130157.44586018800328 308.38947516738602417
1080480 135.80309611168098627 126.01802161560199522 963.85423050912197596 43.204911586270696944 2.5017887438495600705 -22492.043897664301767 130416.7561704779946 307.70081209025897806
1080960 135.7911995443500075 126.20327068864199305 967.63748111352504111 43.20647610639849745 2.5026936457061701446 -22466.017858127699583 130311.32913361799729 307.22928691054897854
1081440 135.78362632115300812 126.41698715891899951 971.42676617558004182 43.209000454819701531 2.5015982503923401836 -22539.231141723601468 129877.20274279899604 307.60200542324099615
1081920 135.77677376323700287 126.63043064622600298 975.22248772263594674 43.216152198043602084 2.5042415830409301414 -22510.895677695698396 130249.55735753499903 306.76414469980500144
1082400 135.76927200506600002 126.83029061757000022 979.02435348665096626 43.222224022480297378 2.5139012912128197996 -22572.316662824501691 130779.12984539600438 307.37629434314698074
1082880 135.76374849837600323 127.06405578143700552 982.83275510512601159 43.228291433241999187 2.5191129014251001372 -22602.620810639698902 130338.41480906799552 306.31838968075101093
1083360 135.75663556462899351 127.28369444037700475 986.6480292588910288 43.236386633928901801 2.524656910258539888 -22549.150631427899498 130669.35041810300027 305.72086736660997985
1083840 135.74982002593898756 127.49684920471099758 990.4697564310109783 43.242039136259300847 2.5314683373659101484 -22567.259002875198348 129723.87571392899554 307.13715034928401337
1084320 135.7417384692249982 127.70532962631800444 994.29776018522102277 43.245453047533302993 2.5420173373219201451 -22634.212327282999468 129940.30894606299989 307.65030936327502786
1084800 135.73231811691300663 127.8979835623510013 998.131846693856005 43.24951627890639827 2.5515937977238900558 -22691.393480765098502 129641.84138488100143 308.27785434593198488
1085280 135.72231529241699377 128.08017868793601224 1001.9715890084199827 43.25733087766450069 2.5583103115774301628 -22552.077397251701768 130164.77544179199322 307.11783874379602821
1085760 135.70879208207000488 128.23781749992699019 1005.8163916539699585 43.263555323770496841 2.5607608206046901245 -22507.084542513701308 130189.57489693099342 307.04458296217001134
1086240 135.69585882057100434 128.40736570016500195 1009.6659788965599773 43.266563352589798797 2.5658826401125600647 -22582.08730228299828 130112.49766545799503 306.51247613629698208
1086720 135.68823161597399007 128.62138742119299195 1013.521302332399955 43.271992316909901888 2.5699152530035900277 -22602.276782284301589 130231.64836579399707 307.07072105511298332
1087200 135.6816714196930036 128.84209214013699807 1017.3832581119600036 43.275875714501303548 2.5770831617943001923 -22611.493098242401175 129980.86052174800716 308.40007140823297505
1087680 135.67749708457799329 129.09244769335700198 1021.2522129784799745 43.28064206754209664 2.5848111280412098267 -22452.707923253699846 129874.18253818500671 308.81879512069298244
1088160 135.67474803470901179 129.34980923238001083 1025.1288740397999391 43.285111903221000773 2.5914418562476297936 -22589.297770785800822 130699.12504380800237 304.94661113394397489
1088640 135.67161000320899689 129.59294887796301055 1029.012994232740084 43.289015402337000182 2.5979198328333699131 -22449.326115503601613 129812.95647849800298 307.18068254737698908
1089120 135.66945346806801354 129.85451701084599563 1032.9047235784400982 43.294861874531299861 2.6064530288271101632 -22415.841635538999981 130204.37636513999314 307.58425134122001054
1089600 135.66568153474099745 130.10870150757699548 1036.804192826569988 43.29826034882619723 2.6092550114954597973 -22419.752112776499416 129534.18636361899553 306.37450412140401568
1090080 135.65944283068898812 130.33909952398801124 1040.7110110828200504 43.296929685644300889 2.6161462470742899988 -22379.116753306600003 130186.6994811869954 306.40423758510200969
1090560 135.65091420675798872 130.53793434261700668 1044.6242454077500952 43.291010197001398296 2.6237444454761598145 -22500.724701748898951 129833.00605478200305 308.48493543449598064
1091040 135.64521336458901146 130.76944509787099946 1048.5437065423000149 43.286906857013697447 2.6302471217741998366 -22583.351934095098841 130335.87002585199662 306.64879348772399226
1091520 135.64176389748101315 131.03426741960998925 1052.4707463762599673 43.287242766614198786 2.6355313106878099916 -22593.903415652901458 130544.11272157399799 308.07821699019302741
1092000 135.63904445624100958 131.30012235558100997 1056.4057468118699035 43.289677455120198601 2.6398660911788800476 -22509.786435390698898 130562.07964527100557 306.70988781863798067
1092480 135.63659942782101098 131.58057092816798672 1060.3490064105199053 43.295032072640701415 2.6465539243426299265 -22533.766234182501648 130099.18244632100686 305.33581067707598322
1092960 135.63205253102199777 131.83060948989700023 1064.3002344276198983 43.30110393060500229 2.6512362489193499471 -22285.475248989598185 130463.50954969400482 305.84191748365702779
1093440 135.629191646561992 132.08130329196700359 1068.2589509782999357 43.305700198512298016 2.6570990740673399166 -22640.347096523499204 130298.20451965500251 307.06295674595202172
1093920 135.62306854516799604 132.28998131544199168 1072.2246341389400186 43.309534769856398384 2.6647605982798201474 -22570.999908194498857 130065.68901957399794 307.83230187715298598
1094400 135.61701659029299094 132.49575581441899885 1076.1964103089098899 43.311801494556199543 2.6733818955441299714 -22614.331942843400611 130337.10033254099835 305.39226818722698908
1094880 135.61096607323901253 132.70581685945398931 1080.1744748771300237 43.317419548091500303 2.687943501905369903 -22544.924694225501298 130188.4324742280005 307.53422641818701777
1095360 135.60681414604201223 132.93022488219600064 1084.1589056448599422 43.318939443126197375 2.7002686894735701273 -22495.43581878779878 130174.52411559000029 308.0491737829900103
1095840 135.60312747775299158 133.16405951113799233 1088.15037216041992 43.320729589661496561 2.7103551996191099782 -22547.090825103299721 130040.32647109399841 307.73461872502497272
1096320 135.59990351066301173 133.40596754110299571 1092.1488221035799597 43.323336037461501746 2.7177831044276099526 -22520.821044818898372 130325.8486095469998 308.47445276248902246
1096800 135.60076117791399497 133.70248301910399391 1096.1553728874700937 43.324442196287698437 2.7253047981335201122 -22469.698661801499838 130174.78737311800069 308.29659147803499764
1097280 135.60090656493599681 133.99705939805500066 1100.1709237567699802 43.328459268636002832 2.7381823462871102137 -22392.136272961699433 129957.97706838599697 306.27712859412400803
1097760 135.60084057538699653 134.28537086666401024 1104.1951461641599508 43.333847060419799391 2.7493098441858498937 -22456.120381902601366 130169.65030310599832 305.63584062930601704
1098240 135.59994733271298628 134.57010484335700085 1108.2279871182599891 43.344122031199901812 2.7585339066292200449 -22373.856745524699363 130091.74410667200573 306.49682106578001139
1098720 135.59636525488301118 134.82198527896500195 1112.2689762528100346 43.356598623450899765 2.7655707148623700498 -22430.066342787100439 130144.44994199099892 305.06985546972902057
1099200 135.59208806537898795 135.06337590972898965 1116.3172817473100622 43.366124230959002261 2.7726204417571098659 -22430.034476838998671 130221.96563408599468 306.29218730782099556
1099680 135.58795535458298787 135.30411134729700962 1120.3727809057800187 43.373001029406900386 2.7765203733167700406 -22489.210302267099905 130089.45064215900493 305.31844794927900466
1100160 135.58520518594198734 135.55547775482099837 1124.4356195597599708 43.377697353868001073 2.7808859074543801349 -22568.791655529199488 130127.12236739900254 307.91124548327900357
1100640 135.58302949125101122 135.81198029002499084 1128.5062352097299936 43.384441238112700034 2.7847026333495001893 -22436.718002112298564 130071.18830908100063 306.85046440182799188
1101120 135.57908519672400871 136.05272585334100199 1132.5842295826100781 43.391649953105996929 2.7885031277496898916 -22532.16302830119821 130591.46519165899372 305.99296879720401421
1101600 135.57436143222199121 136.27659991506101278 1136.6692570663699371 43.399420754984298298 2.7944041249713400532 -22362.496118353199563 129925.96612603600079 306.88778564896199441
1102080 135.56820075010901405 136.4987974616120141 1140.7608794885099996 43.405941150388201777 2.796916844911240041 -22452.235884147499746 130059.36923892299819 307.20842068451702289
1102560 135.56183599976799314 136.72901592441800744 1144.8593288798899721 43.41194377280989869 2.8035771349981501999 -22439.642516471598356 129934.51689128599537 308.14294988122401264
1103040 135.55435316500600607 136.94887884945501355 1148.9644563728199955 43.416707363961499766 2.8112856774422798622 -22382.627954573301395 129622.28294331900543 306.97092780421797897
1103520 135.54611474331198906 137.16954471145601246 1153.0763010236798891 43.423338811930399572 2.8110492063667997797 -22421.014577586600353 130115.60643757300568 304.55151766079700337
1104000 135.53524848049499951 137.36875358221800525 1157.1944486562799739 43.424110304160002727 2.8124203131423999302 -22343.942500389301131 129988.41510334299528 306.52101426756797764
1104480 135.52619775069499042 137.56817342859798714 1161.3184998794899911 43.421651233210198484 2.8175931780183698372 -22307.554349575300876 130050.1371727569931 307.39352671254800953
1104960 135.51685345159501139 137.76592349468600673 1165.4485058334998939 43.423856123523698614 2.8262143008712299341 -22418.558447070699913 130321.16641962400172 305.10831013890100394
1105440 135.50647961320999002 137.9613315818889987 1169.5844445712900779 43.423098902309298808 2.8307601962422701547 -22363.710712203599542 129880.80869397999777 307.03047375049800394
1105920 135.49421562453400725 138.14477835505999792 1173.7261277808599971 43.422983781688500926 2.8379583356541098205 -22488.501734762900014 130163.34316252000281 307.09910729827998921
1106400 135.47906921197900942 138.30399180774898582 1177.8728661462500895 43.425598401565203233 2.84126586625118982 -22489.663232492901443 130039.11413709599583 305.68895010928400779
1106880 135.46515776811799014 138.47761581157101318 1182.0245389251999768 43.429299164625696505 2.8387759258712099708 -22401.997033771098359 130116.5451406140055 305.92298587018700573
1107360 135.45466851849300838 138.67936670678199107 1186.181813635879962 43.429886435725002514 2.8391319987545400316 -22281.268754669101327 130139.8405870639981 305.44226372133800851
1107840 135.44527756009699715 138.88831186399499984 1190.3453547873500611 43.429355521355901715 2.8398442707639000027 -22455.892853995301266 130066.36637272099324 305.84093426594802168
1108320 135.43650374928299129 139.08971031144099584 1194.5150571101999049 43.429848683618303085 2.8467456575704299659 -22248.906868399499217 130558.67127200899995 305.88974881526002036
1108800 135.4284052080639924 139.30178691996999873 1198.6909534155199708 43.42911909268310211 2.851688923351550109 -22384.790896827500546 130372.38263120199554 307.21904911103598579
1109280 135.41733462932000975 139.47279516478900518 1202.8726196600400726 43.430924151562997793 2.8542032817982101456 -22320.332107611800893 130015.14450048799335 306.60341586624497268
1109760 135.40716970172599076 139.65612961572799122 1207.0594932486199014 43.434423551085302506 2.8569272676636598973 -22149.066877100900456 130833.90952697199828 305.51570817329201191
1110240 135.39782611593000183 139.84284853812900451 1211.2519863866700689 43.437762090722301878 2.8572439378895899686 -22197.042329069201514 130398.58028951499728 307.40209869763600636
1110720 135.39015000459801286 140.04698403630101211 1215.4503070266000577 43.442855943077496761 2.8535736963455700099 -22239.070425571600936 130277.60712613600481 306.05779858705199103
1111200 135.38135531182300042 140.23463664130699158 1219.6546432918501068 43.448894012166498158 2.8539383257704797892 -22238.965729504401679 130455.87167911000142 305.00266611630598845
1111680 135.37122031997000704 140.42025437278701361 1223.8644141273900914 43.45523562509610116 2.8507951199715200197 -22405.826539323999896 130283.44126338399656 307.70448703865298512
1112160 135.36254934346300161 140.62172228735499857 1228.0800291005100462 43.460992384661501831 2.8513627518662998384 -22411.721370785300678 129954.614939356994 308.65802346597399719
1112640 135.35346542152001348 140.81708781299201405 1232.3016768015099842 43.464528382173398313 2.8544091557104600554 -22346.177502947899484 129946.34860875199956 309.12915225674998965
1113120 135.34427218933998915 141.01203774390398848 1236.529077466859917 43.468018983598298632 2.8597884728782201336 -22369.324259719498514 130069.20141710000462 305.6710388936299978
1113600 135.33535272600198596 141.21662954788899924 1240.762495760540105 43.466561854139598609 2.85860305376642998 -22424.539178319799248 130081.83036705199629 306.15674414691000038
1114080 135.32963797521898641 141.43911470602699865 1245.0023011942998892 43.461584524130600471 2.855613485227680215 -22374.705864300798567 130035.96476001199335 307.65008850539300056
1114560 135.32195230270099273 141.63778266653199012 1249.2485180764099368 43.460511807671601048 2.86019876340739021 -22385.688469967499259 130196.38351030299964 306.39220726467499389
1115040 135.31165891884100461 141.81222401738799022 1253.5003811570400103 43.460290394374396783 2.8654392341078001039 -22346.993279550999432 130347.8085731559986 307.05976217160599617
1115520 135.29983482681998908 141.96378308130098844 1257.7569685052599198 43.457238346522096606 2.8748389786365500242 -22557.276784484398377 130127.54858086300374 307.55731054976598671
1116000 135.28641874299700021 142.11148493091400269 1262.0181528248999712 43.454572932152302656 2.8792647514637899064 -22546.785634275500342 130418.39760563199525 306.76890413932898127
1116480 135.27401531328598594 142.26810180778699078 1266.2838316154400218 43.45081842931139704 2.8827503611521798632 -22382.9161651016002 130615.35752507600409 306.84800485581797602
1116960 135.26132556435800325 142.42299842436099766 1270.5541838476499379 43.446163633183402908 2.8894454561931799397 -22380.71773544160169 130119.42820954599301 307.65946518341297633
1117440 135.24897787785099013 142.58021402522498988 1274.8291921641500721 43.444276612919303204 2.8907545536063499192 -22462.237742794299265 130263.12418963600066 307.43672265121000464
1117920 135.23676460013700762 142.74511947910400522 1279.1090808870599176 43.444111304150197839 2.8927723793563497878 -22344.288953205901635 129952.30053898099868 306.30801405773399892
1118400 135.22533048053099947 142.91761931717098832 1283.3940177052400031 43.444681161287100224 2.8924339899778699348 -22287.576299002001178 130123.87508292699931 305.72356419780999204
1118880 135.21513806954300208 143.1018518396739978 1287.6842633849701087 43.441892282007799508 2.8952263221263700999 -22292.416512687901559 130145.58011597300356 308.98588221318601654
1119360 135.20431135714099469 143.28988137473899656 1291.9801673024799129 43.443502864559597754 2.8972213968254800776 -22396.795225333298731 130517.90153407299658 308.62733148276498696
1119840 135.19338741723700537 143.48582656040099437 1296.2817135258699182 43.4429199626107021 2.8976554658712401213 -22392.767625007800234 130309.12075645799632 306.93242481172097769
1120320 135.18468652034098909 143.7050203875610066 1300.5895787800400285 43.446824412850602926 2.8923205593049501338 -22329.802833592701063 130184.40450184300425 306.56906079664298659
1120800 135.17562974034200352 143.9180544438490017 1304.9039106394800456 43.451742184860300711 2.8921184808062299076 -22379.734287465998932 130255.56042137299664 306.87623800142597474
1121280 135.16789066030000299 144.12960675306399594 1309.2246613923900895 43.456904832533702177 2.892756870376440137 -22272.351362486198923 129945.39183168800082 307.22319388075698043
1121760 135.159207820868005 144.33969229552099023 1313.5517193831599343 43.460870000850903239 2.8946567997478100942 -22306.742068983799982 130384.60784010699717 306.58460113945898229
1122240 135.1474630812109865 144.51452045436900562 1317.8846272238499751 43.46260400917969946 2.8995466242543899149 -22286.902440060799563 130041.39793697699497 307.96792437951802412
1122720 135.13496344734301147 144.672028793761001 1322.2223948736300372 43.465701235135803415 2.9057916661756499899 -22266.749979465199431 129871.37184432799404 308.35757211706101089
1123200 135.12562551957100254 144.85852647775899982 1326.5653050709299805 43.470026502578100747 2.9070629504209599681 -22424.256870286400954 130391.78862262799521 306.14235299920602529
1123680 135.11346021433999454 145.02694507339700181 1330.9136818796700936 43.47500499962220033 2.910787649244710007 -22320.8069037519017 130007.4917691120063 309.14887144628897886
1124160 135.09994884925100678 145.19157128176598803 1335.2669618291799907 43.477602188629099089 2.9089799584837301438 -22368.180317382899375 130173.7719277080032 307.55308659019800643
1124640 135.08829349897499128 145.38621132984400219 1339.6255148359500708 43.477761350053697242 2.9134573538540600168 -22435.060818181198556 130360.59127952999552 307.17654803008002773
1125120 135.07808171898000182 145.59833401058699565 1343.990347799410074 43.477658538220701701 2.920561842786140172 -22300.180307307800831 130104.04716202500276 306.42495928311899434
1125600 135.06709535296900526 145.79984253673001149 1348.3613595600400004 43.477158167278197709 2.9264136090869001805 -22282.810749133699574 130418.46758061400033 306.83713197894797986
1126080 135.0567923111759967 145.99393458689399949 1352.7381857600601052 43.476730100086101061 2.9273208321533998877 -22265.95584363260059 130380.48782099899836 307.08174490553000169
1126560 135.05103133138999283 146.23778571921300795 1357.1215955041400321 43.478037832870498391 2.9300033599985000343 -22222.455752034798934 129952.72914215900528 308.02618318609700054
1127040 135.0483058240880041 146.49656397745201275 1361.512694144940042 43.47870499656559673 2.9344837064218198819 -22116.639276373200119 130079.47719448000134 307.14051083713098933
1127520 135.04440772038000773 146.74527543490199832 1365.9112971669799208 43.477814897743797928 2.9358290571358800491 -22076.021001773398893 130359.86329341999954 307.28515584594100574
1128000 135.03915435401501099 146.98453393406700229 1370.3173558097400928 43.480580842578902434 2.9398833720379400347 -22130.256766381800844 129982.02495674800593 309.006702562038015
1128480 135.0334130886610069 147.21295850848198938 1374.7302746615200704 43.48357259724060242 2.9477501160315999762 -22289.936272578299395 130034.66607035600464 307.78792763696299062
1128960 135.0278944060050037 147.45178869005300726 1379.1502303876700353 43.485382028602600712 2.9528144691636302177 -22277.687593885701062 130156.88090447499417 307.69622966168998346
1129440 135.02283135764099598 147.70511559820201342 1383.577495994939909 43.485588022551702636 2.9514691978825400298 -22205.037762497599033 130305.49576925499423 309.04774961147802514
1129920 135.01799693523400947 147.96956034191600793 1388.0126581984400218 43.485454316501801486 2.9496194315730299707 -22250.491771065200737 130287.60190512999543 307.85503819219798061
1130400 135.01407695445200829 148.24806693387600376 1392.4558967406999272 43.486829956325500746 2.9459057598996101213 -22162.926017337198573 129937.8305694419978 307.68316552740498082
1130880 135.01136528538600601 148.53116841304199625 1396.9075350826099111 43.490484085032697692 2.9498452163385397995 -22290.060260017700784 130443.23846737400163 306.85027451303602675
1131360 135.00953499339999553 148.80645984460599607 1401.3677307744699192 43.496202994317201274 2.9547629276889701977 -22162.726194515198586 130132.84419442700164 305.96580417414799058
1131840 135.00588501126898677 149.05039069982299793 1405.8355291616101113 43.49829020707500149 2.9582202327699400612 -22263.421573140698456 130307.12255335900409 308.30718798900102229
1132320 135.00542633093900236 149.31807243800400897 1410.3110112186600418 43.499913111752000816 2.9619930769287998729 -22421.897574828799407 130147.51701898399915 307.34135000346702782
1132800 135.00219800918600299 149.57071623028801355 1414.7944236891200944 43.503782284327698449 2.9647306837068598817 -22295.435335354399285 130122.26445302499633 309.02035034651697742
1133280 134.99786462422900968 149.81384851475201003 1419.2852072634700562 43.508582160533300964 2.9668694600956300178 -22285.427313561998744 129901.1874775000033 306.32957150541801639
1133760 134.99563589409700626 150.07440504294700645 1423.7834460344399758 43.509763102308298244 2.9727225931131298076 -22243.979377143001329 130182.89510350499768 305.83585108970999045
1134240 134.9962983808580077 150.36484668506699336 1428.2900706070900014 43.513837173729498886 2.9816620741972799102 -22223.645126545499807 130070.51308833100484 307.09279918396197218
1134720 134.99446369314500771 150.63348518395400788 1432.8051135898799657 43.518913968560198668 2.9849466016970001014 -22175.042494575798628 130348.47019902999455 306.8780483590119843
1135200 134.99366555611700846 150.91163265834299523 1437.3282267646700348 43.524502389631798849 2.9845741732313100236 -22137.32618756679949 129965.46768334700027 307.55785875618499858
1135680 134.99341383860598853 151.20285359594998909 1441.8599797288300124 43.531347888689403192 2.9882348194455699009 -22283.531506283801718 130164.29503635599394 307.03059677978598074
1136160 134.98979165520600532 151.47018150309500584 1446.4001608209600818 43.540169897854902104 2.9910557092466998341 -22205.972043768098956 130199.8598878269986 305.11101235736600756
1136640 134.98390679341400755 151.70214987790899386 1450.9478704305699921 43.54696304526709838 2.9944131561756699433 -22066.428055844899063 130129.08123850599804 302.75405139862698434
1137120 134.97857617363300164 151.93676775342299834 1455.5023550607299967 43.549225117007097197 2.996672764498040209 -22129.937001777099795 130427.79074008000316 306.95566416250602515
1137600 134.9743595375560119 152.20529744585201115 1460.0644670958699862 43.550950461236801914 2.9964532790291098507 -22263.054475468899909 130002.85320723400218 307.44807347543502374
1138080 134.96791756168801157 152.44955960339399326 1464.6343429421299334 43.554090575479598613 2.9969733326618599456 -22244.592645854598231 129983.51035090700316 306.82052331740101181
1138560 134.96285382123099339 152.69617478219700502 1469.2115068509199318 43.558172897482400288 3.0004499203110701622 -22245.185472400600702 129842.32104162700125 306.66533019335298604
1139040 134.95931759940600614 152.95961570188200085 1473.7962872474599862 43.563668021816297937 2.9950173047445600716 -22256.759293108498241 129796.56307020799431 306.21618285617000765
1139520 134.95419003377099898 153.22447588964999454 1478.3890982484699634 43.566501900226903388 2.9886612523508802042 -22282.082967433401791 130277.09887921200425 306.13068150888602759
1140000 134.94829295139498981 153.47316481544299904 1482.9895266783100851 43.570571465971703162 2.9886468092990501333 -22234.620054510698537 130270.73681326399674 306.09115878597600613
1140480 134.9448436589310063 153.73691634821599905 1487.5977086903799318 43.574945276257899707 2.994978383779069997 -22294.372811806901154 130022.10759176500142 307.39085118984098699
1140960 134.94010575596101376 153.97897449836298733 1492.21347275782 43.577954854715599708 2.9982026976791700257 -22260.738450758100953 130017.84783697400417 306.34124176588198907
1141440 134.93572634206299199 154.2289882598969939 1496.8365415473799658 43.583525013251097846 3.0010745490675798663 -22140.130401337999501 130412.9292622859939 305.47074086479500465
1141920 134.93336704597399489 154.48939269559801346 1501.4673362265900778 43.58505931714140047 3.0023747819235300227 -22154.328297064901562 130274.53807108900219 305.15677914466897391
1142400 134.92950244524899972 154.73577776988099686 1506.1057674309699905 43.585604726198702963 3.0018822153553399446 -22270.850403032098257 130057.13231505399744 305.96140977836097363
1142880 134.92545373136201192 154.98565825337800561 1510.7515963419200489 43.583633584299498409 3.0010824631046197908 -22139.352236688100675 130317.29015487300057 306.07601692666997906
1143360 134.92356115038700182 155.25275975011999208 1515.4051497479699719 43.581957157561802774 3.0037158758335000819 -22145.138367170398851 130225.69883724099782 307.91288981141002523
1143840 134.91867694233698671 155.49548693954699274 1520.0664199629900395 43.582322940517201459 3.0051516752409601629 -22149.158203261398739 129869.19337042499683 305.64153709107000623
1144320 134.91078947582698788 155.71523931461300094 1524.7346825450499637 43.58557265192389707 3.0072289011353801058 -22239.429316186098731 130128.58986269400339 305.42080208821698761
1144800 134.90409317941700351 155.94544412801900535 1529.4094454531100382 43.587478798947202563 3.0104189482784100562 -22051.527558851801587 130417.02373699599411 305.62458830769702445
1145280 134.90090353203800078 156.22279549064600701 1534.0919197668599736 43.590284356419502387 3.0109390640570299347 -22035.652883245198609 130126.01601019999362 306.28908158605997869
1145760 134.8966685274689894 156.48048070115999053 1538.7825406685699363 43.592960439807001194 3.0133463104959501422 -21994.219419593999191 130418.40879877799307 304.55624896794199685
1146240 134.89263730498299765 156.73237019380999868 1543.4807804846000181 43.591176931472901401 3.0167648583697901365 -22115.751840964898292 130058.71076359100698 305.13219578010898658
1146720 134.88862934007801186 156.99492071071199462 1548.1866009796499384 43.591868746550098024 3.021992664042929988 -22206.508865608000633 130076.48716807899473 306.19638556513098138
1147200 134.88375289307501248 157.26008086069700198 1552.9005014639299134 43.592706188409501067 3.0256905009044099408 -22102.006220129500434 130273.5149484059948 305.79017134405000888
1147680 134.8782029560119895 157.51998363598198694 1557.6221647339600622 43.588687800050998078 3.025281125582989894 -22217.190464694198454 129941.67963336799585 306.1029618095599858
1148160 134.87529021284800024 157.79327137571800677 1562.3518525199099258 43.583827614138002104 3.0253938393753099234 -22030.246195965199149 130054.10882826900342 305.16963393955097672
1148640 134.87418865246499422 158.09138180436198695 1567.0901290721399164 43.579993230359299616 3.0285060509359897907 -22065.639164510801493 130244.44864031700126 306.49756915939900637
1149120 134.87039417198099045 158.35946979860401029 1571.8370754858599412 43.579190847244298368 3.0338309524575799436 -22090.246890580099716 129986.78962841299654 305.48208102524398555
1149600 134.86075362385400922 158.56693343613798675 1576.5910813686800793 43.578740158422498041 3.0377087773633899559 -22207.192732426501607 130459.55809414500254 305.21982151249801518
1150080 134.84979368031500258 158.75634296997799311 1581.3509449810899241 43.57584024339769968 3.0417070115829800692 -22280.361402188700595 130337.50243935700564 305.58015972988499698
1150560 134.84405277965299774 158.96663953324099339 1586.1166797820098964 43.568726063626300515 3.0533627919851999977 -22123.399362783799006 129900.60231545500574 306.20055376850700668
1151040 134.84082924566800443 159.19663351572199872 1590.8891526344600607 43.564199283541000796 3.058975730150660155 -22149.505492694199347 130288.31505671699415 305.11404284949702514
1151520 134.83589593386901129 159.42038147599299691 1595.6683914713501053 43.564621601066498613 3.0620257875541101455 -22128.636202144498384 130092.1087737360067 306.65059830614501379
1152000 134.83004290031399819 159.64216694444201039 1600.4543619587900594 43.564042954827897347 3.0678810853329698816 -22203.376223915100127 130349.32398683999781 305.56417177982899602
1152480 134.82432411599000943 159.8602763960849984 1605.2469329600000947 43.563153765108502569 3.0759583454223800025 -22221.019612869698904 130138.49267987499479 306.39405205818900413
1152960 134.81825778254699344 160.0807003956309984 1610.0460101705900797 43.562011632504201941 3.0756415021347698335 -22126.025273855600972 130241.19395018300565 307.20174643121401914
1153440 134.81457483341500847 160.32571786771899269 1614.8520552769200549 43.56308101689469936 3.0836686613000501289 -22100.090648204401077 130270.21895431299345 305.83348339563298168
1153920 134.81164776429699259 160.57144574317300112 1619.6656206769500841 43.563277987068801167 3.0922979209332002171 -22112.531876024298981 130488.63984773299308 303.23033634111902757
1154400 134.80729988269598607 160.80263671174000706 1624.4861563366700921 43.566560982573896865 3.0974395366856399825 -22124.352687265600252 130068.89398648700444 306.20054446929299274
1154880 134.80316602502099954 161.04330929942099715 1629.3139014950800174 43.569123406572202839 3.1027871537820601588 -22150.912658486999135 129891.48702065400721 306.74495702506402495
1155360 134.79833561666600872 161.26900440197400144 1634.1486620028599646 43.568728496783400317 3.1098186604187301185 -22199.420922390101623 130428.04124049699749 305.37041087150697649
1155840 134.79056330433999733 161.46985015945901409 1638.9898419967100835 43.566629087465301495 3.1167000108626301547 -22173.290805839598761 130437.34862167999381 306.20851422926102714
1156320 134.78286931537300575 161.67030496176698762 1643.8369431819398869 43.563587818931999607 3.1205673663189599232 -22354.061599062599271 130304.03270581200195 306.46012014587000749
1156800 134.77393572809899069 161.84941743274998771 1648.6897920690701085 43.561263602055703359 3.1246251359485501808 -22213.984489545800898 129848.14505853300216 307.88419546273797778
1157280 134.76501284519000023 162.03441213794098985 1653.5480141950899906 43.559581357034403482 3.1306338448343900005 -22247.726299429501523 130159.54898674199649 305.49335180209999407
1157760 134.75914570592200903 162.25351819314698787 1658.4122769402299582 43.559037250457201651 3.1340319583926001812 -22148.308822516301007 130106.61375593800039 304.99157802027997377
1158240 134.75520398474898798 162.48314239740798826 1663.2833210527201118 43.557772476827899766 3.1405004811169301426 -22165.852922839301755 129821.09688867500518 305.59321193155398078
1158720 134.74981622427100092 162.70212835478199054 1668.1611579850400631 43.557892633059601906 3.1422820898605001716 -22108.943245904298237 130106.94869162600662 304.22337470707702778
1159200 134.74391471402600473 162.91292322835698769 1673.0454031110000415 43.557074274721998108 3.1419394850436099809 -22261.099260527898878 130051.98830043499765 305.38719323744197709
1159680 134.7383395944399922 163.12440504148401033 1677.9359045115900244 43.555443910166999899 3.1465483202272199748 -22231.628484287401079 130041.29435919200478 305.47878737082902489
1160160 134.73088717973800499 163.33364719926100861 1682.8328397335899353 43.555070278676502937 3.147027566262360132 -22046.228980901800242 129763.39449321900611 305.11822132596802248
1160640 134.72263301940000702 163.53638727743299341 1687.7359115977399142 43.554632150203097751 3.1531119563435301423 -22090.214141102100257 130173.9437111629959 303.99724252817401293
1161120 134.7161520872419942 163.75208467332001305 1692.6452183317999243 43.555788584781900852 3.1565371417596201908 -22014.320081197998661 130083.81729268099298 306.40199470252798619
1161600 134.7100340562959957 163.98029917445299475 1697.5612156583599699 43.558143023602198696 3.1542140019389499628 -21959.067987824601005 130327.56489064199559 304.56900886678602092
1162080 134.70199960299399322 164.18202237125001375 1702.4836841844999071 43.559375761382099768 3.1537897372075498481 -22031.635375788999227 130273.54967543100065 305.1904544325860229
1162560 134.69482538509899427 164.40445776402000888 1707.4124023326698989 43.556281102937902006 3.1529397384645601043 -22032.612224867101759 129932.34566442000505 306.10772136366801988
1163040 134.68880423804799307 164.63438753999000141 1712.3480657461500414 43.553800198662301568 3.1563633195434199763 -22028.608792170900415 129963.29480933200102 306.5082050851680151
1163520 134.67941536848201167 164.8196052767719948 1717.2899793342699013 43.552890071844302611 3.1597183379125901581 -22115.877335005599889 129602.99761720599781 307.25205844098502439
1164000 134.66714356940499897 164.97605826354200076 1722.236934550910064 43.551689834445397764 3.1688355407367398975 -22236.990308299598837 130087.54331845500565 306.6963186601039979
1164480 134.6569639411069943 165.15084022437301314 1727.1887507367400758 43.550564660212899071 3.1739822540557400821 -22090.353478153501783 129970.3471185189992 308.4547831433080205
1164960 134.64813646165399064 165.33759939461700128 1732.1460773803300981 43.55235437638540219 3.1780763616895097989 -22060.549862136598676 130075.17442694200145 307.60836437635100538
1165440 134.6399142024569926 165.53398143925301156 1737.1090626320099091 43.553950648394696543 3.1803870746546900605 -22002.338109775399062 129817.08389654800703 307.42644877024201833
1165920 134.63429527712699496 165.76594885786499844 1742.078561081900034 43.558173639270499677 3.1820526006610601044 -22116.1608384407009 129939.63319865999802 305.88938872610600583
1166400 134.62721028175099036 165.9774282855059937 1747.0547795214399684 43.56290635564479885 3.1850707920784300242 -22064.92708365479848 130059.19062737299828 306.22653439932201991
1166880 134.6222208833600007 166.20236441990201115 1752.0374305387299501 43.565447551136699644 3.1875193405628099441 -22039.301906987500843 129851.96891582899843 306.01431839578600602
1167360 134.61571796215699237 166.41570355515099777 1757.0267955974100005 43.567067564120897316 3.1896144989221402177 -22027.732125581300352 130170.14254585599701 305.20053865243198743
1167840 134.60818745094800875 166.61407390265100048 1762.0221880848700948 43.568962352711203323 3.1961234440305501536 -22031.96720096900026 130416.07734832999995 306.08225101151799663
1168320 134.60265491934299575 166.83212635747599961 1767.0239388150100694 43.571587050901698035 3.1996722678195301803 -21985.896270420798828 130188.15711144299712 306.13707516239202278
1168800 134.59507723713500127 167.02559343329699004 1772.0318235273900882 43.571577964683200435 3.2052160119908501557 -21937.904563380998297 130426.64487269800156 307.18217525576199023
1169280 134.59076743221601191 167.23542389698499733 1777.0457343477200993 43.572601242509996666 3.2115559957583799111 -22004.816717092500767 129780.39524627200444 304.76951124548799044
1169760 134.58639337550800974 167.44927636732100495 1782.0659603076999247 43.577982815999298793 3.2200722567149901998 -21942.587670549899485 129834.94456407299731 305.81590062685398834
1170240 134.58536385808699265 167.69229405947100986 1787.093084884819973 43.583280925848697507 3.2266229576043001792 -22090.885923631300102 129762.07188928700634 303.51789591792402234
1170720 134.58302275843200846 167.92908074823600373 1792.1273900577200493 43.590499994761501057 3.227865806451270192 -22090.389281158099038 129809.40399476299353 305.14724455847397167
1171200 134.58267569386299556 168.18999941797099495 1797.1691615091999665 43.600131976013301482 3.2341932385988800824 -22155.344173036199209 129989.92102317999525 307.09223455166102212
1171680 134.57899675546300955 168.42779263511098975 1802.2184988153001086 43.609780228111098666 3.2385606385091199044 -22129.943851007701596 130367.28085272900353 304.56840680156398093
1172160 134.57444311048598706 168.65827958515600926 1807.2748367916499319 43.617166957654596615 3.2452463682312600035 -22172.033765954300179 130268.30872636599815 305.59508312901601812
1172640 134.56613039063100246 168.86305201534298703 1812.3377218068198999 43.624502358767401233 3.2509252144496598724 -22371.930857483999716 129716.80719615799899 307.42169627029198864
1173120 134.5578834740940124 169.05700434150099909 1817.4064926918999845 43.632444901565499151 3.2525406444486200108 -22240.927720665498782 129570.74756298599823 306.7243587264180178
1173600 134.54996425633899548 169.25360585239300804 1822.4811348673999873 43.638867187503898037 3.2575095448450901436 -22246.077657335201366 129872.39066020099563 306.21983300843697862
1174080 134.54419035851600484 169.47165170230499598 1827.5619759209200765 43.644284704346397064 3.2633921702812398458 -22219.378221123901312 129965.39688116199977 304.26412073508697631
1174560 134.53701217247200361 169.67048274613699732 1832.649199134059927 43.645873620922799319 3.2653412190921100589 -22260.814567231198453 129721.80095353200159 307.46272042932298518
1175040 134.52888681703899465 169.86114126538299729 1837.7421397885700571 43.650119089407603212 3.2687037005538099876 -22219.227965117399435 129901.54273579300207 304.51597298606401409
1175520 134.52373597852098897 170.09042076259200371 1842.8413920163800412 43.652109977049903478 3.2746773591838898021 -22150.306188786300481 129868.8144533589948 306.25978528674102108
1176000 134.51648602043900382 170.30433598999599099 1847.947390597759977 43.655123828077698533 3.2763992991513699593 -22093.781031700098538 130142.66007151000667 304.14034742282598245
1176480 134.50684208577300183 170.50261962091801138 1853.0594983708199379 43.65732799849480017 3.2762089047685098997 -22051.362722731701069 129723.54120369099837 305.94577382461397974
1176960 134.49799069934201157 170.70915561076898825 1858.1776695910500621 43.659524614099503026 3.2747715787282700717 -21912.908914281601028 129998.09429987099429 305.04288209785897834
1177440 134.48967174798900714 170.92011335061900468 1863.3020975556698886 43.662835711167900854 3.2720622814924400501 -22057.384659937099059 129770.65276246100257 304.88348795509102729
1177920 134.48302823192599931 171.15126874995900152 1868.4331184614400172 43.665908314625703213 3.2760237837197498934 -22042.625119253698358 130026.56176053200033 303.98201112719198136
1178400 134.47831186038300189 171.39465894963899473 1873.5712592638399201 43.665749649457296755 3.2864433160767001496 -22080.108025965699198 129893.80797335499665 306.19060049828499359
1178880 134.47300650227398933 171.64108332490201292 1878.7169099221300712 43.666452259845797812 3.2898811249165800241 -22043.990526591598609 129976.03807788999984 304.10230368230202203
1179360 134.46314293026500764 171.84738051979300621 1883.8693227602700517 43.668182669733702994 3.2878293311887101247 -22123.336643122398527 130059.41040493700712 305.57363548437001555
1179840 134.45388500858101111 172.0394729223989998 1889.0276117372400222 43.672435677258000908 3.2883130998345500018 -22184.156231121200108 130049.11278841900639 305.39593979450097549
1180320 134.44925092184101345 172.27097014366100325 1894.1921436915699815 43.675086444800498953 3.2914547738124197984 -22099.947961388101248 130114.58945178000431 306.49942144760399287
1180800 134.44538889493898637 172.5129192734889898 1899.3639506463400721 43.678254695856900014 3.2925947427311501592 -22049.043630023999867 129866.45984787499765 305.06473786600298581
1181280 134.43753711538099083 172.72048743051399811 1904.5425155060299858 43.68023843205359924 3.2963310456237500112 -22012.965526110798237 129454.44535470500705 307.02955597982099789
1181760 134.42911639165200199 172.93086978395101028 1909.7273115858299661 43.682140014802200767 3.3004957558626699665 -22113.894822125901555 130169.4352274529956 304.662840979047985
1182240 134.41859056083899304 173.13366598623798609 1914.9182245447400419 43.688649451153303005 3.3011141248726900699 -21998.366656803500518 129723.2288299100037 305.67000692920998972
1182720 134.40987084640599392 173.36681462606500759 1920.1156495799000368 43.696018773013797443 3.3037277675565599466 -21999.089088682798319 130458.6602872700023 306.15899367751899263
1183200 134.40313819496398651 173.61476994378901395 1925.3203997460300343 43.701420914764099734 3.304907062812319829 -21937.713091566500225 130022.12678337500256 306.55425868448799065
1183680 134.39561178796799368 173.85395550322701297 1930.5324434633701003 43.704488509605496915 3.3036637915946398536 -21966.784254130299814 129850.27354591399489 306.65166176855098001
1184160 134.38801612165698884 174.09531914031299493 1935.751656295849898 43.707157685072999698 3.3068919465644199818 -21999.418308177100698 130138.72364161199948 307.27381923740000502
1184640 134.3808234925899967 174.32915301884500536 1940.9780931671500639 43.706897908907102135 3.3112887341567098787 -22008.862099311900238 130316.9517532769969 304.6797624643410245
1185120 134.37506273585700001 174.56592543104798665 1946.211481783140016 43.706050107523303438 3.3165952255250101821 -22011.157545301601203 130157.24763541700668 306.84309965337797621
1185600 134.36970953036399123 174.80758243865599866 1951.4521011700699091 43.707528080304498985 3.3141341120572000989 -22024.903181821999169 130311.69814232300268 304.06968561014997476
1186080 134.36191477632800684 175.03370667924599502 1956.699774633349989 43.710416262024097023 3.3118149602100501738 -22072.242387199399673 130184.11715883700526 305.73283397457402089
1186560 134.35378960614599464 175.25505974053100999 1961.9541012686700014 43.716509976655501646 3.3096683130559001462 -22120.412264349401084 130208.39383025700226 304.98516913275898332
1187040 134.3447774688420111 175.46292312303000926 1967.2149451537400182 43.726308035535197405 3.3080618832537198593 -22061.690616085601505 130296.90976020999369 305.66911731376802663
1187520 134.33555695932099638 175.66183539407998637 1972.4818289491599899 43.731544632913198711 3.3091689404625901361 -22107.474769047199516 130226.27444199100137 305.99970391601698338
1188000 134.32585485829301319 175.86157055883998623 1977.7546042466399285 43.735465356975801399 3.3083157111935599382 -22090.287683585200284 130165.98061755100207 304.78237396914101964
1188480 134.32023112400599985 176.09823435843699713 1983.0339964145500744 43.737605020278202517 3.3105270659900201125 -22084.375592245400185 130328.32348572100454 303.4881537791189885
1188960 134.31297110093100855 176.3186258391270087 1988.3202917323599195 43.742530430076698167 3.3086423108894198464 -22047.750497964399983 130147.26904608600307 306.76817269226597773
1189440 134.30297834194701068 176.52500381423499221 1993.6129695776598965 43.747354877753501512 3.3051565600155199398 -22137.399089683898637 130045.10024434300431 306.20378916279400983
1189920 134.29383282945698852 176.72538325127200665 1998.9117112139399524 43.75557603306869936 3.3033703512286898274 -22049.107454796601814 130195.73288536300242 306.21544417539297456
1190400 134.28467185597901334 176.9241732860330103 2004.2165292995800883 43.762613071258400055 3.297620085174190141 -22114.432135072700476 130089.93494654199458 306.91602523196002039
1190880 134.27519430891101138 177.12243892807200041 2009.5272104197199496 43.765251543109101817 3.2982301820261201719 -22180.537402734800708 129905.66013345500687 305.07301538720599865
1191360 134.26427666639798986 177.30852068207599359 2014.8437197737700899 43.767176474279899878 3.3004457124486501485 -22033.340418985899305 130181.34244814500562 304.16901401735401578
1191840 134.25252829332200122 177.4849608285499869 2020.1656795969399809 43.768605087326299952 3.3012129099089499995 -21872.83730043829928 129960.2057728140062 304.45339540406700962
1192320 134.23924766932299235 177.64899497398201333 2025.4926789635399018 43.767178513643997917 3.2998841085845200816 -21931.702267086799111 130131.1170140519971 304.97059396466198677
1192800 134.22668929983498742 177.81176913477699486 2030.8246887664199676 43.765271747213702724 3.3033074146425400741 -21843.351778017698962 130092.48303461300384 304.43032827536700324
1193280 134.211225332207988 177.9329255476249898 2036.1608981003701047 43.764065159217800272 3.3076023494547501791 -22001.421649516800244 129920.5418069800071 305.12332865954499539
1193760 134.19674681079700918 178.07123047458000542 2041.5009007366700189 43.759811824154496662 3.3146135227998199113 -21966.310358014401572 130144.2195314099954 304.24011858587999768
1194240 134.18376961078300269 178.22639620859800402 2046.8453229479400761 43.753613507368896762 3.3229298407772898116 -22072.884985389198846 129716.05680018699786 306.02238074488701614
1194720 134.17264323627799172 178.39993828823099875 2052.1947159664400715 43.749177494261800803 3.3276782087495297979 -21758.001405387600244 129643.16984834500181 306.53402415021798788
1195200 134.16301548560500123 178.59019051089998698 2057.5495504023301692 43.746100885396600688 3.3346109774368999368 -21861.834931058099755 129720.37746086600237 305.86109392439300336
1195680 134.15240649681800278 178.77165308598299021 2062.9099729709100757 43.743514943820599683 3.3423125133566697897 -21819.464385872299317 130138.04552844900172 304.16751527243502551
1196160 134.14311272909100126 178.97536420185801376 2068.2762192456898447 43.745149016943699394 3.3444422311843697848 -21858.863787037200382 130280.17278080500546 303.46566057123902738
1196640 134.13153631931800192 179.15513180382299652 2073.6482315624898547 43.749368397503900496 3.349878897897749841 -22110.364729657201678 129973.92044791999797 304.94765030707901587
1197120 134.11925870939799665 179.33325951870298809 2079.0255794207500912 43.75100735577370159 3.3518527301118901107 -22032.781936234099703 129861.98823063800228 306.21472933466600352
1197600 134.10585905673801221 179.49644543239099903 2084.4080484829501074 43.747891486233200453 3.3524216060082498991 -22125.873198161298205 130009.77503592899302 304.27301694760501505
1198080 134.09278937182600089 179.66213406028398936 2089.7953633767101564 43.743493854621696926 3.354645843211749856 -21923.418086330300866 129704.58204431399645 304.95010045760102457
1198560 134.08035644637200789 179.84102619641600995 2095.1879659323099077 43.735676035749797563 3.3527008161374101114 -21886.999930102800136 130090.82505203300389 304.49957529288502656
1199040 134.06683447667001019 180.00350386115999868 2100.585631618179832 43.726012918380000372 3.3550099061831999414 -21997.471442721100175 129756.47565914499864 304.3468465182029945
1199520 134.0567365344209918 180.19438457476201165 2105.9885171579499001 43.716850040787498699 3.3578162665231601203 -21997.216354387401225 129963.21662804699736 304.20191304882598615
1200000 134.04511534128499761 180.37538171417000399 2111.3971617809497729 43.710707182872802434 3.3567746007367800232 -22072.495249212199269 129872.56863515700388 306.00021273198001381
1200480 134.03421970696101084 180.56034975795299147 2116.8111317477400917 43.705727689545298631 3.3553438193567699521 -22065.13059739990058 130159.55782644600549 304.72718728352202788
1200960 134.02217331657999466 180.74029529332599964 2122.2307541477798623 43.703744967355596884 3.3518307506861297895 -21948.498147635898931 129451.89290350000374 306.08520819685099923
1201440 134.00855109476398752 180.90107527129001141 2127.6554026055400755 43.70141993424380189 3.352298831904580112 -22014.603965449299722 129766.84679773499374 305.73899057894300313
1201920 133.99299920853499657 181.05175061783100432 2133.0846291880097851 43.699088064532602971 3.3582956125253899948 -21985.885964902499836 130180.49194007700135 304.14134547729997848
1202400 133.98055298883198816 181.22124654560300883 2138.5187157196201042 43.697123731685302062 3.359051959269470089 -21898.39655593669886 129441.58368727100606 306.10090914032298315
1202880 133.9688222118859926 181.39460835522200455 2143.9579643684201073 43.697025998446001438 3.3624839024653798703 -22005.293777827100712 129780.69367826600501 306.51365715519699506
1203360 133.95728545829101108 181.56805249507701205 2149.4024439144400276 43.69897992058889713 3.3620427481917500856 -22031.398272450798686 129835.31351483300386 305.96953687765301311
1203840 133.94543433199601168 181.73777238223800623 2154.8520127987599153 43.700171935107597676 3.3603531402021498131 -21859.328453570400598 129760.46501419499691 306.26318497161202004
1204320 133.9364773747429922 181.92418600103900417 2160.3069299089997912 43.701897979907897707 3.3629005524252599812 -22061.685021071200026 130266.11205821800104 305.89598548125798061
1204800 133.92615380124499325 182.09413931782799523 2165.7672653061399615 43.705064549817102204 3.3666844622990499403 -21982.983695064700441 129984.91559397500532 306.76024341209699742
1205280 133.91409143251399883 182.26079524533798804 2171.2325513620899073 43.708400669045900599 3.365858592458840004 -21957.339542264799093 129841.19771575300547 305.268206548792989
1205760 133.90520094421100339 182.45860509698900387 2176.7033250052400035 43.709131330470299304 3.3641544724782299625 -21937.634234689099685 129482.05316121400392 307.86133867735401282
1206240 133.89511888997199662 182.6317945960740019 2182.1797469222901782 43.714025385787998346 3.3663599331605897902 -21975.902327974399668 129652.90831130799779 305.86569468549998874
1206720 133.8823041674100125 182.78264956965000465 2187.660987743449823 43.723748545061198456 3.3664615817299599065 -21864.287840605698875 130450.82073997899715 302.9383929812270253
1207200 133.87035922846300195 182.94783847391900622 2193.1469017978301963 43.724369671860699782 3.3667939380710998343 -21883.741366808400926 130025.41337250599463 306.30902455802498707
1207680 133.86048911838699382 183.12951432427200871 2198.6380502003898982 43.721544881063799437 3.3658847782444598629 -21900.675688368999545 129826.14936222000688 305.940019782347008
1208160 133.85081433292700126 183.31096174475399607 2204.1346912932499436 43.718522920801902387 3.3669966549600500727 -21843.628065920700465 130224.37736861499434 303.66711172516602346
1208640 133.84051134511199166 183.4927064481479988 2209.6367632769502052 43.716163381905197127 3.3681583248457300783 -21989.116832282299583 129997.13404067899683 307.71829837975701594
1209120 133.8285451306539926 183.66365144187699343 2215.1441079478900065 43.714574960493798983 3.367153442209000147 -21889.302543713100022 129846.99309488700237 305.49025422681501141
1209600 133.81614911688600955 183.82793150438101293 2220.6565455594100058 43.714247321207302832 3.3640778926950800631 -22125.079820295999525 129818.01215885599959 305.94791965210498574
1210080 133.80140883677700003 183.96060819064399539 2226.1734298063502138 43.716854448637100461 3.3585289252288701434 -21862.480708557799517 130070.28079504299967 305.9079930742390161
1210560 133.7889261624189885 184.12266313637701387 2231.6945468851799887 43.720358200525900827 3.3550395542004198823 -21871.613796137000463 130213.79375507000077 305.79808283236701527
1211040 133.78084275054399654 184.32501948755000853 2237.2212456220199783 43.721185611672197524 3.3559087385658998848 -22039.008659242601425 129839.10996598399652 305.74958006493102403
1211520 133.77186894735399392 184.51859058612700437 2242.7539256792201741 43.722020316474896617 3.3597793018696497924 -22050.860436532500898 129686.97864874999505 306.07061790092097908
1212000 133.76191818045299442 184.7122499877870041 2248.2924228377200961 43.725029857002603251 3.3676820011724197812 -22057.756737812800566 129583.11588146199938 305.3025144286179966
1212480 133.75151234194399308 184.90287143531600123 2253.8366395192902019 43.726774993403402902 3.369119353462930011 -22107.104907864399138 130077.75411950099806 305.79251728196101112
1212960 133.74151219566499549 185.09719524034500182 2259.3866274412498569 43.728142528701702929 3.3716068512859100892 -22011.635991134899086 129969.3801525960007 305.73745991962800872
1213440 133.7316114972219907 185.29087172370898884 2264.9424782351497925 43.730176636184197037 3.373474016371249995 -22097.796757910000451 130218.04000400099903 305.15415470373500284
1213920 133.71924120578600537 185.47264585282400162 2270.5039513701899523 43.731794648528399705 3.3766968795575498241 -22042.507652854401385 129782.07435944399913 305.32061047868398873
1214400 133.7077297731449903 185.65817183651898858 2276.0709002548101125 43.731905202637499031 3.3780078892742300134 -21948.601553197899193 129733.07323492600699 307.43112677547998146
1214880 133.69723144337299914 185.84960080617500466 2281.6435164819299644 43.731338530165601242 3.381297426354120006 -21859.782750188100181 129783.01547899100115 304.98837732539698209
1215360 133.68749656033298834 186.05436059542699923 2287.2220096849300717 43.732463646911696742 3.3823373619697401082 -21920.973431310998421 130226.94965336300083 304.60561771720699653
1215840 133.67981001521800977 186.28650082265801302 2292.8071196640498783 43.734303747511901861 3.3840451593342297798 -21956.573763376098213 129954.36260433100688 305.75937769994499149
1216320 133.66960141408100071 186.49286131347199102 2298.3989000472997759 43.739404520495803297 3.3876770654308998587 -22019.776156011801504 129675.63506224099547 305.89009846219300925
1216800 133.65855309108900428 186.688580520904992 2303.9966107790301066 43.744984902735502885 3.3899813136352201504 -21930.7944148923998 129969.30274054300389 303.7729642419440097
1217280 133.6461981003079984 186.86252976797999281 2309.5999015321299339 43.748088086717899614 3.3944669989877498395 -21911.439094385401404 129753.67757724599505 305.90486562737299892
1217760 133.63559494267099126 187.05777010189200382 2315.2086509986402234 43.754868874733801931 3.397066711101190073 -21957.65062576820128 130310.45451314099773 303.36983968242401488
1218240 133.62586706541699755 187.2668182992250081 2320.8235423567298312 43.766054009061200247 3.3982627797588400576 -21921.108086075899337 130572.98927508899942 303.72954259456400905
1218720 133.61420741371699705 187.460486770338008 2326.4445072167100079 43.776930258713200317 3.3984559903283000359 -22053.741971311999805 130104.73063836200163 303.55326989341398303
1219200 133.60079040900200198 187.64079806078200363 2332.0710669307900389 43.786272602042899393 3.3956200880941298514 -21975.429019186100049 129674.52954289400077 305.2625338330299769
1219680 133.58678526630899341 187.80687878919900413 2337.7028296993898948 43.794936179568701107 3.3921540967381598186 -22052.242176144900441 129746.24265952399583 303.34341902525500245
1220160 133.57184010403199181 187.95755036369300228 2343.3393002811399128 43.804526353434901864 3.3913573479682601608 -21916.338743222899211 129838.81737136100128 303.35070720102999076
1220640 133.55951131415901045 188.12707823804399254 2348.980519859459946 43.818626099544403019 3.3930214844356600956 -22150.884257722998882 129817.68676317800418 305.22755552736401796
1221120 133.54558053756500158 188.27950713304900887 2354.6267892793898682 43.832060661137198565 3.3956153367525998554 -22033.575657518998923 129722.03584219299955 305.39977515146898668
1221600 133.52882678951201001 188.39219248039299259 2360.2768504954801756 43.846734337037197804 3.3991369287258801357 -22032.352685868499975 130124.322453226996 303.61056523791000927
1222080 133.51437287007598798 188.53303482080301023 2365.9306721194498095 43.858604499316896863 3.4041552286714797937 -22023.613592583100399 129390.71106996499293 305.58795463510102763
1222560 133.50228990012200825 188.70040106210799991 2371.5890857541398873 43.8648545023760974 3.4013681337577801322 -21953.072842592100642 130028.57612393700401 304.22498547350897979
1223040 133.49432496027199591 188.89782385503900741 2377.2530281994299912 43.873958120222802393 3.4040170646618999051 -21962.319547596598568 129707.61279687700153 305.96821656855502169
1223520 133.48597864450800898 189.09036332659201207 2382.9229140466200079 43.88230669038839693 3.4029232652055299013 -21922.656219156298903 129991.00004507899575 304.11879900097699192
1224000 133.47650411223298761 189.27763239074400303 2388.5984048128298127 43.889827338857202221 3.4027511671932098025 -21829.235644263801078 129933.36798027199984 305.91681384652400766
1224480 133.46688002660098959 189.46491694835700059 2394.279614997779845 43.897770959729896845 3.4067782326470901211 -21903.666822301198408 130117.51089098499506 303.90338811410299513
1224960 133.45520847220399219 189.62370289493000541 2399.9660021874501581 43.907331669632199578 3.4123606692410199948 -21872.177628453599027 129372.62426086199412 305.5098507429260053
1225440 133.44434047548199374 189.78380550195399223 2405.6571521729301821 43.915280145161297298 3.4163448642218399165 -21813.522231466598896 129760.51654276899353 305.83028634760302111
1225920 133.42939792543600674 189.91033164019600576 2411.3526728787901448 43.921922623478899084 3.4207932414791701881 -21900.240706040600344 129820.12467556199408 304.38264227337299417
1226400 133.41364106146801305 190.02052095630901363 2417.0516114191300403 43.9245813662450999 3.422479311698960025 -21911.858220849298959 129906.19296646899602 306.19328203724501236
1226880 133.39795909442500488 190.12789144206399783 2422.7538416969500759 43.927069669106501237 3.4251968509476200531 -21864.009684684300737 130063.9911549440003 303.28216012113398392
1227360 133.38040100355900108 190.23155564087198854 2428.4592440293999971 43.930898895742501509 3.4310802216536901987 -21901.828902662800829 130016.53030962399498 304.75797368335798865
1227840 133.36291616880799893 190.3315629785109877 2434.1677428613998018 43.932789512158699097 3.4332642531992001445 -21834.902354156598449 130361.32569902899559 303.57423635077299195
1228320 133.34417629876099909 190.43154138401700948 2439.879113664650049 43.932927622961500447 3.4353130965460199064 -21911.912246518098982 130066.79251624899916 303.73861608759102637
1228800 133.32883917934501028 190.57167457754800921 2445.5940953741201156 43.93092512555389817 3.4345427788024300852 -21968.484337629099173 129956.52525233199412 305.00895845757497682
1229280 133.31572559821000823 190.73219099800300569 2451.3135925162901003 43.927945357240901103 3.4332020232973801122 -22022.810848629800603 130183.48181202499836 304.83907167778698977
1229760 133.30279096042801257 190.89574992159600697 2457.0380349898500754 43.929479617827396964 3.4316518255088199751 -21999.595832325001538 129796.99560257900157 305.24537354011101797
1230240 133.2893230295740068 191.05071508028399307 2462.7672668178402091 43.92942474608239678 3.4318420499855100125 -21987.715609372800827 129898.85388324900123 305.39226457457800734
1230720 133.27578280244898679 191.18953623717999335 2468.5009375376998833 43.931701036658701298 3.4320295374119500487 -21883.092163794401131 129582.22085148800397 306.05018081817098619
1231200 133.25954997683101055 191.29246976499899802 2474.2382534348698755 43.937202931998200484 3.4393855059465199275 -21969.45943365399944 129901.08925296099915 305.43428891159402383
1231680 133.24274493420199406 191.40086252010098633 2479.9786021143299877 43.941836953024200341 3.4459920424586298893 -21930.836365252900578 130137.63916433599661 304.36858665571401161
1232160 133.22787604987499321 191.53510247009799627 2485.7226206918999196 43.946071815043502795 3.4535335535047400057 -21907.430872139200801 129905.78870532099972 304.45668734987498283
1232640 133.21336537514901011 191.6698899898279933 2491.4707368362601301 43.952976423194002109 3.4601220236262899554 -21886.365233959499164 130000.8380311600049 305.36755333577099236
1233120 133.19491906601700748 191.76999833584301314 2497.2224538436498733 43.957963025572901472 3.4628838420552501276 -21869.268968820299051 130178.11373084000661 304.59386255195897775
1233600 133.17712426882499699 191.87870004146500946 2502.9770726757401462 43.960986555912597851 3.4654507966112602091 -21941.694048455199663 130161.89033235100214 304.65794833637198735
1234080 133.16130131308000273 192.00460332026401034 2508.73538072438987 43.959886094536997803 3.4665598518647700033 -22045.563117469100689 130524.46566218699445 302.17525337781700046
1234560 133.14395098845199072 192.11822044353201022 2514.4972927888898084 43.960964408797998715 3.4679275844652601712 -21959.130497423899214 129847.88448275299743 306.56876630784501003
1235040 133.12345387683799913 192.18977416442601225 2520.2620627309897827 43.964373459621000961 3.4697705256253601469 -21951.129531379898253 130212.04690366200521 303.7868733138089965
1235520 133.10055265949000614 192.2267903486059879 2526.0283411840400731 43.97119199996709682 3.4719256776087301652 -21946.594352322299528 130197.99341469000501 303.80752371789498056
1236000 133.07949041618201136 192.28729463624699747 2531.7959863999399204 43.980540392011000961 3.4784981802733998535 -21848.94688970740026 129907.06848051899578 306.62372709799302584
1236480 133.06035832715900824 192.3785641145410068 2537.5658906913099599 43.987272768008196522 3.4832552462210197852 -21994.663837113501359 129867.63948931300547 306.44388890118602831
1236960 133.04366037381899446 192.48854848978899668 2543.3388433924801575 43.990575559475402656 3.4810404060840798302 -21968.837607919598668 129866.99514856599853 304.79764511987298192
1237440 133.02907398722399535 192.61623599384100203 2549.1154605614601678 43.992439020170202468 3.4791252092875200042 -21826.253374245799932 129594.48820953900577 306.9697339112769896
1237920 133.01195965689998957 192.72087667415900114 2554.8956242003600892 43.994490703035296519 3.4809674772724301661 -21954.519717764298548 130026.36737228599668 306.10978306917797909
1238400 132.99549174005900909 192.82247548524500758 2560.6787511064298997 43.994735949922798568 3.48560874740523019 -21993.103153972100699 130190.1241309009929 304.09758412670498728
1238880 132.97880098493300238 192.92343481117200099 2566.464960290450108 43.997090359488801425 3.493052789419389903 -22102.640888476300461 129844.50309321600071 302.87289355395301982
1239360 132.96006984551999608 193.00075285664900093 2572.2539321782001025 44.001617224391502248 3.5007913841789601861 -22033.39041300199824 129871.97908992100565 304.15960674479902082
1239840 132.93914654456000335 193.05138049294001235 2578.0447570025098685 44.006502234925598316 3.5052667629199900645 -22043.192844804299966 129960.53938204499718 304.81632786908500066
1240320 132.91868647736799858 193.11642797904599433 2583.8371269205599674 44.00697862314839881 3.5132843402924800458 -22000.062323871701665 130177.92929832800291 305.37850490648401092
1240800 132.90002622575300961 193.21164323564900656 2589.6320766243497928 44.006352167499798611 3.5179157803222200762 -21854.528050125001755 130228.05141184700187 303.58378809253002828
1241280 132.88127925013799313 193.29967077929600805 2595.4296864867701515 44.008756723684200551 3.5205724079544600258 -21885.177377084200998 129940.39005144000112 307.61493028429299557
1241760 132.86505873998700622 193.41560148998900104 2601.2303376604900222 44.013222555033500782 3.5228795938326200599 -21821.727654382000765 129889.79617860099825 306.63825622629099144
1242240 132.84859308085100338 193.52896646614098586 2607.0345182759901945 44.018011900429598882 3.5231867927947502217 -21874.337413543198636 130128.95294344599824 305.67044974647802746
1242720 132.83189948360200106 193.63359324783098714 2612.8419950759998756 44.021931464556303126 3.5238311575601097836 -22027.766305726599967 130356.81036436400609 306.74367226991802227
1243200 132.81379507089900471 193.73429398088799758 2618.6524931358899266 44.027778497070201524 3.5305196073066600349 -22124.2193141138996 130702.92765313100244 305.49249607415498531
1243680 132.79639389564698604 193.83940110643899857 2624.4660721200998523 44.032131547861297349 3.5341011002323301504 -22125.174260760300967 130285.33991075800441 304.79775267746401823
1244160 132.78041599538499895 193.94818554863201143 2630.2828616618699016 44.032607402334001279 3.535964135425210042 -22096.574593314398953 130212.46862646400405 305.99235609125798874
1244640 132.76402950637000799 194.05822405230000527 2636.1029792442500366 44.033156535480102889 3.5354522593924198048 -22053.101898799101036 130200.17582212500565 306.83020315283397395
1245120 132.74477720757099064 194.141580036583008 2641.9260911711398876 44.036732766094800695 3.5351129026209999751 -22130.36723189640179 130250.45682708300592 307.12522222251800486
1245600 132.7248591633920114 194.22226389375299505 2647.7515364447999673 44.044672185740303405 3.5359080594889897853 -22063.522560856599739 129930.36783740199462 305.15532079782502706
1246080 132.70427726590901329 194.29142283650000422 2653.5793000917901736 44.049218081191199303 3.5347618348824401124 -21902.109110050099844 130195.44712635999895 304.76829199728297226
1246560 132.68212956443900907 194.34428630071900557 2659.4088764981402164 44.049767111839997824 3.5348094395396501 -22120.692385025598924 130067.32112797499576 305.39973725173700814
1247040 132.66266331399899059 194.40775191018900614 2665.2400973701101066 44.050952655882703368 3.5311578465740898203 -22036.737558271401213 129996.84606858099869 306.37731128616400156
1247520 132.64382640771501087 194.4763554631610134 2671.0734018313100933 44.052388013413903423 3.5347011933306498044 -21997.357025233301101 130123.0585789809993 303.28842137051702821
1248000 132.62460045109199314 194.54284006562198783 2676.9086540236698966 44.051792990947397755 3.5383134832932898739 -21959.807731187000172 130045.97378863500489 304.03751599594301069
1248480 132.6043155491840082 194.60314829118499347 2682.7459198101200855 44.051819549447699842 3.5421268567162300656 -21852.946703022098518 129558.58237738900061 305.60587877227698073
1248960 132.58228647712701331 194.64332501779699669 2688.5846568317101628 44.054246715970002413 3.5453627102331402021 -21928.358342050298234 130082.14317814700189 305.03743764669502525
1249440 132.56008924310100383 194.67853625430299758 2694.4245052451601623 44.056930791569499206 3.5482382144313699968 -21858.679065878299298 129599.16929436000646 305.27574907771798962
1249920 132.538604926706995 194.72428457596001294 2700.2655191913199815 44.058345461575100899 3.5483877106395498302 -21809.779845692100935 129588.62646542499715 303.15145716377901408
1250400 132.51857250714701308 194.77090468152499625 2706.1079279658902124 44.061718223675903516 3.5524007419056999879 -21884.227855215700401 130085.36301742300566 303.16062998264101225
1250880 132.49826144586600662 194.81866104834099929 2711.9517651885398664 44.069210291137302704 3.5599494233465498461 -21858.080651065200072 129828.10080355900573 302.97033314389801717
1251360 132.47694693088499207 194.85681749614801106 2717.7969738910601336 44.071938152004896949 3.567922976967090154 -22014.71304760070052 130064.14280767299351 304.90264892559997634
1251840 132.45644176649400947 194.91013464091298601 2723.6433952016700459 44.075459994722500312 3.5739394762798899485 -22011.080055746599101 130111.4756952720054 303.39723840858101767
1252320 132.43839533202199732 194.97306110712600002 2729.4916883026098731 44.076046762087202069 3.578991324608450153 -21982.416872497698932 130188.16260675199737 304.61158449934697501
1252800 132.42108947716599232 195.03597345345801273 2735.3418409178698312 44.076542438052399575 3.58615830410770009 -22022.358113968399266 130057.11626073499792 305.6376076143390037
1253280 132.40227119657001253 195.0960521956889977 2741.1937871254999664 44.077825168077097828 3.5901280471126097993 -22036.064594957500958 130387.3251355990069 303.87709336105001512
1253760 132.38322089970699835 195.16497961377100978 2747.0477076049801326 44.07591131241599669 3.596535775117410072 -21872.619462036498589 129966.07730499299942 305.45317309004997242
1254240 132.36350758631999724 195.24018794300499735 2752.9037428698998156 44.074072623991199293 3.6061769194254500448 -21808.828817193898431 130104.0895606700069 303.74833373580202078
1254720 132.34603228542698616 195.33811304719100121 2758.7624540745100603 44.076813498111000911 3.6138567234723399935 -21916.321609376798733 130454.6621718690003 305.36845949071999939
1255200 132.32570525938399442 195.40628065086599463 2764.6236667958200997 44.081709818452502248 3.6193248437696299291 -21922.114271052399999 130080.99340569200285 305.18670306393397595
1255680 132.30291139574200088 195.44918092654700104 2770.4866173338200497 44.089398204095701317 3.6222263390433098174 -22101.390079662800417 129795.64840804699634 305.91070551479799633
1256160 132.27453683943900842 195.44043332374099009 2776.3499951207400045 44.094714592764702843 3.6224777519820801075 -21988.095344095600012 129971.7731622900028 303.77027446718000192
1256640 132.24904539059801323 195.46698749551700303 2782.2135196170897871 44.095619222067696796 3.6224839440238798538 -21908.93952753620033 130013.04999095200037 304.42445220118997895
1257120 132.22712909974299578 195.52563253053000381 2788.0783085996599766 44.095689029599498099 3.6215383656208799401 -21833.879508327601798 130026.53493039800378 306.66852442302200643
1257600 132.20613198666700328 195.59432842732300628 2793.9451550619501177 44.095346154906103209 3.6218218119143199552 -21746.631921302101546 130000.68169618899992 304.51296776616800344
1258080 132.1829415574640052 195.64962558207301413 2799.8137908100698041 44.097442186903897721 3.6208253959552600953 -21885.908509231601784 130255.90410876099486 304.52019113996402666
1258560 132.15917643296700135 195.68903169191099778 2805.6839512158599064 44.105686662241197382 3.6261844440170301063 -21998.761347264400683 130539.89043605299958 305.25674108318702338
1259040 132.13061076329000798 195.68674853544300163 2811.5547309358798884 44.115734798820696483 3.6268599165843000698 -21945.718543727001816 130227.23265436499787 306.03316001198197682
1259520 132.10378972216798843 195.69977078996299724 2817.425407239029937 44.120902525302696517 3.6287793437585698086 -22011.766612466100923 130139.11592763000226 304.45599574433697398
1260000 132.07819836061298702 195.72115097555399643 2823.2967675463501109 44.123256226278698477 3.6273527163038798982 -22013.403989879101573 130032.42971498800034 304.72955421888099181
1260480 132.0540046342480025 195.74123701043001233 2829.1686977381100405 44.123566859418197339 3.6284325396785201967 -21894.558755759000633 129813.52058479499829 305.83705322340699695
1260960 132.03104171902600683 195.76990306028699251 2835.041357803560004 44.123137291846596497 3.6350477197562600651 -21863.092182559201319 129946.65909774000465 303.92092669027601914
1261440 132.00958419201398897 195.81070126624800309 2840.9149445652001305 44.129555140318799999 3.6478009162082800643 -21853.476127029698546 130124.18464130400389 304.48331452228501348
1261920 131.99000214284799881 195.86288708257700364 2846.7900589239297915 44.134789286626997296 3.654239127875849924 -21803.815777389798313 129876.67582707499969 303.87118278411202255
1262400 131.97176225172299269 195.92860677612199538 2852.6668660864697813 44.138523884331398506 3.6600405144733998419 -21837.633225823101384 130249.72771206499601 302.88185505569100542
1262880 131.95544106553001029 196.02703286248200243 2858.5461474472599548 44.141991325475203212 3.6650020160170799777 -21855.836577382098767 130432.72362606599927 303.87089433490200463
1263360 131.93786068406100753 196.11667812128499122 2864.4283469045599304 44.144948966695899628 3.6688325134512700387 -21798.655709612401552 130197.47371166999801 306.00466860160901206
1263840 131.92097472630999277 196.20770998776899319 2870.313253462440116 44.152018632930200681 3.6739715087041702191 -21867.176347251799598 130109.10286895200261 304.48789987676201463
1264320 131.90131047640198858 196.26942871541498903 2876.2004589593398123 44.162017975516697277 3.6821287035662999543 -21850.766603248099273 129837.78923768100503 304.39191089497097664
1264800 131.88107195883500822 196.31029759352500719 2882.089223220310032 44.168717536579499949 3.6909613671332799356 -21771.940154434600117 129854.60748041199986 307.36132878502502308
1265280 131.86265436006098639 196.36610174890100211 2887.979213143889865 44.174694309237402479 3.69613152650304011 -21859.407118449998961 130132.32771669799695 304.90502488383202717
1265760 131.84739211086099431 196.4599561823399938 2893.871611648380167 44.182641515078103112 3.7052023471589299319 -21927.261427767400164 130130.19036588299787 306.4304770558879909
1266240 131.83053898208700616 196.54152621426800351 2899.7666249270200751 44.187265716438901109 3.7152777672702099743 -22027.830579089299135 129961.31835469699581 304.82800556529701907
1266720 131.81266689404100134 196.62226487120199181 2905.6641485031400407 44.190298513723696772 3.7260797885827501297 -22006.110549769600766 130513.77457984999637 303.47091549070700012
1267200 131.79200818037298859 196.67045980081098833 2911.5635951470098917 44.191400870476300611 3.732711044395399913 -21896.842864453599759 129696.06220611400204 304.92742161051700123
1267680 131.77250557522100394 196.72178923986601262 2917.4644321915998262 44.196802229606902301 3.736864733348919998 -21858.675391574299283 130246.56062255699362 305.19241449019199308
1268160 131.75159142984898608 196.76608101225599512 2923.3667491687001529 44.205702915162596867 3.7413959588482899044 -21815.292041131298902 130055.40452172499499 303.55467367981100324
1268640 131.73141685338700313 196.83461411674900887 2929.2707376322100572 44.213082522843500044 3.7471359215342201487 -21970.836799702101416 129699.85514290000719 303.84103531225702
1269120 131.70973734499500551 196.89622115012500103 2935.1766725065099308 44.216413677508498381 3.7529542413929499745 -22031.258470560598653 129900.4625566629984 304.08018148847298789
1269600 131.6872875481039955 196.95883230831299215 2941.0845376288198167 44.21770855849970161 3.7579515269106700259 -22003.92858742899989 129993.04447328900278 304.79123265107500629
1270080 131.66465415364800151 197.01311216935201287 2946.994067946819996 44.219679426887800844 3.7556343314544200496 -21961.641130876800162 130240.66718858700187 303.20673252685202215
1270560 131.64177243470899725 197.05220731455699479 2952.9051795980799398 44.219438148036701364 3.7569051234776700277 -21827.28607907229889 129834.48704081399774 304.3525328367200018
1271040 131.61560781923000718 197.05055070578200116 2958.8167229554701407 44.220933056049901211 3.762918420391830221 -21757.787378531000286 129731.15872396799386 302.89570099390601854
1271520 131.59024398068999062 197.06785290058599003 2964.7284897626300335 44.220521936834401799 3.7660589042338901145 -21886.255776983798569 129660.580568364996 304.84981315104602118
1272000 131.56523843833599585 197.09587997287300709 2970.6410050659701483 44.218108270762002121 3.7645960893617798071 -21800.682802590901701 129853.17456944899459 304.25774907780197509
1272480 131.53956131681900388 197.1251623841419871 2976.5541395399400244 44.214948087453002756 3.767876018385139858 -21858.823167353399185 129726.6215013750043 304.73283150818798504
1272960 131.51703094984100062 197.1783478468429962 2982.4687666841900864 44.210917327217799766 3.7749882333597901685 -21740.82072012360004 129621.52738619899901 303.58525176156399539
1273440 131.49554990950099409 197.24198048595999921 2988.3849737434798044 44.209186792539696853 3.7766607029202798884 -21990.019150449599692 129291.24260272999527 304.8133843253360169
1273920 131.47251210520801123 197.28969580510201354 2994.303062125679844 44.209252433798297943 3.780989139292429968 -21877.891665656701662 129613.68588160899526 306.06520820324999477
1274400 131.44637491578799882 197.30401205289101085 3000.2220155359200362 44.209711290749702073 3.7900309931230600213 -21979.912837495998247 130150.05614967299334 303.66235140436299389
1274880 131.42039166304201103 197.31904950802100984 3006.1412582319098874 44.207709216133302732 3.7994968391080101711 -21958.229502695401607 129815.3971616869967 304.46219874770798697
1275360 131.39452553333100582 197.34425364836599215 3012.0612536698599797 44.209067051314598018 3.8079753108930698424 -22027.530375172100321 129695.95621152200329 305.23947009557298315
1275840 131.3681319318939984 197.36437580926801161 3017.9818739928600735 44.20788941074550138 3.8110988897420199351 -21919.628892414199072 129584.38883417499892 304.65225535211999386
1276320 131.34160433551301139 197.37629739698400044 3023.9029934088598566 44.207954843897496744 3.813658920678379971 -21967.257623987501574 130119.65891801500402 302.28145582817398918
1276800 131.31783157614199808 197.4089468750009928 3029.824691953259844 44.211667970294399765 3.8232875577453500071 -21812.747116272199492 129435.80263932399976 304.73206682239600696
1277280 131.29320830350300753 197.43716547682998907 3035.747421930139808 44.220237067787103058 3.8339104283880298674 -22016.191397863298334 129855.80442498699995 302.6531011344000035
1277760 131.26776157285300428 197.45080725215001394 3041.6707166237601996 44.228138186112197161 3.8425837224726597796 -21843.604896914501296 129354.32015827999567 304.91245005595800421
1278240 131.24307947508398797 197.4665092156519961 3047.5944593503500073 44.234715332270496901 3.8507313790606301218 -21880.230964033900818 129675.71881013500388 304.97497181855197823
1278720 131.21805307362100734 197.48458760439200432 3053.5187765265500275 44.23855506041360286 3.859208645314240016 -21970.969755413698294 129424.74668408899743 305.42699302922500237
1279200 131.18901923660300213 197.46264483596800687 3059.4430045584999789 44.245722109038702285 3.8682330432935398967 -21972.256957149998925 129737.36377695300325 303.68713022192099515
1279680 131.16166367632999368 197.44776199679699857 3065.3667067174301337 44.250755685480100965 3.8777280123807997825 -21774.551772146198346 129229.20060223799373 306.22265951490197722
1280160 131.13212239264998971 197.40383555012300576 3071.2894998471501822 44.251381169739701704 3.8834705317372297806 -21770.192929471901152 129933.53636353499314 303.19312624579197291
1280640 131.10093367581399093 197.35519705256200496 3077.2109490113898573 44.251492492880601048 3.8864617497098699062 -21776.061082169799192 129818.24818701999902 304.05046221326398381
1281120 131.06587971938898818 197.28799927409698967 3083.1305843545901553 44.25139719244099723 3.8891590394586899038 -21745.540700106601435 129911.69936042699555 305.00440647092602831
1281600 131.03138330646399368 197.21552689923601065 3089.0481714714301233 44.254707333240702383 3.8934454045483000151 -21885.414738515199133 129793.93199504699442 305.14942091999398599
1282080 130.99636036656599458 197.1247099788160142 3094.9633449148300315 44.257251567469602094 3.902231051352179847 -21817.915962899398437 129531.75554458099941 305.35212183527801244
1282560 130.96160377540800823 197.04375396321299263 3100.8757699956499891 44.256084965871799852 3.9123250419994000104 -21833.125451006999356 129924.86960403900594 304.0694647737050218
1283040 130.92786513041099283 197.00032507054100961 3106.7863591046898364 44.253302446362297928 3.9169301199315298412 -21787.819167156401818 130063.30156453000382 303.63883634692598434
1283520 130.89261961713899041 196.9435014551289953 3112.6956136956500814 44.252368276802499736 3.9229171031874701114 -21791.182378009798413 130225.56540747299732 304.33997814395701198
1284000 130.85672912669198809 196.86664639021398671 3118.6028157421101241 44.250565506550302075 3.9301171999127801904 -21827.796613116999652 129957.29417527800251 303.58796503464299121
1284480 130.81972637249899094 196.77594782717500266 3124.5074317888502264 44.255700787957799491 3.9379291833495599917 -21872.758767696901486 130119.33915345699643 302.92329519715002561
1284960 130.78258003376700458 196.69155362372998752 3130.4093839227198259 44.262359621327000525 3.9415714326311199756 -21791.555467835900345 129821.32880114500585 305.64682466017501383
1285440 130.74948938168799373 196.6542088547219862 3136.3094689576701057 44.265350040924197117 3.9431722637124901887 -21753.221811151499423 129183.93383747299958 305.30465354482498697
1285920 130.71433107139699814 196.60077030763599737 3142.2083896247099801 44.266705550534602764 3.9431488137607297872 -21793.432440430100542 130196.50415327299561 305.32822994682999251
1286400 130.67758943669099381 196.5311717486949874 3148.1053922596402117 44.266682219115800478 3.9457856709114298432 -21872.728114873199956 129705.87026067799889 303.57290694888598637
1286880 130.64044630657599555 196.45134846575101051 3154.0001317016199209 44.265987248771196505 3.9501439420595998442 -21779.950012972800323 129594.83773812600703 304.97163169161200358
1287360 130.60396190552799567 196.36448817281601009 3159.8923976589999256 44.26281751317520019 3.9548802821653099571 -21839.133591937399615 129748.89211712700489 303.2767332939760081
1287840 130.56666415255699576 196.26213743394998801 3165.781827210550091 44.259604064283600167 3.9606509616770200211 -21735.091359532900242 129465.5677955459978 304.11661087098997314
1288320 130.52846747600298727 196.15707950946799087 3171.6680743784500009 44.258767272215301603 3.9661900640516298822 -21719.328028444600932 129257.08608654499403 305.84178258407797557
1288800 130.49263696806801249 196.06471277194100367 3177.5513952794099168 44.256579863400901331 3.9748029770055199883 -21690.182982237100077 129320.5029566459998 305.31309728663200076
1289280 130.45684817708900027 195.97074079973700123 3183.4318835810099699 44.254005009899600509 3.9817553008753101551 -21802.612339629500639 129466.4439260759973 304.82799947634197224
1289760 130.42061890870900243 195.88016336867300993 3189.3096920426701217 44.253598885932596829 3.9850727655254600812 -21701.7599982877 129694.27562689800106 306.63633362101001012
1290240 130.38156311777899532 195.76509848316800344 3195.1845133921401612 44.25384788354840282 3.9863141301798399319 -21683.15805961910155 129261.52169603400398 305.68648470255499205
1290720 130.33998760053501087 195.60807954519398777 3201.0550827510801355 44.252871946509898748 3.9875903485037897944 -21737.08730878589995 129931.62008078400686 304.18041262206702413
1291200 130.29991551853399301 195.45293973078699423 3206.9210658693400546 44.248783279743101104 3.9926129412095900939 -21767.672514963298454 129472.90079917000548 305.53831083900001886
1291680 130.25710755178999989 195.27703432269899508 3212.7820663201000571 44.244251248835297474 4.0053487413984498744 -21696.376562074998219 130123.20257457099797 303.31012239199702663
1292160 130.21138064067099549 195.07285826430700126 3218.6373421757598408 44.239770707014002937 4.0140064568042896909 -21770.431078956400597 129832.81888731000072 305.99698702846899323
1292640 130.16453168573900712 194.86994098803501174 3224.4864481225099553 44.234718767230802428 4.0201038005896503336 -21631.035067712899036 130131.97359458300343 304.55671482526702221
1293120 130.11775348207800107 194.66356002979699724 3230.3294232791099603 44.234222436729801586 4.0231290955371799001 -21698.774817013400025 129821.59767937399738 303.10931623149900815
1293600 130.07315242680800793 194.48201734765800097 3236.1665579677301139 44.235986753362197987 4.0246019023932397829 -21646.635797308601468 130126.60222743499617 305.78186965118300122
1294080 130.02789038388399945 194.29434319530798803 3241.9982447140400836 44.239104890157797456 4.0317258949516299182 -21622.228540297099244 129693.05113242499647 305.27572017420402517
1294560 129.98267131942699848 194.11426886239598844 3247.8243002791200524 44.239057836699203108 4.0412287140104803385 -21728.919904456601216 130062.01270026099519 304.80027430647999154
1295040 129.93671312666000972 193.93313069100599932 3253.6450957402898894 44.238918265046898171 4.0474347849921397113 -21682.918262820501695 129663.047186737007 306.15238926562602728
1295520 129.88945401601500862 193.73093526279399157 3259.460107217949826 44.241639848507702482 4.0491068783174597456 -21651.83767546550007 129967.40226239600452 303.91294449041402004
1296000 129.84077482488899591 193.51702886927299119 3265.2687657340497935 44.246415430034097938 4.0541434006386003475 -21642.740039177198923 129717.62095896099345 306.01761150855099913
1296480 129.79568746430899751 193.33617942735099859 3271.0714960879799946 44.251222064390198341 4.0630442618484101658 -21702.367507164999552 129927.42451439499564 304.90348256289701112
1296960 129.75271298973800072 193.17695037327598584 3276.8691671379301624 44.252493765949303395 4.0741949064486497889 -21583.032453034200444 129916.74937323399354 304.61244227208999291
1297440 129.71192353362698668 193.01577360298199437 3282.6620303998502095 44.256788220026201941 4.0855284221137697642 -21655.386948915398534 129626.23439530900214 306.14078668619600876
1297920 129.67210104922901337 192.86284421075001205 3288.4502004949299589 44.25725474331869691 4.0917987376821702838 -21513.92008668319977 129659.23610194599314 304.07158849439599635
1298400 129.6335026744349932 192.72232982109198929 3294.23391619765016 44.259222916756897348 4.0960447859578401619 -21580.697664060699026 129722.79351632599719 305.17460089157299308
1298880 129.59175756542100544 192.55025617510099778 3300.0131698444001813 44.261427041205998023 4.1045301802924596402 -21699.89531485309999 129558.26963308900304 303.10887673015400878
1299360 129.54746664243700138 192.35340839061001361 3305.7866687484001886 44.265629656283998372 4.1110011773278296587 -21770.420405164601107 129343.07231390099332 306.66066276474998631
1299840 129.50496621471299363 192.16911320857300893 3311.5544893252199472 44.270942221445402254 4.1160856764242401695 -21741.825842483300221 128997.61795519699808 304.7644976662800218
1300320 129.46140940882199288 191.97667609936701183 3317.3166617992101237 44.276659054554698969 4.1207387383400098102 -21725.456881065700145 129261.31369150300452 307.03405101467302529
1300800 129.41950747306700009 191.79689384132899477 3323.073272973730127 44.282251301260899368 4.1297013080022804132 -21790.961473694300366 129925.17953806900186 303.82098281434002729
1301280 129.37695457904300156 191.61517338608601335 3328.8244321494098585 44.28621998510180191 4.1408021433588704241 -21553.652022479498555 129550.67670071699831 304.18773441410598934
1301760 129.33468066149001174 191.43766702311700101 3334.5702534648999062 44.291836805065699423 4.1474142082451397329 -21711.120094196601713 129468.74889024499862 306.37928056446901337
1302240 129.29052584145298965 191.25314361375100702 3340.3106078141299804 44.294752487886000836 4.153449612393679935 -21754.644004229099664 129615.14578886299569 304.43961682861902318
1302720 129.24605642485698809 191.0749406919510136 3346.0454914415299754 44.295486118502502393 4.1561700669714101153 -21693.385681469600968 129643.25127672399685 302.40584570333101055
1303200 129.20055718558700164 190.89993696045701199 3351.7751685371999884 44.293981320966800297 4.1556543536469296996 -21725.101786474999244 129555.22911051800475 307.05602648018901846
1303680 129.15192907628699004 190.69554295579598602 3357.4992074696201598 44.2946662891773002 4.1563892480461603895 -21681.131680878901534 129632.47105891999672 304.65511387430797186
1304160 129.10076578203299391 190.4547824274179959 3363.2164888618899568 44.298062610278996942 4.1600926192858196373 -21839.626399567998305 129440.0379368129943 305.48431920915601268
1304640 129.04802152912699853 190.19637027607899427 3368.9262809533402105 44.301852745764001895 4.1618819819534200732 -21899.082579580001038 129761.62501037800394 306.50117858153902262
1305120 128.99643461262900246 189.93934559180200949 3374.6283145737002087 44.304084292311003423 4.166851950705630081 -21788.794271400500293 129259.83289675800188 305.89495881110798337
1305600 128.94791759752999383 189.7082699477799963 3380.3229334787401967 44.305970603078996817 4.1705281513383898329 -21735.221419978701306 129689.60722621700552 304.92193270994499699
1306080 128.89934793196400165 189.47632803202401419 3386.010787899800107 44.303649778356998468 4.1760650182064802394 -21763.4079800658983 129871.39871865800524 303.7734387224289776
1306560 128.85011002803901192 189.23879964516399355 3391.6914477934601564 44.304489801204198329 4.181882019853249588 -21669.266541975201108 129568.02405955900031 304.87971936044601762
1307040 128.80122754267100049 189.00827865708899367 3397.365150916210041 44.313820542627603061 4.1903249914683797783 -21612.49056824409854 129738.48231845299597 304.84344400190997249
1307520 128.75297205835900627 188.78316690855498905 3403.0320058765000795 44.319827578754100728 4.1935084938420104095 -21760.293742969301093 129593.27230475700344 305.53470991527700562
1308000 128.70670982448899622 188.5703790282609873 3408.6922686615798739 44.323916463982797609 4.1988806366045503538 -21818.727755885498482 129597.47966703800193 306.22235059641599264
1308480 128.65798568540000701 188.34617758022099565 3414.3460864972598756 44.32369230582280295 4.20472987165123957 -21838.874119257499842 129210.10558640900126 305.0949849747229905
1308960 128.60659612293699183 188.10571812479798837 3419.9928449181497854 44.324393840931698207 4.2083752683235999825 -21689.430940476300748 129486.15554420200351 306.04769393236699671
1309440 128.55683188108099557 187.8774848565190041 3425.6325175014098932 44.325611612348097879 4.212062691031830397 -21714.364334651101672 129465.2043685529934 304.5889363210690135
1309920 128.5074498134790133 187.65017101667700672 3431.2655145908602208 44.322942024855301213 4.2145639741223304142 -21726.296658364601171 129777.37626573399757 304.19393101357002251
1310400 128.45466158249899991 187.39223287033098586 3436.8912182483500146 44.324342787845097291 4.217183066647070433 -21772.216551027599053 129804.89628266599902 305.44609379240199587
1310880 128.4019230404340135 187.12096593601000905 3442.5088858368999354 44.326421306283698698 4.2252480308574602574 -21767.947796070398908 129761.87351490900619 304.9745888826479927
1311360 128.35010268998800598 186.85393895956801202 3448.1185078112898736 44.330528957735502615 4.2343552993929298722 -21907.745031135800673 129860.18546166599845 305.06399811623299456
1311840 128.2960869210249939 186.57187473230800379 3453.719934264479889 44.333597541055397073 4.2412322729839901925 -21638.548298507499567 129534.34090888799983 305.50351362769401931
1312320 128.24135244955400026 186.28384861375801052 3459.3127764260098047 44.335454117108398009 4.2483109667304699286 -21795.286931408001692 129598.22138971599634 304.73707645475298023
1312800 128.18879640842700951 186.01407408730298698 3464.8972036669101726 44.336772389497099311 4.2553879576712096977 -21799.809441974099173 129603.62112203899596 304.56700489306899726
1313280 128.13320999262899136 185.72512702363201242 3470.4733016098598455 44.340589640662201987 4.2619362646515304149 -21871.725375251298829 129978.23627325599955 303.40313512513699834
1313760 128.07774607608999418 185.42563752665398624 3476.0405905975198948 44.345840011979596795 4.2702122647655995635 -21779.100735385600274 129593.61609323500306 306.52725966795497925
1314240 128.02173868221601083 185.10349932629199543 3481.5985976735200893 44.353989855229301043 4.2795836141434495659 -21651.499460026698216 129830.23970386300061 305.88857182314399097
1314720 127.96283552962199792 184.75678013253801169 3487.1464920001099017 44.362976939988797653 4.2839097511825396936 -21611.251314670800639 129645.26899293200404 306.32322876379498666
1315200 127.90506487033100314 184.42970514504901303 3492.6842270432498481 44.364795180304803068 4.2902003967684896324 -21778.115599367800314 129887.29692784500367 305.29105034406597952
1315680 127.84666028364000567 184.09811797807199696 3498.2121847990301831 44.366988315143302657 4.2932192995195102014 -21853.712539579901204 129870.88249589399493 306.90277269227999568
1316160 127.78500929363100624 183.7266488026830018 3503.72966544143992 44.368847286605600289 4.3051588393007396149 -21596.238194986501185 129927.3566260880034 307.05583788618798735
1316640 127.72475175687800686 183.36879704008200065 3509.2359444821399848 44.370973009267601128 4.3129839070060596029 -21666.796461277201161 130222.83550201800244 305.08068843005798954
1317120 127.66593610061400454 183.02320953956498784 3514.731905226050003 44.372401614726797447 4.323655065054309965 -21693.050472312599595 129586.34883094999532 306.76383925813297537
1317600 127.60544597224100016 182.66771009898900502 3520.2172534579599414 44.374543639851403043 4.3342462485415502726 -21787.038798503799626 129737.14890181299415 304.68504398093597274
1318080 127.54050714184799631 182.27806730907499855 3525.691563795609909 44.380100533623597414 4.3415816877065696033 -21737.747709841300093 129988.45268172500073 305.78082683919802776
1318560 127.47331247204000704 181.87166110659799756 3531.1537673728998925 44.383381674399601025 4.3491517314908199054 -21689.43290956670171 129648.69396963399777 306.16157117115500341
1319040 127.4063398046619966 181.46323328080399051 3536.6036806182301007 44.384050942971299492 4.3522499454690803944 -21738.488985595300619 129874.86543491900375 307.48883744234098003
1319520 127.34573448265899742 181.11510280635599202 3542.0422166579801342 44.385034287143099618 4.352733634255890216 -21566.123738156798936 129840.06457289800164 306.40144555093002054
1320000 127.28676823768799409 180.77165629578900052 3547.4705677007300437 44.387035080302098322 4.3576269678725001455 -21616.2229234935985 129928.50231797799643 307.93265364590797617
1320480 127.22872300847500071 180.44169947062900405 3552.8886551381501704 44.386250827623399573 4.3629432817924698185 -21622.308508070800599 130215.59546904600575 306.48808211083201058
