Step Rg RMSD_XY E_Interface E_Poly_Internal T_Local
841050 42.531576387211700307 0.2923050822367029844 -23168.423098422201292 130477.40058416800457 308.66347470367799133
841400 42.535169823473196971 0.45328496575946297664 -23113.208646319999389 130352.78456625599938 305.9543957973720012
841750 42.538053699237600824 0.55783146152032403453 -23049.255948435900791 130701.71630997599277 308.21296245333098796
842100 42.540762374391697165 0.62089681354714398864 -23199.399321527100255 130287.84923881200666 309.60581539202399881
842450 42.544734995121096688 0.66225112472096103744 -23153.655345710998517 130507.11783665500116 307.08275222022797379
842800 42.547967990901000235 0.69470800650773600893 -23302.556252447098814 130661.93118659600441 308.41469455877199835
843150 42.548343898745599745 0.71726650732995700377 -23146.43560869220164 130606.54494838799292 307.08217882146402644
843500 42.547922801731097309 0.73844897169957801619 -23129.400293638198491 130571.03193064799416 308.09588942653698496
843850 42.549209754051396715 0.75700785658249303278 -23133.799409707400628 130625.54440465300286 308.66970143331201371
844200 42.549132117876098391 0.7710278534093639724 -23028.708049605000269 130596.06911521599977 307.85205171566997251
844550 42.547737219251800411 0.78725889869846599201 -23113.79682593960024 130457.98516119399574 310.48661483253198412
844900 42.545856802916802053 0.80822886095248303029 -23140.398359678900306 130147.74684301299567 307.61355606976400168
845250 42.542764481868097448 0.82946270894942597529 -23058.878527580400259 130708.48993423700449 308.77911785805702038
845600 42.539017134689302679 0.84756054445277495546 -23072.271332906300813 130439.68568382199737 308.58131511217601428
845950 42.532269460011200124 0.85926645345806196286 -23220.338926462900417 130733.85817328600388 308.25089387992301226
846300 42.525320688244697465 0.86831166389982894493 -23103.196320011898933 131113.50089158001356 308.90811704739502375
846650 42.519493389459697141 0.87251306072076295628 -23072.856191055700037 131001.72467111899459 306.60569138516001431
847000 42.514732159604101014 0.88157916708339201239 -23069.947501369599195 131225.52791511299438 307.52601371617998893
847350 42.51015389346169826 0.89300902052422104216 -23046.497451444200124 131144.9328808170103 309.5420262754939813
847700 42.506012204208801109 0.90406301238312003488 -23076.451616204500169 130338.126237769 308.67837111704301378
848050 42.503734916590296677 0.91812842192745203196 -23036.283917892098543 130310.350811160999 307.80558465423200687
848400 42.501195126768998023 0.92984004485371496429 -23070.908252737801376 130374.84208319000027 308.12261327207198747
848750 42.49701630773879657 0.94047559360047694454 -23072.811483782901632 130933.02432485199824 306.27608086143800392
849100 42.492116126306299861 0.95161916194391704682 -23040.871509417800553 130880.73162976599997 308.22437482909202799
849450 42.48901684788560118 0.95942148906700797095 -22905.077128607001214 130753.26539983300609 308.99654914933398686
849800 42.487501146823802856 0.9653298498111220205 -23010.610363860199868 130962.73804365699471 306.62954819843497489
850150 42.484204961003598555 0.9724378676355019957 -23003.984945921700273 130931.71422146400437 305.74040633260898403
850500 42.479716664241699675 0.97847992819366202966 -22987.913138687301398 130836.97953228300321 308.13406987293700467
850850 42.476162445081200758 0.98586157585912304047 -23095.300126190701121 130767.02296120100073 308.26207110280097368
851200 42.474400720543499688 0.98984975784263495857 -23118.328699858298933 130950.23615245800465 309.13233590734699874
851550 42.47382557012799964 0.993279688546548023 -23114.426987380600622 130533.2145674659987 309.25563809708000917
851900 42.471442364947201042 0.99588271867144995131 -22954.583520733700425 130859.806148165997 306.34752180433298463
852250 42.471575086231297291 0.99296329159179896884 -22869.525130090598395 130576.04203053600213 307.98448589086302718
852600 42.473323953226397975 0.99304996292277802894 -23013.271473103101016 130759.29070106899599 306.43909907261797798
852950 42.476629002453101691 1.002125578573419995 -23106.362181374701322 131010.64592332100437 307.18453930692498943
853300 42.480435704689902821 1.0109415718591701072 -23079.962026587400032 130810.38032322999788 306.58173875858301471
853650 42.484595984289796888 1.0166222574439700566 -23114.88542863749899 130506.33583331400587 307.20516651321798918
854000 42.489000692661697656 1.021320139038289998 -23185.355498607699701 130330.9649386700039 310.02176659966698935
854350 42.492579049327602547 1.0286127042265700293 -23134.483374187999289 130417.752092515002 307.11050311536399704
854700 42.494729881842900454 1.0361493536654200476 -23113.3129124693005 130902.01239416000317 306.57931742341799008
855050 42.496565991760498093 1.0381061017255499568 -23229.605796567801008 130806.62783976500214 305.16781905898398009
855400 42.498309998416701205 1.0442814133221300921 -23153.24635833190041 130289.73137584699725 308.82000218150898263
855750 42.499678823099102942 1.048894290797590001 -23155.546349164098501 130264.07558325400169 310.29188817315497317
856100 42.500400923636597383 1.0550194038140099373 -23095.949570548498741 130507.09609189399634 305.49495159127599209
856450 42.501704332535801711 1.061158836111399939 -23140.297742842500156 130608.8072519050038 307.53323532354397685
856800 42.502415567945597275 1.0675158995833300413 -23160.449883249100822 130502.28821754299861 306.72770836489399926
857150 42.503951873296301756 1.0706593090401299584 -23043.679169105900655 130334.28597435500706 307.97324261981799509
857500 42.503461120823196495 1.0781365808832699127 -23063.748670021901489 130426.73103732499294 306.64414569118201825
857850 42.50451956075750104 1.0818341537093800753 -23086.829527259200404 130063.32089581500622 306.24598647923102135
858200 42.506320089028896803 1.0861081325205099724 -23111.805938322198926 130674.70438777899835 308.90638069125498077
858550 42.507402380782401963 1.0904307384229900979 -23075.224668066799495 130795.61797871699673 310.06889322353401894
858900 42.508955046545302991 1.0943958496341599229 -23062.004014252299385 130430.15870770500624 308.10614054262799755
859250 42.510990194576798729 1.0960840184730999969 -23110.177424904799409 130316.83324188900588 306.72385839352801895
859600 42.513508427808602619 1.1004628474424700268 -23116.796561984301661 130102.07568204500421 308.3770061776519924
859950 42.516440352346698717 1.1067289226313399286 -23027.944942882400937 130152.65267110099376 310.531683172945975
860300 42.519003951426697085 1.1082764602741799198 -23096.535628530498798 130707.84277537200251 306.26469090471999834
860650 42.523876644850197692 1.1112083856326500086 -23221.899396461598371 130531.14128140399407 307.53990101265401336
861000 42.528432320228802155 1.1150856306637200177 -23119.43280342270009 130588.58461725599773 307.74288156280198336
861350 42.533881808319200957 1.120390418086649964 -23141.332622223901126 130647.41923001299438 307.1451240402209919
861700 42.53845595660539658 1.1289693661649999878 -23148.709405009001784 130657.40449208300561 307.22040536346497674
862050 42.542132618556898649 1.1358222728535400936 -23023.142416531198251 130520.01282825499948 308.88579728393597179
862400 42.545237819576996685 1.1450898504991400273 -22949.4716852499987 130252.54848373400455 308.65411978167901452
862750 42.547179901984200967 1.1524229575349800303 -23010.211604505700961 130589.12006439200195 306.400382610174006
863100 42.548779847641000629 1.1567938608134500367 -23041.816408224498446 130445.44378353600041 307.35757276098001967
863450 42.549393323573099224 1.1625642108212599357 -22913.55829659149822 130450.10931707599957 309.42905440912699078
863800 42.549835782241096638 1.1700859136088199719 -23025.405937945201003 130600.08652407499903 308.41505425516498917
864150 42.551300835497301023 1.1787078169830100816 -23004.881850337198557 130887.40853253600653 307.02097269868198737
864500 42.550484976535202009 1.1839444511695800255 -23084.734785522799939 129984.33485615300015 309.78618171177902241
864850 42.547337898826398828 1.1845294039265199526 -23029.018167607198848 130344.64785115499399 308.15262324594698384
865200 42.547646078637598066 1.1851742128179600932 -23051.418907015598961 130514.86374620199786 306.51502540258502449
865550 42.550599749956397488 1.191917339568010048 -23020.730761907499982 130658.83327261799423 307.63081986346600161
865900 42.551451028348097338 1.1949614482586901065 -23004.157419402301457 130669.76185469899792 308.97796262770401654
866250 42.551707235114001548 1.1971818528208399979 -23123.104996729398408 130220.30684714899689 307.4313455088910132
866600 42.551675816820299758 1.1999516538484999995 -23054.071951850401092 130690.05116304100375 309.01945803846200533
866950 42.552814255297100487 1.2063740493504100382 -22977.581878215998586 130818.75260437199904 306.37985845371798632
867300 42.553939046774303279 1.2119194646268400817 -22914.257414358598908 130546.61098930699518 307.12972517632897507
867650 42.555127959289201556 1.2120919078119400947 -22947.54060293369912 130275.76371254200058 308.00300942485398537
868000 42.554063633859797733 1.2109131858091899403 -22943.980213170900242 129711.58367895100673 308.36160539176199791
868350 42.554968615155196687 1.2101926699593099634 -23001.408729799801222 130370.54803127399646 306.60037154431398676
868700 42.552916349069796809 1.2131620326820500289 -23001.562360121799429 130230.26038065900502 305.37951267249701459
869050 42.550226604529598262 1.2161530975881000849 -23104.082309007499134 130187.11166852200404 304.41411421266400339
869400 42.550442150644101957 1.2193626412031299822 -23069.156090964901523 130415.57831883900508 306.22850250241998538
869750 42.551399411578699983 1.221776300043919905 -23033.359683526399749 130801.18228530899796 305.98598011578900469
870100 42.550961701127498316 1.2249278706315800402 -22888.473085340199759 130635.70246095399489 306.16817211861001624
870450 42.552015037691099053 1.2256237585767799647 -23033.6386422914984 130364.63031810299435 308.29613122807501213
870800 42.553616711095401115 1.2252984422904200645 -23098.927219636800146 130458.12335268899915 306.3395569019839968
871150 42.551512141689798341 1.221534981080780069 -23006.459896881100576 130362.60061435699754 307.69181443865801384
871500 42.548970870893100482 1.2205581618744298922 -23041.651599734399497 130415.23508634700556 304.41793563304298686
871850 42.548806956111398847 1.2218588316055400966 -23193.540805229298712 130336.49908678799693 305.06722025674497445
872200 42.55163709296449781 1.2276115281508899191 -23065.125391397599742 130150.96826171700377 307.26018203141597951
872550 42.554472802314400326 1.2334237031520300931 -23080.992338564999955 130207.73846502399829 305.14610482828499016
872900 42.559013091430301756 1.2372510943553600704 -22992.598587565200432 130122.00887844100362 306.58923382504502797
873250 42.562740570603999402 1.2381153189056899322 -23075.801080799399642 130285.39854118900257 307.16743353725001953
873600 42.564306333117500003 1.2420613415743699814 -23148.35073717799969 130128.14095355999598 305.22750758400502491
873950 42.565832341355196888 1.2501916976923699298 -23238.316595553900697 130293.15520669899706 307.27783548508398326
874300 42.567393576916700226 1.2586666754584199257 -23171.608580333399004 130289.87092989700614 306.25463018218397337
874650 42.568379247261496801 1.2635719754410399407 -23078.137032528098644 130377.83140931099479 309.60051001442900542
875000 42.568572718610298011 1.2669635576572300106 -23126.990855774398369 130379.31122872899869 306.39563893068998368
875350 42.570056101355298495 1.2733073416343601014 -23068.357929660898662 129947.4382173030026 307.23476012522502288
875700 42.57298465322620018 1.2777301259680600154 -23273.412847583800612 130881.68416288000299 306.82897805063902297
876050 42.575870033664003245 1.2833853227885700932 -23028.122429982100584 130815.36283954599639 305.43936338628100202
876400 42.578470838458500225 1.2837875210194100717 -23020.214961541500088 130165.48470724500658 308.2372006570849976
876750 42.580463789751696879 1.2843430178122299257 -23062.393459901100869 130346.19892340700608 308.21147288028100775
877100 42.583020401161697066 1.2848980340844600168 -23076.555496497599961 130625.25148624400026 307.26114084471299748
877450 42.583949521446697872 1.2828723018330099315 -23124.590676438299852 130632.53856055400684 308.48495572471199466
877800 42.58600937754020066 1.283674885947899913 -23127.087337253600708 130687.27680358699581 308.14877917192700352
878150 42.585988264518199742 1.2841844251919098951 -23212.385863522900763 130628.71414824099338 306.79161905291300627
878500 42.586811510128100622 1.290728320847289945 -23097.435798770598922 130483.32702106400393 306.61674674887501624
878850 42.587465039952398627 1.2961471785526099687 -22992.157263115401292 130510.21454253299453 306.05539567769000087
879200 42.588880473384001846 1.2980694544008199998 -23011.19672090559834 130627.89768572800676 307.41084338102001539
879550 42.590407282029502767 1.3041211212711600886 -23023.689335267001297 130593.08521327900235 307.09438158835001786
879900 42.590775436110000385 1.3133873907137199044 -23032.212904299998627 130292.32702465400507 307.93984985553800016
880250 42.590231208011701369 1.3222947053074700641 -22988.258170004501153 130231.45032320999599 307.67430725493801447
880600 42.591206688211798337 1.3318045360861299198 -22937.55771075910161 130422.94343667800422 304.54038626377098353
880950 42.590926453506803284 1.3383323279674799178 -22997.838429670598998 130021.35796786399442 306.33205816057898119
881300 42.591293368044702561 1.347957261178269972 -22929.833538661299826 130584.76075297899661 307.92217765383998085
881650 42.592104539992497791 1.3540120066714300684 -22818.665404895298707 130119.08865593800147 307.71896760776297697
882000 42.594351557142196896 1.3572017591336900111 -22876.307307737599331 130192.48085966099461 309.62639606172399453
882350 42.594807111176699266 1.358713934272439916 -22878.894619013801275 130720.07568830599484 306.9944821692960204
882700 42.593896041797698615 1.3586771767906100639 -22929.941078172498237 130601.05518833099632 306.90913197099001763
883050 42.593850172698999756 1.3542967342416800669 -23078.66190459129939 130440.17861038100091 306.79186862866697538
883400 42.59383384193139932 1.3563322630043099792 -23177.538788937701611 130525.85051065399603 305.27167719730397266
883750 42.595085597464297678 1.3590186598090399084 -22985.154241667598399 130544.74887897100416 305.34110811170501165
884100 42.600266539705799573 1.3550018928492899573 -23032.763446398399537 130253.50465642800555 307.73352617693700495
884450 42.604225188246999778 1.3537673728220200875 -23085.27993595010048 130498.22285106999334 304.30676702634400499
884800 42.607681801719699877 1.3522675236245200736 -22995.971618266499718 130045.53575143800117 305.62590614194198224
885150 42.609896658622503196 1.3558226438227600763 -23013.730813337700965 130605.30206803900364 306.06958271818001549
885500 42.610906289205502162 1.3601343955047100476 -22991.587540429100045 130543.93862829600403 304.81052737745301329
885850 42.611834297482403144 1.3595728910700000114 -23021.047443340899918 130460.8818575470068 305.4276947232650059
886200 42.612845518519996801 1.3618428416701600092 -23025.367704974600201 130700.13739340800385 305.13738836216799655
886550 42.614318449118101739 1.3627699285535899154 -22997.456865080501302 130422.54578039000626 304.61992869797700223
886900 42.61534570779920017 1.364337622621790036 -23046.386930195101741 130611.39404976500373 305.84185004690698406
887250 42.617176017572802493 1.3671733692006400318 -22909.656875636799668 130458.93030606000684 307.83411055721398952
887600 42.617422785363800131 1.3712294766930299694 -22937.141223165799602 130435.0355086089985 306.4624948689889834
887950 42.619530572958097991 1.3780576967196800364 -23000.27473262339845 130378.25546106799447 306.21640090908800858
888300 42.620556272721699997 1.3833353486891299955 -22929.919666039801086 130365.11603336400003 305.87836226137198992
888650 42.621299439044300073 1.388521316074899925 -22966.803496607299166 130079.1164943909971 307.88992342095298227
889000 42.621171924729999603 1.3888110103612700819 -22930.737795869899855 130620.70295663199795 305.80581807802900585
889350 42.622877245525600642 1.3874632822041299551 -22999.470347524198587 130344.69070639500569 307.12981388204900668
889700 42.622400008435498364 1.3883926339018199947 -23030.020668306398875 130278.85943067299377 309.59137469758900352
890050 42.621832073484497982 1.3887142881494700664 -22992.418538721398363 130441.12080208900443 306.70291783765401306
890400 42.6210305812681014 1.3901468261389700043 -22893.336290099399775 130210.38363679600297 305.22537954027802698
890750 42.622357754114702288 1.3914232821325200895 -22811.205951652598742 130641.16107450600248 306.23964372408198642
891100 42.6263350987915004 1.3909762156183700377 -22951.46935904970087 130543.31701937000616 305.39024971368900196
891450 42.628962881813500019 1.391609119347740009 -23024.79442335389831 130436.14500534700346 304.49701837440602503
891800 42.62913084164090094 1.3923737443158898941 -23039.039459361698391 129895.69437546200061 306.75556917348097841
892150 42.630335778168102934 1.3925079811062399671 -22932.152751410001656 130246.22668387100566 307.5405554140060076
892500 42.630494604833998551 1.3945388084232799297 -22802.149348830498639 130107.32797588199901 306.0372463053760157
892850 42.631791512391600918 1.3961246524533499347 -22802.10560097330017 130601.66553281800589 305.40236108561600759
893200 42.632026466817102062 1.3974357436543201061 -22903.253448839299381 130460.0420341220015 306.08340714561097684
893550 42.632287159411596633 1.3983145993164400878 -22867.685460199998488 130035.40829842399398 307.01964302405798435
893900 42.632933383224397517 1.3979243071626499262 -22933.607925066899043 130224.48619237099774 305.2469324835479938
894250 42.633893198045399231 1.396735613821910027 -22861.90512846420097 130716.38277381099761 306.38110979189502814
894600 42.633944971798499068 1.398860426816100011 -23015.349400157800119 130445.60194432700519 309.35807881148298293
894950 42.634226540095099267 1.4031050643744999995 -22998.014227825500711 130522.39948681100213 304.60456913313799987
895300 42.634750918112203522 1.4062126235786600592 -22903.739933109198319 130290.48876342100266 306.65416846983998767
895650 42.635467712896200965 1.4135693222042200468 -22977.90391209939844 130269.44856605799578 308.20024963732902279
896000 42.636181705561398303 1.4218333191491701051 -22922.923315559899493 130264.78102956499788 306.90372007312998903
896350 42.635411292144397066 1.4267190747824800567 -22897.990996792999795 130372.36911191900435 304.18639186963798693
896700 42.635726376830703543 1.4301896595493299724 -22883.19625972960057 130511.56097341999703 305.74250412164201407
897050 42.635363327883396778 1.4308543533291699923 -22906.975185988700105 129665.4852203180053 306.77953878979599267
897400 42.635495508306803458 1.4306768236995399679 -22860.418536386601772 130285.9508395360026 306.02272037310700625
897750 42.635699794764398973 1.432587226911580025 -22866.666801442599535 130498.40361571400717 305.78892248915201435
898100 42.63572054524460242 1.4353275728828100988 -22807.724648279599933 130126.40603814899805 308.05771624472299663
898450 42.632876038251197315 1.4375480506830400351 -22814.415102268201736 130384.18918332000612 306.48249994468898194
898800 42.629238369750297011 1.4431498279899799275 -22768.656275812099921 129929.09423543000594 306.13179018097599737
899150 42.626228063800603252 1.4492194026619000802 -22873.564483942300285 130134.45362550800201 306.30984012769698666
899500 42.624306372287399824 1.4511555810075800199 -22793.709561733699957 129653.54003933399508 305.98042611849797368
899850 42.624630503541297344 1.4529454596487398899 -22801.371723680200375 130071.20870881699375 307.27329784741800722
900200 42.627086531745199238 1.4547466492586600406 -22817.662112452799192 130022.86418627100647 306.74569794173800119
900550 42.629773778104201654 1.4578561353310799387 -22912.242838220900012 130408.85953446300118 307.18525598007499866
900900 42.632372264167301523 1.4572542391840999088 -22884.487521348099108 130542.80253801199433 304.75978239734700992
901250 42.633900817089802615 1.4547075346556699316 -22925.247640671001136 130626.37196490800125 304.7121512726059791
901600 42.631910532447697904 1.4572816127767100891 -22796.82633773139969 130248.62794469800428 306.35837021431200355
901950 42.630732507402399278 1.4609279531214101056 -22702.080288510398532 130056.10828586900607 305.53661464327097974
902300 42.631225342687599777 1.4656717096761699981 -22707.024280039000587 130196.25326176600356 305.28375464261000616
902650 42.634758900260600001 1.469013080873299959 -22803.596197013001074 129995.14785932199447 306.90625628023502713
903000 42.638299711482098076 1.4677597062467599986 -22727.685124421699584 130562.74472420000529 304.2098497837649802
903350 42.639970750290096646 1.4665721588033400202 -22727.259050686199771 130200.15905081899837 307.12105494730400324
903700 42.642282958539198034 1.4718311862113599986 -22908.596374599601404 130592.6578720099933 306.19988403073199379
904050 42.645658360984000979 1.4780958961089301074 -22865.777473442100018 130207.54481784800009 306.53929618639699584
904400 42.648090392979803198 1.4812935729814999952 -22769.435407858698454 130626.56746320500679 307.78508319707799501
904750 42.645076969911599463 1.4814673281410000172 -22844.599150475700299 130248.40963075100444 306.49722467633802125
905100 42.647538453210998455 1.4833879943442700444 -22808.043154070401215 130421.15900122199673 304.86347183079601564
905450 42.651977203237997571 1.4854896087433100416 -22865.856913394400181 130126.4148315939965 306.09033499020398494
905800 42.658290562619896491 1.4890337157953499325 -22846.057175768899469 129863.31277368799783 307.85977172674000713
906150 42.665537941874099204 1.491897227346699939 -23001.239512096399267 130731.85395117600274 307.33536625664498843
906500 42.671720250603897284 1.4954084363802799817 -22937.57907840830012 130380.55784245900577 303.23018423750198735
906850 42.678610787468400645 1.4964210770144799056 -22804.330450458499399 130080.27437913400354 305.72293863308897244
907200 42.684582055855599947 1.4974491945157899497 -22846.855071255798975 130026.16806101500697 309.20032371391397419
907550 42.691266697664900676 1.5027111269160500218 -22854.28418454200073 130421.94252273300663 304.91965782902201454
907900 42.700744788500500704 1.5103655108847500177 -22900.62503387920151 130500.94324669499474 306.56866116379802634
908250 42.707957802769996647 1.5187500617995899344 -22863.985701211600826 130469.19913555899984 306.53108115112598853
908600 42.714046284241199203 1.5248909475415399761 -22776.023023244699289 130411.12994985599653 306.02733439000297722
908950 42.723356842091803287 1.5269208201216000198 -22997.558625685098377 130504.77326385400374 306.29284572724799318
909300 42.731075738939402697 1.5271595685127299369 -23002.51342823019877 130503.29200641599891 306.10352904185998568
909650 42.737603202340096686 1.5242125789892899679 -23003.250680376899254 130837.78180765299476 303.40177185185399367
910000 42.744261891804200104 1.5226389177510299966 -23051.877005449900025 130496.69485926799825 306.82190619869902548
910350 42.749931281855502618 1.5233233671666799314 -23023.614183528599824 130503.16106335699442 307.20400211990397565
910700 42.753684698898396732 1.5283082920303399099 -22998.980199192799773 130631.22437275999982 307.21853750014497564
911050 42.758485767645098008 1.5316248164382499919 -23028.126427531398804 130342.93039621799835 309.64978715237100459
911400 42.759709117139500734 1.5395873093719198987 -22907.78124586569902 130437.30107325999415 305.25101053330899958
911750 42.759863028095196569 1.541681367499899924 -22857.337940582099691 130467.45771159599826 306.70704962572500563
912100 42.761633622676697541 1.5461235633934000688 -22841.243258945800335 129950.78327951299434 305.13049107212697209
912450 42.762303268883599117 1.5517053314091400207 -22773.4160098905013 130310.34984589699889 308.84866070882600297
912800 42.761495895456796745 1.5544941371481699743 -22819.518702603600104 130826.80969357899448 307.0824164003270198
913150 42.760693967190903209 1.5563546510886900887 -22654.127699585500523 130627.35459170599643 305.21263110349599401
913500 42.758945668205299739 1.5531301658936000898 -22792.069540705000691 130623.94464866700582 305.86609534937201715
913850 42.758057074152802102 1.5502338330032099378 -22829.390527751100308 130210.12022010599321 308.66722880374499027
914200 42.755954430292597124 1.5533986105042099091 -22757.711590662998788 130016.23408776300494 306.44141259939601696
914550 42.752019479816702585 1.5576054707153399459 -22869.216621977899194 130392.75962850499491 306.85787606911998182
914900 42.748826548527297575 1.5582917550997099632 -22788.748940527901141 130497.83435964900127 307.99867190435497832
915250 42.748787551835199849 1.5592409245514000649 -22867.238280919598765 130521.72623143599776 306.21459256221402256
915600 42.749224690017399553 1.5621367342591800931 -22803.535577962098614 130239.52120030199876 306.3314675733220156
915950 42.747839342066399126 1.5660466322634301051 -22809.938184808699589 130628.88940442999592 305.97162329869001951
916300 42.745525715519299581 1.5683342106195199417 -22861.108081682599732 130174.33136475000356 305.80224991289600212
916650 42.745648670706302141 1.5708823445840900401 -22877.120104304700362 130139.97632356200484 306.84990002156797573
917000 42.747880373556498057 1.5742013085612001078 -22807.4401900863013 130524.6638524900045 303.62114795575502058
917350 42.750848029503700332 1.579306804520530072 -22913.431582431301649 130440.81310970899358 304.97681873058797919
917700 42.752515520380399039 1.5824814913056000076 -22932.889281638701505 130036.83609372099454 304.5574495228510159
918050 42.753685581832698404 1.5846607806050601042 -22782.865972246898309 130169.6504924579931 306.18272949124599336
918400 42.754761834496697759 1.5847631018940600001 -22839.931546418400103 130582.00198080600239 305.8229212171380027
918750 42.756731053200802251 1.5833186326264199195 -22786.649185319998651 130340.15545174000727 307.02324234177399376
919100 42.758355654829202308 1.5836050772287799671 -22845.794411124301405 130130.52011959000083 305.04375943796702586
919450 42.759737683766303462 1.5843241704879000853 -22845.930759975701221 130561.18916016700678 305.79747457576502256
919800 42.759732255587600491 1.5876534302633600326 -22920.539231943199411 130536.14380751999852 305.8464145319910017
920150 42.761137061224800959 1.5877072319364400332 -22936.597815328801516 130281.52535099600209 305.78197260614399511
920500 42.761853516713401291 1.5906165548058099901 -22907.641842681998241 130178.12288166799408 307.31936054905497713
920850 42.763173347430601723 1.5904195283178599318 -22817.332234821300517 130199.15677047100326 307.51028302957200822
921200 42.766504303466099657 1.5903710283686200988 -22907.179100877699966 130265.14473638200434 305.01549063384402416
921550 42.772422221733798153 1.5919430823958100607 -22979.223920456599444 130546.80588550999528 305.04235090446900358
921900 42.777751680526996836 1.5987939359110199256 -22938.091156160200626 130342.8618049499928 306.11009214213197538
922250 42.780766568074803047 1.6046087514365598992 -22888.589123041998391 129939.07535506899876 307.07271183586402685
922600 42.782592008250496463 1.6079361540158800814 -22833.4810175429011 130461.55755950200546 307.01202945682598511
922950 42.781550347899099052 1.6059616521666000288 -22914.862205331501173 130162.31229720100237 306.05773932538801319
923300 42.781351746353998067 1.6054293166024000694 -22973.870146499601105 130075.44973136000044 306.68971199014697504
923650 42.781045650944896863 1.6108880180148299477 -22899.833944748199428 130379.10788804000185 306.6256160600390217
924000 42.781035549850599864 1.6144476650069499168 -22833.562332093701116 130566.1616395930032 303.98776221364602179
924350 42.781289505160401632 1.6150696343692398926 -22905.183657096000388 130059.45429493699339 305.28872671294402608
924700 42.780486422724997908 1.615580959437199926 -22882.76973532609918 130296.50788531299622 306.77764832888800584
925050 42.781098731343696784 1.6168889011715898985 -22833.545141977301682 130431.33709606800403 305.04771666618898962
925400 42.786095426473302439 1.6167865843303299567 -22893.283204133498657 130326.92180128500331 307.54229825383498564
925750 42.788147732609999707 1.6166704554368900304 -22856.891345304698916 130506.30469792800432 305.36355561647002332
926100 42.787255988050702626 1.620346639400489952 -22844.289632876199903 129856.30909039500693 306.71509203285700096
926450 42.785160610975999873 1.6246462266842400801 -22876.745035814299627 129929.10817220099852 306.98234023978301366
926800 42.784642927215799091 1.6257728380103599886 -22938.804285559199343 130076.76820023200708 306.07877913052902841
927150 42.781416242625397217 1.6286495898469699473 -22944.836651836201781 130051.10536028900242 306.71303633518300558
927500 42.776999029972301969 1.630497140323460048 -22827.235018276798655 130445.53678731700347 305.6405985140249868
927850 42.771203755092997767 1.6309750115404200166 -22877.89610371370145 130459.12325788699673 306.10531341399098437
928200 42.767298124142897109 1.6339912678669799018 -22768.048323167899071 130693.39753494299657 303.08959029689998488
928550 42.765880923089198973 1.6369713162732599798 -22856.419847297598608 130736.09201464400394 306.65899552216001211
928900 42.764677991628701648 1.6413017970945800172 -22930.318920989098842 130468.25545380200492 306.42071878824998521
929250 42.763771817696401456 1.6420922494994198981 -22854.479315500899247 130068.3776059160009 306.12564227495602154
929600 42.762756044106701836 1.6405808837079900453 -22750.953215485998953 130447.30470424800296 305.62267241787202465
929950 42.765100822251298496 1.6460048649446399338 -22826.870217575698916 130415.5218100810016 307.17786597141099492
930300 42.768577389136197553 1.6473998204839299664 -22776.167480637799599 130524.42570742900716 306.65572007637501883
930650 42.769086482190900256 1.6501066696216000196 -22771.268068375498842 130095.0058926710044 306.99337195709597381
931000 42.769363340117500627 1.6530142557310700813 -22747.497274480898341 129987.16922666400205 304.56577952859800007
931350 42.770935066635303201 1.6601194046808800397 -22814.340049534199352 130384.5964999840071 303.79051087665999376
931700 42.774785003735701139 1.6646420618598400942 -22803.549798973301222 130587.95681940899522 305.39131850496102061
932050 42.777730255804598869 1.6670566376844200285 -22857.236299960499309 130123.56520319099945 305.38187259219802172
932400 42.7807718163145978 1.6677722025902999015 -22892.72145540170095 130222.28289939700335 305.44456295990499939
932750 42.782407186157101364 1.6730104025874799056 -22992.988059266099299 130257.75777571799699 305.52175733428498461
933100 42.783371043469301753 1.67470123620164002 -22862.519523522398231 130179.38842802699946 305.68874752897397684
933450 42.785371765022702562 1.6779127450226198892 -22806.544898756899784 130648.65372952200414 303.68732292982002718
933800 42.789324677268901098 1.6798499456254301077 -22897.871519419299148 130357.69165137800155 304.66309284914501632
934150 42.790928857937096552 1.6882233550430401081 -22824.991821382198395 129929.41173345499556 304.80192085420202375
934500 42.792042574143202671 1.6929531744323300657 -22970.715890478499205 130601.02727812899684 304.36740134993101492
934850 42.7941386942504991 1.6961071587409599637 -22810.40974535730129 130060.21762482699705 305.2539697412789792
935200 42.796162238856197746 1.6964270159437100371 -22884.273578251199069 130637.29287064299569 304.73060631816997557
935550 42.796640604994799162 1.7006620915701300412 -22937.495307609999145 130532.76927808900655 305.65359314674299185
935900 42.793822568311199461 1.7041427546661400694 -22843.517699588901451 130035.35275876999367 306.74991207193500031
936250 42.788316885440799808 1.7067867805893399691 -22875.357345871998405 130856.79119692700624 303.87364881772697345
936600 42.783955466631496733 1.7076841982182899837 -22901.032967098301015 130409.97538887099654 308.34327625673199691
936950 42.781214741245001676 1.707578047302179991 -22977.910300049999933 130392.08467535399541 306.89125100725601669
937300 42.780827114079997386 1.7108762262007199961 -22909.001554757698614 130300.32579260300554 304.07616207185600388
937650 42.781590201038397936 1.7190254015084500683 -22704.029070268999931 130017.68028836800659 304.46525796715098977
938000 42.782709539112197206 1.7248003285835999954 -22676.94822925490007 129654.47756234399276 306.85184284803199262
938350 42.782620145595203098 1.7289372573234200736 -22668.928914504300337 130378.01674930199806 305.48114401927898598
938700 42.780058357499896715 1.7327767433656000584 -22799.351775776598515 130027.91528342799575 305.01758878127702701
939050 42.775069831072698889 1.733036549029179918 -22748.526996695098205 130380.28433294099523 306.90461234968699955
939400 42.768507790783097278 1.7317207025335499271 -22848.224136261600506 129927.19566857900645 306.06762810650297979
939750 42.764167681764597262 1.7348733067701900268 -22720.467447068200272 129654.0219093850028 307.03359194233200924
940100 42.763470291136300716 1.7393032466079298981 -22658.821075641699281 129757.48070889800147 308.567152313753013
940450 42.763151713545298094 1.7397178917799001052 -22693.658936433101189 130032.86121726200508 306.67403476268202667
940800 42.761481211076201703 1.7382852403281099374 -22673.219288672000403 130712.05572587500501 301.14954787275001991
941150 42.760373355959302444 1.732896426896910036 -22663.403466144398408 130518.08716703900427 303.25905230405101065
941500 42.759680245680101507 1.7285427121383700744 -22787.947206018900033 130226.79773346599541 304.38487573652201945
941850 42.760344480560398495 1.7251373915015699723 -22822.493219509600749 130197.7394611339987 306.19660067557498451
942200 42.762896770394497992 1.7248582002290600013 -22788.952626611600863 130105.94273528599297 306.1394354713970074
942550 42.765866002354698594 1.7272683302520999149 -22867.710648417101766 130227.6049690439977 303.09110061355801236
942900 42.767321248230402375 1.7324857215230700103 -22806.49077118220157 130027.22074229699501 303.46845124143402472
943250 42.768834897676299533 1.7356326509060300278 -22763.563289203801105 130144.63463831499394 304.57282056268701353
943600 42.769676078879001579 1.7411560865305399926 -22784.571088857399445 130001.29568951099645 304.64972941772498416
943950 42.768536008240801038 1.7412732359315199471 -22821.49756957829959 129965.99061561400595 305.41115203108500964
944300 42.768825548804002779 1.7414416849703799883 -22709.974432948900358 130364.51398931699805 305.00748474541700261
944650 42.767765172712998378 1.7441937087262999739 -22730.748062962800759 130151.52212413199595 307.24752842515698603
945000 42.767527166387097282 1.7438877787758000348 -22683.359626188401307 130246.49177675100509 304.29516660368500425
945350 42.770917088759297542 1.742547078057189891 -22712.710896417800541 129890.25392727200233 307.15900651970798663
945700 42.776088727817302981 1.7391565524333800763 -22792.319984954399843 130236.03607461099455 301.68500006589897566
946050 42.780093242085001748 1.7388875449293399456 -22718.280385683101485 130055.74588604300516 305.25990381081697933
946400 42.784073346468602494 1.7400651600657199847 -22772.266651806101436 129781.12011485800031 305.18199937120601817
946750 42.786358053577600913 1.74373714947319991 -22786.277614561098744 130096.68658816500101 302.23015857184901733
947100 42.788267897769202364 1.7477569284743099676 -22713.650610994998715 129462.37443716300186 304.97835375906498712
947450 42.792774229983997714 1.7448935433347299018 -22772.806516727599956 129923.19594426400727 305.21561649173099795
947800 42.796216409529598934 1.7432312710766300068 -22791.622349150700757 130393.68989010699443 305.04240115798501165
948150 42.7972137926151035 1.7456701063116399908 -22671.213080797799194 129869.85902528399311 305.30174308698099139
948500 42.79897301178600344 1.7431788135473500478 -22812.562212881999585 130425.41125131500303 306.14340276513502204
948850 42.804465285453197509 1.7406917807201500725 -22690.915770175499347 130035.58394828799646 305.01573026053597459
949200 42.812245458229398309 1.7363078654389700883 -22709.685341726100887 129793.85320994499489 306.80130284939400553
949550 42.815769126034702197 1.7341723992388400344 -22746.409420558698912 130620.54838868499792 304.40452725492002628
949900 42.818006812259497451 1.7350557378816200416 -22694.669999139001447 130138.57828611800505 304.79896506144700652
950250 42.821351908259700281 1.7363718744217000456 -22679.298588855701382 130337.93552451999858 305.4609512267920195
950600 42.825792947635598296 1.7350008249058499477 -22681.058652137999161 130245.95220418600366 305.4723361631570242
950950 42.831166306212196559 1.7334215084276400898 -22741.61192252660112 130575.95160416500585 302.70314170146400556
951300 42.834167844089598987 1.7364370197554099828 -22758.741245282100863 130412.96755870600464 304.55862769659802325
951650 42.836586434574897453 1.7388886934456999622 -22766.458020768201095 130378.31725768599426 307.5523942497999883
952000 42.837921112516099242 1.740492567880890018 -22798.066681183699984 130596.73160877100599 304.31617179938797335
952350 42.838816547869200235 1.7392218385764799393 -22758.800715775600111 130370.38684442199883 303.18039863655701538
952700 42.838309173487097326 1.7342017411144299288 -22769.043457985299028 130224.45306764599809 304.58318782878399134
953050 42.83635024710660133 1.7318757796775299251 -22618.930862711298687 130189.76722727299784 304.62118160887200702
953400 42.836215405361897979 1.7307042321185299727 -22696.775328649699077 130167.64118613699975 302.57592570049098413
953750 42.83628317569490207 1.7305028046333799097 -22729.162475060100405 130256.17010129800474 305.75395679639797208
954100 42.83430729991719943 1.7351680043000199394 -22675.573593963399617 130076.72514260400203 306.08196887281297904
954450 42.832524649813997542 1.7385868379980300436 -22662.879764826499013 130240.51486163999652 307.28633374556699209
954800 42.830227071335301048 1.7422761000027000566 -22592.882663311698707 130668.57400628599862 303.13682358838997288
955150 42.828896263089298202 1.7467304338778399941 -22652.419213108099939 130350.83408256100665 307.03529483900797459
955500 42.82881781929759768 1.7567522675777600405 -22708.279831821000698 130339.69725060199562 307.80833498878399723
955850 42.83128601742029673 1.7614286291831100506 -22717.00437021290054 130388.44371705700178 307.48385736658502765
956200 42.832899973155598161 1.7648899940185100998 -22689.801458769099554 130317.16488482500426 305.06097661332597681
956550 42.835462480907700922 1.7646411816278000373 -22607.671233740598836 129847.78820222899958 307.63523812889201281
956900 42.838613443156198457 1.7649353985492999275 -22777.889367179999681 130208.07019589300035 306.08470404292097555
957250 42.837930016868597249 1.7648371485704898998 -22714.320563128501817 129970.90265780400659 304.07317754761402284
957600 42.838020019364300595 1.763246197123979897 -22814.91657541440145 130024.54782022700238 304.64814126625498147
957950 42.8380305726527979 1.7674411703387700179 -22748.22032563709945 130235.10730264999438 306.81940672597698949
958300 42.838687934252696721 1.7700322215247199509 -22830.977626347601472 130338.73962948200642 304.29120273332802071
958650 42.841337363596096566 1.7719332835443499796 -22688.268703263198404 129744.30657858100312 306.10001278085701415
959000 42.843562740703198699 1.7755031023095400045 -22677.500135339101689 130572.64199214900145 306.6273583152340052
959350 42.844997863014697259 1.7794164841424899848 -22642.87146137200034 130563.76367533300072 303.97028221194602793
959700 42.847080498993896924 1.783286143467599949 -22766.073564838901802 130430.50689603599312 305.70210883798500845
960050 42.852686186238898358 1.7863230542946400004 -22632.899061804098892 130297.86784431399428 305.58941797374598082
960400 42.859102448288197706 1.7925484412554100189 -22702.215663741801109 130503.90660336200381 307.82877281943899561
960750 42.863619520357900683 1.7984196241970700214 -22770.257725901301455 130081.52454308500455 306.24887770336601989
961100 42.866299936965397421 1.8034267257296099363 -22777.710614596198866 130217.8268960090063 307.7308051295760265
961450 42.865836947443298754 1.8063820011285300904 -22779.48488052419998 130531.64278417300375 305.38826945568399651
961800 42.864000130405003119 1.8085446394471400566 -22747.597905690701737 130343.42669761000434 305.66058830861601336
962150 42.862922209265498452 1.8128136160874099847 -22657.107086026200705 130158.13336058999994 304.76970443892099638
962500 42.859564658804501391 1.8158777481346799476 -22593.227393575998576 130249.16595250699902 307.52164522329201191
962850 42.85860885909119844 1.8169443068235200389 -22672.365661468698818 130307.39901965600438 306.63029678447799142
963200 42.859093591199901141 1.8204019435895100187 -22770.229042559898517 130133.57482887399965 306.44524942251200628
963550 42.86176033710439981 1.8239608348109599412 -22768.259609259901481 130497.52814326499356 304.015502736801011
963900 42.863403251896698976 1.8308067757778099249 -22718.787409814598504 130055.99495147100242 305.26628316264799423
964250 42.863607222835497623 1.8366101479467700219 -22708.888380080701609 130271.03292043499823 304.72614529036798103
964600 42.864310988315700968 1.8403258904868999846 -22741.266834426798596 129816.92732120399887 304.94440073021002036
964950 42.863744922550097272 1.8438932657800499726 -22812.162625087901688 130157.29186512700107 306.0860668314250006
965300 42.863039100850997443 1.8491334319273000641 -22674.211413230499602 130263.4019969630026 304.16878355216601904
965650 42.862903089428300518 1.857685008145659955 -22741.719743922800262 130536.09954393400403 304.60839747966900859
966000 42.863469807199898298 1.865717512344059914 -22696.930773715899704 129879.1796502359939 305.26897725827501517
966350 42.864104664732103345 1.8714986816808700798 -22687.693148977599776 130022.2810518299957 304.12160097932900271
966700 42.865861620731699588 1.8806665798761399433 -22760.558771922998858 130086.97877465200145 304.25580483868202464
967050 42.864874074663198655 1.8829191736670600754 -22732.697443317199941 129914.09542317999876 304.13172503798000434
967400 42.863208778157300571 1.8791711791826599676 -22712.635845839700778 130426.81726484300452 306.16983196245001864
967750 42.860016565744899708 1.8762217409110799604 -22681.011591302099987 129839.57527031500649 304.54665370043699113
968100 42.857793924438503552 1.8779146734069600555 -22760.283788078901125 130260.36565196499578 305.83514999361000264
968450 42.858845663217500999 1.8778431584002399646 -22805.591292312401492 130449.61729190300684 303.39651868118198763
968800 42.863376609531698591 1.8746730494319499005 -22542.304002579399821 130266.57224088300427 307.19583007982998879
969150 42.869389444429103264 1.8687366104318599014 -22657.122295690998726 130328.98275794899382 304.83779616841701454
969500 42.874780050174599921 1.8680800838874400682 -22691.361058597798547 129930.21950448199641 305.44955490074801219
969850 42.879450288922001278 1.86935007365935002 -22670.743921681398206 130261.43222694199358 304.07098209406302658
970200 42.883895929182301643 1.8712264828063100985 -22621.623792266400415 130102.55515467599616 307.5004545372710254
970550 42.890375824436802077 1.8776968917027900829 -22697.413236447799136 129825.8719616580056 303.29104829181397918
970900 42.895451051328997494 1.88473989333708003 -22672.010059165699204 130236.50777498999378 304.89729610027302442
971250 42.899415717695497108 1.884780075413239997 -22487.609701572000631 130273.65682649299561 305.59058813684998768
971600 42.901956348041096589 1.8848274207238300271 -22611.714813915201375 130165.29039627700695 305.10891951709697878
971950 42.902056077349499219 1.8828777005100099107 -22685.995736603599653 130032.75518111599376 304.37193891573099336
972300 42.900959514638401515 1.8807438508380500686 -22773.558389500700287 129879.26840790400456 304.51243837975101769
972650 42.900937528057099257 1.8793953046624800596 -22723.006200041301781 130093.56961680599488 304.60364468637101254
973000 42.90048385594369762 1.8786750720940399439 -22633.059780953601148 129931.16807954700198 307.48322394849498096
973350 42.898797519575296633 1.8786552553440800661 -22696.753434082998865 130352.51581541499763 304.58147586619901404
973700 42.899654641316701031 1.8795695179744800196 -22574.338943791401107 130502.30226154100092 303.00708794713898442
974050 42.903928390310497321 1.8822856718794400699 -22686.195866569898499 130119.23091966999345 306.07443006605302571
974400 42.908844907514499312 1.886065860037430042 -22686.492579908099287 130141.04277698000078 304.95316873216000886
974750 42.910818185539000069 1.8892903243692200643 -22678.64504224150005 129814.71050421000109 303.74323258813598159
975100 42.912177225318799856 1.889480877700000061 -22681.177924915300537 129968.7354262680019 307.17838412788000824
975450 42.914428895182098245 1.8881863850022599927 -22616.153586292301043 130057.2287860869983 305.38289106750301016
975800 42.914569116672602433 1.8913885355055399806 -22650.044162482601678 130706.78322503699746 305.16983289402099899
976150 42.912834455880002338 1.8931101556825000731 -22804.608338483598345 130563.82532243400055 301.58364953769199701
976500 42.912023995536102916 1.8936826009586300579 -22599.464449847801006 130205.21126831800211 304.8322154647129878
976850 42.911362063464899563 1.8945056286856500893 -22649.211103373898368 130127.12670966799487 304.8571463607700025
977200 42.910606938395602583 1.8944155602004899563 -22693.153874803301733 129575.54246641699865 303.68844487393300824
977550 42.909667664974101342 1.8933280277262201086 -22693.011437572899013 129909.24392843199894 306.18943856965501027
977900 42.907377400224902431 1.8926036985309300231 -22615.529821341599018 130256.31836350700178 304.64518827260701528
978250 42.905371335446503167 1.890169443288099993 -22627.340001735999977 130613.97933286199986 304.88611019305102445
978600 42.904963920214797213 1.8910543276049900374 -22629.426820327698806 130536.44360358599806 303.07062238995501957
978950 42.904584997859096518 1.8956620547263600685 -22683.937269499499962 130686.12999933499668 304.34665151381398118
979300 42.905101802047902027 1.8953014438346200699 -22599.255319347401382 130523.64104211700032 303.51653487593898717
979650 42.906984595715996988 1.8971613922290300192 -22696.342962151800748 130240.3742320320016 304.66581319076402679
980000 42.910551547277599127 1.8980852649949999655 -22726.50463365809992 130240.34784418600611 302.99654931006801917
980350 42.913572253655601685 1.902723678279949926 -22549.285084760500467 130472.56521657000121 304.11698376611400363
980700 42.915359113996700557 1.9096879692265200656 -22636.079155151299346 130217.23686686299334 304.99362475070000755
981050 42.918072725386601007 1.9134038014790499815 -22636.747060206300375 130202.46855453899479 304.2111071091650274
981400 42.922491645396497972 1.9161393193365698906 -22638.719996898198588 130199.21858648800116 307.79267427314800898
981750 42.927672034097199116 1.9170087466929000009 -22624.64634556549936 130136.81941365799867 305.73939621071400552
982100 42.932912275765801269 1.9181273455355600799 -22669.615665262401308 130319.27075729900389 305.54487777062797704
982450 42.936720461182396491 1.9212877066779199264 -22602.245258344901231 130507.56468688099994 305.9617922012910185
982800 42.940084504472501692 1.9249506114068399842 -22584.185985919099039 130309.47508650799864 306.85047764246797897
983150 42.944166048922198797 1.9227972796254799714 -22632.481276736398286 130113.7623415220005 305.55821454541001003
983500 42.947213609781101695 1.9209249819077500732 -22601.189298708701244 129818.59275704200263 305.51193594767698869
983850 42.948591192045697085 1.9210973491384999434 -22636.112861122201139 129981.63396629800263 304.34957418252497519
984200 42.951132970012999124 1.9244652313882599781 -22527.132679286300117 130173.63368716900004 303.18688589787700494
984550 42.953825365255298152 1.9289279354701001079 -22568.044797852999181 130235.64016702100344 306.00027230070497808
984900 42.957734268479100592 1.9288176686742499744 -22614.496457439101505 130085.5747052069928 305.09196150007102233
985250 42.961468396723702767 1.929362119802620068 -22689.257125703901693 130257.34167601399531 306.49629198039798439
985600 42.964929054607502223 1.9290834604872300062 -22598.417771893698955 130501.59947740800271 304.66650240225800417
985950 42.968340457664702114 1.927794396522009901 -22586.898992597398319 130231.19870527200692 307.53429470813597391
986300 42.974197080404202609 1.9278605831454700414 -22677.315941960499913 129918.40062716699322 304.38015095759101314
986650 42.979822367432298336 1.9300270783205399905 -22628.651660451501812 130559.12547277699923 304.06587232218902273
987000 42.984999052712197454 1.9310891299620400741 -22682.800698173701676 130109.24020794799435 305.91462246520598001
987350 42.990868804700397732 1.9335515329424899367 -22659.476269708200562 129973.71259937499417 305.18641159742099944
987700 42.995138322145201926 1.9310778270935700096 -22624.179229699300777 130293.62443069599976 303.1395610195669974
988050 42.997325052809301837 1.9282918014002901064 -22591.00400505790094 130302.05069975400693 304.49071484610402649
988400 42.997407959012896583 1.9291798824601800177 -22560.438815260200499 130308.85243803499907 305.67303959817002124
988750 42.997604006350698569 1.9299666052783599479 -22570.188357670998812 129944.79137376800645 305.6403307841180208
989100 42.998094537624901079 1.9326762338587499812 -22718.677371549300005 129990.7653643770027 304.79336253230900411
989450 42.998958573937301253 1.939853313862119899 -22759.045491420900362 130301.98750995000592 302.9001233142799947
989800 42.998989365831199905 1.9458928316580499374 -22723.490952569598448 130475.11065238299489 304.22193031966600074
990150 42.999358962582697075 1.9519683930412299322 -22750.847361084601289 130183.58765005299938 301.55663183715699915
990500 42.999265775904703446 1.9564000337720399703 -22686.479908311601321 130190.69685822399333 303.96721585683701505
990850 43.000044878849600138 1.9622111685137000325 -22623.11251835370058 130214.5049566289963 304.32343983291400491
991200 43.00057364236599966 1.9657976737596301042 -22730.93813983489963 130115.9721684630058 306.62554956122102112
991550 43.000761029343202324 1.9643325111382499149 -22660.898092726598406 129895.6907129970059 306.26431899473902831
991900 43.00299909053720171 1.9635244189213600929 -22652.045947050399263 130201.3881023569993 305.63168373744400697
992250 43.00540383457089888 1.9638054677353500299 -22595.118421416900674 130281.78260329199838 305.16532880248399806
992600 43.009373021052397235 1.962489658382740032 -22559.861108228800731 130465.86458086100174 304.25107995168002617
992950 43.015701324842503084 1.9622742609839400885 -22761.78783431319971 130206.55751244199928 305.42094635013000925
993300 43.024066637313197248 1.9619913418844900921 -22698.739310923101584 130003.33096211600059 306.16882494752002231
993650 43.032168073293000532 1.9643039019383199406 -22729.24099412420037 130596.10753743200621 305.09444762130601703
994000 43.03630187557280351 1.966864504639499911 -22807.929884687498998 130228.242467914999 305.68125655664601936
994350 43.03833649035470188 1.969073522616280103 -22656.499558453699137 129653.0934561680042 307.38976996992397517
994700 43.041056835019396942 1.9697990966985299277 -22694.966284107798856 130307.64531642200018 304.82164965421100078
995050 43.04435367719619876 1.9710761690168800975 -22724.611209411301388 130248.98666855100601 305.0287271094970265
995400 43.043549366591001615 1.9738231200943900934 -22724.893507423999836 130191.66260229299951 302.98382080915797587
995750 43.042530216459603309 1.9712650089463699121 -22672.571035461398424 130474.12853067299875 304.20992077786002028
996100 43.044434367434902811 1.9712477330830799893 -22635.718519614099932 130347.11661867900693 303.75532677015701211
996450 43.045810969962801096 1.9725571293530199668 -22735.187559215901274 130148.48399578900717 306.02288984519998394
996800 43.046315764867799203 1.9756522698311200781 -22803.355428811799356 130294.02252718999807 304.74291618144002314
997150 43.045294003917398129 1.980832153934799944 -22689.605436615398503 130464.01738321699668 303.40817858710499877
997500 43.04447430227710214 1.989027752456890008 -22702.130340882198652 130328.88748219600529 302.84732736869000291
997850 43.042066465322399438 1.991277905309539964 -22873.973160156700033 130371.9511388700048 303.63177264763902485
998200 43.03917230688689699 1.9924794465728499215 -22798.69151316479838 130227.45463643400581 303.07207133230400586
998550 43.03500824063289798 1.9965417340385700484 -22733.658057426200685 130289.75990786899638 304.76501280577701891
998900 43.033237753510398704 2.0012573550441299375 -22891.491158385400922 130482.94521414900373 304.47932386029998497
999250 43.031438274029497393 2.0040510335422601074 -22810.604974592901272 130170.24486071699357 306.1441963180179755
999600 43.030294104755697049 2.008669879208420106 -22757.408583119398827 129916.89073710600496 303.48752070753198495
999950 43.029896526070899654 2.008607847134519897 -22795.157313044699549 130113.45735163000063 303.4140654343760275
1000300 43.029158915229999138 2.0080689041930002148 -22713.983780719401693 130249.81954100599978 303.71651675196000042
1000650 43.027410371763401997 2.0072237398962200494 -22737.840608281501773 130175.08137862299918 304.25244924267502711
1001000 43.026993584291901129 2.0059722135997000159 -22643.692991601099493 130321.84436406599707 303.98266426113400485
1001350 43.02862096656480162 2.0061885029558301774 -22616.893114713500836 129879.08786724100355 305.71353092916200467
1001700 43.031325734695798246 2.0085150057332401552 -22625.685573953498533 129952.64370446000248 304.0419654195159751
1002050 43.031137654586203212 2.0110807878326402154 -22598.697315154498938 130171.13331161800306 302.48215626394301125
1002400 43.031991501116202414 2.0109390087268002034 -22636.87989331530116 130012.89441392599838 302.12072061372799681
1002750 43.033048434122299852 2.0103800849025201813 -22665.743950462401699 130241.60995654900034 304.33827268115402376
1003100 43.033616787619301647 2.0140089216877501421 -22700.296819570801745 130280.95498939999379 301.64722397874902526
1003450 43.032134274301697019 2.0192524401878100271 -22701.367816241501714 130050.48867804699694 303.17040087559399808
1003800 43.030576577220600143 2.0221153933381499357 -22714.273390759401082 129858.79720030899625 304.79307989846199689
1004150 43.028540339172501206 2.0226689925476000198 -22633.299752867900679 130288.13647449099517 305.49738662963699198
1004500 43.029300679023997134 2.0232356414584300452 -22473.054821721398184 130106.15391685800569 303.33920346227301934
1004850 43.028329997957001751 2.0272973469937101143 -22527.381680584898277 129535.65403235900158 305.68216928299102619
1005200 43.027933057300600694 2.0312572211302502012 -22565.767081429399695 129872.58515194100619 302.83292207268999618
1005550 43.028214862401299001 2.0358549337152798131 -22557.692933850001282 130119.49123029199836 305.14222810762902327
1005900 43.030449636689198201 2.0376297498021500587 -22622.409840455798985 129937.56324037800368 305.72283104671299725
1006250 43.033189710632200331 2.0364282865586900151 -22513.738317497300159 129669.60702474000573 304.01565913429402599
1006600 43.03553045207730321 2.0360825669800601823 -22618.577996868898481 130426.32715273399663 302.59286863153300828
1006950 43.03787504193749669 2.0371609070557701315 -22551.124121519100299 130242.08454026299296 304.73309656717100324
1007300 43.040504932847497344 2.035816381675440212 -22542.620024433701474 129971.9015747920057 302.85042725354600179
1007650 43.042315236005599388 2.0342910949492800654 -22428.118265191198589 130537.23775881700567 304.30287268362400255
1008000 43.043493597388398086 2.0304577819130900096 -22480.997855604200595 130436.55217129799712 303.0556557638460049
1008350 43.043347729360000642 2.0264343431582401145 -22455.763566820198321 129840.38345674599987 304.50917731754299211
1008700 43.043052947379102591 2.0246990324593201471 -22470.05848083840101 130074.46110346300702 305.51915852680099306
1009050 43.042809742119096938 2.0274545031893298486 -22369.377064715401502 130442.36066075500275 303.63194260100499378
1009400 43.041035655274200167 2.0291926676207099334 -22368.415329757899599 130147.56818447899423 301.82694331760501427
1009750 43.044070921933297313 2.0270498265997498599 -22490.871926692299894 130565.61430129500513 303.96559964860301761
1010100 43.048607901351502392 2.0281901294967101812 -22535.526601878500514 130357.52239514500252 304.64096232859401425
1010450 43.052138670241099305 2.030881377695449963 -22553.329142542399495 130179.68760729899805 306.87038674672800198
1010800 43.054095987118799371 2.033498863175259963 -22489.608716011600336 130100.46297478099586 306.23983908671698373
1011150 43.056599903076602232 2.0328472165253201887 -22344.863579488399409 129919.53874926299613 305.96225945189002005
1011500 43.059301838283197128 2.0351195257579499653 -22495.226690112398501 130368.86146818799898 301.86223863665799172
1011850 43.061280382724497429 2.039504828472570086 -22445.631290207700658 130656.16370996400656 302.47220258334499476
1012200 43.064361282385597463 2.0409003486132601957 -22446.104271855900151 130266.38134561800689 303.21600632068100367
1012550 43.066494276961897469 2.0412745780139398555 -22501.966143711000768 129926.18298750800022 303.99595978925901818
1012900 43.067169737611102676 2.042892608372509855 -22532.691068307100068 130556.69225936199655 305.74617488786998365
1013250 43.069864059467597883 2.0436533723083800673 -22519.069106294100493 130085.19183001399506 304.43591800244297474
1013600 43.074831660985800852 2.0467992941369401727 -22579.794473964200733 130181.24074535300315 304.41291002942597288
1013950 43.082831504288201074 2.0521555812340999125 -22588.687121308299538 130457.03985405999993 302.55525661296502449
1014300 43.087203571878397668 2.0572838460390099335 -22559.941022837101627 129940.10005173100217 303.29610894791397868
1014650 43.091480209956699809 2.0588447330534598301 -22491.54379028960102 130061.69747982500121 305.00266072017200258
1015000 43.094964716821600348 2.0567458048684001959 -22389.270806853601243 130044.12504639700637 306.08181208174801213
1015350 43.099246630811400394 2.0554860695499499457 -22387.900189600699377 130120.04559586899995 305.55948070213901246
1015700 43.10159691287079653 2.0587879252475098646 -22362.35242808250041 130476.81961190399306 304.60815763509600629
1016050 43.102056065265799134 2.0631516751153400335 -22512.68421783300073 130158.72518463499728 304.92870737400500047
1016400 43.101228620514902445 2.069396339979280075 -22456.538505255000928 130402.24565404400346 304.98257952036499319
1016750 43.100223142874902749 2.0717601585563398814 -22520.593962906899833 129985.24504267900193 305.21015709296102614
1017100 43.098424064895496599 2.0711150688522699248 -22466.862696594100271 129495.49986825000087 306.87166647358702676
1017450 43.098531462608399067 2.0699377016277598074 -22370.09874627570025 130243.78975548100425 303.98195372222801325
1017800 43.101351178022397903 2.0682517510805999983 -22315.570337983899663 130364.67043441999704 305.41495572672897652
1018150 43.105496225865699955 2.0678815381669601869 -22312.515333913801442 130112.6935447309952 307.59160854480700209
1018500 43.106233392592400833 2.0675504263018500417 -22331.004195574998448 129968.96876613200584 308.40576270735698472
1018850 43.107953839154397713 2.065301882135019973 -22315.929335921500751 130401.28582062099304 305.94427820632802195
1019200 43.110726716061698482 2.065665687978159859 -22388.455061346998264 130221.32075226100278 305.51725612587597425
1019550 43.114736372040901813 2.0671893852375200495 -22409.021247653599858 129852.24216722800338 306.23620348585501461
1019900 43.119972319258700111 2.0735830509794399568 -22541.741500204399927 130428.56952386100602 304.83637736082897618
1020250 43.125834349623900721 2.0777131175716498923 -22336.267813581300288 129827.79863841600309 304.99331896579900558
1020600 43.131019772284901137 2.0789318273855599273 -22366.196059618199797 129993.28989652000018 304.32675032859299336
1020950 43.13415526437709957 2.0803196457639798744 -22333.516855037298228 130130.16524011800357 303.71547844080799905
1021300 43.137801068717401165 2.0842790425795398868 -22345.924594412201259 130178.41550801499397 301.85201160422099065
1021650 43.140231549146001555 2.0846997513189298168 -22432.209437521400105 130278.59206429000187 304.89099880216201655
1022000 43.142426668507496856 2.0825959470466401946 -22355.233377672298957 130117.16796070399869 306.11294074229300577
1022350 43.144755098291696527 2.0785657880433201505 -22442.901411548598844 130086.98581291100709 305.57633090306899248
1022700 43.14639790568109845 2.0773394050358398033 -22425.680410943201423 130089.57933541999955 305.45132160663200693
1023050 43.14860408370100231 2.0811349824814300291 -22572.01309751610097 130428.53253959100402 303.93160005462601703
1023400 43.148410497414403153 2.0852828820616600147 -22473.095903710498533 130095.10433940999792 305.1697424702450121
1023750 43.146771823613100594 2.0845161557733198343 -22567.601507595099974 130070.15008223999757 306.23772109320702839
1024100 43.147616351950901503 2.0829292665401100138 -22470.443182474999048 130340.89193317700119 303.06391582843997412
1024450 43.150919303296198848 2.082048810565260144 -22452.775233336400561 130195.44197571600671 304.69153010438100182
1024800 43.151092171772603479 2.0802344360564299919 -22526.060149368899147 130211.50042371300515 303.36561495579098846
1025150 43.150968470707496749 2.0765293148272800927 -22375.68520741429893 130246.31417442100064 303.86482201332700015
1025500 43.147997031762500342 2.0732760880211800192 -22407.205630225300411 130200.34322940900165 302.25584169521602007
1025850 43.1457886510753994 2.0729560693957100881 -22456.143246640400321 129944.80285475899291 304.32656008825898653
1026200 43.144802662256701353 2.0735958019164901778 -22518.420819740298612 130390.49580839800183 303.05339076060397474
1026550 43.145758197644902054 2.0705468937605497892 -22605.72475444059819 129986.13876692199847 304.46453105198997946
1026900 43.145427394404400445 2.0709292498882101441 -22510.565469410201331 130379.79034791000595 303.67933584756099208
1027250 43.143834020945398322 2.0728825054311901255 -22614.72238094039858 130483.85806175299513 303.59365994797502708
1027600 43.139560865599499095 2.0753858935885598491 -22566.363666541699786 129829.97336594600347 305.08244588552400955
1027950 43.13585072079980165 2.0770538508361600094 -22550.462647892698442 130479.84768584900303 303.39842992321297288
1028300 43.134897666941100169 2.0771454583170601005 -22479.635580367401417 130141.08791271899827 305.16903895656901113
1028650 43.133621856652602844 2.0775643678912798507 -22557.072336495901254 129902.75738266500412 306.10923855159097684
1029000 43.13319001212180126 2.0768210926948200701 -22638.157158805301151 130293.0250087989989 304.00695042288600689
1029350 43.131227921209202236 2.0797010252369698691 -22541.003077249999478 130224.98870286099555 302.80026845003800418
1029700 43.130608566702001383 2.0827912445190399637 -22509.598454450901045 130016.8679373729974 305.05228858630999866
1030050 43.129512101551398473 2.0858720528310299436 -22432.587843793698994 130223.35951789199316 305.26874292418898449
1030400 43.127004456497900264 2.0869310814615498195 -22415.458391897598631 130261.59720535199449 305.82887851839501536
1030750 43.125084241599402901 2.087881946305259806 -22604.515879370501352 130330.49072060000617 303.66980736576601885
1031100 43.125161568574199578 2.0839476778908800902 -22566.992748255801416 130008.53932268699282 303.41557656655498931
1031450 43.127170398034401444 2.08000621939414998 -22542.514279470899055 130063.62030383700039 304.92594905673701078
1031800 43.131702680841200959 2.08256693495017986 -22660.828644959899975 130254.43635538000672 305.9563874693109824
1032150 43.135705108298601829 2.085664101174970142 -22492.306244525301736 130044.6897211339965 304.61552660497699208
1032500 43.140290092820400503 2.0915809963168201513 -22663.15402905549854 129823.56577854999341 303.62896901497299496
1032850 43.147954744760596668 2.0944026287934898178 -22662.56250824719973 130117.31794778199401 301.27734349665900027
1033200 43.154460421899401013 2.0956154210258701731 -22641.610145227699832 130257.98775450400717 303.91956924290701636
1033550 43.159865057304401148 2.0969866176904101707 -22587.541665643300803 130043.07054389199766 302.15930496093699276
1033900 43.163408178462901787 2.0959586239664900198 -22616.936278473098355 130082.93799016000412 305.30525582584499489
1034250 43.166386803456497034 2.0942143610301400258 -22559.299978658800683 130320.32727834899561 303.04004136436202543
1034600 43.172211695970297285 2.0931088994769497802 -22618.169783571698645 130296.27442123899527 304.5068640548669805
1034950 43.178977955787601672 2.0931525054128599095 -22593.137081569100701 129983.01405396399787 305.52972618082100098
1035300 43.184367305486397015 2.0931787392700997863 -22583.677272220400482 130085.47261461199378 306.16852281392300483
1035650 43.190744927742102277 2.0924529701322298614 -22563.807545238600142 130333.46711853900342 305.34094191326897771
1036000 43.1997387863392035 2.0965257591267598691 -22614.18423559220173 129836.98571018000075 305.06057678348400941
1036350 43.207285310558198432 2.1020615255405101784 -22471.754872678800893 130137.41366006899625 303.50493389079201734
1036700 43.209988777304801033 2.1033218643390800828 -22605.089917401001003 130389.84933587200067 305.05698355661900223
1037050 43.21277210874699648 2.1012385771878001606 -22523.996512552101194 129934.62807477700699 303.91932299287901742
1037400 43.213437495010502687 2.1024190464433498704 -22615.073523746199498 129931.95883673400385 304.69327818546997833
1037750 43.214917198813601829 2.1024910348538101701 -22553.305319093000435 129972.53248974200687 305.47296494260200461
1038100 43.216686986865497033 2.1021488753062498311 -22557.1588071158003 130045.80322301099659 303.37566970227101137
1038450 43.220399779479897973 2.1035570573526300997 -22435.255518350499187 130007.46156659300323 305.15247617178198425
1038800 43.222148099768396889 2.1071031753736702008 -22642.854979041898332 129970.12531947800016 304.77736701046598
1039150 43.221925204583200752 2.1107669112869698047 -22585.022369020200131 130060.08192906600016 302.15901297095200562
1039500 43.222265534210798421 2.1150537646639699929 -22695.6559892810983 129853.95124889900035 306.44857647672398571
1039850 43.224017891390900559 2.1142877295354800538 -22624.816070064200176 129870.70612731500296 306.61700188493301766
1040200 43.22493768760440247 2.1120992737229400404 -22686.941126955000072 130139.31020263700339 306.43275049603602156
1040550 43.226560390233096598 2.1128722956954999468 -22558.303065310101374 130115.26581551900017 304.50471591125898385
1040900 43.227782839811801807 2.1165379741486898268 -22776.258772116299951 130393.37376641199808 301.79401878972402073
1041250 43.229675199269500752 2.1199315260857098941 -22743.228612509901723 129722.04842188100156 305.21697238768098259
1041600 43.234959666109098464 2.1218647498779299454 -22737.540250525700685 129937.22473216500657 304.27101816330002748
1041950 43.240170197657903373 2.123294356208059952 -22555.658109825999418 130156.65697014699981 304.30039208648997828
1042300 43.241288348933800023 2.1229682675203997988 -22777.664637443798711 129989.79758717599907 304.6782503482469906
1042650 43.242598377481002103 2.1242453320310499265 -22640.375256923798588 130167.32282667999971 302.32079761469202595
1043000 43.244891746745999228 2.1265283748254399931 -22803.945847759798198 129973.12551626199274 303.16744959234500811
1043350 43.247570440125997493 2.1301966315054401413 -22788.843259965400648 130170.29995844399673 303.28638217421399759
1043700 43.252224442340200028 2.1389043375655698576 -22810.868557342000713 130107.29353174999414 301.38947633979501006
1044050 43.257232760835996999 2.1480377536509300818 -22763.274369290898903 129862.57240239999373 305.82810936443598848
1044400 43.26124207232300023 2.1566138324646701996 -22782.061308546999499 129960.77473811799427 304.24781862406700839
1044750 43.262889543511001023 2.1610362787100099169 -22821.611565918101405 130022.3238192830031 304.22048456223097901
1045100 43.26162053205320035 2.1688471280505798866 -22840.059519471698877 129889.45801295500132 302.84992515296602278
1045450 43.259020763226502027 2.1716261183726799366 -22808.66060102909978 130140.16219676900073 304.7043112126460187
1045800 43.255595004504897361 2.1730593794934098817 -22799.691404144301487 130542.53640998099581 303.11677288182301027
1046150 43.254080503433200988 2.1748430932873499266 -22735.97044661900145 129780.84532844000205 305.4622394203969975
1046500 43.254272841657602555 2.1797630950768001057 -22610.441559450599016 129565.93356158799725 304.9123194179999814
1046850 43.256531817083299529 2.1856525843878498172 -22791.700534172199696 130081.45620686499751 305.37162609519998568
1047200 43.258273799885401445 2.1907685968934900167 -22692.562216865699156 129523.04605471099785 304.91696725502600884
1047550 43.263473895140499792 2.1956937069307400634 -22645.966239715900883 129748.06691478900029 305.15585806999700935
1047900 43.270737129538801469 2.2030527001859900871 -22679.46637941139852 129684.9623838270054 303.60940358994702137
1048250 43.276128097770801162 2.2101580776667097972 -22776.457360992499162 129962.95300465599576 304.6752931068689918
1048600 43.282299856917802572 2.2173954087612401942 -22847.517496698899777 130059.87894696400326 304.54922676558999228
1048950 43.289188157288101877 2.2227388785661399417 -22675.61073446879891 129776.03034787200158 305.50940632032200028
1049300 43.2932753047198986 2.2233772807029699159 -22687.213725340898236 130186.35752923300606 305.09615877915297233
1049650 43.2939924092815005 2.2263618901370501035 -22694.992647285100247 130204.44235512899468 303.70722230920000584
1050000 43.293357015920399533 2.225161706246399973 -22576.881744752699888 130005.06923263000499 305.15741702416198677
1050350 43.295658613552099325 2.224002635316050025 -22774.419952708001802 129873.32750112000213 306.3748545935810057
1050700 43.297007176833602671 2.2263376686406801674 -22793.595940133400291 129737.71186087800015 305.59748788595999258
1051050 43.298149132482599555 2.228537345575650086 -22623.986090520098514 130156.86392161200638 303.94528821471601532
1051400 43.300021208672099249 2.2291657698499998119 -22754.04459967909861 129761.69468091000454 304.02341779088101248
1051750 43.301867301359003193 2.228316393101000159 -22649.781036501401104 129956.78298032500606 302.92666288482598702
1052100 43.304762563366800521 2.2306271094568401736 -22806.299801020399173 129950.60570987100073 303.41395429222399116
1052450 43.309667430131696619 2.2329630165726199742 -22726.011498400501296 129820.54424899800506 306.69014317900700917
1052800 43.312857499632798408 2.2382767932133700306 -22793.054512017599336 130062.76669872399361 304.96082453747698082
1053150 43.317757872911400341 2.2406503227611298534 -22779.898487886301155 130115.54480416499428 304.29663047850601743
1053500 43.324350142263398311 2.2435822829791400856 -22748.877240477300802 130054.60422727800324 308.22690554631401483
1053850 43.32868938020140348 2.2509007735120900584 -22667.93396831570135 129923.64467532999697 306.01236743267401152
1054200 43.331549238124402734 2.2551785858498600845 -22651.133929604300647 129833.29487057600636 305.96416259915099545
1054550 43.333515454574701664 2.2580198948874699028 -22606.86090467809845 129965.55499241899815 305.15387105882297192
1054900 43.335190241456096771 2.259202025477370146 -22695.630725227500079 129836.35108625100111 304.80038529323002194
1055250 43.334722739328398688 2.2611693702530701877 -22595.912893160100793 129887.63541536200501 305.27221240308500683
1055600 43.334662886464698772 2.2675577499251700075 -22750.759537338701193 129882.86348636400362 305.6561070027469782
1055950 43.334947397865001051 2.2737309511795897876 -22703.134639926800446 129868.95515129700652 304.78221146540499831
1056300 43.337743003138896825 2.2801495540541201201 -22614.37306687760065 129826.71410100099456 306.0386988897329843
1056650 43.342193335160999368 2.2825883077528601461 -22704.662547560099483 130044.13495053199586 301.96771038983297331
1057000 43.343346051983196787 2.2861262796972598998 -22788.345677861299919 130015.85555177500646 303.81455756698102277
1057350 43.342194178629696921 2.2934452320241498491 -22709.843238842098799 130368.50069085399446 303.91382519811298835
1057700 43.341380912503097989 2.3005536155158101685 -22595.932248958299169 129724.38550116600527 305.36053887448497335
1058050 43.341722940209997716 2.3081300414567897938 -22566.938366269299877 129958.54037642999901 303.57858061166200514
1058400 43.344121690832700722 2.3103574597543001801 -22635.81809546599834 130003.94732232199749 304.89805659988701336
1058750 43.347960856284203146 2.3081690986688601086 -22659.159433501299645 130189.68829655100126 306.91515961829799153
1059100 43.350698981121801978 2.3101549155057199414 -22598.330594980699971 129888.30685167899355 305.8888428957120027
1059450 43.351724448604699091 2.3182700827274200783 -22740.264546584599884 129911.12811065699498 305.45628123169797163
1059800 43.352197649266997814 2.3216136816395400722 -22715.714261711098516 130132.324097566001 303.33331055196299531
1060150 43.353856239142999129 2.3236728092854801453 -22633.188368220500706 129830.16591420599434 305.23728422648997594
1060500 43.357298865923901587 2.327817742592459993 -22681.098930306601687 129892.44031981400622 305.39739764908898678
1060850 43.362793494805700334 2.3300556666678700068 -22594.879576380400977 129914.52261344299768 302.95079122397697802
1061200 43.369961144468298642 2.3322444170501999139 -22637.935384956301277 129706.81160178499704 303.68569916435097866
1061550 43.373753667032602266 2.3345345149395098083 -22627.500224973598961 130095.33736324599886 303.94834613777902632
1061900 43.376514614485401466 2.3349227869805901925 -22524.686786633301381 129673.55069639500289 304.98274776701197197
1062250 43.378081233676198281 2.3367907123094298072 -22443.487000612400152 129872.39000575699902 305.76206728954201708
1062600 43.37940692003699894 2.3382729835025601872 -22647.765253476700309 129687.45274452099693 304.69098009160302354
1062950 43.3810029747892969 2.3399778877685499801 -22531.425207516600494 129871.17903946900333 305.72684056917000817
1063300 43.385857930578296759 2.3424851198917400197 -22513.907512469799258 130121.47163462199387 304.10206413804399972
1063650 43.390902324165899984 2.3484886313858099882 -22658.830926432801789 129772.59019410400651 304.67527192428298122
1064000 43.396650617102501712 2.3525163563428002078 -22586.406158878999122 130112.26680971999303 304.06897665541401921
1064350 43.400652910866497791 2.3583924039058201672 -22678.916274123399489 130344.72605003300123 302.17051133355499815
1064700 43.402965945286098304 2.3618306162707298768 -22582.653312375499809 129982.47067529099877 306.00569133968099322
1065050 43.402198461926197126 2.36405114548773998 -22661.028960878098587 129906.66026868899644 306.60377844910499334
1065400 43.403994540589899032 2.3682999289416000188 -22614.053856454898778 130323.19030110299354 304.54501474940002481
1065750 43.408216351864098215 2.3752063698890300003 -22654.094280206398253 129927.4596724199946 304.87249040755102669
1066100 43.411775296826903059 2.3817211135083300455 -22618.830487681698287 130084.65255262200662 305.29827078187599909
1066450 43.417661786931901702 2.3873421794890599124 -22621.802110832901235 129844.86925256099494 304.9564825504069745
1066800 43.423421646303602017 2.3908100047295399726 -22538.572951128298882 129715.78657212399412 303.88607189548997667
1067150 43.427627452770501293 2.3949528038891201298 -22636.2706554614997 129861.17956304400286 304.45552914971898417
1067500 43.428552266780300783 2.398688076143439929 -22609.876358738001727 129919.32724064399372 305.52238355841001294
1067850 43.429694129693800164 2.4038431168104499314 -22602.722738187600044 130234.89099348300078 305.60423528437002005
1068200 43.431139707922703508 2.4094869810562200563 -22520.898399558398523 129685.69394153899339 304.01649725422998927
1068550 43.433424816730898499 2.4136677176484901963 -22647.33122337219902 129835.22766511699592 305.75733839580101403
1068900 43.434737024954898743 2.4159581150731899157 -22585.326646273100778 130124.58276108899736 306.26469058416500957
1069250 43.435833917844497876 2.4212430773542199525 -22698.836583406598947 129595.96155866299523 306.01301480518401377
1069600 43.436453853719498852 2.4242117903061499717 -22655.372669658998348 129956.63735451000684 303.75268163558797596
1069950 43.436391428138996673 2.4301441773570902072 -22675.568983290901087 130242.26015135200578 302.59432257664298049
1070300 43.434118083001600041 2.4378725923375799134 -22626.803906067201751 130184.59880586700456 305.10538473568402651
1070650 43.432615212586199505 2.4441978350375102025 -22635.67204915199909 130436.17630751800607 305.2367339048599888
1071000 43.431189939192798022 2.4496360559275798252 -22698.32541528550064 130074.00270590699802 305.95678943995699228
1071350 43.430486496408200026 2.4542159251772899253 -22581.781202947400743 130203.46802669900353 304.80599014687999215
1071700 43.429648809364103101 2.456690751864540001 -22584.707428345100197 129791.17455768999935 304.44292821950301686
1072050 43.4276397904696978 2.455513886685429803 -22521.58946724730049 129580.53013463800016 307.72377397906200258
1072400 43.426652662790601767 2.457607833533660191 -22531.235171720600192 130136.49278364199563 303.89346491053498767
1072750 43.424992148613199561 2.4624602053157000903 -22567.711125320598512 130151.34813203300291 304.70400884471200698
1073100 43.423840690063499892 2.4645315537793801575 -22513.831634496098559 129928.02864003900322 307.3262201865049974
1073450 43.426796029729999304 2.4694113344894401685 -22604.825002491499617 130196.71671044100367 303.86124904519698475
1073800 43.427706482891800022 2.4751482364658201618 -22485.401139961999434 129876.1037700750021 304.73864239137901677
1074150 43.42562891699340355 2.4817322974197999486 -22585.89966325540081 129767.15952749100688 307.57524306581797191
1074500 43.424915808583200771 2.486259918492609966 -22540.379384250500152 130215.32557426800486 305.20036112718202048
1074850 43.422896990442197307 2.490131209157900205 -22528.132459978998668 130044.74954496299324 306.82030850410598077
1075200 43.421540080422502683 2.4920629104901301787 -22395.089204355201218 129964.06890617399768 304.55576827609797874
1075550 43.423455442015502115 2.4947795261945802103 -22575.481187186200259 130169.42421132299933 305.51252247561399145
1075900 43.424106053769101266 2.5001929235087798631 -22607.857322645701061 130264.40339106100146 305.78131958128000178
1076250 43.422442486691096519 2.5036603434670201551 -22425.937954226199508 129939.16801796200161 305.35965675268897712
1076600 43.418533084332402439 2.5090425903476201164 -22541.023648957798287 129670.93017330800649 305.35477330612701508
1076950 43.414241984277296638 2.5130524052723601791 -22578.226532396998664 129745.44439855699602 304.50656553021002537
1077300 43.408763416326003437 2.5166896690008098147 -22565.392223519200343 129764.73135609200108 308.39641120308601785
1077650 43.405348932518698746 2.5198969491851102021 -22526.695349576399167 130029.27714283599926 304.28390555604801193
1078000 43.403042552582796532 2.5258596816134200047 -22375.292677428398747 129566.88014275400201 307.30523213409298933
1078350 43.403689694676700128 2.5322247078516602059 -22291.877813021699694 129967.72377345900168 306.2007463388109727
1078700 43.406433550473700222 2.5399116526096201518 -22338.270732702199894 129760.48325919199851 308.03659575447500174
1079050 43.411213772075797124 2.5460111052857699043 -22370.241642666900589 129854.72497616100009 307.86792006212698425
1079400 43.415862233053900354 2.5503999897773401706 -22267.758799442701275 130204.80593775300076 303.60920031862701762
1079750 43.418972515999598727 2.5556016912756298609 -22365.930456939200667 129502.81188990800001 305.44179737598199154
1080100 43.423374170383198134 2.558434106726529933 -22331.051756449898676 129991.62868584800162 303.79319408914898304
1080450 43.42803713949489719 2.5599511970524200244 -22138.101557156398485 129898.26062397299393 305.9146132638559834
1080800 43.43155265005709964 2.5619983685604501567 -22231.668589183500444 129714.96440878100111 306.64174991182500207
1081150 43.43714261091150064 2.565116051472819958 -22344.833863082698372 130540.02365077000286 306.07622082426098586
1081500 43.442846237521202113 2.5674796431179198741 -22287.191292729101406 129968.19150538300164 303.63568908880398567
1081850 43.447331676771497655 2.5725087439262801503 -22253.834686571601196 129801.40814570999646 305.53875151556297851
1082200 43.450457886516502981 2.5774163287922600141 -22226.176910938000219 130279.06148843700066 305.29175569189999351
1082550 43.450402767048700525 2.5798808014005700784 -22234.146043006800028 130149.63334974000463 304.67016700573702792
1082900 43.45043186058460094 2.5831400438902099026 -22211.131947403100639 130071.33340058100293 305.7724739424800191
1083250 43.45040110324799798 2.586492861051569836 -22424.17244823009969 130175.4042646989983 306.19765834108801528
1083600 43.448483938986399266 2.5909334592843200618 -22372.529237097300211 129947.05012704900582 304.92064069187301811
1083950 43.448215245123897432 2.5985964570692101638 -22362.402768007701525 130194.28738690599857 305.09142521669400594
1084300 43.447864149060400507 2.606034431442230126 -22456.978142888001457 130355.65498837199993 304.84163129281398597
1084650 43.449315399167801388 2.6113501059897799017 -22440.831371394400776 130184.72027167900524 304.82666747838499077
1085000 43.45071876438390035 2.6154380459587600605 -22388.950572684698272 130183.77623087199754 302.86912912998099046
1085350 43.450410702985202249 2.6158652635783101736 -22362.693737460300326 130085.74832956699538 304.65380792841699531
1085700 43.448502683459302887 2.6185214609775799843 -22452.653764912600309 130160.09192784500192 305.2756071407720242
1086050 43.447048220871600677 2.6215874267425798294 -22423.40743684320114 130314.95602678699652 306.67803877048197592
1086400 43.44606227133890286 2.6266256334986302079 -22421.047478386801231 130170.77673320900067 304.47064253539599576
1086750 43.445398823160196855 2.6314336733473999708 -22488.539342596999631 129849.95688822800003 305.99187665986300999
1087100 43.444520836680801779 2.6343000876735600535 -22462.657221007899352 130512.38702568699955 303.69309053867499415
1087450 43.443246561301101849 2.6371830101103999056 -22467.699282246998337 129942.73280001900275 307.30788432735397464
1087800 43.440131469030397682 2.6419861165979199313 -22534.74900759150114 129908.52460205799434 303.36864358247697737
1088150 43.438698111053000162 2.645698769920119986 -22546.155079988500802 129930.18977805400209 304.20262532270402289
1088500 43.440197414795498787 2.6490610706338899583 -22428.413514408701303 129692.94569587100705 303.61845484619101398
1088850 43.443318385657399006 2.6516477571679701875 -22451.446823155198217 130168.1451053750061 303.15106108206197177
1089200 43.443881181083199294 2.6554495448716299855 -22427.37908876020083 130077.10614129599708 305.32068087148797986
1089550 43.44531114085110346 2.6593330604396401284 -22367.495979278399318 129351.0213310830004 307.73768231992602296
1089900 43.446535951798196606 2.6630196763895899181 -22493.595711768801266 129971.8251322839933 305.13400214263600674
1090250 43.446886137463700095 2.6652037268547901228 -22435.722382322001067 129765.95202955900459 306.00970261135898909
1090600 43.446832964841298974 2.6700033912231999622 -22497.472767823601316 130020.02127155500057 307.79303838424800688
1090950 43.446430360080903199 2.6730043158726499719 -22537.436375576300634 129845.57274243599386 309.07232696895698609
1091300 43.446821788035499878 2.6726759749507200681 -22533.202234251999471 130035.56170710199513 310.23778642996001054
1091650 43.450828338053099742 2.6725743244164701373 -22435.444698769300885 129910.158545504004 305.20841449956702718
1092000 43.454060351858800004 2.6748511033337001308 -22459.468188810100401 130207.94911704400147 304.98864440590301683
1092350 43.456843223554599831 2.6787168784851798087 -22563.328832834900822 129980.85708840499865 306.15159006734899094
1092700 43.459606895323801723 2.6828813874915398152 -22549.587393390898796 129662.2685018320044 304.55108990594300167
1093050 43.461875039322301006 2.6845326661522599387 -22544.194351834899862 129658.06588256500254 305.19701895212699583
1093400 43.463124051477500132 2.68746697123191991 -22538.673738103800133 130185.70733758099959 304.8876144746279806
1093750 43.464994510077403334 2.68935356069346998 -22609.967674160401657 130013.34363677400688 306.5206659711520274
1094100 43.464941772480401028 2.6876636134069298301 -22613.301648889799253 130091.63559091300704 305.15617740979797645
1094450 43.464857915579500514 2.6907831306836000884 -22461.807666762200824 130541.51668209499621 305.02954893954699855
1094800 43.466325220271102125 2.694008883396060039 -22406.77329822180036 130091.28307278899592 304.2573417708089778
1095150 43.472057140687198284 2.6960027519121898543 -22414.631714026301779 130158.20268366900564 306.34013071768600867
1095500 43.480637827298600939 2.6998593866981002165 -22407.98158149540177 130107.35737034499471 304.28745445429501615
1095850 43.487934134981003353 2.7060534029689398139 -22380.326995580100629 129624.47650557900488 307.02522663063001573
1096200 43.494277392837602747 2.7088187414224798033 -22305.268137878600101 130001.29183123300027 306.48162303698597952
1096550 43.500205257061402619 2.7110841788744801661 -22454.081860939499165 129900.10041325300699 306.66051667110201606
1096900 43.50733005974750256 2.7115722863390399056 -22355.199465498899372 129943.54264172600233 305.68351616105201174
1097250 43.515269130011901666 2.7137577865749999972 -22325.470111864400678 130117.63075807099813 307.38441805170600674
1097600 43.524265306548997501 2.7173676639013399914 -22305.681421885499731 129940.82757125499484 308.14393054985998788
1097950 43.533459598100698429 2.7204103049095800237 -22409.370210981498531 129888.9556493620039 306.09145499656898437
1098300 43.541669425667798521 2.7256186253049801138 -22258.429028130700317 130093.13585010899988 304.98630125705301452
1098650 43.547273399149503348 2.7292788073452598496 -22273.576461397999083 130238.0503766979964 305.19182081373401161
1099000 43.554454811660896496 2.7315340407475501294 -22384.705218482100463 129641.30888861500716 307.05491622741999436
1099350 43.560644970833401146 2.7301205471518299461 -22352.788600398100243 129861.40605088300072 307.64758400949699535
1099700 43.566227954024199676 2.7306518214000998768 -22351.299138935701194 130272.60028905799845 305.66899843335897913
1100050 43.572562726714700432 2.7286163265335501293 -22382.835108970200963 129976.66749317999347 305.02575866757899803
1100400 43.579765039896699363 2.7293638632912400332 -22399.530765084098675 130480.41361821300234 305.48881890614097756
1100750 43.583532381219498575 2.7288964947821301443 -22446.644997496001452 130156.14309426200634 306.08515849557801403
1101100 43.586945338412697026 2.7324545976233998168 -22351.437900842400268 130035.57740490499418 305.85956570570300528
1101450 43.59492389364429954 2.7360067506825398453 -22344.783506799500174 129695.17288190100226 304.01347554518901006
1101800 43.602740274970102519 2.7388812067265702055 -22432.871770976398693 129906.73262479199911 303.91006032606100007
1102150 43.610935324837598159 2.7416381532186200332 -22430.022219466598472 129910.55029033700703 304.54033254132701813
1102500 43.617056733512399092 2.7484433330847699573 -22297.750484266100102 130012.18683924700599 304.32471935473597568
1102850 43.620953060584099603 2.7524193456546499625 -22400.433111273898248 129654.21309043800284 307.32644182114898967
1103200 43.622211817257799282 2.7551609741182900848 -22457.81647159790009 130039.87227124099445 304.84316325833901828
1103550 43.623057944877402292 2.7563172115959200248 -22400.478412020100222 129892.98265511599311 304.47998080759299455
1103900 43.625427158056503174 2.757161891410349952 -22356.983088982899062 129570.82894040900283 305.19832715002502255
1104250 43.625332325751401186 2.7618022006328000195 -22371.25134869159956 129837.35456156999862 303.40900926470902732
1104600 43.625258349697197957 2.7636560325139298833 -22281.407676040598744 129735.10046259900264 305.00222027876100128
1104950 43.624878837955400002 2.7656605351003999971 -22310.143805251198501 130301.90591156099981 302.4754303839679892
1105300 43.624290385259598679 2.7704895715216801833 -22423.613995532199624 130178.94302051499835 303.33547655928697395
1105650 43.624245002591898412 2.7787793311498800719 -22406.838003200100502 129716.20346102099575 302.80808148426598336
1106000 43.622940357206999806 2.7842517001635598284 -22436.460413215099834 129917.30958764300158 305.48030424376099745
1106350 43.6219118477791028 2.7884947528912498171 -22347.950649039899872 129915.14335043900064 304.80565207528201199
1106700 43.622728068915101574 2.7915225168247101983 -22522.938962400901801 129602.85415357600141 308.22825528507502213
1107050 43.622792075671902978 2.7961402757820201792 -22439.577144180599134 129714.4197497980058 305.78235778425101898
1107400 43.625154382150498122 2.8000123056170798108 -22551.050586046498211 130183.37377499000286 302.68953293354297784
1107750 43.626446329521499479 2.8023105202997498075 -22479.954420872498304 130456.88300897600129 302.75973464103998367
1108100 43.625884253007299662 2.8064285925444401038 -22445.807544339299056 130094.0119085329934 305.95380948851601488
1108450 43.627386826803302711 2.8084221431402900393 -22406.195120066800882 130076.13233090199356 302.39725491019299852
1108800 43.627268482580298326 2.8098561491953000235 -22512.412633643001755 129771.74191799599794 306.68097136343402553
1109150 43.625911937018003073 2.8080924341256801036 -22640.991204787900642 129704.46330578399647 307.39814456227202299
1109500 43.625031131324497835 2.8062665105228798978 -22530.158508184900711 129657.59658128699812 307.44404537503498887
1109850 43.622862372284302523 2.806592677036650052 -22400.933843508300924 129736.02692913700594 307.64365042488799418
1110200 43.62218819301909889 2.8091095208747298706 -22401.712868680300744 130426.48521594899648 304.08617820537102716
1110550 43.624445762807297911 2.8146629195933901002 -22386.376734188899718 129942.19006942100532 306.97291902118098506
1110900 43.627251130564296489 2.823312214106790119 -22342.12127666809829 130052.83323782400112 305.26244970941201018
1111250 43.628074407249201272 2.8284124652137201394 -22411.169763174100808 130051.79856635800388 307.29259023462998357
1111600 43.626684217486896955 2.8302760109438498404 -22500.404665901998669 130169.76574016400264 308.26705270317700069
1111950 43.623352493474698122 2.8317612728254699661 -22407.048607549000735 130049.82181299199874 306.4650648739309986
1112300 43.62229194946080213 2.8325740493983602164 -22585.193423171298491 129761.73210370300512 308.65509215144902555
1112650 43.623517871391101153 2.8331678096601500272 -22531.319790520599781 129808.07922640700417 306.38961484077202613
1113000 43.624663089566197982 2.8347984253021198953 -22470.037779700800456 130137.69897391799896 307.14829770151902721
1113350 43.623718518738300531 2.8355671285866601572 -22480.078283787199325 130228.93473540700506 306.4873375928610244
1113700 43.623316548840200824 2.8358059006913700628 -22417.681550450099166 129938.54569187200104 306.43319693618798283
1114050 43.622852652900100168 2.8378235734851098293 -22502.521693907299777 130126.67356584800291 306.44602461177299801
1114400 43.623204764203698858 2.8361926196640299125 -22484.949642452498665 129984.38687643299636 306.12563325527099778
1114750 43.624101768187998118 2.8331242329403201197 -22565.201952444698691 130308.9934582660062 306.24549828732898504
1115100 43.625968963113699317 2.832711847783860204 -22530.795475641400117 130001.72437183599686 305.21289656429200932
1115450 43.630012004919500157 2.8348580050907901118 -22549.870999812999798 129805.59407943299448 306.42852208964802685
1115800 43.632875460719802163 2.8412910135359599195 -22509.028198585700011 130006.6258662820037 304.6798750627830259
1116150 43.636190818932398372 2.8470836523501201754 -22634.828279385299538 130163.06283766600245 304.11251931854900477
1116500 43.640845432598901255 2.8521051384172100285 -22621.050471669601393 130068.99825812800555 306.33270776749702691
1116850 43.646942204126702336 2.8544627154207500297 -22491.660625479598821 130225.02679305399943 305.43464340369598631
1117200 43.652765513898700078 2.8574468989580199541 -22607.79670146080025 129802.74422590099857 304.97078874257198322
1117550 43.656004498365497568 2.8568867185403701292 -22376.941477818800195 130121.4191423930024 302.93583976076399722
1117900 43.659195742283500863 2.8529813316246301902 -22452.836136429101316 129432.17330639300053 307.12257383997200577
1118250 43.664798528303201408 2.8503635125479700463 -22477.02979313439937 129795.07860875400365 306.8069839579770246
1118600 43.671563138821902328 2.8504718733220300031 -22499.169838148900453 129807.71838803199353 307.25998358224597951
1118950 43.677455193546698808 2.8493026264698499972 -22368.090391584399185 129956.46764691399585 305.81197172882400537
1119300 43.685674556572799077 2.8456514571614799358 -22392.256947538899112 130141.47794355200313 307.59660479031600744
1119650 43.692403442607201214 2.8441059845335998624 -22373.75256017799984 129968.02649867099535 305.03189511870601791
1120000 43.697025134825800308 2.8419369817994599714 -22409.05200573339971 129970.50242125500517 303.81305414363697537
1120350 43.70006280837240098 2.8445499401754701374 -22453.383855813299306 129857.49097641599656 306.6856193853179775
1120700 43.702622044630203391 2.8492420634072002095 -22462.16049177970126 129769.90780889500456 305.50608703788498133
1121050 43.705169806714700087 2.8491019236961001582 -22579.147646930399787 129338.86876908800332 305.46176371576399333
1121400 43.707741595687600977 2.8528837394439299224 -22520.87276641419885 129867.02701461699326 305.12152861538197612
1121750 43.710310530255902961 2.8557437352180601309 -22416.224220132498886 130070.07471824499953 305.01159900934101188
1122100 43.711771043577101636 2.8586352344572301121 -22408.142662940401351 129770.62474492899491 305.09300280876897205
1122450 43.713866465272502637 2.8629394984016900416 -22483.920023657901766 130404.0990922649944 304.31709633145999305
1122800 43.717540396130601721 2.8647434192615999216 -22380.127220935301011 129785.2857811510039 305.33827740092999647
1123150 43.723331497652097255 2.8627568009955601802 -22511.084660584201629 129775.02590179699473 304.72316925792398479
1123500 43.72581615887280293 2.8600200104210902197 -22477.711631548201694 130303.50088453300123 305.30124492042801876
1123850 43.726529831329301601 2.8624063640643098161 -22460.33969396269822 129872.92066985399288 305.503901713766993
1124200 43.727819719320500269 2.8654397797372399559 -22331.129187370999716 129894.72592027499923 303.66887504034400536
1124550 43.726735068490299341 2.8718881719303599453 -22382.891974565198325 129954.4402986119967 305.91969724672799202
1124900 43.726915587646303152 2.8778882829505798568 -22488.071176113400725 129967.03345827400335 306.70495176208601151
1125250 43.727177299863598137 2.8877551239052201559 -22431.198983033300465 129559.59511276400008 307.69911341255101433
1125600 43.7280808200178015 2.8988329204984499832 -22412.651436491298227 129732.27210975099297 305.27797669771899791
1125950 43.728850376770196817 2.9055476535475599498 -22415.914226026801771 129790.82146282900067 307.92443779627001277
1126300 43.731460758101398767 2.9118871191478699068 -22415.328531213301176 130052.15649177599698 305.54736570484300273
1126650 43.734994462835302897 2.9165020645693902068 -22434.736485177498253 130116.01047461699636 307.76464709156397248
1127000 43.737238039148103041 2.9178359059477401161 -22414.688417276298424 130051.73750270500022 306.07563647740101942
1127350 43.735693246722497918 2.92229394894753014 -22413.082485960199847 130000.5372020950017 307.75799873913899773
1127700 43.734734703725500538 2.9267330881127597841 -22468.108075999800349 130158.13237467799627 305.01187108134797654
1128050 43.734237136285301517 2.92925570861791007 -22396.023478800201701 129770.28753274699557 304.98148961354502262
1128400 43.73466440670480182 2.9306837294430798657 -22362.913824619998195 129575.03831687300408 306.38707280311098202
1128750 43.735175761658098281 2.9365415020565799331 -22426.660517691798304 129858.43025920299988 305.65417437924202204
1129100 43.73465758504890033 2.9419470621528400756 -22400.617940552499931 129599.07180187100312 306.4197488137280061
1129450 43.733928876682199416 2.9444768176943401095 -22333.109290835800493 129637.99327143699338 305.89563864391300285
1129800 43.73252963702889673 2.9443411250993398731 -22561.798046850100945 130014.02485049099778 306.17173286681600075
1130150 43.732381620689402268 2.945458493622600038 -22512.972802277399751 130340.33330463099992 301.99888007239599119
1130500 43.734227268875500272 2.9466424134841600058 -22499.499039393700514 129871.19512501900317 304.89113354678698897
1130850 43.737597370675601383 2.9491070536201400287 -22519.75402267570098 130460.65970047199517 304.50083069892400545
1131200 43.738213177785198127 2.950001045994670168 -22610.541485059999104 129781.97033304300567 305.57479793328099049
1131550 43.740442945691299315 2.9475431570029799744 -22510.986592902598204 130179.67342803100473 304.55890400820300101
1131900 43.744972453682500202 2.9444216200019202034 -22601.174523118501384 130023.02936087599664 305.54182411141397324
1132250 43.749729957651098289 2.9378556149824301968 -22443.512658286799706 129740.50537646599696 306.71774954808097391
1132600 43.75522747770040155 2.9309927712003798206 -22344.926261115000671 129867.88942793899332 306.7073636562839738
1132950 43.759619030505298554 2.9255978437454501773 -22388.896733072800998 130167.19870032000472 303.47555930371402155
1133300 43.764583954564400869 2.9222050659451799248 -22463.165168651899876 130033.26483617800113 303.69419868416497366
1133650 43.767962372113700553 2.9174436690688998475 -22327.416279298799054 130120.37178584099456 302.73173662718397736
1134000 43.77229016187749977 2.9152436093039399978 -22380.872943690199463 129915.59809937700629 306.01439353894801343
1134350 43.774849651420502994 2.914991419174360221 -22394.565493549300299 130465.07184647400572 303.53692394020600887
1134700 43.776307688765896842 2.9131221013873900283 -22411.297677801299869 129700.05036860100518 303.79439736998301669
1135050 43.779499989218599865 2.9127678376014101147 -22404.84809370019866 129955.39767357100209 306.33948680209101667
1135400 43.78373502242079951 2.9135732447670501521 -22232.98608785020042 130214.17554154500249 305.86884004801498804
1135750 43.787301530591498988 2.9142941767323198299 -22308.219869955599279 130232.51174034399446 306.70790127961902272
1136100 43.791194120919996635 2.9159755126363200439 -22376.461194050800259 129620.06242327600194 305.50617177114799006
1136450 43.79537520853150312 2.9187685591458101264 -22405.577181649099657 130426.16929501299455 304.07435103730898618
1136800 43.800154842833400437 2.9193638298390998109 -22497.03207530849977 130358.05414767999901 307.35269290762602168
1137150 43.803575811478197011 2.9220654392945601963 -22291.676491045200237 130140.98780615399301 303.7736778573669767
1137500 43.804109970690397802 2.9267252261048901651 -22370.370278156799031 130027.0759445510048 304.10547776896498817
1137850 43.80620677617260128 2.9285219000079498741 -22377.499253018399031 129921.80957836599555 306.21880579093601682
1138200 43.808057101792499566 2.9310958435553802204 -22508.240828774298279 129824.15837817800639 304.51235502634500563
1138550 43.809161718967601473 2.9324350668910601492 -22443.152415069598646 130118.76034008100396 305.30771430080301343
1138900 43.812421345471200596 2.9350663042772699995 -22396.997470309001073 130287.74043305100349 302.44753243610000482
1139250 43.819313496680003084 2.9398111793906998024 -22340.521251749200019 130095.26619989500614 303.95743449880399112
1139600 43.827620893057002149 2.9412225576305499608 -22381.693896347700502 130085.92834758899698 303.56345596623299343
1139950 43.832340069693799478 2.9376237176082597991 -22404.688505203099339 130026.88285293300578 305.60778860357402209
1140300 43.833243344525499197 2.9327199760807101114 -22340.734455296500528 130639.97703321199515 303.3067409515459758
1140650 43.832329455824599052 2.9278498069307201668 -22316.180597777998628 129970.90576729900204 305.93867026712001689
1141000 43.83153456809620252 2.9250099249429601933 -22230.713954455601197 129929.88252537899825 306.32541740981702105
1141350 43.831177293911601112 2.9230359580990601387 -22230.232352422401163 130309.23542938000173 307.06046463421597537
1141700 43.833856440065702031 2.9201137302087998293 -22290.688963348500693 130009.40590014999907 306.28569264413897599
1142050 43.83701788322900228 2.9197232900592298144 -22208.666291633500805 130161.70160409600066 305.03860190856801182
1142400 43.839318748237602108 2.9204329946091900361 -22254.010182692101807 130103.02724431999377 305.12605178457101829
1142750 43.840912998862798133 2.9211735083833900717 -22376.473164259001351 130155.10338827400119 303.90405785912099645
1143100 43.84358863414139762 2.91820473469846009 -22362.514328933400975 129754.09327995999774 306.97047800042702193
1143450 43.84402488060769798 2.9175503704497400825 -22384.016004267199605 129866.74873248700169 304.51146152129598477
1143800 43.844580015620302049 2.916746154374620037 -22348.3519050005998 130069.82876992999809 306.4984151641700123
1144150 43.848208863634901888 2.9174823153848699064 -22297.835306251901784 129886.14048010999977 304.34161244031901106
1144500 43.850246129351496904 2.91750534863574984 -22352.799449169699074 130168.3935400420014 306.15886254088400165
1144850 43.851505901247001873 2.9179549185932098787 -22346.892147137699794 130160.91521488899889 305.10302582921400472
1145200 43.854047588965499926 2.9198352233684001789 -22346.818869089798682 130238.74317915699794 303.78849910109499888
1145550 43.856914438275403256 2.9226297497001199055 -22346.713041444800183 130160.92426549899392 304.90871905952002408
1145900 43.859583934071096678 2.9248197455942901435 -22285.941959175299417 130196.87194169400027 304.368118297049989
1146250 43.863723226869602456 2.9240174650958801195 -22301.484168268299982 129851.72822700400138 306.00716146984098032
1146600 43.86824789773510247 2.9235878712257701295 -22334.693422182099312 129724.44870013100444 303.81915147291800849
1146950 43.873782660984097959 2.9255118825430899143 -22312.392420930100343 129630.65653105800448 303.98146763715101315
1147300 43.8769343627734969 2.9253673332485901071 -22408.973519248800585 129691.42975104799552 308.38790354154099305
1147650 43.879978355287200031 2.9257503418169399367 -22265.543515809000382 130012.99850815799437 303.74904232192699283
1148000 43.884599922985700005 2.9261733245074199594 -22190.686696802200458 130372.2139593729953 305.46148066155302558
1148350 43.887625909988003059 2.9262520389094599516 -22231.583972560201801 129623.29768716699618 305.72561900269897706
1148700 43.890757023402798609 2.9256662594364200025 -22219.165630964500451 129694.92113678299938 303.98585754335198317
1149050 43.894416537897598118 2.9243652956648000796 -22082.710955714101146 129988.98674498600303 307.32990626027901726
1149400 43.89812701571379705 2.9225781471230698472 -22054.901789864299644 129615.39526138200017 306.59620131642202523
1149750 43.902740922683499036 2.921962035571390004 -22168.022297140800219 129890.25343868600612 303.7907086926439888
1150100 43.910963474896902881 2.9216755620805998639 -22157.938723736999236 129826.09300643799361 302.92379437190601266
1150450 43.916409037922797154 2.9222192976824401534 -22167.721604611400835 129394.38604396900337 305.88133653333500206
1150800 43.919844361289001711 2.9270776452557898395 -22087.32888624160114 130186.26023866700416 303.78753208815902553
1151150 43.923191694307398336 2.9254588985314700089 -22240.099473679598304 130122.26758772300673 306.46549913749100824
1151500 43.925064118592800355 2.9218708628047798115 -22237.077135192601418 129796.82553033500153 304.54202167291902015
1151850 43.928075240545901181 2.9213959605567301203 -22232.215208569199604 129423.64131814800203 306.44430659461897903
1152200 43.932141640339999356 2.9190987557224001847 -22140.804435397600173 130010.15241963499284 304.81756998056800967
1152550 43.937441478669398975 2.9199698750292801819 -22170.515541823599051 130017.68452237300517 306.70773079363897295
1152900 43.942827398687299478 2.9204693772120497997 -22227.124517139000091 130037.42589947899978 304.37881929411400961
1153250 43.949570247116803046 2.9194129385362899143 -22135.775273464398197 130067.83284181800263 304.70971011493799097
1153600 43.957509598445298593 2.9199862749277101237 -22280.671596298001532 130399.22804755700054 305.15578039450099368
1153950 43.965933593948896885 2.9211090618344499603 -22258.90230460499879 130034.5536454969988 303.15502660934299684
1154300 43.975025236531003259 2.9175186168879800874 -22313.063329411401355 129787.31883664999623 307.99225579157797483
1154650 43.983070621393999033 2.9175272408796502077 -22280.924636611798633 129979.71338227599335 302.71106748581797774
1155000 43.989501250629302831 2.9177193459542301035 -22327.325553721901088 130053.72462883499975 305.370292962118981
1155350 43.993136690343298767 2.9160790606081601339 -22267.712211367001146 130157.8303874580015 306.00347465984998507
1155700 43.996836856859502518 2.9110445351778899692 -22260.729916639098519 129489.72373920600512 305.95086588630198321
1156050 43.999642579382900465 2.9079474325605501051 -22267.069566068501445 129534.04969238500053 306.36020861505897983
1156400 44.002791241314398007 2.9073554052689498661 -22280.214375724401179 129885.76905460900161 306.14565585156498173
1156750 44.008214796335501262 2.9095898067760299632 -22297.825699422399339 129632.56536086800043 304.90074194963000309
1157100 44.009408660444499617 2.9085950329998397912 -22312.197927545199491 129954.11188127999776 304.03608151322299591
1157450 44.008101565307200076 2.9059348886355298447 -22219.954305364801257 130074.80419427600282 306.00705935967499727
1157800 44.004989286178897601 2.9040980687905602053 -22355.878159304898873 129880.04191090899985 305.79727134520197751
1158150 44.006509794480301423 2.9049863252308001371 -22377.752405756298685 129652.37391608899634 306.18944005239802664
1158500 44.010669602690100533 2.9077179299089999098 -22216.883597636198829 129990.07134337299794 306.05846729824298791
1158850 44.015125341576599283 2.9108344490601498755 -22272.313498236198939 129844.93895836500451 305.78699295615797382
1159200 44.019435780160499405 2.9090522436387700189 -22234.441482542501035 129681.85811925800226 305.48204446620400176
1159550 44.024003234524798245 2.9069084040936301605 -22362.261742586601031 129802.263726596997 306.20595938200597175
1159900 44.028484491809699364 2.9050366155237501431 -22308.707661290500255 130086.82379739900352 306.09068421107900804
1160250 44.032961562543299294 2.9039226025365900696 -22376.941720195198286 129669.1481071599992 302.58717869642197229
1160600 44.036868897409100043 2.9006820254979501783 -22331.061860190500738 129778.26783966099902 305.40273842878298183
1160950 44.04043284612299658 2.8958597440197197947 -22276.48457191720081 129993.99028682199423 301.90199322518901681
1161300 44.044554827171502609 2.8945145454630001325 -22231.591158670100413 129449.59431288200722 305.82360076201001675
1161650 44.050514757483803407 2.8963337831480999718 -22195.720256176999101 129508.6793448410026 305.70707245869397184
1162000 44.055669354278201411 2.9012837939636999529 -22046.761551670399058 129882.96402756600583 305.01843784346101529
1162350 44.059699631579903212 2.9020590445616099018 -22061.236818232900987 129638.18071665499883 302.53088603064702511
1162700 44.064356981328501206 2.9038391443890900767 -22045.453719822900894 129875.59602346799511 306.47138235232898751
1163050 44.071044608493203043 2.9023718311327901809 -22144.113768981300382 129903.95984974400199 306.85830175258001873
1163400 44.076211549264499467 2.9021490396780698084 -22216.112981946200307 129953.65281136900012 304.0800561475779773
1163750 44.083382100304199014 2.9028659308428199637 -22162.726848621998215 129412.56837740799529 305.61476329825802623
1164100 44.089701724891099843 2.9052539000375499079 -22141.586656227300409 129659.04251178199775 305.23735567717397998
1164450 44.096008447940697295 2.9091031231973798477 -22221.606637956301711 129792.95360324899957 304.70471810973600668
1164800 44.103643437403697192 2.9086551895903798304 -22154.065809124200314 129214.83629025900154 303.40381458943897997
1165150 44.111677929152797617 2.9054042601037601834 -21994.966895504599961 129864.44416246599576 306.26460384442100349
1165500 44.118974089982799569 2.9046674593617400895 -22100.591045322900754 129495.51894387000357 303.46413475959502648
1165850 44.122800734760197372 2.9063330069179000859 -22248.697687971100095 129624.19206847400346 304.85912085073499611
1166200 44.125857350812701441 2.902580943199990049 -22189.286011676900671 129582.34169015599764 306.2176558236159849
1166550 44.130683893207603319 2.8999608914013998984 -22240.985759547198541 129560.91169181000441 304.77290252677397575
1166900 44.139083226915502678 2.8988232803531399639 -22221.117268422600318 129806.2099185219995 304.26679124658801356
1167250 44.147287672952998605 2.8985068299741900688 -22182.782584791199042 129773.63561958499486 305.03904164589999937
1167600 44.154219293167003002 2.8989580288991798618 -22173.173202695001237 129740.27980415799539 304.05714152243001536
1167950 44.159265039219199878 2.8942957208226900434 -22336.147979954701441 129661.02951466800005 304.41708724858301593
1168300 44.163626146650301507 2.8903535623596900983 -22307.723393107600714 129899.13660139900458 304.41748398573997747
1168650 44.16760949296919847 2.8903439264796300101 -22182.820885525401536 129646.76204368199978 303.73743850908397235
1169000 44.171776738024597364 2.8908590698579601508 -22209.078200758100138 130143.02300112599914 303.94067517821298452
1169350 44.174697489526302263 2.8969183071201198842 -22303.4538780080984 129819.10553954599891 304.59009846742901573
1169700 44.178389436673796808 2.9029543435817499741 -22220.949517851600831 129890.27705552999396 304.7711291102280029
1170050 44.181221682533298178 2.9045834084638402217 -22079.8478915322994 129746.48205261399562 305.8730087515010041
1170400 44.18433890577519918 2.9030483168574199304 -22078.607416852199094 129753.66773306399409 302.39068624604698243
1170750 44.188434688038199738 2.9054054468282402013 -22210.922006436601805 129931.84874124400085 304.12248858304002397
1171100 44.19339681879799997 2.9099916873447502219 -22167.551344684001378 129346.01648909400683 304.19410791056998278
1171450 44.197972197898998559 2.9163314598847800418 -22089.237272104499425 129770.30649647899554 305.66195648176500299
1171800 44.203164826737896931 2.9203602076734300752 -22239.679790299298475 129861.66679433800164 302.17107336287699582
1172150 44.209528591897402805 2.9215784935303599212 -22120.375344053500157 129308.30671985600202 307.08784381364500859
1172500 44.215197796833002997 2.9254358600208201224 -22004.421452826798486 129699.00367868300236 304.48395919517099628
1172850 44.220318137213297405 2.9302231445392101783 -22142.497756806398684 129904.66636097499577 303.47948323828001094
1173200 44.22619761803760241 2.9340183817926801524 -22060.585467689201323 129343.8121964949969 304.50852961254400952
1173550 44.234514604362800583 2.9359228230523499725 -22178.072453069100447 129314.48936280599446 307.33601635049001288
1173900 44.243573844455298172 2.9391835822871601458 -22064.369045765000919 129949.24782868899638 305.08087297237000257
1174250 44.252278762142999824 2.944695823374900101 -22181.713996507598495 129883.45656515999872 306.43231179213097448
1174600 44.257255060277401526 2.9473793907838401473 -22236.944000985098683 129781.60637831399799 304.27330855078400873
1174950 44.260639535122301425 2.947130552368200096 -22066.976658193900221 129745.4882835400058 304.54877037334398437
1175300 44.263153161261200808 2.9479533881284400998 -22065.018085353098286 129819.05188793900015 303.34495429806599986
1175650 44.266214349110299509 2.9491419663419300434 -22167.964922263101471 130095.31295671200496 304.71011522674797334
1176000 44.27038078382989994 2.950647141370560167 -22059.386560130300495 129432.48545926000224 305.53945553613800712
1176350 44.27776936275829911 2.9504579495443299386 -22055.725696239798708 129992.3565469860041 303.43091311376099384
1176700 44.282822282926503021 2.9543279403293700724 -22120.842300370401063 130033.60187241900712 304.11037595724798166
1177050 44.288580974392402823 2.9576493306013897922 -22028.302419713498239 129777.3381211800006 306.82085839681997186
1177400 44.295451566039901081 2.9606608022952598525 -21984.903973657099414 129835.75562552599877 304.85540873520500327
1177750 44.299207073174898142 2.9604780484018600184 -22003.24132630729946 129794.75308398999914 306.3289540411390135
1178100 44.302343849007797871 2.9592102726051199291 -22037.959611141399364 129500.52345288600191 303.54987467927497846
1178450 44.307264457921796463 2.9591972411907101481 -22115.081066808801552 129559.85353188299632 308.04989000253101494
1178800 44.312053449868301414 2.9604069861735697877 -22012.128352253599587 129746.46369173799758 301.37600035183100999
1179150 44.314681335566298515 2.9577857676851397883 -22059.76994302680032 129654.74368866499572 304.21954772448799531
1179500 44.317763914844000794 2.9547185190705298474 -22134.493307767799706 130184.92423816700466 302.42691196012901855
1179850 44.321489297305298294 2.9556676187330901406 -22073.798224714901153 129788.43214383399754 306.2385430645600195
1180200 44.324141380500101661 2.9544134088025999496 -22058.077004806298646 129651.85523260799528 305.39735269349301916
1180550 44.327564595282602511 2.954690725915059879 -22060.413526171698322 129822.06911924299493 305.09073908160900146
1180900 44.330171280921000232 2.954262402327930026 -22102.714911211100116 129558.84828168200329 307.80128937714800941
1181250 44.331908931806999874 2.9562675982468800129 -22161.407502311500139 129629.37675866299833 305.16297933962198385
1181600 44.334208271211700492 2.958300660996520115 -21997.739235280900175 129391.15232553800161 305.41266378991497277
1181950 44.333918779048701708 2.9588711701910499485 -22122.509821511201153 129805.911473715998 304.51259019095999747
1182300 44.331197444526601714 2.9561885609892901705 -22161.955136736600252 129825.26241487299558 303.6016226689490054
1182650 44.3322229370279004 2.95511034634438019 -22137.096239477799827 129933.26421751899761 305.25462105820400893
1183000 44.334971701047997783 2.956991470992179849 -22074.249849058400287 130246.12762350600678 304.66242941313299752
1183350 44.338003103376301794 2.9586688382154702204 -22088.792167226998572 129629.11919685799512 304.11799643525097281
1183700 44.343410206270498009 2.9606464258282798596 -22032.363939274098811 129786.48877506199642 303.25193735586498178
1184050 44.34956897976130108 2.9622621594702498449 -22076.741338596501009 129626.83583484000701 303.78120019763201753
1184400 44.353602939647501557 2.9623753495150602078 -22109.756721054600348 129460.22545318299672 304.66567900346097986
1184750 44.355390062861097533 2.9620949477735001309 -22212.301263784298499 129830.56211999199877 304.44848419338501344
1185100 44.354009331309200093 2.9580186798142897864 -22111.161997743500251 130063.94854934400064 304.53921939701598376
1185450 44.353567636421196596 2.9570949904472900727 -22198.112948467500246 130052.52961907499412 305.86480164606399512
1185800 44.353342591813600393 2.9541971739465999747 -22095.575977694599715 129725.90876684899558 304.93490479094100465
1186150 44.357221458599198627 2.9552288346559900667 -22035.36277345920098 129868.3012923750066 302.76179582369900345
1186500 44.364167533578097391 2.9583608301840600419 -22136.804937721099122 129878.66043287499633 303.86723903361502153
1186850 44.369399074701199481 2.956865084138959876 -22214.872817909701553 129612.97351081999659 305.23949026554402053
1187200 44.37531094456630143 2.9576642987435399768 -22151.157896153501497 129957.03330034000101 304.81508488534399248
1187550 44.377685581760502487 2.9578651288691402144 -22170.842676949698216 129854.45857380599773 305.11034446442897661
1187900 44.379118859791098828 2.9577204456657297804 -22114.751301168998907 129589.03966832399601 306.06454712417598785
1188250 44.380770374950699875 2.9575771298170701051 -22090.07747309880142 129805.27148325600137 306.51517347526697677
1188600 44.383322550694302322 2.9592594926859199234 -22072.093181449599797 129699.49052988199401 305.55602021052999362
1188950 44.385558921088403395 2.9594887889907202094 -22089.221375671600981 129143.08182228800433 306.99439247133000208
1189300 44.386533037008902625 2.9600419249365299557 -22095.359971041398239 129650.15650364299654 305.50774997409899925
1189650 44.386083767824700885 2.9564938617605598381 -22043.160837767500198 129803.07534586900147 303.75926477769701251
1190000 44.386711012338302851 2.9533933441726398783 -22122.025922397300747 129797.2779072830017 306.81076448440001059
1190350 44.387684792728201444 2.9529846035273101812 -22216.720728212898393 129789.62923701100226 304.96291037075599206
1190700 44.389886192016099642 2.9528105767974599516 -22151.700595217098453 129651.80736335999973 306.3546199917449826
