ΦHEA,ΦBA,ΦCBEA,ΦATAC,ΦPEA,ΦAAm,Fa_target,split
0.003,0.521,0.207,0.1,0.167,0.002,87.95675116083339,train
0.003,0.521,0.207,0.1,0.167,0.002,84.62098210976994,train
0.003,0.521,0.207,0.1,0.167,0.002,90.41407264633987,train
0.003,0.521,0.207,0.1,0.167,0.002,86.16459195683858,train
0.003,0.521,0.207,0.1,0.167,0.002,90.62320132713927,train
0.003,0.521,0.207,0.1,0.167,0.002,89.59543810655167,train
0.003,0.521,0.207,0.1,0.167,0.002,84.68160882579261,train
0.003,0.521,0.207,0.1,0.167,0.002,88.11819074034852,train
0.003,0.521,0.207,0.1,0.167,0.002,89.29597581790796,train
0.003,0.521,0.207,0.1,0.167,0.002,88.06466495595815,train
0.003,0.521,0.207,0.1,0.167,0.002,85.33335861305072,train
0.003,0.521,0.207,0.1,0.167,0.002,88.8476295652837,train
0.003,0.521,0.207,0.1,0.167,0.002,87.91726597259981,train
0.003,0.521,0.207,0.1,0.167,0.002,85.22705156498827,train
0.003,0.521,0.207,0.1,0.167,0.002,86.35487849898769,train
0.003,0.521,0.207,0.1,0.167,0.002,83.62551482924857,train
0.003,0.521,0.207,0.1,0.167,0.002,88.64895151705981,train
0.003,0.521,0.207,0.1,0.167,0.002,83.41461061498354,train
0.003,0.521,0.207,0.1,0.167,0.002,92.32072195547447,train
0.003,0.521,0.207,0.1,0.167,0.002,86.61965974263548,train
0.003,0.521,0.207,0.1,0.167,0.002,89.6120051823075,train
0.003,0.521,0.207,0.1,0.167,0.002,86.23848863704183,train
0.003,0.521,0.207,0.1,0.167,0.002,85.9275416060676,train
0.003,0.521,0.207,0.1,0.167,0.002,84.94275110602808,train
0.003,0.521,0.207,0.1,0.167,0.002,91.14246258987882,train
0.003,0.521,0.207,0.1,0.167,0.002,84.65843740037958,train
0.003,0.521,0.207,0.1,0.167,0.002,82.02950338681265,train
0.003,0.521,0.207,0.1,0.167,0.002,90.2508275998898,train
0.003,0.521,0.207,0.1,0.167,0.002,87.21036021883198,train
0.003,0.521,0.207,0.1,0.167,0.002,88.1998206383135,train
0.015,0.578,0.089,0.098,0.181,0.038,102.62610560814794,train
0.015,0.578,0.089,0.098,0.181,0.038,95.55567577113376,train
0.015,0.578,0.089,0.098,0.181,0.038,168.77209721207845,train
0.015,0.578,0.089,0.098,0.181,0.038,137.23580058790654,train
0.015,0.578,0.089,0.098,0.181,0.038,160.76097172464836,train
0.015,0.578,0.089,0.098,0.181,0.038,86.65258110512497,train
0.015,0.578,0.089,0.098,0.181,0.038,103.41727714201869,train
0.015,0.578,0.089,0.098,0.181,0.038,143.12582243806128,train
0.015,0.578,0.089,0.098,0.181,0.038,91.42073847771442,train
0.015,0.578,0.089,0.098,0.181,0.038,111.64656462633407,train
0.015,0.578,0.089,0.098,0.181,0.038,79.39341339631635,train
0.015,0.578,0.089,0.098,0.181,0.038,122.97741742760704,train
0.015,0.578,0.089,0.098,0.181,0.038,122.54466509493241,train
0.015,0.578,0.089,0.098,0.181,0.038,61.728314727043944,train
0.015,0.578,0.089,0.098,0.181,0.038,128.76183476774236,train
0.015,0.578,0.089,0.098,0.181,0.038,123.73282825220497,train
0.015,0.578,0.089,0.098,0.181,0.038,105.27668689921936,train
0.015,0.578,0.089,0.098,0.181,0.038,77.59449220960869,train
0.015,0.578,0.089,0.098,0.181,0.038,120.943721216178,train
0.015,0.578,0.089,0.098,0.181,0.038,111.86435524651637,train
0.015,0.578,0.089,0.098,0.181,0.038,117.70638069598543,train
0.015,0.578,0.089,0.098,0.181,0.038,117.83967752409696,train
0.015,0.578,0.089,0.098,0.181,0.038,112.1716730318344,train
0.015,0.578,0.089,0.098,0.181,0.038,142.07082163900878,train
0.015,0.578,0.089,0.098,0.181,0.038,118.3756034566632,train
0.015,0.578,0.089,0.098,0.181,0.038,108.54636189777192,train
0.015,0.578,0.089,0.098,0.181,0.038,129.60784709205717,train
0.015,0.578,0.089,0.098,0.181,0.038,69.74715103384739,train
0.015,0.578,0.089,0.098,0.181,0.038,104.22026081958111,train
0.015,0.578,0.089,0.098,0.181,0.038,87.93125667826713,train
0.003,0.493,0.16,0.107,0.212,0.026,37.524236228878465,train
0.003,0.493,0.16,0.107,0.212,0.026,51.321758635745354,train
0.003,0.493,0.16,0.107,0.212,0.026,51.80793041049137,train
0.003,0.493,0.16,0.107,0.212,0.026,39.122692324978665,train
0.003,0.493,0.16,0.107,0.212,0.026,50.42006571769662,train
0.003,0.493,0.16,0.107,0.212,0.026,59.35961921637284,train
0.003,0.493,0.16,0.107,0.212,0.026,58.6994047423382,train
0.003,0.493,0.16,0.107,0.212,0.026,53.26520834404707,train
0.003,0.493,0.16,0.107,0.212,0.026,56.28031295019806,train
0.003,0.493,0.16,0.107,0.212,0.026,54.20827784577108,train
0.003,0.493,0.16,0.107,0.212,0.026,46.373560215026124,train
0.003,0.493,0.16,0.107,0.212,0.026,56.26279799680021,train
0.003,0.493,0.16,0.107,0.212,0.026,56.33206652513355,train
0.003,0.493,0.16,0.107,0.212,0.026,61.31158695874797,train
0.003,0.493,0.16,0.107,0.212,0.026,31.90473637930344,train
0.003,0.493,0.16,0.107,0.212,0.026,54.750731809626615,train
0.003,0.493,0.16,0.107,0.212,0.026,32.55007467259745,train
0.003,0.493,0.16,0.107,0.212,0.026,48.98404721937104,train
0.003,0.493,0.16,0.107,0.212,0.026,41.07564301398382,train
0.003,0.493,0.16,0.107,0.212,0.026,51.41631462712787,train
0.003,0.493,0.16,0.107,0.212,0.026,59.56982041599745,train
0.003,0.493,0.16,0.107,0.212,0.026,61.385996307182495,train
0.003,0.493,0.16,0.107,0.212,0.026,43.42629229247139,train
0.003,0.493,0.16,0.107,0.212,0.026,44.080526494213615,train
0.003,0.493,0.16,0.107,0.212,0.026,63.69293308193672,train
0.003,0.493,0.16,0.107,0.212,0.026,37.25584912041613,train
0.003,0.493,0.16,0.107,0.212,0.026,38.14210510893001,train
0.003,0.493,0.16,0.107,0.212,0.026,45.34441812309532,train
0.003,0.493,0.16,0.107,0.212,0.026,63.104203198930016,train
0.003,0.493,0.16,0.107,0.212,0.026,56.39693531308347,train
0.008,0.591,0.092,0.095,0.186,0.028,91.89049471438243,train
0.008,0.591,0.092,0.095,0.186,0.028,99.61077268353122,train
0.008,0.591,0.092,0.095,0.186,0.028,87.27389790354563,train
0.008,0.591,0.092,0.095,0.186,0.028,109.05378147302996,train
0.008,0.591,0.092,0.095,0.186,0.028,100.49430678672968,train
0.008,0.591,0.092,0.095,0.186,0.028,97.81987600336521,train
0.008,0.591,0.092,0.095,0.186,0.028,110.26703020636344,train
0.008,0.591,0.092,0.095,0.186,0.028,113.98986962236484,train
0.008,0.591,0.092,0.095,0.186,0.028,92.42156355514413,train
0.008,0.591,0.092,0.095,0.186,0.028,112.46284945954349,train
0.008,0.591,0.092,0.095,0.186,0.028,97.3189922013518,train
0.008,0.591,0.092,0.095,0.186,0.028,83.95203637683495,train
0.008,0.591,0.092,0.095,0.186,0.028,116.35706974588877,train
0.008,0.591,0.092,0.095,0.186,0.028,82.50986224855427,train
0.008,0.591,0.092,0.095,0.186,0.028,102.4573375902508,train
0.008,0.591,0.092,0.095,0.186,0.028,106.30698169903042,train
0.008,0.591,0.092,0.095,0.186,0.028,114.4295798910423,train
0.008,0.591,0.092,0.095,0.186,0.028,72.24681491214103,train
0.008,0.591,0.092,0.095,0.186,0.028,91.21930708139051,train
0.008,0.591,0.092,0.095,0.186,0.028,123.9103538923642,train
0.008,0.591,0.092,0.095,0.186,0.028,114.26460823134471,train
0.008,0.591,0.092,0.095,0.186,0.028,130.41792206114116,train
0.008,0.591,0.092,0.095,0.186,0.028,95.74475784147805,train
0.008,0.591,0.092,0.095,0.186,0.028,80.50393253021336,train
0.008,0.591,0.092,0.095,0.186,0.028,110.85055924663926,train
0.008,0.591,0.092,0.095,0.186,0.028,94.22138476364404,train
0.008,0.591,0.092,0.095,0.186,0.028,125.97554120496899,train
0.008,0.591,0.092,0.095,0.186,0.028,114.31881486946335,train
0.008,0.591,0.092,0.095,0.186,0.028,90.1135223224651,train
0.008,0.591,0.092,0.095,0.186,0.028,124.60665227502712,train
0.132,0.587,0.007,0.075,0.097,0.102,97.6061882807866,train
0.132,0.587,0.007,0.075,0.097,0.102,112.98915421627146,train
0.132,0.587,0.007,0.075,0.097,0.102,101.48625211762452,train
0.132,0.587,0.007,0.075,0.097,0.102,106.58959408476025,train
0.132,0.587,0.007,0.075,0.097,0.102,110.0497858156963,train
0.132,0.587,0.007,0.075,0.097,0.102,112.87749582536995,train
0.132,0.587,0.007,0.075,0.097,0.102,104.80168092976727,train
0.132,0.587,0.007,0.075,0.097,0.102,99.25155662549575,train
0.132,0.587,0.007,0.075,0.097,0.102,97.60821069991675,train
0.132,0.587,0.007,0.075,0.097,0.102,105.52032040988348,train
0.132,0.587,0.007,0.075,0.097,0.102,110.27917954697,train
0.132,0.587,0.007,0.075,0.097,0.102,106.85118513238736,train
0.132,0.587,0.007,0.075,0.097,0.102,99.2070984673826,train
0.132,0.587,0.007,0.075,0.097,0.102,111.74024418561423,train
0.132,0.587,0.007,0.075,0.097,0.102,112.8134835873273,train
0.132,0.587,0.007,0.075,0.097,0.102,99.52057643515136,train
0.132,0.587,0.007,0.075,0.097,0.102,108.25245061057115,train
0.132,0.587,0.007,0.075,0.097,0.102,101.19857894339204,train
0.132,0.587,0.007,0.075,0.097,0.102,108.6679089401331,train
0.132,0.587,0.007,0.075,0.097,0.102,100.79593228820849,train
0.132,0.587,0.007,0.075,0.097,0.102,103.20806301945505,train
0.132,0.587,0.007,0.075,0.097,0.102,108.21757569291476,train
0.132,0.587,0.007,0.075,0.097,0.102,101.39607312327551,train
0.132,0.587,0.007,0.075,0.097,0.102,98.36488787940759,train
0.132,0.587,0.007,0.075,0.097,0.102,104.2295306414768,train
0.132,0.587,0.007,0.075,0.097,0.102,100.62871357553823,train
0.132,0.587,0.007,0.075,0.097,0.102,108.17022281891079,train
0.132,0.587,0.007,0.075,0.097,0.102,101.91865752950346,train
0.132,0.587,0.007,0.075,0.097,0.102,100.2371205914682,train
0.132,0.587,0.007,0.075,0.097,0.102,106.88652941777251,train
0.048,0.592,0.036,0.077,0.146,0.101,54.48834768701908,train
0.048,0.592,0.036,0.077,0.146,0.101,75.59785467117764,train
0.048,0.592,0.036,0.077,0.146,0.101,78.53759831518374,train
0.048,0.592,0.036,0.077,0.146,0.101,87.46368742730147,train
0.048,0.592,0.036,0.077,0.146,0.101,97.84284081359921,train
0.048,0.592,0.036,0.077,0.146,0.101,70.49332372983329,train
0.048,0.592,0.036,0.077,0.146,0.101,87.38390634379292,train
0.048,0.592,0.036,0.077,0.146,0.101,86.68949919005063,train
0.048,0.592,0.036,0.077,0.146,0.101,56.849559118549585,train
0.048,0.592,0.036,0.077,0.146,0.101,58.54768869794681,train
0.048,0.592,0.036,0.077,0.146,0.101,80.1907710738664,train
0.048,0.592,0.036,0.077,0.146,0.101,91.79172250495517,train
0.048,0.592,0.036,0.077,0.146,0.101,66.12100896060797,train
0.048,0.592,0.036,0.077,0.146,0.101,85.40695425740185,train
0.048,0.592,0.036,0.077,0.146,0.101,54.238140317881786,train
0.048,0.592,0.036,0.077,0.146,0.101,40.50371587569928,train
0.048,0.592,0.036,0.077,0.146,0.101,84.72955098719233,train
0.048,0.592,0.036,0.077,0.146,0.101,78.8930435864649,train
0.048,0.592,0.036,0.077,0.146,0.101,82.63709535357556,train
0.048,0.592,0.036,0.077,0.146,0.101,40.232393978723614,train
0.048,0.592,0.036,0.077,0.146,0.101,79.11151839696065,train
0.048,0.592,0.036,0.077,0.146,0.101,61.752735626065075,train
0.048,0.592,0.036,0.077,0.146,0.101,65.94060871008195,train
0.048,0.592,0.036,0.077,0.146,0.101,38.27084489337432,train
0.048,0.592,0.036,0.077,0.146,0.101,71.38651082473802,train
0.048,0.592,0.036,0.077,0.146,0.101,111.0530232182621,train
0.048,0.592,0.036,0.077,0.146,0.101,79.04562556584412,train
0.048,0.592,0.036,0.077,0.146,0.101,73.44924785974658,train
0.048,0.592,0.036,0.077,0.146,0.101,58.960181870893095,train
0.048,0.592,0.036,0.077,0.146,0.101,82.42485171416848,train
0.036,0.59,0.021,0.115,0.172,0.066,124.35897275923472,train
0.036,0.59,0.021,0.115,0.172,0.066,110.346096262593,train
0.036,0.59,0.021,0.115,0.172,0.066,107.49835873662678,train
0.036,0.59,0.021,0.115,0.172,0.066,116.17274458218124,train
0.036,0.59,0.021,0.115,0.172,0.066,118.80855990089087,train
0.036,0.59,0.021,0.115,0.172,0.066,121.08578572892569,train
0.036,0.59,0.021,0.115,0.172,0.066,123.11233065378306,train
0.036,0.59,0.021,0.115,0.172,0.066,119.10625252411084,train
0.036,0.59,0.021,0.115,0.172,0.066,116.60125804926416,train
0.036,0.59,0.021,0.115,0.172,0.066,117.73785425435982,train
0.036,0.59,0.021,0.115,0.172,0.066,111.19390058258556,train
0.036,0.59,0.021,0.115,0.172,0.066,116.04238970092267,train
0.036,0.59,0.021,0.115,0.172,0.066,121.95231337341431,train
0.036,0.59,0.021,0.115,0.172,0.066,109.39122627445725,train
0.036,0.59,0.021,0.115,0.172,0.066,114.03145682719608,train
0.036,0.59,0.021,0.115,0.172,0.066,112.02896027277833,train
0.036,0.59,0.021,0.115,0.172,0.066,119.61127430955256,train
0.036,0.59,0.021,0.115,0.172,0.066,116.56170469391874,train
0.036,0.59,0.021,0.115,0.172,0.066,117.51918568251908,train
0.036,0.59,0.021,0.115,0.172,0.066,114.67816543956135,train
0.036,0.59,0.021,0.115,0.172,0.066,119.1278661767572,train
0.036,0.59,0.021,0.115,0.172,0.066,110.72663394815208,train
0.036,0.59,0.021,0.115,0.172,0.066,119.83237977974308,train
0.036,0.59,0.021,0.115,0.172,0.066,125.92270216463154,train
0.036,0.59,0.021,0.115,0.172,0.066,111.48723697989365,train
0.036,0.59,0.021,0.115,0.172,0.066,113.91718377906584,train
0.036,0.59,0.021,0.115,0.172,0.066,110.26927660825297,train
0.036,0.59,0.021,0.115,0.172,0.066,114.74513749524363,train
0.036,0.59,0.021,0.115,0.172,0.066,108.43847760705499,train
0.036,0.59,0.021,0.115,0.172,0.066,115.62502109478667,train
0.0,0.27,0.05,0.12,0.351,0.21,102.2786008191728,train
0.0,0.27,0.05,0.12,0.351,0.21,92.48805500628848,train
0.0,0.27,0.05,0.12,0.351,0.21,87.3726639441431,train
0.0,0.27,0.05,0.12,0.351,0.21,72.43148011760563,train
0.0,0.27,0.05,0.12,0.351,0.21,101.24017862552904,train
0.0,0.27,0.05,0.12,0.351,0.21,89.7129580314228,train
0.0,0.27,0.05,0.12,0.351,0.21,80.8812845757814,train
0.0,0.27,0.05,0.12,0.351,0.21,82.49936528308871,train
0.0,0.27,0.05,0.12,0.351,0.21,88.54483207574009,train
0.0,0.27,0.05,0.12,0.351,0.21,82.81870109052292,train
0.0,0.27,0.05,0.12,0.351,0.21,98.68781894493803,train
0.0,0.27,0.05,0.12,0.351,0.21,92.79879436468615,train
0.0,0.27,0.05,0.12,0.351,0.21,81.60742261637338,train
0.0,0.27,0.05,0.12,0.351,0.21,77.17362780245197,train
0.0,0.27,0.05,0.12,0.351,0.21,81.20737684715121,train
0.0,0.27,0.05,0.12,0.351,0.21,77.42791563507885,train
0.0,0.27,0.05,0.12,0.351,0.21,83.16131823356496,train
0.0,0.27,0.05,0.12,0.351,0.21,94.14939813663364,train
0.0,0.27,0.05,0.12,0.351,0.21,85.60777705845155,train
0.0,0.27,0.05,0.12,0.351,0.21,83.75143843896566,train
0.0,0.27,0.05,0.12,0.351,0.21,81.03681229717697,train
0.0,0.27,0.05,0.12,0.351,0.21,90.75739697274784,train
0.0,0.27,0.05,0.12,0.351,0.21,91.52927862515723,train
0.0,0.27,0.05,0.12,0.351,0.21,92.105287832756,train
0.0,0.27,0.05,0.12,0.351,0.21,91.17671571183729,train
0.0,0.27,0.05,0.12,0.351,0.21,81.63529213736925,train
0.0,0.27,0.05,0.12,0.351,0.21,90.78500796692211,train
0.0,0.27,0.05,0.12,0.351,0.21,94.43050828205673,train
0.0,0.27,0.05,0.12,0.351,0.21,82.30901422539175,train
0.0,0.27,0.05,0.12,0.351,0.21,85.21959613897793,train
0.0,0.439,0.0,0.06,0.14,0.361,62.007957307638684,train
0.0,0.439,0.0,0.06,0.14,0.361,68.94370556363796,train
0.0,0.439,0.0,0.06,0.14,0.361,66.23062847939612,train
0.0,0.439,0.0,0.06,0.14,0.361,60.00112817389006,train
0.0,0.439,0.0,0.06,0.14,0.361,60.18619865402214,train
0.0,0.439,0.0,0.06,0.14,0.361,72.68358760976497,train
0.0,0.439,0.0,0.06,0.14,0.361,63.07841627681231,train
0.0,0.439,0.0,0.06,0.14,0.361,68.32392960962005,train
0.0,0.439,0.0,0.06,0.14,0.361,70.55539795863002,train
0.0,0.439,0.0,0.06,0.14,0.361,70.69283836923915,train
0.0,0.439,0.0,0.06,0.14,0.361,75.5378770446684,train
0.0,0.439,0.0,0.06,0.14,0.361,61.19417166673383,train
0.0,0.439,0.0,0.06,0.14,0.361,57.63489423696875,train
0.0,0.439,0.0,0.06,0.14,0.361,71.38508648564704,train
0.0,0.439,0.0,0.06,0.14,0.361,65.51290332814715,train
0.0,0.439,0.0,0.06,0.14,0.361,62.01862354883029,train
0.0,0.439,0.0,0.06,0.14,0.361,66.69043856906927,train
0.0,0.439,0.0,0.06,0.14,0.361,69.46833330314449,train
0.0,0.439,0.0,0.06,0.14,0.361,68.78584531652318,train
0.0,0.439,0.0,0.06,0.14,0.361,60.78780226166252,train
0.0,0.439,0.0,0.06,0.14,0.361,70.83935349737648,train
0.0,0.439,0.0,0.06,0.14,0.361,62.02034708788479,train
0.0,0.439,0.0,0.06,0.14,0.361,62.10200604503542,train
0.0,0.439,0.0,0.06,0.14,0.361,68.53500419659065,train
0.0,0.439,0.0,0.06,0.14,0.361,75.94544421634394,train
0.0,0.439,0.0,0.06,0.14,0.361,61.952173640083934,train
0.0,0.439,0.0,0.06,0.14,0.361,67.77118240860334,train
0.0,0.439,0.0,0.06,0.14,0.361,69.0768993683392,train
0.0,0.439,0.0,0.06,0.14,0.361,68.33560470032153,train
0.0,0.439,0.0,0.06,0.14,0.361,71.52670767458821,train
0.0,0.687,0.0,0.101,0.212,0.0,201.43244031447836,train
0.0,0.687,0.0,0.101,0.212,0.0,189.36213685469752,train
0.0,0.687,0.0,0.101,0.212,0.0,186.9035876581567,train
0.0,0.687,0.0,0.101,0.212,0.0,206.06865643968894,train
0.0,0.687,0.0,0.101,0.212,0.0,187.35077360133351,train
0.0,0.687,0.0,0.101,0.212,0.0,203.87634906038724,train
0.0,0.687,0.0,0.101,0.212,0.0,197.98805096375057,train
0.0,0.687,0.0,0.101,0.212,0.0,182.05180095469635,train
0.0,0.687,0.0,0.101,0.212,0.0,195.23916942226904,train
0.0,0.687,0.0,0.101,0.212,0.0,214.1502786907487,train
0.0,0.687,0.0,0.101,0.212,0.0,200.7647796517672,train
0.0,0.687,0.0,0.101,0.212,0.0,193.7928444432238,train
0.0,0.687,0.0,0.101,0.212,0.0,192.72996782086327,train
0.0,0.687,0.0,0.101,0.212,0.0,199.64340751032051,train
0.0,0.687,0.0,0.101,0.212,0.0,211.44654369287738,train
0.0,0.687,0.0,0.101,0.212,0.0,201.12113701061855,train
0.0,0.687,0.0,0.101,0.212,0.0,196.3306177959523,train
0.0,0.687,0.0,0.101,0.212,0.0,186.31312133620472,train
0.0,0.687,0.0,0.101,0.212,0.0,221.44597106940452,train
0.0,0.687,0.0,0.101,0.212,0.0,174.97468301529594,train
0.0,0.687,0.0,0.101,0.212,0.0,180.8108377747285,train
0.0,0.687,0.0,0.101,0.212,0.0,197.50624585445698,train
0.0,0.687,0.0,0.101,0.212,0.0,190.0015599800582,train
0.0,0.687,0.0,0.101,0.212,0.0,187.69431030924918,train
0.0,0.687,0.0,0.101,0.212,0.0,194.83794999864944,train
0.0,0.687,0.0,0.101,0.212,0.0,204.10788935631365,train
0.0,0.687,0.0,0.101,0.212,0.0,201.42572564283063,train
0.0,0.687,0.0,0.101,0.212,0.0,202.64218454921485,train
0.0,0.687,0.0,0.101,0.212,0.0,192.98942479610653,train
0.0,0.687,0.0,0.101,0.212,0.0,149.07758255076806,train
0.0,0.692,0.0,0.11,0.168,0.03,229.22949631886624,train
0.0,0.692,0.0,0.11,0.168,0.03,247.69717443570363,train
0.0,0.692,0.0,0.11,0.168,0.03,200.90096579782937,train
0.0,0.692,0.0,0.11,0.168,0.03,263.7264379233413,train
0.0,0.692,0.0,0.11,0.168,0.03,234.39982929765443,train
0.0,0.692,0.0,0.11,0.168,0.03,221.37847329453868,train
0.0,0.692,0.0,0.11,0.168,0.03,204.40111783260886,train
0.0,0.692,0.0,0.11,0.168,0.03,256.1713702786613,train
0.0,0.692,0.0,0.11,0.168,0.03,234.98353849772923,train
0.0,0.692,0.0,0.11,0.168,0.03,213.53861074642558,train
0.0,0.692,0.0,0.11,0.168,0.03,213.90756885791467,train
0.0,0.692,0.0,0.11,0.168,0.03,167.47545159256816,train
0.0,0.692,0.0,0.11,0.168,0.03,254.93952628492053,train
0.0,0.692,0.0,0.11,0.168,0.03,235.2943020004414,train
0.0,0.692,0.0,0.11,0.168,0.03,213.6082367617283,train
0.0,0.692,0.0,0.11,0.168,0.03,224.77274629674017,train
0.0,0.692,0.0,0.11,0.168,0.03,238.01757708565054,train
0.0,0.692,0.0,0.11,0.168,0.03,203.37297063552865,train
0.0,0.692,0.0,0.11,0.168,0.03,248.79452162574918,train
0.0,0.692,0.0,0.11,0.168,0.03,213.91354963514743,train
0.0,0.692,0.0,0.11,0.168,0.03,256.3438709073452,train
0.0,0.692,0.0,0.11,0.168,0.03,225.44779570088133,train
0.0,0.692,0.0,0.11,0.168,0.03,256.46068212460347,train
0.0,0.692,0.0,0.11,0.168,0.03,204.20139629032954,train
0.0,0.692,0.0,0.11,0.168,0.03,227.34390730182815,train
0.0,0.692,0.0,0.11,0.168,0.03,238.7979836046036,train
0.0,0.692,0.0,0.11,0.168,0.03,213.10276129017043,train
0.0,0.692,0.0,0.11,0.168,0.03,248.2729041798631,train
0.0,0.692,0.0,0.11,0.168,0.03,209.18264257859474,train
0.0,0.692,0.0,0.11,0.168,0.03,212.94565860984787,train
0.04,0.15,0.38,0.11,0.32,0.0,95.10621816973267,train
0.04,0.15,0.38,0.11,0.32,0.0,87.54998630575366,train
0.04,0.15,0.38,0.11,0.32,0.0,108.90636802985945,train
0.04,0.15,0.38,0.11,0.32,0.0,113.12096435868017,train
0.04,0.15,0.38,0.11,0.32,0.0,100.81884238402816,train
0.04,0.15,0.38,0.11,0.32,0.0,94.32183083665822,train
0.04,0.15,0.38,0.11,0.32,0.0,96.67912775075563,train
0.04,0.15,0.38,0.11,0.32,0.0,104.36522026600947,train
0.04,0.15,0.38,0.11,0.32,0.0,95.41046416846827,train
0.04,0.15,0.38,0.11,0.32,0.0,95.59941879708714,train
0.04,0.15,0.38,0.11,0.32,0.0,91.12792024220506,train
0.04,0.15,0.38,0.11,0.32,0.0,102.17974767618787,train
0.04,0.15,0.38,0.11,0.32,0.0,91.69382589087148,train
0.04,0.15,0.38,0.11,0.32,0.0,97.15667747205455,train
0.04,0.15,0.38,0.11,0.32,0.0,113.09975383931204,train
0.04,0.15,0.38,0.11,0.32,0.0,105.50288618276075,train
0.04,0.15,0.38,0.11,0.32,0.0,90.43894086253844,train
0.04,0.15,0.38,0.11,0.32,0.0,109.65861507051592,train
0.04,0.15,0.38,0.11,0.32,0.0,92.6831086185388,train
0.04,0.15,0.38,0.11,0.32,0.0,110.01218115530877,train
0.04,0.15,0.38,0.11,0.32,0.0,84.03042102674573,train
0.04,0.15,0.38,0.11,0.32,0.0,88.55339679595166,train
0.04,0.15,0.38,0.11,0.32,0.0,110.84212649721995,train
0.04,0.15,0.38,0.11,0.32,0.0,93.70814576644023,train
0.04,0.15,0.38,0.11,0.32,0.0,99.22885322945473,train
0.04,0.15,0.38,0.11,0.32,0.0,98.02277814394101,train
0.04,0.15,0.38,0.11,0.32,0.0,107.42844357890529,train
0.04,0.15,0.38,0.11,0.32,0.0,124.53145316743586,train
0.04,0.15,0.38,0.11,0.32,0.0,87.11499598897868,train
0.04,0.15,0.38,0.11,0.32,0.0,106.06371014996603,train
0.0,0.68,0.0,0.1,0.17,0.05,135.98555442526927,train
0.0,0.68,0.0,0.1,0.17,0.05,134.41797573741187,train
0.0,0.68,0.0,0.1,0.17,0.05,131.6122736902375,train
0.0,0.68,0.0,0.1,0.17,0.05,134.39922336442385,train
0.0,0.68,0.0,0.1,0.17,0.05,133.79636265386586,train
0.0,0.68,0.0,0.1,0.17,0.05,129.76461415663505,train
0.0,0.68,0.0,0.1,0.17,0.05,132.28618924586038,train
0.0,0.68,0.0,0.1,0.17,0.05,130.06461569740912,train
0.0,0.68,0.0,0.1,0.17,0.05,130.4575611590738,train
0.0,0.68,0.0,0.1,0.17,0.05,134.25854604066006,train
0.0,0.68,0.0,0.1,0.17,0.05,132.75425340253696,train
0.0,0.68,0.0,0.1,0.17,0.05,137.5374412124529,train
0.0,0.68,0.0,0.1,0.17,0.05,131.14638683646646,train
0.0,0.68,0.0,0.1,0.17,0.05,134.2182414838081,train
0.0,0.68,0.0,0.1,0.17,0.05,129.98360054330266,train
0.0,0.68,0.0,0.1,0.17,0.05,134.57586225898012,train
0.0,0.68,0.0,0.1,0.17,0.05,135.0040096465263,train
0.0,0.68,0.0,0.1,0.17,0.05,132.05747916216615,train
0.0,0.68,0.0,0.1,0.17,0.05,134.06242627160884,train
0.0,0.68,0.0,0.1,0.17,0.05,129.17268050728595,train
0.0,0.68,0.0,0.1,0.17,0.05,134.15643969483563,train
0.0,0.68,0.0,0.1,0.17,0.05,131.43873135099855,train
0.0,0.68,0.0,0.1,0.17,0.05,128.94295257882263,train
0.0,0.68,0.0,0.1,0.17,0.05,132.10294788331296,train
0.0,0.68,0.0,0.1,0.17,0.05,129.38044380475648,train
0.0,0.68,0.0,0.1,0.17,0.05,130.40022260087423,train
0.0,0.68,0.0,0.1,0.17,0.05,133.98365015306507,train
0.0,0.68,0.0,0.1,0.17,0.05,135.86315272825055,train
0.0,0.68,0.0,0.1,0.17,0.05,129.5180696032522,train
0.0,0.68,0.0,0.1,0.17,0.05,130.72490970410135,train
0.0,0.67,0.0,0.1,0.16,0.07,169.98387197389448,train
0.0,0.67,0.0,0.1,0.16,0.07,180.21463051816806,train
0.0,0.67,0.0,0.1,0.16,0.07,166.32773133609177,train
0.0,0.67,0.0,0.1,0.16,0.07,157.53204549580252,train
0.0,0.67,0.0,0.1,0.16,0.07,189.78169619905307,train
0.0,0.67,0.0,0.1,0.16,0.07,185.6975613514698,train
0.0,0.67,0.0,0.1,0.16,0.07,185.16546494366878,train
0.0,0.67,0.0,0.1,0.16,0.07,180.07821775129403,train
0.0,0.67,0.0,0.1,0.16,0.07,190.93108724659183,train
0.0,0.67,0.0,0.1,0.16,0.07,193.0409167957591,train
0.0,0.67,0.0,0.1,0.16,0.07,178.2975934598284,train
0.0,0.67,0.0,0.1,0.16,0.07,161.84755346406325,train
0.0,0.67,0.0,0.1,0.16,0.07,171.0689743396926,train
0.0,0.67,0.0,0.1,0.16,0.07,165.45273906690215,train
0.0,0.67,0.0,0.1,0.16,0.07,180.39893893634326,train
0.0,0.67,0.0,0.1,0.16,0.07,175.27655935081856,train
0.0,0.67,0.0,0.1,0.16,0.07,177.14959194230278,train
0.0,0.67,0.0,0.1,0.16,0.07,187.4592596404441,train
0.0,0.67,0.0,0.1,0.16,0.07,167.7998054370047,train
0.0,0.67,0.0,0.1,0.16,0.07,166.61717344528643,train
0.0,0.67,0.0,0.1,0.16,0.07,174.2625198433209,train
0.0,0.67,0.0,0.1,0.16,0.07,168.91981498988667,train
0.0,0.67,0.0,0.1,0.16,0.07,167.14831298741822,train
0.0,0.67,0.0,0.1,0.16,0.07,186.9225813699857,train
0.0,0.67,0.0,0.1,0.16,0.07,169.57057406014607,train
0.0,0.67,0.0,0.1,0.16,0.07,186.96882844929678,train
0.0,0.67,0.0,0.1,0.16,0.07,133.68856517412308,train
0.0,0.67,0.0,0.1,0.16,0.07,151.83167501257887,train
0.0,0.67,0.0,0.1,0.16,0.07,169.7979951512879,train
0.0,0.67,0.0,0.1,0.16,0.07,186.12953242615708,train
0.0,0.729,0.0,0.11,0.14,0.02,194.35246037040005,train
0.0,0.729,0.0,0.11,0.14,0.02,198.22603169584997,train
0.0,0.729,0.0,0.11,0.14,0.02,192.73030373289882,train
0.0,0.729,0.0,0.11,0.14,0.02,184.92165379126277,train
0.0,0.729,0.0,0.11,0.14,0.02,186.59424957403257,train
0.0,0.729,0.0,0.11,0.14,0.02,185.97516628888008,train
0.0,0.729,0.0,0.11,0.14,0.02,198.14861221398863,train
0.0,0.729,0.0,0.11,0.14,0.02,199.0031089806149,train
0.0,0.729,0.0,0.11,0.14,0.02,210.01605189766673,train
0.0,0.729,0.0,0.11,0.14,0.02,186.47783594922706,train
0.0,0.729,0.0,0.11,0.14,0.02,198.04078471012178,train
0.0,0.729,0.0,0.11,0.14,0.02,205.71342582640156,train
0.0,0.729,0.0,0.11,0.14,0.02,195.7837996884194,train
0.0,0.729,0.0,0.11,0.14,0.02,182.25500524690258,train
0.0,0.729,0.0,0.11,0.14,0.02,210.77278321294017,train
0.0,0.729,0.0,0.11,0.14,0.02,174.15625639148718,train
0.0,0.729,0.0,0.11,0.14,0.02,185.9006667036156,train
0.0,0.729,0.0,0.11,0.14,0.02,192.59010915570946,train
0.0,0.729,0.0,0.11,0.14,0.02,184.008293890132,train
0.0,0.729,0.0,0.11,0.14,0.02,214.34136579346637,train
0.0,0.729,0.0,0.11,0.14,0.02,178.03752157036806,train
0.0,0.729,0.0,0.11,0.14,0.02,189.3858379677431,train
0.0,0.729,0.0,0.11,0.14,0.02,186.97646548988587,train
0.0,0.729,0.0,0.11,0.14,0.02,185.79749163584427,train
0.0,0.729,0.0,0.11,0.14,0.02,186.44673584399467,train
0.0,0.729,0.0,0.11,0.14,0.02,172.76788223072202,train
0.0,0.729,0.0,0.11,0.14,0.02,190.82730763871174,train
0.0,0.729,0.0,0.11,0.14,0.02,207.52590196579203,train
0.0,0.729,0.0,0.11,0.14,0.02,175.83462389659405,train
0.0,0.729,0.0,0.11,0.14,0.02,209.1658593623443,train
0.0,0.67,0.0,0.1,0.23,0.0,200.0277860363916,train
0.0,0.67,0.0,0.1,0.23,0.0,221.9453336963874,train
0.0,0.67,0.0,0.1,0.23,0.0,194.111562692396,train
0.0,0.67,0.0,0.1,0.23,0.0,208.20840149888448,train
0.0,0.67,0.0,0.1,0.23,0.0,188.4501413805675,train
0.0,0.67,0.0,0.1,0.23,0.0,196.25620782926777,train
0.0,0.67,0.0,0.1,0.23,0.0,201.1649343854798,train
0.0,0.67,0.0,0.1,0.23,0.0,200.70387594390982,train
0.0,0.67,0.0,0.1,0.23,0.0,189.4856890316941,train
0.0,0.67,0.0,0.1,0.23,0.0,202.46760935319827,train
0.0,0.67,0.0,0.1,0.23,0.0,202.12393424602726,train
0.0,0.67,0.0,0.1,0.23,0.0,188.69905523786977,train
0.0,0.67,0.0,0.1,0.23,0.0,201.32349108751808,train
0.0,0.67,0.0,0.1,0.23,0.0,201.1206506295017,train
0.0,0.67,0.0,0.1,0.23,0.0,218.12370838511902,train
0.0,0.67,0.0,0.1,0.23,0.0,203.11577689929584,train
0.0,0.67,0.0,0.1,0.23,0.0,216.32250275401773,train
0.0,0.67,0.0,0.1,0.23,0.0,190.25502844515955,train
0.0,0.67,0.0,0.1,0.23,0.0,218.0949832757306,train
0.0,0.67,0.0,0.1,0.23,0.0,196.87660203212852,train
0.0,0.67,0.0,0.1,0.23,0.0,208.9233143207537,train
0.0,0.67,0.0,0.1,0.23,0.0,191.75871920668442,train
0.0,0.67,0.0,0.1,0.23,0.0,206.54729425947573,train
0.0,0.67,0.0,0.1,0.23,0.0,196.56055122574676,train
0.0,0.67,0.0,0.1,0.23,0.0,202.48744400711817,train
0.0,0.67,0.0,0.1,0.23,0.0,210.28217746425454,train
0.0,0.67,0.0,0.1,0.23,0.0,184.72445915043855,train
0.0,0.67,0.0,0.1,0.23,0.0,188.62776924205534,train
0.0,0.67,0.0,0.1,0.23,0.0,212.25383501556212,train
0.0,0.67,0.0,0.1,0.23,0.0,222.33278431652096,train
0.0,0.687,0.0,0.111,0.202,0.0,171.09562547320763,train
0.0,0.687,0.0,0.111,0.202,0.0,197.71401146653636,train
0.0,0.687,0.0,0.111,0.202,0.0,207.14076329442224,train
0.0,0.687,0.0,0.111,0.202,0.0,173.73109041727082,train
0.0,0.687,0.0,0.111,0.202,0.0,175.95268524131774,train
0.0,0.687,0.0,0.111,0.202,0.0,207.34694913595615,train
0.0,0.687,0.0,0.111,0.202,0.0,188.67667572017658,train
0.0,0.687,0.0,0.111,0.202,0.0,195.53961123589988,train
0.0,0.687,0.0,0.111,0.202,0.0,158.01355065300766,train
0.0,0.687,0.0,0.111,0.202,0.0,234.8640643575024,train
0.0,0.687,0.0,0.111,0.202,0.0,180.95816936145977,train
0.0,0.687,0.0,0.111,0.202,0.0,216.39216720102308,train
0.0,0.687,0.0,0.111,0.202,0.0,187.65080549693965,train
0.0,0.687,0.0,0.111,0.202,0.0,161.1419774895825,train
0.0,0.687,0.0,0.111,0.202,0.0,218.1938610399759,train
0.0,0.687,0.0,0.111,0.202,0.0,222.04184805712285,train
0.0,0.687,0.0,0.111,0.202,0.0,216.5047116591651,train
0.0,0.687,0.0,0.111,0.202,0.0,182.80178061516466,train
0.0,0.687,0.0,0.111,0.202,0.0,199.42913785658845,train
0.0,0.687,0.0,0.111,0.202,0.0,218.1977756810682,train
0.0,0.687,0.0,0.111,0.202,0.0,205.57540355041408,train
0.0,0.687,0.0,0.111,0.202,0.0,189.2812632830772,train
0.0,0.687,0.0,0.111,0.202,0.0,194.80931472884464,train
0.0,0.687,0.0,0.111,0.202,0.0,199.74569289620376,train
0.0,0.687,0.0,0.111,0.202,0.0,188.91126716766337,train
0.0,0.687,0.0,0.111,0.202,0.0,164.6511417431239,train
0.0,0.687,0.0,0.111,0.202,0.0,212.17990441925926,train
0.0,0.687,0.0,0.111,0.202,0.0,172.11812620923558,train
0.0,0.687,0.0,0.111,0.202,0.0,220.1071152911406,train
0.0,0.687,0.0,0.111,0.202,0.0,204.4528956021046,train
0.0,0.634,0.0,0.119,0.248,0.0,172.98054069630197,train
0.0,0.634,0.0,0.119,0.248,0.0,204.70912758110802,train
0.0,0.634,0.0,0.119,0.248,0.0,220.28469891748014,train
0.0,0.634,0.0,0.119,0.248,0.0,192.81468974802678,train
0.0,0.634,0.0,0.119,0.248,0.0,165.72805994629735,train
0.0,0.634,0.0,0.119,0.248,0.0,172.6051847964863,train
0.0,0.634,0.0,0.119,0.248,0.0,177.7194702420891,train
0.0,0.634,0.0,0.119,0.248,0.0,190.72389531225835,train
0.0,0.634,0.0,0.119,0.248,0.0,160.98517952388548,train
0.0,0.634,0.0,0.119,0.248,0.0,153.66012970729213,train
0.0,0.634,0.0,0.119,0.248,0.0,183.03625270897393,train
0.0,0.634,0.0,0.119,0.248,0.0,196.12926304819734,train
0.0,0.634,0.0,0.119,0.248,0.0,220.60442149741533,train
0.0,0.634,0.0,0.119,0.248,0.0,188.0444108056745,train
0.0,0.634,0.0,0.119,0.248,0.0,187.21920705619294,train
0.0,0.634,0.0,0.119,0.248,0.0,202.7369281122769,train
0.0,0.634,0.0,0.119,0.248,0.0,176.5994214421367,train
0.0,0.634,0.0,0.119,0.248,0.0,180.1170625038282,train
0.0,0.634,0.0,0.119,0.248,0.0,194.0945909242969,train
0.0,0.634,0.0,0.119,0.248,0.0,120.01692199748585,train
0.0,0.634,0.0,0.119,0.248,0.0,208.0280385835059,train
0.0,0.634,0.0,0.119,0.248,0.0,197.96480252125787,train
0.0,0.634,0.0,0.119,0.248,0.0,198.3020663603022,train
0.0,0.634,0.0,0.119,0.248,0.0,189.84750705522316,train
0.0,0.634,0.0,0.119,0.248,0.0,199.8422348293109,train
0.0,0.634,0.0,0.119,0.248,0.0,196.55126382870486,train
0.0,0.634,0.0,0.119,0.248,0.0,187.88827425141255,train
0.0,0.634,0.0,0.119,0.248,0.0,186.88934719156845,train
0.0,0.634,0.0,0.119,0.248,0.0,193.99693291146647,train
0.0,0.634,0.0,0.119,0.248,0.0,184.67178565325685,train
0.273,0.525,0.05,0.071,0.081,0.0,92.89972579493342,train
0.273,0.525,0.05,0.071,0.081,0.0,107.12988821466426,train
0.273,0.525,0.05,0.071,0.081,0.0,132.8080862412279,train
0.273,0.525,0.05,0.071,0.081,0.0,89.74073954800932,train
0.273,0.525,0.05,0.071,0.081,0.0,117.55814906820659,train
0.273,0.525,0.05,0.071,0.081,0.0,103.9617549327247,train
0.273,0.525,0.05,0.071,0.081,0.0,120.15285450633952,train
0.273,0.525,0.05,0.071,0.081,0.0,109.44780524173555,train
0.273,0.525,0.05,0.071,0.081,0.0,132.4072241410538,train
0.273,0.525,0.05,0.071,0.081,0.0,99.74585793141074,train
0.273,0.525,0.05,0.071,0.081,0.0,98.75744627243988,train
0.273,0.525,0.05,0.071,0.081,0.0,112.80659701773074,train
0.273,0.525,0.05,0.071,0.081,0.0,114.86436613636653,train
0.273,0.525,0.05,0.071,0.081,0.0,110.81929682936642,train
0.273,0.525,0.05,0.071,0.081,0.0,105.12595472456417,train
0.273,0.525,0.05,0.071,0.081,0.0,97.7405581886066,train
0.273,0.525,0.05,0.071,0.081,0.0,94.78895910045473,train
0.273,0.525,0.05,0.071,0.081,0.0,115.71881805107844,train
0.273,0.525,0.05,0.071,0.081,0.0,89.33194397830722,train
0.273,0.525,0.05,0.071,0.081,0.0,94.05222942629314,train
0.273,0.525,0.05,0.071,0.081,0.0,100.8885261091913,train
0.273,0.525,0.05,0.071,0.081,0.0,127.74448853891076,train
0.273,0.525,0.05,0.071,0.081,0.0,115.76596263614957,train
0.273,0.525,0.05,0.071,0.081,0.0,99.75230224580369,train
0.273,0.525,0.05,0.071,0.081,0.0,118.23151196063947,train
0.273,0.525,0.05,0.071,0.081,0.0,128.01219622167955,train
0.273,0.525,0.05,0.071,0.081,0.0,117.5782068042242,train
0.273,0.525,0.05,0.071,0.081,0.0,85.32334402462574,train
0.273,0.525,0.05,0.071,0.081,0.0,111.03871284779342,train
0.273,0.525,0.05,0.071,0.081,0.0,89.80470177670632,train
0.11,0.63,0.05,0.1,0.09,0.02,133.41906201497036,train
0.11,0.63,0.05,0.1,0.09,0.02,121.34117811205552,train
0.11,0.63,0.05,0.1,0.09,0.02,128.62875486627564,train
0.11,0.63,0.05,0.1,0.09,0.02,119.91683301236485,train
0.11,0.63,0.05,0.1,0.09,0.02,131.79034471264447,train
0.11,0.63,0.05,0.1,0.09,0.02,130.56277829737832,train
0.11,0.63,0.05,0.1,0.09,0.02,138.17104244774217,train
0.11,0.63,0.05,0.1,0.09,0.02,125.84640976925826,train
0.11,0.63,0.05,0.1,0.09,0.02,143.30980121227464,train
0.11,0.63,0.05,0.1,0.09,0.02,122.8016247034038,train
0.11,0.63,0.05,0.1,0.09,0.02,117.7298982876184,train
0.11,0.63,0.05,0.1,0.09,0.02,121.63747669380368,train
0.11,0.63,0.05,0.1,0.09,0.02,125.60197958604286,train
0.11,0.63,0.05,0.1,0.09,0.02,135.5110735201664,train
0.11,0.63,0.05,0.1,0.09,0.02,126.56523287678215,train
0.11,0.63,0.05,0.1,0.09,0.02,125.01734535355466,train
0.11,0.63,0.05,0.1,0.09,0.02,129.43884475524774,train
0.11,0.63,0.05,0.1,0.09,0.02,131.16024899283642,train
0.11,0.63,0.05,0.1,0.09,0.02,133.14228288296206,train
0.11,0.63,0.05,0.1,0.09,0.02,125.02413928076805,train
0.11,0.63,0.05,0.1,0.09,0.02,128.90847553430905,train
0.11,0.63,0.05,0.1,0.09,0.02,117.07910585406829,train
0.11,0.63,0.05,0.1,0.09,0.02,134.36875025968092,train
0.11,0.63,0.05,0.1,0.09,0.02,120.20373659599383,train
0.11,0.63,0.05,0.1,0.09,0.02,117.15956365409593,train
0.11,0.63,0.05,0.1,0.09,0.02,131.98747642083876,train
0.11,0.63,0.05,0.1,0.09,0.02,113.80802627159615,train
0.11,0.63,0.05,0.1,0.09,0.02,135.44062754954075,train
0.11,0.63,0.05,0.1,0.09,0.02,127.71860015664814,train
0.11,0.63,0.05,0.1,0.09,0.02,128.02365391317917,train
0.09,0.69,0.06,0.1,0.06,0.0,124.62011296282846,train
0.09,0.69,0.06,0.1,0.06,0.0,119.93070390025665,train
0.09,0.69,0.06,0.1,0.06,0.0,124.26813544221615,train
0.09,0.69,0.06,0.1,0.06,0.0,123.86952171895473,train
0.09,0.69,0.06,0.1,0.06,0.0,122.97100144146076,train
0.09,0.69,0.06,0.1,0.06,0.0,125.45197222150732,train
0.09,0.69,0.06,0.1,0.06,0.0,118.63091110373445,train
0.09,0.69,0.06,0.1,0.06,0.0,122.01937178817833,train
0.09,0.69,0.06,0.1,0.06,0.0,121.25036119129582,train
0.09,0.69,0.06,0.1,0.06,0.0,123.36753747988438,train
0.09,0.69,0.06,0.1,0.06,0.0,118.86685697659973,train
0.09,0.69,0.06,0.1,0.06,0.0,126.29720149287357,train
0.09,0.69,0.06,0.1,0.06,0.0,121.6545416094967,train
0.09,0.69,0.06,0.1,0.06,0.0,125.38858972612474,train
0.09,0.69,0.06,0.1,0.06,0.0,123.94390055228021,train
0.09,0.69,0.06,0.1,0.06,0.0,119.33550109414364,train
0.09,0.69,0.06,0.1,0.06,0.0,121.40485790969124,train
0.09,0.69,0.06,0.1,0.06,0.0,132.11594828028257,train
0.09,0.69,0.06,0.1,0.06,0.0,128.5951341205113,train
0.09,0.69,0.06,0.1,0.06,0.0,126.04675659690972,train
0.09,0.69,0.06,0.1,0.06,0.0,124.35389363946331,train
0.09,0.69,0.06,0.1,0.06,0.0,118.51522836780747,train
0.09,0.69,0.06,0.1,0.06,0.0,119.20870007847533,train
0.09,0.69,0.06,0.1,0.06,0.0,119.04177613553793,train
0.09,0.69,0.06,0.1,0.06,0.0,118.2180155449158,train
0.09,0.69,0.06,0.1,0.06,0.0,123.5968261272303,train
0.09,0.69,0.06,0.1,0.06,0.0,121.07293766984117,train
0.09,0.69,0.06,0.1,0.06,0.0,128.48250255340275,train
0.09,0.69,0.06,0.1,0.06,0.0,119.03417245484349,train
0.09,0.69,0.06,0.1,0.06,0.0,122.91371376605694,train
0.12,0.45,0.07,0.08,0.24,0.04,119.40879304519166,train
0.12,0.45,0.07,0.08,0.24,0.04,119.37446500746071,train
0.12,0.45,0.07,0.08,0.24,0.04,118.81997923119278,train
0.12,0.45,0.07,0.08,0.24,0.04,109.4120271043675,train
0.12,0.45,0.07,0.08,0.24,0.04,117.56542921864558,train
0.12,0.45,0.07,0.08,0.24,0.04,113.92793131742373,train
0.12,0.45,0.07,0.08,0.24,0.04,115.0339833285017,train
0.12,0.45,0.07,0.08,0.24,0.04,122.35471486070452,train
0.12,0.45,0.07,0.08,0.24,0.04,113.64360779539555,train
0.12,0.45,0.07,0.08,0.24,0.04,112.8959387119989,train
0.12,0.45,0.07,0.08,0.24,0.04,115.2808426148936,train
0.12,0.45,0.07,0.08,0.24,0.04,103.00479670776731,train
0.12,0.45,0.07,0.08,0.24,0.04,108.85500708435956,train
0.12,0.45,0.07,0.08,0.24,0.04,107.35387761703811,train
0.12,0.45,0.07,0.08,0.24,0.04,113.2981490252684,train
0.12,0.45,0.07,0.08,0.24,0.04,112.33441057457348,train
0.12,0.45,0.07,0.08,0.24,0.04,113.58867915116593,train
0.12,0.45,0.07,0.08,0.24,0.04,111.13786376489088,train
0.12,0.45,0.07,0.08,0.24,0.04,115.75315587117915,train
0.12,0.45,0.07,0.08,0.24,0.04,107.3510934817153,train
0.12,0.45,0.07,0.08,0.24,0.04,105.70740221431994,train
0.12,0.45,0.07,0.08,0.24,0.04,113.96118770114857,train
0.12,0.45,0.07,0.08,0.24,0.04,119.4823743073952,train
0.12,0.45,0.07,0.08,0.24,0.04,105.40534960758703,train
0.12,0.45,0.07,0.08,0.24,0.04,114.02168774762802,train
0.12,0.45,0.07,0.08,0.24,0.04,118.63561660250413,train
0.12,0.45,0.07,0.08,0.24,0.04,108.9860308858519,train
0.12,0.45,0.07,0.08,0.24,0.04,109.01742604898192,train
0.12,0.45,0.07,0.08,0.24,0.04,123.10871413926627,train
0.12,0.45,0.07,0.08,0.24,0.04,106.01277973722463,train
0.0,0.697,0.01,0.091,0.102,0.101,138.80092261421248,train
0.0,0.697,0.01,0.091,0.102,0.101,135.12595267376648,train
0.0,0.697,0.01,0.091,0.102,0.101,146.81183113195712,train
0.0,0.697,0.01,0.091,0.102,0.101,132.3809056729368,train
0.0,0.697,0.01,0.091,0.102,0.101,127.23740253427762,train
0.0,0.697,0.01,0.091,0.102,0.101,120.56628773987244,train
0.0,0.697,0.01,0.091,0.102,0.101,106.55203648740061,train
0.0,0.697,0.01,0.091,0.102,0.101,132.08748198813424,train
0.0,0.697,0.01,0.091,0.102,0.101,140.1360907496238,train
0.0,0.697,0.01,0.091,0.102,0.101,137.7691493030738,train
0.0,0.697,0.01,0.091,0.102,0.101,124.3869925668827,train
0.0,0.697,0.01,0.091,0.102,0.101,130.8045001329872,train
0.0,0.697,0.01,0.091,0.102,0.101,105.8253180357967,train
0.0,0.697,0.01,0.091,0.102,0.101,140.0010948570488,train
0.0,0.697,0.01,0.091,0.102,0.101,118.01837555720451,train
0.0,0.697,0.01,0.091,0.102,0.101,148.7021610571974,train
0.0,0.697,0.01,0.091,0.102,0.101,154.00690212227846,train
0.0,0.697,0.01,0.091,0.102,0.101,117.95928223956383,train
0.0,0.697,0.01,0.091,0.102,0.101,132.97577743073765,train
0.0,0.697,0.01,0.091,0.102,0.101,124.1385967723557,train
0.0,0.697,0.01,0.091,0.102,0.101,145.03890445741467,train
0.0,0.697,0.01,0.091,0.102,0.101,141.3194406047969,train
0.0,0.697,0.01,0.091,0.102,0.101,141.209382340596,train
0.0,0.697,0.01,0.091,0.102,0.101,137.72818155286947,train
0.0,0.697,0.01,0.091,0.102,0.101,126.2255605389864,train
0.0,0.697,0.01,0.091,0.102,0.101,125.01448461527505,train
0.0,0.697,0.01,0.091,0.102,0.101,146.1183970943053,train
0.0,0.697,0.01,0.091,0.102,0.101,135.515595683871,train
0.0,0.697,0.01,0.091,0.102,0.101,109.77806785585929,train
0.0,0.697,0.01,0.091,0.102,0.101,142.14656417147728,train
0.0,0.37,0.0,0.14,0.48,0.011,189.73940715375386,train
0.0,0.37,0.0,0.14,0.48,0.011,197.72930598137995,train
0.0,0.37,0.0,0.14,0.48,0.011,194.9869839524531,train
0.0,0.37,0.0,0.14,0.48,0.011,184.52911209982994,train
0.0,0.37,0.0,0.14,0.48,0.011,193.78622879521288,train
0.0,0.37,0.0,0.14,0.48,0.011,183.19613798315882,train
0.0,0.37,0.0,0.14,0.48,0.011,173.0790729013493,train
0.0,0.37,0.0,0.14,0.48,0.011,175.73203915274667,train
0.0,0.37,0.0,0.14,0.48,0.011,180.394391092292,train
0.0,0.37,0.0,0.14,0.48,0.011,198.5720329046529,train
0.0,0.37,0.0,0.14,0.48,0.011,179.61412929419913,train
0.0,0.37,0.0,0.14,0.48,0.011,174.6291525781004,train
0.0,0.37,0.0,0.14,0.48,0.011,180.1186974051089,train
0.0,0.37,0.0,0.14,0.48,0.011,202.57575930003594,train
0.0,0.37,0.0,0.14,0.48,0.011,173.06855557521558,train
0.0,0.37,0.0,0.14,0.48,0.011,181.47489916438676,train
0.0,0.37,0.0,0.14,0.48,0.011,202.39226844276737,train
0.0,0.37,0.0,0.14,0.48,0.011,195.84866175221214,train
0.0,0.37,0.0,0.14,0.48,0.011,174.59012733616635,train
0.0,0.37,0.0,0.14,0.48,0.011,186.83614819888163,train
0.0,0.37,0.0,0.14,0.48,0.011,189.93965994369785,train
0.0,0.37,0.0,0.14,0.48,0.011,178.37647691832893,train
0.0,0.37,0.0,0.14,0.48,0.011,192.0789003749711,train
0.0,0.37,0.0,0.14,0.48,0.011,177.50177223682948,train
0.0,0.37,0.0,0.14,0.48,0.011,185.86005874094005,train
0.0,0.37,0.0,0.14,0.48,0.011,180.5672522868712,train
0.0,0.37,0.0,0.14,0.48,0.011,197.3714815839787,train
0.0,0.37,0.0,0.14,0.48,0.011,198.1842218740467,train
0.0,0.37,0.0,0.14,0.48,0.011,176.05332684891036,train
0.0,0.37,0.0,0.14,0.48,0.011,197.0939040350045,train
0.0,0.199,0.371,0.09,0.28,0.059,112.57386156505211,train
0.0,0.199,0.371,0.09,0.28,0.059,107.61586808915143,train
0.0,0.199,0.371,0.09,0.28,0.059,94.42618547146836,train
0.0,0.199,0.371,0.09,0.28,0.059,112.23916765227379,train
0.0,0.199,0.371,0.09,0.28,0.059,111.65459458196561,train
0.0,0.199,0.371,0.09,0.28,0.059,123.35629288435783,train
0.0,0.199,0.371,0.09,0.28,0.059,96.03607488891276,train
0.0,0.199,0.371,0.09,0.28,0.059,117.01801973085831,train
0.0,0.199,0.371,0.09,0.28,0.059,86.17879074720926,train
0.0,0.199,0.371,0.09,0.28,0.059,114.63128383833484,train
0.0,0.199,0.371,0.09,0.28,0.059,122.15924556773865,train
0.0,0.199,0.371,0.09,0.28,0.059,102.83019990108714,train
0.0,0.199,0.371,0.09,0.28,0.059,87.98923851966472,train
0.0,0.199,0.371,0.09,0.28,0.059,105.96661993366992,train
0.0,0.199,0.371,0.09,0.28,0.059,92.87360710725964,train
0.0,0.199,0.371,0.09,0.28,0.059,93.59902291918155,train
0.0,0.199,0.371,0.09,0.28,0.059,119.1651396843013,train
0.0,0.199,0.371,0.09,0.28,0.059,98.94141860362106,train
0.0,0.199,0.371,0.09,0.28,0.059,112.22405844191259,train
0.0,0.199,0.371,0.09,0.28,0.059,104.50038538522224,train
0.0,0.199,0.371,0.09,0.28,0.059,103.39521737125482,train
0.0,0.199,0.371,0.09,0.28,0.059,107.45401765242428,train
0.0,0.199,0.371,0.09,0.28,0.059,106.86804392021808,train
0.0,0.199,0.371,0.09,0.28,0.059,109.62148268569983,train
0.0,0.199,0.371,0.09,0.28,0.059,102.7358533719291,train
0.0,0.199,0.371,0.09,0.28,0.059,85.46274913679105,train
0.0,0.199,0.371,0.09,0.28,0.059,111.05292001972782,train
0.0,0.199,0.371,0.09,0.28,0.059,114.5406538396374,train
0.0,0.199,0.371,0.09,0.28,0.059,83.9775172841685,train
0.0,0.199,0.371,0.09,0.28,0.059,99.2856027617013,train
0.0,0.18,0.07,0.07,0.25,0.43,54.42338251561997,train
0.0,0.18,0.07,0.07,0.25,0.43,65.69919536197379,train
0.0,0.18,0.07,0.07,0.25,0.43,61.34307770497349,train
0.0,0.18,0.07,0.07,0.25,0.43,64.58823207844968,train
0.0,0.18,0.07,0.07,0.25,0.43,58.078628134833096,train
0.0,0.18,0.07,0.07,0.25,0.43,64.85568685350725,train
0.0,0.18,0.07,0.07,0.25,0.43,63.10260048835152,train
0.0,0.18,0.07,0.07,0.25,0.43,61.57225920592832,train
0.0,0.18,0.07,0.07,0.25,0.43,64.79939918475681,train
0.0,0.18,0.07,0.07,0.25,0.43,71.13391140894431,train
0.0,0.18,0.07,0.07,0.25,0.43,52.98285946103721,train
0.0,0.18,0.07,0.07,0.25,0.43,64.3830266876152,train
0.0,0.18,0.07,0.07,0.25,0.43,65.37717032121897,train
0.0,0.18,0.07,0.07,0.25,0.43,60.62052681809292,train
0.0,0.18,0.07,0.07,0.25,0.43,69.34937298011701,train
0.0,0.18,0.07,0.07,0.25,0.43,60.57610192542091,train
0.0,0.18,0.07,0.07,0.25,0.43,68.34392299505559,train
0.0,0.18,0.07,0.07,0.25,0.43,69.08206634568847,train
0.0,0.18,0.07,0.07,0.25,0.43,59.38374237899707,train
0.0,0.18,0.07,0.07,0.25,0.43,62.259372875064756,train
0.0,0.18,0.07,0.07,0.25,0.43,64.49836826469839,train
0.0,0.18,0.07,0.07,0.25,0.43,68.35702248631662,train
0.0,0.18,0.07,0.07,0.25,0.43,67.52391157488626,train
0.0,0.18,0.07,0.07,0.25,0.43,66.04967500013682,train
0.0,0.18,0.07,0.07,0.25,0.43,65.13529619918398,train
0.0,0.18,0.07,0.07,0.25,0.43,67.47095223382489,train
0.0,0.18,0.07,0.07,0.25,0.43,71.9429225536669,train
0.0,0.18,0.07,0.07,0.25,0.43,58.53688550764235,train
0.0,0.18,0.07,0.07,0.25,0.43,64.07791706866635,train
0.0,0.18,0.07,0.07,0.25,0.43,60.02505123619782,train
0.08,0.59,0.04,0.13,0.15,0.01,109.45294576659875,train
0.08,0.59,0.04,0.13,0.15,0.01,111.64948778671447,train
0.08,0.59,0.04,0.13,0.15,0.01,116.71291027409555,train
0.08,0.59,0.04,0.13,0.15,0.01,102.7608328761083,train
0.08,0.59,0.04,0.13,0.15,0.01,117.35371448561244,train
0.08,0.59,0.04,0.13,0.15,0.01,101.79391918825495,train
0.08,0.59,0.04,0.13,0.15,0.01,92.88984481155896,train
0.08,0.59,0.04,0.13,0.15,0.01,125.5113052809708,train
0.08,0.59,0.04,0.13,0.15,0.01,103.9512714189301,train
0.08,0.59,0.04,0.13,0.15,0.01,96.79944835908007,train
0.08,0.59,0.04,0.13,0.15,0.01,99.15738509905884,train
0.08,0.59,0.04,0.13,0.15,0.01,109.2521676704179,train
0.08,0.59,0.04,0.13,0.15,0.01,99.81428963616936,train
0.08,0.59,0.04,0.13,0.15,0.01,115.35595483316433,train
0.08,0.59,0.04,0.13,0.15,0.01,98.79449056199546,train
0.08,0.59,0.04,0.13,0.15,0.01,86.28218498622475,train
0.08,0.59,0.04,0.13,0.15,0.01,102.03056096994672,train
0.08,0.59,0.04,0.13,0.15,0.01,115.74285644371358,train
0.08,0.59,0.04,0.13,0.15,0.01,99.50976572786597,train
0.08,0.59,0.04,0.13,0.15,0.01,90.3300782432966,train
0.08,0.59,0.04,0.13,0.15,0.01,105.33705049468546,train
0.08,0.59,0.04,0.13,0.15,0.01,106.04152512507618,train
0.08,0.59,0.04,0.13,0.15,0.01,114.75036681819765,train
0.08,0.59,0.04,0.13,0.15,0.01,99.47464660528372,train
0.08,0.59,0.04,0.13,0.15,0.01,105.78735756855329,train
0.08,0.59,0.04,0.13,0.15,0.01,101.60723147193454,train
0.08,0.59,0.04,0.13,0.15,0.01,105.08288667914626,train
0.08,0.59,0.04,0.13,0.15,0.01,113.52098102132854,train
0.08,0.59,0.04,0.13,0.15,0.01,100.82587270460348,train
0.08,0.59,0.04,0.13,0.15,0.01,117.57099165832456,train
0.091,0.555,0.04,0.131,0.152,0.03,102.29819048920602,train
0.091,0.555,0.04,0.131,0.152,0.03,98.07048028104653,train
0.091,0.555,0.04,0.131,0.152,0.03,100.67507591832657,train
0.091,0.555,0.04,0.131,0.152,0.03,101.01350377509657,train
0.091,0.555,0.04,0.131,0.152,0.03,103.72279189457309,train
0.091,0.555,0.04,0.131,0.152,0.03,105.41298905699946,train
0.091,0.555,0.04,0.131,0.152,0.03,95.91331388471379,train
0.091,0.555,0.04,0.131,0.152,0.03,106.08364947919634,train
0.091,0.555,0.04,0.131,0.152,0.03,105.56055566515298,train
0.091,0.555,0.04,0.131,0.152,0.03,109.15610957987143,train
0.091,0.555,0.04,0.131,0.152,0.03,100.25867166309546,train
0.091,0.555,0.04,0.131,0.152,0.03,101.41286885370846,train
0.091,0.555,0.04,0.131,0.152,0.03,94.27418221849253,train
0.091,0.555,0.04,0.131,0.152,0.03,103.07555381169821,train
0.091,0.555,0.04,0.131,0.152,0.03,103.43181372717638,train
0.091,0.555,0.04,0.131,0.152,0.03,98.09329984121246,train
0.091,0.555,0.04,0.131,0.152,0.03,102.47145496243031,train
0.091,0.555,0.04,0.131,0.152,0.03,95.9703034146292,train
0.091,0.555,0.04,0.131,0.152,0.03,103.23971010290673,train
0.091,0.555,0.04,0.131,0.152,0.03,101.31373533318876,train
0.091,0.555,0.04,0.131,0.152,0.03,94.64608804718313,train
0.091,0.555,0.04,0.131,0.152,0.03,105.61112620296916,train
0.091,0.555,0.04,0.131,0.152,0.03,98.20143407038996,train
0.091,0.555,0.04,0.131,0.152,0.03,99.53684058784818,train
0.091,0.555,0.04,0.131,0.152,0.03,98.58034735624709,train
0.091,0.555,0.04,0.131,0.152,0.03,102.78356994861774,train
0.091,0.555,0.04,0.131,0.152,0.03,101.34468559369904,train
0.091,0.555,0.04,0.131,0.152,0.03,103.3655016450957,train
0.091,0.555,0.04,0.131,0.152,0.03,104.48064499235055,train
0.091,0.555,0.04,0.131,0.152,0.03,95.87133971284105,train
0.149,0.231,0.08,0.18,0.36,0.0,100.26214989431999,train
0.149,0.231,0.08,0.18,0.36,0.0,115.81249108156912,train
0.149,0.231,0.08,0.18,0.36,0.0,105.66895380109976,train
0.149,0.231,0.08,0.18,0.36,0.0,119.80077173764614,train
0.149,0.231,0.08,0.18,0.36,0.0,90.94396612791957,train
0.149,0.231,0.08,0.18,0.36,0.0,107.89233754204744,train
0.149,0.231,0.08,0.18,0.36,0.0,99.38210503161382,train
0.149,0.231,0.08,0.18,0.36,0.0,102.47032623618537,train
0.149,0.231,0.08,0.18,0.36,0.0,125.72223016686993,train
0.149,0.231,0.08,0.18,0.36,0.0,114.95331716864857,train
0.149,0.231,0.08,0.18,0.36,0.0,79.11762825378005,train
0.149,0.231,0.08,0.18,0.36,0.0,89.57878495248295,train
0.149,0.231,0.08,0.18,0.36,0.0,99.96140398284854,train
0.149,0.231,0.08,0.18,0.36,0.0,120.41846073198874,train
0.149,0.231,0.08,0.18,0.36,0.0,120.08981336424014,train
0.149,0.231,0.08,0.18,0.36,0.0,126.13475292619634,train
0.149,0.231,0.08,0.18,0.36,0.0,109.23885450193296,train
0.149,0.231,0.08,0.18,0.36,0.0,92.75106701083692,train
0.149,0.231,0.08,0.18,0.36,0.0,114.36849737565706,train
0.149,0.231,0.08,0.18,0.36,0.0,93.22645981435193,train
0.149,0.231,0.08,0.18,0.36,0.0,122.32569540181629,train
0.149,0.231,0.08,0.18,0.36,0.0,128.27409736392622,train
0.149,0.231,0.08,0.18,0.36,0.0,103.69010685901593,train
0.149,0.231,0.08,0.18,0.36,0.0,106.68410138001957,train
0.149,0.231,0.08,0.18,0.36,0.0,100.53075798544685,train
0.149,0.231,0.08,0.18,0.36,0.0,115.76715489269532,train
0.149,0.231,0.08,0.18,0.36,0.0,139.67823689209723,train
0.149,0.231,0.08,0.18,0.36,0.0,97.25904173593804,train
0.149,0.231,0.08,0.18,0.36,0.0,105.85498039259004,train
0.149,0.231,0.08,0.18,0.36,0.0,136.64646668787165,train
0.05,0.429,0.0,0.23,0.28,0.01,107.72635497041303,train
0.05,0.429,0.0,0.23,0.28,0.01,111.81368143779385,train
0.05,0.429,0.0,0.23,0.28,0.01,106.95241029421148,train
0.05,0.429,0.0,0.23,0.28,0.01,107.67247252175105,train
0.05,0.429,0.0,0.23,0.28,0.01,107.18590600403559,train
0.05,0.429,0.0,0.23,0.28,0.01,103.41157337131696,train
0.05,0.429,0.0,0.23,0.28,0.01,107.53130544565701,train
0.05,0.429,0.0,0.23,0.28,0.01,123.52694441344653,train
0.05,0.429,0.0,0.23,0.28,0.01,116.34683406141747,train
0.05,0.429,0.0,0.23,0.28,0.01,118.92284881414909,train
0.05,0.429,0.0,0.23,0.28,0.01,105.11071510041323,train
0.05,0.429,0.0,0.23,0.28,0.01,115.53775484482642,train
0.05,0.429,0.0,0.23,0.28,0.01,117.21672196010022,train
0.05,0.429,0.0,0.23,0.28,0.01,112.45227335271119,train
0.05,0.429,0.0,0.23,0.28,0.01,112.52015460977722,train
0.05,0.429,0.0,0.23,0.28,0.01,97.83677494386691,train
0.05,0.429,0.0,0.23,0.28,0.01,107.064396303383,train
0.05,0.429,0.0,0.23,0.28,0.01,118.01668165776555,train
0.05,0.429,0.0,0.23,0.28,0.01,113.053780394242,train
0.05,0.429,0.0,0.23,0.28,0.01,114.97684994891125,train
0.05,0.429,0.0,0.23,0.28,0.01,104.14639658552416,train
0.05,0.429,0.0,0.23,0.28,0.01,101.07139926258513,train
0.05,0.429,0.0,0.23,0.28,0.01,107.99956224677817,train
0.05,0.429,0.0,0.23,0.28,0.01,105.24740518158595,train
0.05,0.429,0.0,0.23,0.28,0.01,105.7187031737559,train
0.05,0.429,0.0,0.23,0.28,0.01,108.00489198612048,train
0.05,0.429,0.0,0.23,0.28,0.01,107.88089880193498,train
0.05,0.429,0.0,0.23,0.28,0.01,110.42054811023493,train
0.05,0.429,0.0,0.23,0.28,0.01,122.37937464880997,train
0.05,0.429,0.0,0.23,0.28,0.01,107.86274327654479,train
0.09,0.544,0.04,0.139,0.128,0.059,110.98226298146609,train
0.09,0.544,0.04,0.139,0.128,0.059,122.19453356371267,train
0.09,0.544,0.04,0.139,0.128,0.059,106.97493315338437,train
0.09,0.544,0.04,0.139,0.128,0.059,109.51875106094843,train
0.09,0.544,0.04,0.139,0.128,0.059,114.26089864689943,train
0.09,0.544,0.04,0.139,0.128,0.059,118.86917702884257,train
0.09,0.544,0.04,0.139,0.128,0.059,119.37909617162646,train
0.09,0.544,0.04,0.139,0.128,0.059,125.63042492439837,train
0.09,0.544,0.04,0.139,0.128,0.059,114.80020014896864,train
0.09,0.544,0.04,0.139,0.128,0.059,119.77081121237721,train
0.09,0.544,0.04,0.139,0.128,0.059,111.25822473267594,train
0.09,0.544,0.04,0.139,0.128,0.059,109.04476614998887,train
0.09,0.544,0.04,0.139,0.128,0.059,116.4509919074558,train
0.09,0.544,0.04,0.139,0.128,0.059,117.28951734122627,train
0.09,0.544,0.04,0.139,0.128,0.059,107.99219559265241,train
0.09,0.544,0.04,0.139,0.128,0.059,119.8105508727713,train
0.09,0.544,0.04,0.139,0.128,0.059,112.53500942461277,train
0.09,0.544,0.04,0.139,0.128,0.059,107.58165043199415,train
0.09,0.544,0.04,0.139,0.128,0.059,115.3535193561666,train
0.09,0.544,0.04,0.139,0.128,0.059,119.10279773145304,train
0.09,0.544,0.04,0.139,0.128,0.059,111.65412794544737,train
0.09,0.544,0.04,0.139,0.128,0.059,120.02792097525644,train
0.09,0.544,0.04,0.139,0.128,0.059,107.50708836800652,train
0.09,0.544,0.04,0.139,0.128,0.059,121.9519107468915,train
0.09,0.544,0.04,0.139,0.128,0.059,108.6300108629208,train
0.09,0.544,0.04,0.139,0.128,0.059,110.51107562177313,train
0.09,0.544,0.04,0.139,0.128,0.059,115.40794741772497,train
0.09,0.544,0.04,0.139,0.128,0.059,116.40168154504642,train
0.09,0.544,0.04,0.139,0.128,0.059,114.07251947506123,train
0.09,0.544,0.04,0.139,0.128,0.059,116.23058692387947,train
0.13,0.109,0.208,0.198,0.317,0.04,91.69310018203163,train
0.13,0.109,0.208,0.198,0.317,0.04,64.78273700806548,train
0.13,0.109,0.208,0.198,0.317,0.04,81.28478713593962,train
0.13,0.109,0.208,0.198,0.317,0.04,85.3326816699765,train
0.13,0.109,0.208,0.198,0.317,0.04,76.27631442904641,train
0.13,0.109,0.208,0.198,0.317,0.04,83.3918271085815,train
0.13,0.109,0.208,0.198,0.317,0.04,86.68009622050369,train
0.13,0.109,0.208,0.198,0.317,0.04,88.60438042237521,train
0.13,0.109,0.208,0.198,0.317,0.04,75.09737325496057,train
0.13,0.109,0.208,0.198,0.317,0.04,67.4745989770253,train
0.13,0.109,0.208,0.198,0.317,0.04,65.92379450108189,train
0.13,0.109,0.208,0.198,0.317,0.04,63.041305182992375,train
0.13,0.109,0.208,0.198,0.317,0.04,77.59178237061208,train
0.13,0.109,0.208,0.198,0.317,0.04,84.00016206152195,train
0.13,0.109,0.208,0.198,0.317,0.04,83.2331993359767,train
0.13,0.109,0.208,0.198,0.317,0.04,72.02331901594968,train
0.13,0.109,0.208,0.198,0.317,0.04,69.06688694025286,train
0.13,0.109,0.208,0.198,0.317,0.04,69.30590120748424,train
0.13,0.109,0.208,0.198,0.317,0.04,77.98719801436286,train
0.13,0.109,0.208,0.198,0.317,0.04,74.91209074302212,train
0.13,0.109,0.208,0.198,0.317,0.04,64.90277289983855,train
0.13,0.109,0.208,0.198,0.317,0.04,64.59182060006874,train
0.13,0.109,0.208,0.198,0.317,0.04,82.5439688283916,train
0.13,0.109,0.208,0.198,0.317,0.04,79.44455865695751,train
0.13,0.109,0.208,0.198,0.317,0.04,91.5312717542547,train
0.13,0.109,0.208,0.198,0.317,0.04,82.47461990379657,train
0.13,0.109,0.208,0.198,0.317,0.04,84.90387205918063,train
0.13,0.109,0.208,0.198,0.317,0.04,74.11942678074773,train
0.13,0.109,0.208,0.198,0.317,0.04,68.45751744384111,train
0.13,0.109,0.208,0.198,0.317,0.04,76.8823778645333,train
0.059,0.544,0.01,0.119,0.178,0.089,104.95504692215553,train
0.059,0.544,0.01,0.119,0.178,0.089,106.82512205446459,train
0.059,0.544,0.01,0.119,0.178,0.089,104.57378752117148,train
0.059,0.544,0.01,0.119,0.178,0.089,107.30270769835414,train
0.059,0.544,0.01,0.119,0.178,0.089,113.54550961802143,train
0.059,0.544,0.01,0.119,0.178,0.089,116.39637829755702,train
0.059,0.544,0.01,0.119,0.178,0.089,106.45823370722522,train
0.059,0.544,0.01,0.119,0.178,0.089,97.99051268180212,train
0.059,0.544,0.01,0.119,0.178,0.089,112.84896794278082,train
0.059,0.544,0.01,0.119,0.178,0.089,108.2800716496024,train
0.059,0.544,0.01,0.119,0.178,0.089,105.29431005660152,train
0.059,0.544,0.01,0.119,0.178,0.089,108.58284547229049,train
0.059,0.544,0.01,0.119,0.178,0.089,107.38978772986599,train
0.059,0.544,0.01,0.119,0.178,0.089,100.73840282544467,train
0.059,0.544,0.01,0.119,0.178,0.089,104.66198580806741,train
0.059,0.544,0.01,0.119,0.178,0.089,113.87102473598596,train
0.059,0.544,0.01,0.119,0.178,0.089,101.95663930535439,train
0.059,0.544,0.01,0.119,0.178,0.089,105.87230050830256,train
0.059,0.544,0.01,0.119,0.178,0.089,105.15001194873761,train
0.059,0.544,0.01,0.119,0.178,0.089,109.04063681063045,train
0.059,0.544,0.01,0.119,0.178,0.089,104.53285966839151,train
0.059,0.544,0.01,0.119,0.178,0.089,113.96613764506733,train
0.059,0.544,0.01,0.119,0.178,0.089,110.31220769713708,train
0.059,0.544,0.01,0.119,0.178,0.089,106.85246243934169,train
0.059,0.544,0.01,0.119,0.178,0.089,111.29536408369668,train
0.059,0.544,0.01,0.119,0.178,0.089,107.82536918165027,train
0.059,0.544,0.01,0.119,0.178,0.089,110.4394482441735,train
0.059,0.544,0.01,0.119,0.178,0.089,106.40702899270555,train
0.059,0.544,0.01,0.119,0.178,0.089,100.03594577608386,train
0.059,0.544,0.01,0.119,0.178,0.089,108.34397533119962,train
0.06,0.29,0.03,0.05,0.1,0.47,39.063012604889614,train
0.06,0.29,0.03,0.05,0.1,0.47,39.30543484681298,train
0.06,0.29,0.03,0.05,0.1,0.47,46.006795526073404,train
0.06,0.29,0.03,0.05,0.1,0.47,38.03258180895044,train
0.06,0.29,0.03,0.05,0.1,0.47,40.57997195967404,train
0.06,0.29,0.03,0.05,0.1,0.47,34.97011473036987,train
0.06,0.29,0.03,0.05,0.1,0.47,43.335575336479565,train
0.06,0.29,0.03,0.05,0.1,0.47,46.08666402674532,train
0.06,0.29,0.03,0.05,0.1,0.47,21.94725545959129,train
0.06,0.29,0.03,0.05,0.1,0.47,29.29932528708096,train
0.06,0.29,0.03,0.05,0.1,0.47,42.61360036213305,train
0.06,0.29,0.03,0.05,0.1,0.47,42.88975763659231,train
0.06,0.29,0.03,0.05,0.1,0.47,45.65057820455746,train
0.06,0.29,0.03,0.05,0.1,0.47,37.74116808802463,train
0.06,0.29,0.03,0.05,0.1,0.47,22.328358065943586,train
0.06,0.29,0.03,0.05,0.1,0.47,38.759364890128836,train
0.06,0.29,0.03,0.05,0.1,0.47,52.77534176185319,train
0.06,0.29,0.03,0.05,0.1,0.47,41.084502878179606,train
0.06,0.29,0.03,0.05,0.1,0.47,32.5519033419665,train
0.06,0.29,0.03,0.05,0.1,0.47,36.0475976122427,train
0.06,0.29,0.03,0.05,0.1,0.47,42.31944491348979,train
0.06,0.29,0.03,0.05,0.1,0.47,34.01322981444523,train
0.06,0.29,0.03,0.05,0.1,0.47,35.374403992680314,train
0.06,0.29,0.03,0.05,0.1,0.47,38.97225718234031,train
0.06,0.29,0.03,0.05,0.1,0.47,39.653352591881905,train
0.06,0.29,0.03,0.05,0.1,0.47,42.47981356340215,train
0.06,0.29,0.03,0.05,0.1,0.47,45.158547900380064,train
0.06,0.29,0.03,0.05,0.1,0.47,45.71839826346733,train
0.06,0.29,0.03,0.05,0.1,0.47,30.954264699333443,train
0.06,0.29,0.03,0.05,0.1,0.47,37.09850344769354,train
0.05,0.24,0.03,0.08,0.29,0.31,69.25131905254665,train
0.05,0.24,0.03,0.08,0.29,0.31,71.79154631612761,train
0.05,0.24,0.03,0.08,0.29,0.31,83.01599432630444,train
0.05,0.24,0.03,0.08,0.29,0.31,83.95502545061046,train
0.05,0.24,0.03,0.08,0.29,0.31,64.1476491070287,train
0.05,0.24,0.03,0.08,0.29,0.31,53.12883860759126,train
0.05,0.24,0.03,0.08,0.29,0.31,45.7993582127407,train
0.05,0.24,0.03,0.08,0.29,0.31,55.30980829903446,train
0.05,0.24,0.03,0.08,0.29,0.31,64.71267367938974,train
0.05,0.24,0.03,0.08,0.29,0.31,49.94323703235064,train
0.05,0.24,0.03,0.08,0.29,0.31,88.35086380881395,train
0.05,0.24,0.03,0.08,0.29,0.31,52.17890087045886,train
0.05,0.24,0.03,0.08,0.29,0.31,71.09539898905946,train
0.05,0.24,0.03,0.08,0.29,0.31,68.78296748503647,train
0.05,0.24,0.03,0.08,0.29,0.31,67.60696831312063,train
0.05,0.24,0.03,0.08,0.29,0.31,73.96240257492448,train
0.05,0.24,0.03,0.08,0.29,0.31,91.32998260048356,train
0.05,0.24,0.03,0.08,0.29,0.31,69.6274893893977,train
0.05,0.24,0.03,0.08,0.29,0.31,58.604466076355,train
0.05,0.24,0.03,0.08,0.29,0.31,68.6499127492143,train
0.05,0.24,0.03,0.08,0.29,0.31,83.22531854687918,train
0.05,0.24,0.03,0.08,0.29,0.31,46.59749151957003,train
0.05,0.24,0.03,0.08,0.29,0.31,61.3241061029024,train
0.05,0.24,0.03,0.08,0.29,0.31,44.71925687272177,train
0.05,0.24,0.03,0.08,0.29,0.31,40.23555293916405,train
0.05,0.24,0.03,0.08,0.29,0.31,49.91010879490433,train
0.05,0.24,0.03,0.08,0.29,0.31,65.77525466477309,train
0.05,0.24,0.03,0.08,0.29,0.31,79.62031896772224,train
0.05,0.24,0.03,0.08,0.29,0.31,63.968587471037594,train
0.05,0.24,0.03,0.08,0.29,0.31,68.05546948764763,train
0.101,0.41,0.05,0.05,0.21,0.18,74.71353016274547,train
0.101,0.41,0.05,0.05,0.21,0.18,113.09329215034894,train
0.101,0.41,0.05,0.05,0.21,0.18,61.13290449993422,train
0.101,0.41,0.05,0.05,0.21,0.18,61.3933638745149,train
0.101,0.41,0.05,0.05,0.21,0.18,109.05944618448113,train
0.101,0.41,0.05,0.05,0.21,0.18,84.01398382707262,train
0.101,0.41,0.05,0.05,0.21,0.18,98.27058596596424,train
0.101,0.41,0.05,0.05,0.21,0.18,71.99618496392235,train
0.101,0.41,0.05,0.05,0.21,0.18,73.06824791299458,train
0.101,0.41,0.05,0.05,0.21,0.18,94.66050428185531,train
0.101,0.41,0.05,0.05,0.21,0.18,86.39894256628514,train
0.101,0.41,0.05,0.05,0.21,0.18,105.13220642113654,train
0.101,0.41,0.05,0.05,0.21,0.18,92.56424523784597,train
0.101,0.41,0.05,0.05,0.21,0.18,116.608859752304,train
0.101,0.41,0.05,0.05,0.21,0.18,81.11643931083555,train
0.101,0.41,0.05,0.05,0.21,0.18,114.72885856355666,train
0.101,0.41,0.05,0.05,0.21,0.18,58.741532421470296,train
0.101,0.41,0.05,0.05,0.21,0.18,110.91282050594783,train
0.101,0.41,0.05,0.05,0.21,0.18,104.78767775222383,train
0.101,0.41,0.05,0.05,0.21,0.18,103.69092918693538,train
0.101,0.41,0.05,0.05,0.21,0.18,143.49659632572025,train
0.101,0.41,0.05,0.05,0.21,0.18,98.51802333331575,train
0.101,0.41,0.05,0.05,0.21,0.18,118.02270304034181,train
0.101,0.41,0.05,0.05,0.21,0.18,97.27336384667305,train
0.101,0.41,0.05,0.05,0.21,0.18,116.64663846510281,train
0.101,0.41,0.05,0.05,0.21,0.18,93.4825829370446,train
0.101,0.41,0.05,0.05,0.21,0.18,82.93761001455226,train
0.101,0.41,0.05,0.05,0.21,0.18,100.55129728306629,train
0.101,0.41,0.05,0.05,0.21,0.18,112.15097822765755,train
0.101,0.41,0.05,0.05,0.21,0.18,89.82012843266989,train
0.079,0.515,0.04,0.04,0.307,0.02,223.5639648416094,train
0.079,0.515,0.04,0.04,0.307,0.02,258.80729184247883,train
0.079,0.515,0.04,0.04,0.307,0.02,211.45790507438298,train
0.079,0.515,0.04,0.04,0.307,0.02,259.13875841126685,train
0.079,0.515,0.04,0.04,0.307,0.02,233.00624893375036,train
0.079,0.515,0.04,0.04,0.307,0.02,258.72268998386454,train
0.079,0.515,0.04,0.04,0.307,0.02,250.51052346347475,train
0.079,0.515,0.04,0.04,0.307,0.02,247.23854600394571,train
0.079,0.515,0.04,0.04,0.307,0.02,249.66929235983088,train
0.079,0.515,0.04,0.04,0.307,0.02,263.2391986243988,train
0.079,0.515,0.04,0.04,0.307,0.02,204.73398853061678,train
0.079,0.515,0.04,0.04,0.307,0.02,248.47367442493885,train
0.079,0.515,0.04,0.04,0.307,0.02,247.13722062182913,train
0.079,0.515,0.04,0.04,0.307,0.02,232.05622828502877,train
0.079,0.515,0.04,0.04,0.307,0.02,265.87569144093175,train
0.079,0.515,0.04,0.04,0.307,0.02,240.1277829433438,train
0.079,0.515,0.04,0.04,0.307,0.02,224.41073160091412,train
0.079,0.515,0.04,0.04,0.307,0.02,260.55189750479576,train
0.079,0.515,0.04,0.04,0.307,0.02,236.71466500620605,train
0.079,0.515,0.04,0.04,0.307,0.02,248.9521986449459,train
0.079,0.515,0.04,0.04,0.307,0.02,255.56089594096144,train
0.079,0.515,0.04,0.04,0.307,0.02,221.24071610244903,train
0.079,0.515,0.04,0.04,0.307,0.02,227.00934554862616,train
0.079,0.515,0.04,0.04,0.307,0.02,255.13876928392767,train
0.079,0.515,0.04,0.04,0.307,0.02,224.07618835092325,train
0.079,0.515,0.04,0.04,0.307,0.02,239.37670889527848,train
0.079,0.515,0.04,0.04,0.307,0.02,244.49655320678525,train
0.079,0.515,0.04,0.04,0.307,0.02,225.55042512673623,train
0.079,0.515,0.04,0.04,0.307,0.02,257.7973003538572,train
0.079,0.515,0.04,0.04,0.307,0.02,216.87670967017752,train
0.059,0.16,0.11,0.17,0.37,0.13,124.69064978233084,train
0.059,0.16,0.11,0.17,0.37,0.13,105.73396398707087,train
0.059,0.16,0.11,0.17,0.37,0.13,133.1051205269364,train
0.059,0.16,0.11,0.17,0.37,0.13,135.91734673464643,train
0.059,0.16,0.11,0.17,0.37,0.13,118.65756090470258,train
0.059,0.16,0.11,0.17,0.37,0.13,104.24915966617684,train
0.059,0.16,0.11,0.17,0.37,0.13,128.4128664026886,train
0.059,0.16,0.11,0.17,0.37,0.13,91.25669242686308,train
0.059,0.16,0.11,0.17,0.37,0.13,109.43845556267912,train
0.059,0.16,0.11,0.17,0.37,0.13,134.17514254377528,train
0.059,0.16,0.11,0.17,0.37,0.13,98.15921834292752,train
0.059,0.16,0.11,0.17,0.37,0.13,148.7440651392757,train
0.059,0.16,0.11,0.17,0.37,0.13,111.36330840581377,train
0.059,0.16,0.11,0.17,0.37,0.13,99.34136827893172,train
0.059,0.16,0.11,0.17,0.37,0.13,80.425061215442,train
0.059,0.16,0.11,0.17,0.37,0.13,131.03108757590084,train
0.059,0.16,0.11,0.17,0.37,0.13,107.7306878133207,train
0.059,0.16,0.11,0.17,0.37,0.13,117.75688113875745,train
0.059,0.16,0.11,0.17,0.37,0.13,81.58801896894401,train
0.059,0.16,0.11,0.17,0.37,0.13,121.42058296918316,train
0.059,0.16,0.11,0.17,0.37,0.13,132.3418286951837,train
0.059,0.16,0.11,0.17,0.37,0.13,95.5780856871541,train
0.059,0.16,0.11,0.17,0.37,0.13,119.11444722964156,train
0.059,0.16,0.11,0.17,0.37,0.13,108.36579650822469,train
0.059,0.16,0.11,0.17,0.37,0.13,122.39510640182267,train
0.059,0.16,0.11,0.17,0.37,0.13,106.20911209623712,train
0.059,0.16,0.11,0.17,0.37,0.13,117.87980279935535,train
0.059,0.16,0.11,0.17,0.37,0.13,136.8864788106205,train
0.059,0.16,0.11,0.17,0.37,0.13,83.82840019515457,train
0.059,0.16,0.11,0.17,0.37,0.13,100.71931628993245,train
0.02,0.32,0.04,0.041,0.06,0.519,42.021216781682284,train
0.02,0.32,0.04,0.041,0.06,0.519,83.10006389024315,train
0.02,0.32,0.04,0.041,0.06,0.519,70.63322645336568,train
0.02,0.32,0.04,0.041,0.06,0.519,44.051128168322876,train
0.02,0.32,0.04,0.041,0.06,0.519,61.20154506945146,train
0.02,0.32,0.04,0.041,0.06,0.519,64.98300264663615,train
0.02,0.32,0.04,0.041,0.06,0.519,55.240788317955115,train
0.02,0.32,0.04,0.041,0.06,0.519,44.321867624373255,train
0.02,0.32,0.04,0.041,0.06,0.519,60.70913300033195,train
0.02,0.32,0.04,0.041,0.06,0.519,57.423762178698695,train
0.02,0.32,0.04,0.041,0.06,0.519,70.0835635348787,train
0.02,0.32,0.04,0.041,0.06,0.519,63.30786206816656,train
0.02,0.32,0.04,0.041,0.06,0.519,44.28653633594871,train
0.02,0.32,0.04,0.041,0.06,0.519,50.91444314153341,train
0.02,0.32,0.04,0.041,0.06,0.519,61.27186038483786,train
0.02,0.32,0.04,0.041,0.06,0.519,47.281000608252036,train
0.02,0.32,0.04,0.041,0.06,0.519,61.05379155809713,train
0.02,0.32,0.04,0.041,0.06,0.519,68.66223719024893,train
0.02,0.32,0.04,0.041,0.06,0.519,73.4453471539754,train
0.02,0.32,0.04,0.041,0.06,0.519,23.295526042718137,train
0.02,0.32,0.04,0.041,0.06,0.519,66.80726719329621,train
0.02,0.32,0.04,0.041,0.06,0.519,66.53488173338839,train
0.02,0.32,0.04,0.041,0.06,0.519,51.84587790808225,train
0.02,0.32,0.04,0.041,0.06,0.519,41.74704058550289,train
0.02,0.32,0.04,0.041,0.06,0.519,77.29621938771221,train
0.02,0.32,0.04,0.041,0.06,0.519,78.56501787028361,train
0.02,0.32,0.04,0.041,0.06,0.519,51.76274735974136,train
0.02,0.32,0.04,0.041,0.06,0.519,56.95870643809562,train
0.02,0.32,0.04,0.041,0.06,0.519,54.72327910327963,train
0.02,0.32,0.04,0.041,0.06,0.519,52.827486816828795,train
0.19,0.13,0.09,0.17,0.33,0.09,102.30719494582773,train
0.19,0.13,0.09,0.17,0.33,0.09,99.48764751831348,train
0.19,0.13,0.09,0.17,0.33,0.09,75.52718306920465,train
0.19,0.13,0.09,0.17,0.33,0.09,110.42022237050486,train
0.19,0.13,0.09,0.17,0.33,0.09,80.2846155358161,train
0.19,0.13,0.09,0.17,0.33,0.09,105.27899369812164,train
0.19,0.13,0.09,0.17,0.33,0.09,78.53132639923076,train
0.19,0.13,0.09,0.17,0.33,0.09,74.97285906063038,train
0.19,0.13,0.09,0.17,0.33,0.09,97.9417718202227,train
0.19,0.13,0.09,0.17,0.33,0.09,87.19358818666669,train
0.19,0.13,0.09,0.17,0.33,0.09,76.39437759333937,train
0.19,0.13,0.09,0.17,0.33,0.09,86.9346462201338,train
0.19,0.13,0.09,0.17,0.33,0.09,83.60710805590907,train
0.19,0.13,0.09,0.17,0.33,0.09,98.78933237742658,train
0.19,0.13,0.09,0.17,0.33,0.09,93.44442615387807,train
0.19,0.13,0.09,0.17,0.33,0.09,88.56110596121836,train
0.19,0.13,0.09,0.17,0.33,0.09,83.76649478116607,train
0.19,0.13,0.09,0.17,0.33,0.09,79.65141167305056,train
0.19,0.13,0.09,0.17,0.33,0.09,88.45999604834681,train
0.19,0.13,0.09,0.17,0.33,0.09,80.4761055478796,train
0.19,0.13,0.09,0.17,0.33,0.09,95.15166527699317,train
0.19,0.13,0.09,0.17,0.33,0.09,85.17720886530142,train
0.19,0.13,0.09,0.17,0.33,0.09,90.77913389549138,train
0.19,0.13,0.09,0.17,0.33,0.09,87.44227222140938,train
0.19,0.13,0.09,0.17,0.33,0.09,95.8634274289078,train
0.19,0.13,0.09,0.17,0.33,0.09,82.91184370560254,train
0.19,0.13,0.09,0.17,0.33,0.09,79.6368868714466,train
0.19,0.13,0.09,0.17,0.33,0.09,85.21194652352956,train
0.19,0.13,0.09,0.17,0.33,0.09,89.16622277182103,train
0.19,0.13,0.09,0.17,0.33,0.09,72.20248545506564,train
0.12,0.09,0.11,0.08,0.15,0.45,38.34880058945368,train
0.12,0.09,0.11,0.08,0.15,0.45,39.01642172106936,train
0.12,0.09,0.11,0.08,0.15,0.45,40.05673434658475,train
0.12,0.09,0.11,0.08,0.15,0.45,35.19577676322469,train
0.12,0.09,0.11,0.08,0.15,0.45,40.81791174527822,train
0.12,0.09,0.11,0.08,0.15,0.45,38.069301760347386,train
0.12,0.09,0.11,0.08,0.15,0.45,38.43474950309664,train
0.12,0.09,0.11,0.08,0.15,0.45,37.147511488382925,train
0.12,0.09,0.11,0.08,0.15,0.45,39.247518689680916,train
0.12,0.09,0.11,0.08,0.15,0.45,33.71571503451177,train
0.12,0.09,0.11,0.08,0.15,0.45,40.64574928839903,train
0.12,0.09,0.11,0.08,0.15,0.45,39.17840506931811,train
0.12,0.09,0.11,0.08,0.15,0.45,37.754759632152016,train
0.12,0.09,0.11,0.08,0.15,0.45,41.23596784503611,train
0.12,0.09,0.11,0.08,0.15,0.45,34.28950138358228,train
0.12,0.09,0.11,0.08,0.15,0.45,40.95898545936848,train
0.12,0.09,0.11,0.08,0.15,0.45,34.94435605924156,train
0.12,0.09,0.11,0.08,0.15,0.45,37.804366821122194,train
0.12,0.09,0.11,0.08,0.15,0.45,35.98425213776951,train
0.12,0.09,0.11,0.08,0.15,0.45,36.50396476194026,train
0.12,0.09,0.11,0.08,0.15,0.45,45.09691217692274,train
0.12,0.09,0.11,0.08,0.15,0.45,34.031580107195836,train
0.12,0.09,0.11,0.08,0.15,0.45,38.93766950647943,train
0.12,0.09,0.11,0.08,0.15,0.45,34.606047757972966,train
0.12,0.09,0.11,0.08,0.15,0.45,37.466476512040465,train
0.12,0.09,0.11,0.08,0.15,0.45,31.782298773675322,train
0.12,0.09,0.11,0.08,0.15,0.45,38.65940928480725,train
0.12,0.09,0.11,0.08,0.15,0.45,37.45477238930532,train
0.12,0.09,0.11,0.08,0.15,0.45,40.99675919848702,train
0.12,0.09,0.11,0.08,0.15,0.45,39.06780823577776,train
0.12,0.15,0.07,0.12,0.23,0.311,57.43074780577532,train
0.12,0.15,0.07,0.12,0.23,0.311,55.408115104729745,train
0.12,0.15,0.07,0.12,0.23,0.311,61.21791247472639,train
0.12,0.15,0.07,0.12,0.23,0.311,57.27617426941451,train
0.12,0.15,0.07,0.12,0.23,0.311,60.948837482723434,train
0.12,0.15,0.07,0.12,0.23,0.311,64.43505097818178,train
0.12,0.15,0.07,0.12,0.23,0.311,53.77798502948876,train
0.12,0.15,0.07,0.12,0.23,0.311,58.038769844032196,train
0.12,0.15,0.07,0.12,0.23,0.311,55.292552793485434,train
0.12,0.15,0.07,0.12,0.23,0.311,44.95361968579234,train
0.12,0.15,0.07,0.12,0.23,0.311,57.87863665040545,train
0.12,0.15,0.07,0.12,0.23,0.311,58.875375869975144,train
0.12,0.15,0.07,0.12,0.23,0.311,50.680502031461884,train
0.12,0.15,0.07,0.12,0.23,0.311,56.278880876341546,train
0.12,0.15,0.07,0.12,0.23,0.311,46.6509485618998,train
0.12,0.15,0.07,0.12,0.23,0.311,56.483872939247895,train
0.12,0.15,0.07,0.12,0.23,0.311,54.98681308918085,train
0.12,0.15,0.07,0.12,0.23,0.311,44.21869380375299,train
0.12,0.15,0.07,0.12,0.23,0.311,59.317597699620954,train
0.12,0.15,0.07,0.12,0.23,0.311,39.76581754980458,train
0.12,0.15,0.07,0.12,0.23,0.311,52.574633263112815,train
0.12,0.15,0.07,0.12,0.23,0.311,44.599384430334965,train
0.12,0.15,0.07,0.12,0.23,0.311,58.64812549497144,train
0.12,0.15,0.07,0.12,0.23,0.311,58.35305460981661,train
0.12,0.15,0.07,0.12,0.23,0.311,55.01359614695409,train
0.12,0.15,0.07,0.12,0.23,0.311,59.34180318645798,train
0.12,0.15,0.07,0.12,0.23,0.311,48.45461211064337,train
0.12,0.15,0.07,0.12,0.23,0.311,47.93344568123347,train
0.12,0.15,0.07,0.12,0.23,0.311,48.71709688180802,train
0.12,0.15,0.07,0.12,0.23,0.311,54.99760089718612,train
0.069,0.327,0.03,0.337,0.228,0.01,78.53604167095492,train
0.069,0.327,0.03,0.337,0.228,0.01,104.7614860948972,train
0.069,0.327,0.03,0.337,0.228,0.01,83.69148321795039,train
0.069,0.327,0.03,0.337,0.228,0.01,76.69499182557914,train
0.069,0.327,0.03,0.337,0.228,0.01,105.91829152642947,train
0.069,0.327,0.03,0.337,0.228,0.01,108.58085563555329,train
0.069,0.327,0.03,0.337,0.228,0.01,80.46280122916613,train
0.069,0.327,0.03,0.337,0.228,0.01,110.9911530641269,train
0.069,0.327,0.03,0.337,0.228,0.01,93.1124925859352,train
0.069,0.327,0.03,0.337,0.228,0.01,79.63744905765822,train
0.069,0.327,0.03,0.337,0.228,0.01,102.57017866838952,train
0.069,0.327,0.03,0.337,0.228,0.01,86.32403613585947,train
0.069,0.327,0.03,0.337,0.228,0.01,96.51565221768631,train
0.069,0.327,0.03,0.337,0.228,0.01,105.33286464506445,train
0.069,0.327,0.03,0.337,0.228,0.01,89.15447945715418,train
0.069,0.327,0.03,0.337,0.228,0.01,96.01455244186076,train
0.069,0.327,0.03,0.337,0.228,0.01,115.50437034001801,train
0.069,0.327,0.03,0.337,0.228,0.01,114.62503338655324,train
0.069,0.327,0.03,0.337,0.228,0.01,123.77333307494891,train
0.069,0.327,0.03,0.337,0.228,0.01,70.3208081517374,train
0.069,0.327,0.03,0.337,0.228,0.01,134.96854930573363,train
0.069,0.327,0.03,0.337,0.228,0.01,110.35960502589306,train
0.069,0.327,0.03,0.337,0.228,0.01,97.6423550921164,train
0.069,0.327,0.03,0.337,0.228,0.01,105.22566126466393,train
0.069,0.327,0.03,0.337,0.228,0.01,97.84790121512103,train
0.069,0.327,0.03,0.337,0.228,0.01,114.429737932587,train
0.069,0.327,0.03,0.337,0.228,0.01,102.40307668897157,train
0.069,0.327,0.03,0.337,0.228,0.01,86.4224586093121,train
0.069,0.327,0.03,0.337,0.228,0.01,115.69609420751294,train
0.069,0.327,0.03,0.337,0.228,0.01,99.23772764383189,train
0.071,0.283,0.02,0.041,0.384,0.202,112.18985958506858,train
0.071,0.283,0.02,0.041,0.384,0.202,156.77425068714845,train
0.071,0.283,0.02,0.041,0.384,0.202,185.40497280537144,train
0.071,0.283,0.02,0.041,0.384,0.202,138.33742065089433,train
0.071,0.283,0.02,0.041,0.384,0.202,152.07274641768998,train
0.071,0.283,0.02,0.041,0.384,0.202,135.66161307901984,train
0.071,0.283,0.02,0.041,0.384,0.202,119.34282362438206,train
0.071,0.283,0.02,0.041,0.384,0.202,161.90040488935745,train
0.071,0.283,0.02,0.041,0.384,0.202,160.64235076175876,train
0.071,0.283,0.02,0.041,0.384,0.202,169.2565246742149,train
0.071,0.283,0.02,0.041,0.384,0.202,127.14064037433758,train
0.071,0.283,0.02,0.041,0.384,0.202,157.63499917450505,train
0.071,0.283,0.02,0.041,0.384,0.202,119.63022057378879,train
0.071,0.283,0.02,0.041,0.384,0.202,179.32227637736423,train
0.071,0.283,0.02,0.041,0.384,0.202,127.21636148484147,train
0.071,0.283,0.02,0.041,0.384,0.202,188.8394301319108,train
0.071,0.283,0.02,0.041,0.384,0.202,149.74846781220683,train
0.071,0.283,0.02,0.041,0.384,0.202,112.79863127103229,train
0.071,0.283,0.02,0.041,0.384,0.202,156.79361296344703,train
0.071,0.283,0.02,0.041,0.384,0.202,161.89946785812606,train
0.071,0.283,0.02,0.041,0.384,0.202,165.28050005272607,train
0.071,0.283,0.02,0.041,0.384,0.202,153.20194787288838,train
0.071,0.283,0.02,0.041,0.384,0.202,181.15127508617803,train
0.071,0.283,0.02,0.041,0.384,0.202,139.2222891116911,train
0.071,0.283,0.02,0.041,0.384,0.202,137.32234966686121,train
0.071,0.283,0.02,0.041,0.384,0.202,157.31170519915275,train
0.071,0.283,0.02,0.041,0.384,0.202,113.91291635332739,train
0.071,0.283,0.02,0.041,0.384,0.202,151.7253644219206,train
0.071,0.283,0.02,0.041,0.384,0.202,138.9229322799126,train
0.071,0.283,0.02,0.041,0.384,0.202,201.23277036291614,train
0.02,0.456,0.069,0.049,0.168,0.237,110.79917139017627,train
0.02,0.456,0.069,0.049,0.168,0.237,117.16295950384287,train
0.02,0.456,0.069,0.049,0.168,0.237,134.4518143902772,train
0.02,0.456,0.069,0.049,0.168,0.237,144.94501136951703,train
0.02,0.456,0.069,0.049,0.168,0.237,152.8750881440848,train
0.02,0.456,0.069,0.049,0.168,0.237,125.20849868367648,train
0.02,0.456,0.069,0.049,0.168,0.237,130.1017844278821,train
0.02,0.456,0.069,0.049,0.168,0.237,140.19565888704372,train
0.02,0.456,0.069,0.049,0.168,0.237,134.77102769141055,train
0.02,0.456,0.069,0.049,0.168,0.237,149.40911821909123,train
0.02,0.456,0.069,0.049,0.168,0.237,117.89381783897502,train
0.02,0.456,0.069,0.049,0.168,0.237,133.75082403204064,train
0.02,0.456,0.069,0.049,0.168,0.237,139.1432385723792,train
0.02,0.456,0.069,0.049,0.168,0.237,135.49939688924647,train
0.02,0.456,0.069,0.049,0.168,0.237,116.7922628727387,train
0.02,0.456,0.069,0.049,0.168,0.237,154.75697707203662,train
0.02,0.456,0.069,0.049,0.168,0.237,125.26006991403955,train
0.02,0.456,0.069,0.049,0.168,0.237,142.05711122257185,train
0.02,0.456,0.069,0.049,0.168,0.237,121.5827779373718,train
0.02,0.456,0.069,0.049,0.168,0.237,136.03878361526395,train
0.02,0.456,0.069,0.049,0.168,0.237,132.46011203469703,train
0.02,0.456,0.069,0.049,0.168,0.237,108.47422895551628,train
0.02,0.456,0.069,0.049,0.168,0.237,137.89895590042156,train
0.02,0.456,0.069,0.049,0.168,0.237,132.36696015493135,train
0.02,0.456,0.069,0.049,0.168,0.237,163.78336793635057,train
0.02,0.456,0.069,0.049,0.168,0.237,128.63300540725112,train
0.02,0.456,0.069,0.049,0.168,0.237,143.0749365804198,train
0.02,0.456,0.069,0.049,0.168,0.237,137.2559255531101,train
0.02,0.456,0.069,0.049,0.168,0.237,144.28693283850393,train
0.02,0.456,0.069,0.049,0.168,0.237,153.20294745388068,train
0.07,0.38,0.04,0.05,0.14,0.32,69.7661940512883,train
0.07,0.38,0.04,0.05,0.14,0.32,72.59157199496029,train
0.07,0.38,0.04,0.05,0.14,0.32,74.91547389634633,train
0.07,0.38,0.04,0.05,0.14,0.32,69.27765106124087,train
0.07,0.38,0.04,0.05,0.14,0.32,84.56718263409104,train
0.07,0.38,0.04,0.05,0.14,0.32,79.98541998999443,train
0.07,0.38,0.04,0.05,0.14,0.32,83.0034770831259,train
0.07,0.38,0.04,0.05,0.14,0.32,39.218336617081775,train
0.07,0.38,0.04,0.05,0.14,0.32,83.47697694713595,train
0.07,0.38,0.04,0.05,0.14,0.32,82.5177014022854,train
0.07,0.38,0.04,0.05,0.14,0.32,75.04470575732913,train
0.07,0.38,0.04,0.05,0.14,0.32,44.23942187842978,train
0.07,0.38,0.04,0.05,0.14,0.32,70.99163553340378,train
0.07,0.38,0.04,0.05,0.14,0.32,69.7963286030893,train
0.07,0.38,0.04,0.05,0.14,0.32,74.62363335960588,train
0.07,0.38,0.04,0.05,0.14,0.32,76.04770591886438,train
0.07,0.38,0.04,0.05,0.14,0.32,74.75030915340061,train
0.07,0.38,0.04,0.05,0.14,0.32,74.28622570069771,train
0.07,0.38,0.04,0.05,0.14,0.32,60.157511450720584,train
0.07,0.38,0.04,0.05,0.14,0.32,64.33849320118811,train
0.07,0.38,0.04,0.05,0.14,0.32,90.35074082425473,train
0.07,0.38,0.04,0.05,0.14,0.32,92.17139091840373,train
0.07,0.38,0.04,0.05,0.14,0.32,61.67849479752408,train
0.07,0.38,0.04,0.05,0.14,0.32,87.57488062410178,train
0.07,0.38,0.04,0.05,0.14,0.32,73.16084463922421,train
0.07,0.38,0.04,0.05,0.14,0.32,79.23412530927794,train
0.07,0.38,0.04,0.05,0.14,0.32,68.72055741274377,train
0.07,0.38,0.04,0.05,0.14,0.32,58.170942464387686,train
0.07,0.38,0.04,0.05,0.14,0.32,74.4206042076188,train
0.07,0.38,0.04,0.05,0.14,0.32,64.86466945821512,train
0.091,0.424,0.061,0.232,0.141,0.051,129.60922468419403,train
0.091,0.424,0.061,0.232,0.141,0.051,86.82530704086676,train
0.091,0.424,0.061,0.232,0.141,0.051,82.76593116194114,train
0.091,0.424,0.061,0.232,0.141,0.051,137.9895913971575,train
0.091,0.424,0.061,0.232,0.141,0.051,79.79082789745705,train
0.091,0.424,0.061,0.232,0.141,0.051,111.47326958664006,train
0.091,0.424,0.061,0.232,0.141,0.051,115.07466119081059,train
0.091,0.424,0.061,0.232,0.141,0.051,79.80780651320234,train
0.091,0.424,0.061,0.232,0.141,0.051,91.04290033969419,train
0.091,0.424,0.061,0.232,0.141,0.051,100.2233494331411,train
0.091,0.424,0.061,0.232,0.141,0.051,88.52424079697496,train
0.091,0.424,0.061,0.232,0.141,0.051,122.60626533257857,train
0.091,0.424,0.061,0.232,0.141,0.051,107.65707471446612,train
0.091,0.424,0.061,0.232,0.141,0.051,87.52359429301262,train
0.091,0.424,0.061,0.232,0.141,0.051,94.77159943649744,train
0.091,0.424,0.061,0.232,0.141,0.051,90.40964957526316,train
0.091,0.424,0.061,0.232,0.141,0.051,116.0963209992493,train
0.091,0.424,0.061,0.232,0.141,0.051,75.1773119273159,train
0.091,0.424,0.061,0.232,0.141,0.051,80.36832119864383,train
0.091,0.424,0.061,0.232,0.141,0.051,99.86577340034228,train
0.091,0.424,0.061,0.232,0.141,0.051,120.50388647043235,train
0.091,0.424,0.061,0.232,0.141,0.051,115.49361014881804,train
0.091,0.424,0.061,0.232,0.141,0.051,91.96277811218481,train
0.091,0.424,0.061,0.232,0.141,0.051,117.22882923701594,train
0.091,0.424,0.061,0.232,0.141,0.051,101.22941188689285,train
0.091,0.424,0.061,0.232,0.141,0.051,63.861743461209294,train
0.091,0.424,0.061,0.232,0.141,0.051,113.63751294037664,train
0.091,0.424,0.061,0.232,0.141,0.051,105.22181027007029,train
0.091,0.424,0.061,0.232,0.141,0.051,98.48476129427863,train
0.091,0.424,0.061,0.232,0.141,0.051,96.01285222730193,train
0.099,0.081,0.179,0.07,0.149,0.421,15.868129953115945,train
0.099,0.081,0.179,0.07,0.149,0.421,29.78189623197968,train
0.099,0.081,0.179,0.07,0.149,0.421,23.470275615687726,train
0.099,0.081,0.179,0.07,0.149,0.421,35.02822240055248,train
0.099,0.081,0.179,0.07,0.149,0.421,24.095507000080737,train
0.099,0.081,0.179,0.07,0.149,0.421,33.15112815983674,train
0.099,0.081,0.179,0.07,0.149,0.421,29.76437644524735,train
0.099,0.081,0.179,0.07,0.149,0.421,34.44117064238231,train
0.099,0.081,0.179,0.07,0.149,0.421,39.69084417454016,train
0.099,0.081,0.179,0.07,0.149,0.421,19.12638312320685,train
0.099,0.081,0.179,0.07,0.149,0.421,29.657094430611224,train
0.099,0.081,0.179,0.07,0.149,0.421,32.904681580456,train
0.099,0.081,0.179,0.07,0.149,0.421,37.68711933538852,train
0.099,0.081,0.179,0.07,0.149,0.421,35.996643838308415,train
0.099,0.081,0.179,0.07,0.149,0.421,31.730730696081718,train
0.099,0.081,0.179,0.07,0.149,0.421,24.17339741907098,train
0.099,0.081,0.179,0.07,0.149,0.421,32.94992954933932,train
0.099,0.081,0.179,0.07,0.149,0.421,40.35051205563573,train
0.099,0.081,0.179,0.07,0.149,0.421,36.363865395872864,train
0.099,0.081,0.179,0.07,0.149,0.421,38.13619645845115,train
0.099,0.081,0.179,0.07,0.149,0.421,30.313352756055057,train
0.099,0.081,0.179,0.07,0.149,0.421,25.81126260147549,train
0.099,0.081,0.179,0.07,0.149,0.421,17.19852342402396,train
0.099,0.081,0.179,0.07,0.149,0.421,23.57863149207371,train
0.099,0.081,0.179,0.07,0.149,0.421,27.114411020555742,train
0.099,0.081,0.179,0.07,0.149,0.421,32.87788629744444,train
0.099,0.081,0.179,0.07,0.149,0.421,29.550537011257315,train
0.099,0.081,0.179,0.07,0.149,0.421,32.191326433906596,train
0.099,0.081,0.179,0.07,0.149,0.421,45.0370293584977,train
0.099,0.081,0.179,0.07,0.149,0.421,25.722045853407415,train
0.227,0.099,0.257,0.079,0.148,0.189,58.381605238956155,train
0.227,0.099,0.257,0.079,0.148,0.189,61.28120824524227,train
0.227,0.099,0.257,0.079,0.148,0.189,55.542986615953794,train
0.227,0.099,0.257,0.079,0.148,0.189,73.89042266484475,train
0.227,0.099,0.257,0.079,0.148,0.189,60.53467611038641,train
0.227,0.099,0.257,0.079,0.148,0.189,49.27003194285211,train
0.227,0.099,0.257,0.079,0.148,0.189,61.87905369687858,train
0.227,0.099,0.257,0.079,0.148,0.189,71.35114401357569,train
0.227,0.099,0.257,0.079,0.148,0.189,72.72328447272483,train
0.227,0.099,0.257,0.079,0.148,0.189,56.281272984103765,train
0.227,0.099,0.257,0.079,0.148,0.189,70.43821957228582,train
0.227,0.099,0.257,0.079,0.148,0.189,66.12497204228463,train
0.227,0.099,0.257,0.079,0.148,0.189,57.96101053501303,train
0.227,0.099,0.257,0.079,0.148,0.189,68.16840428558143,train
0.227,0.099,0.257,0.079,0.148,0.189,74.32846820077452,train
0.227,0.099,0.257,0.079,0.148,0.189,57.8961957890685,train
0.227,0.099,0.257,0.079,0.148,0.189,67.4089519478043,train
0.227,0.099,0.257,0.079,0.148,0.189,58.3801908304318,train
0.227,0.099,0.257,0.079,0.148,0.189,56.776583977506974,train
0.227,0.099,0.257,0.079,0.148,0.189,63.17301370609104,train
0.227,0.099,0.257,0.079,0.148,0.189,49.20167809924165,train
0.227,0.099,0.257,0.079,0.148,0.189,65.04946891442677,train
0.227,0.099,0.257,0.079,0.148,0.189,66.19607083539678,train
0.227,0.099,0.257,0.079,0.148,0.189,69.19406542338852,train
0.227,0.099,0.257,0.079,0.148,0.189,53.30651264531802,train
0.227,0.099,0.257,0.079,0.148,0.189,61.32063534985896,train
0.227,0.099,0.257,0.079,0.148,0.189,63.5573868941082,train
0.227,0.099,0.257,0.079,0.148,0.189,66.3716059882534,train
0.227,0.099,0.257,0.079,0.148,0.189,56.777158201202106,train
0.227,0.099,0.257,0.079,0.148,0.189,59.527397293700695,train
0.021,0.32,0.04,0.041,0.06,0.519,36.70187890237948,train
0.021,0.32,0.04,0.041,0.06,0.519,35.1259767796809,train
0.021,0.32,0.04,0.041,0.06,0.519,35.345258988346764,train
0.021,0.32,0.04,0.041,0.06,0.519,34.00780819144954,train
0.021,0.32,0.04,0.041,0.06,0.519,35.861655557694384,train
0.021,0.32,0.04,0.041,0.06,0.519,35.57245993653634,train
0.021,0.32,0.04,0.041,0.06,0.519,37.27137048501779,train
0.021,0.32,0.04,0.041,0.06,0.519,32.50201115223779,train
0.021,0.32,0.04,0.041,0.06,0.519,36.44171117806331,train
0.021,0.32,0.04,0.041,0.06,0.519,33.11095890055556,train
0.021,0.32,0.04,0.041,0.06,0.519,34.92681367626073,train
0.021,0.32,0.04,0.041,0.06,0.519,34.105378998525815,train
0.021,0.32,0.04,0.041,0.06,0.519,37.5104450973128,train
0.021,0.32,0.04,0.041,0.06,0.519,36.89202501776793,train
0.021,0.32,0.04,0.041,0.06,0.519,33.94492332653531,train
0.021,0.32,0.04,0.041,0.06,0.519,36.23460816414256,train
0.021,0.32,0.04,0.041,0.06,0.519,34.04447760578417,train
0.021,0.32,0.04,0.041,0.06,0.519,35.89592238450192,train
0.021,0.32,0.04,0.041,0.06,0.519,32.476408932887956,train
0.021,0.32,0.04,0.041,0.06,0.519,36.709158971002935,train
0.021,0.32,0.04,0.041,0.06,0.519,38.05239969007433,train
0.021,0.32,0.04,0.041,0.06,0.519,31.911177599819055,train
0.021,0.32,0.04,0.041,0.06,0.519,33.72036623112511,train
0.021,0.32,0.04,0.041,0.06,0.519,35.98531390376411,train
0.021,0.32,0.04,0.041,0.06,0.519,33.83491611268145,train
0.021,0.32,0.04,0.041,0.06,0.519,34.84784437638671,train
0.021,0.32,0.04,0.041,0.06,0.519,34.98383245074349,train
0.021,0.32,0.04,0.041,0.06,0.519,33.68277941693413,train
0.021,0.32,0.04,0.041,0.06,0.519,34.80620817150131,train
0.021,0.32,0.04,0.041,0.06,0.519,37.594762144555204,train
0.121,0.343,0.041,0.041,0.454,0.0,77.36542735177812,train
0.121,0.343,0.041,0.041,0.454,0.0,97.64934989422434,train
0.121,0.343,0.041,0.041,0.454,0.0,87.42634760805491,train
0.121,0.343,0.041,0.041,0.454,0.0,93.40431382931702,train
0.121,0.343,0.041,0.041,0.454,0.0,103.43610084205093,train
0.121,0.343,0.041,0.041,0.454,0.0,81.69375107647853,train
0.121,0.343,0.041,0.041,0.454,0.0,93.30414744324968,train
0.121,0.343,0.041,0.041,0.454,0.0,82.479298344387,train
0.121,0.343,0.041,0.041,0.454,0.0,104.45188448763835,train
0.121,0.343,0.041,0.041,0.454,0.0,121.16026060469792,train
0.121,0.343,0.041,0.041,0.454,0.0,92.78031594871186,train
0.121,0.343,0.041,0.041,0.454,0.0,86.73885043949439,train
0.121,0.343,0.041,0.041,0.454,0.0,113.10664440438981,train
0.121,0.343,0.041,0.041,0.454,0.0,101.62511193409605,train
0.121,0.343,0.041,0.041,0.454,0.0,80.12330122396729,train
0.121,0.343,0.041,0.041,0.454,0.0,64.13363696646783,train
0.121,0.343,0.041,0.041,0.454,0.0,68.61639642692846,train
0.121,0.343,0.041,0.041,0.454,0.0,85.64302398842136,train
0.121,0.343,0.041,0.041,0.454,0.0,94.36815499591484,train
0.121,0.343,0.041,0.041,0.454,0.0,81.33660155051585,train
0.121,0.343,0.041,0.041,0.454,0.0,83.5911676731737,train
0.121,0.343,0.041,0.041,0.454,0.0,66.97200340439994,train
0.121,0.343,0.041,0.041,0.454,0.0,77.95250194732594,train
0.121,0.343,0.041,0.041,0.454,0.0,66.91718068028192,train
0.121,0.343,0.041,0.041,0.454,0.0,76.59689421398859,train
0.121,0.343,0.041,0.041,0.454,0.0,110.51279404045087,train
0.121,0.343,0.041,0.041,0.454,0.0,83.12600759755126,train
0.121,0.343,0.041,0.041,0.454,0.0,87.79212805872287,train
0.121,0.343,0.041,0.041,0.454,0.0,74.29523155937531,train
0.121,0.343,0.041,0.041,0.454,0.0,90.21548456823082,train
0.0,0.253,0.04,0.111,0.333,0.263,81.34497391631906,train
0.0,0.253,0.04,0.111,0.333,0.263,120.37985212507247,train
0.0,0.253,0.04,0.111,0.333,0.263,120.39836021061124,train
0.0,0.253,0.04,0.111,0.333,0.263,93.30893169834795,train
0.0,0.253,0.04,0.111,0.333,0.263,63.65149878483036,train
0.0,0.253,0.04,0.111,0.333,0.263,79.15730654148136,train
0.0,0.253,0.04,0.111,0.333,0.263,130.23154542772662,train
0.0,0.253,0.04,0.111,0.333,0.263,135.07389562892456,train
0.0,0.253,0.04,0.111,0.333,0.263,92.78704781321454,train
0.0,0.253,0.04,0.111,0.333,0.263,100.06461414582427,train
0.0,0.253,0.04,0.111,0.333,0.263,127.04256362337492,train
0.0,0.253,0.04,0.111,0.333,0.263,94.43504372876441,train
0.0,0.253,0.04,0.111,0.333,0.263,112.3115049675573,train
0.0,0.253,0.04,0.111,0.333,0.263,117.20305161964387,train
0.0,0.253,0.04,0.111,0.333,0.263,115.71215896672933,train
0.0,0.253,0.04,0.111,0.333,0.263,85.576352942559,train
0.0,0.253,0.04,0.111,0.333,0.263,109.47675175616357,train
0.0,0.253,0.04,0.111,0.333,0.263,90.87343053397836,train
0.0,0.253,0.04,0.111,0.333,0.263,123.20877410261531,train
0.0,0.253,0.04,0.111,0.333,0.263,109.09260636497626,train
0.0,0.253,0.04,0.111,0.333,0.263,120.73049282021356,train
0.0,0.253,0.04,0.111,0.333,0.263,114.1950511878668,train
0.0,0.253,0.04,0.111,0.333,0.263,90.7454334211485,train
0.0,0.253,0.04,0.111,0.333,0.263,102.74274652970513,train
0.0,0.253,0.04,0.111,0.333,0.263,110.93261900996089,train
0.0,0.253,0.04,0.111,0.333,0.263,107.39949233591146,train
0.0,0.253,0.04,0.111,0.333,0.263,104.4292122037104,train
0.0,0.253,0.04,0.111,0.333,0.263,79.33873035576381,train
0.0,0.253,0.04,0.111,0.333,0.263,104.72263940866311,train
0.0,0.253,0.04,0.111,0.333,0.263,107.69567155444622,train
0.0,0.505,0.0,0.071,0.151,0.273,68.12039038464822,train
0.0,0.505,0.0,0.071,0.151,0.273,106.93856901997322,train
0.0,0.505,0.0,0.071,0.151,0.273,92.79982330149913,train
0.0,0.505,0.0,0.071,0.151,0.273,129.70057235644228,train
0.0,0.505,0.0,0.071,0.151,0.273,122.8197282972971,train
0.0,0.505,0.0,0.071,0.151,0.273,45.28532795919854,train
0.0,0.505,0.0,0.071,0.151,0.273,121.21566686611206,train
0.0,0.505,0.0,0.071,0.151,0.273,84.60030859834217,train
0.0,0.505,0.0,0.071,0.151,0.273,113.49462711842335,train
0.0,0.505,0.0,0.071,0.151,0.273,125.57294641325119,train
0.0,0.505,0.0,0.071,0.151,0.273,92.45082997787736,train
0.0,0.505,0.0,0.071,0.151,0.273,120.64212928483859,train
0.0,0.505,0.0,0.071,0.151,0.273,132.56355840600133,train
0.0,0.505,0.0,0.071,0.151,0.273,83.77540732768901,train
0.0,0.505,0.0,0.071,0.151,0.273,93.021094531383,train
0.0,0.505,0.0,0.071,0.151,0.273,105.05600902491027,train
0.0,0.505,0.0,0.071,0.151,0.273,59.054484477233544,train
0.0,0.505,0.0,0.071,0.151,0.273,119.04353017108939,train
0.0,0.505,0.0,0.071,0.151,0.273,109.94668106668492,train
0.0,0.505,0.0,0.071,0.151,0.273,103.52049786283435,train
0.0,0.505,0.0,0.071,0.151,0.273,98.54600838468264,train
0.0,0.505,0.0,0.071,0.151,0.273,91.79530936111809,train
0.0,0.505,0.0,0.071,0.151,0.273,94.24532789770339,train
0.0,0.505,0.0,0.071,0.151,0.273,108.07157234255165,train
0.0,0.505,0.0,0.071,0.151,0.273,133.11596630044698,train
0.0,0.505,0.0,0.071,0.151,0.273,109.77466054217933,train
0.0,0.505,0.0,0.071,0.151,0.273,96.14995299212279,train
0.0,0.505,0.0,0.071,0.151,0.273,79.14188741005424,train
0.0,0.505,0.0,0.071,0.151,0.273,127.82156601331918,train
0.0,0.505,0.0,0.071,0.151,0.273,154.2524247012212,train
0.0,0.139,0.45,0.11,0.3,0.0,106.09217832911628,train
0.0,0.139,0.45,0.11,0.3,0.0,115.37247116973762,train
0.0,0.139,0.45,0.11,0.3,0.0,121.93900009352221,train
0.0,0.139,0.45,0.11,0.3,0.0,120.78145422363073,train
0.0,0.139,0.45,0.11,0.3,0.0,106.34876400832545,train
0.0,0.139,0.45,0.11,0.3,0.0,103.40957468630629,train
0.0,0.139,0.45,0.11,0.3,0.0,121.23177196214169,train
0.0,0.139,0.45,0.11,0.3,0.0,125.08869040532885,train
0.0,0.139,0.45,0.11,0.3,0.0,113.93148764430079,train
0.0,0.139,0.45,0.11,0.3,0.0,123.08696237458018,train
0.0,0.139,0.45,0.11,0.3,0.0,115.81287914738229,train
0.0,0.139,0.45,0.11,0.3,0.0,122.44942405441898,train
0.0,0.139,0.45,0.11,0.3,0.0,116.14034463165413,train
0.0,0.139,0.45,0.11,0.3,0.0,117.93964981855723,train
0.0,0.139,0.45,0.11,0.3,0.0,117.67433460627296,train
0.0,0.139,0.45,0.11,0.3,0.0,131.83216530694392,train
0.0,0.139,0.45,0.11,0.3,0.0,118.83586931431665,train
0.0,0.139,0.45,0.11,0.3,0.0,116.9448235014261,train
0.0,0.139,0.45,0.11,0.3,0.0,122.30484656763585,train
0.0,0.139,0.45,0.11,0.3,0.0,118.54748942125482,train
0.0,0.139,0.45,0.11,0.3,0.0,122.14721484011446,train
0.0,0.139,0.45,0.11,0.3,0.0,133.6804408729751,train
0.0,0.139,0.45,0.11,0.3,0.0,113.49423523873898,train
0.0,0.139,0.45,0.11,0.3,0.0,112.44064092524067,train
0.0,0.139,0.45,0.11,0.3,0.0,132.57347245631038,train
0.0,0.139,0.45,0.11,0.3,0.0,113.37791387752658,train
0.0,0.139,0.45,0.11,0.3,0.0,113.7155695315415,train
0.0,0.139,0.45,0.11,0.3,0.0,109.16903296976014,train
0.0,0.139,0.45,0.11,0.3,0.0,106.34579334676481,train
0.0,0.139,0.45,0.11,0.3,0.0,118.67495093116835,train
0.0,0.586,0.0,0.081,0.333,0.0,250.88867882833586,train
0.0,0.586,0.0,0.081,0.333,0.0,223.58309904041133,train
0.0,0.586,0.0,0.081,0.333,0.0,232.84209377242698,train
0.0,0.586,0.0,0.081,0.333,0.0,219.55146715230447,train
0.0,0.586,0.0,0.081,0.333,0.0,239.9201295531774,train
0.0,0.586,0.0,0.081,0.333,0.0,197.04746117380628,train
0.0,0.586,0.0,0.081,0.333,0.0,245.23811879625393,train
0.0,0.586,0.0,0.081,0.333,0.0,236.63556659135634,train
0.0,0.586,0.0,0.081,0.333,0.0,190.95966877164875,train
0.0,0.586,0.0,0.081,0.333,0.0,237.3533317116762,train
0.0,0.586,0.0,0.081,0.333,0.0,276.68184101021586,train
0.0,0.586,0.0,0.081,0.333,0.0,230.54866211930283,train
0.0,0.586,0.0,0.081,0.333,0.0,138.136448353642,train
0.0,0.586,0.0,0.081,0.333,0.0,256.43452160324136,train
0.0,0.586,0.0,0.081,0.333,0.0,222.35517835537055,train
0.0,0.586,0.0,0.081,0.333,0.0,229.88814508354503,train
0.0,0.586,0.0,0.081,0.333,0.0,194.964838433447,train
0.0,0.586,0.0,0.081,0.333,0.0,289.9746270134526,train
0.0,0.586,0.0,0.081,0.333,0.0,228.05405614516798,train
0.0,0.586,0.0,0.081,0.333,0.0,218.20721884793804,train
0.0,0.586,0.0,0.081,0.333,0.0,239.40961481412964,train
0.0,0.586,0.0,0.081,0.333,0.0,231.85011684799068,train
0.0,0.586,0.0,0.081,0.333,0.0,161.3772871177914,train
0.0,0.586,0.0,0.081,0.333,0.0,167.88516466298643,train
0.0,0.586,0.0,0.081,0.333,0.0,199.57965475051256,train
0.0,0.586,0.0,0.081,0.333,0.0,186.1903503300453,train
0.0,0.586,0.0,0.081,0.333,0.0,165.54112888125334,train
0.0,0.586,0.0,0.081,0.333,0.0,225.5926174159774,train
0.0,0.586,0.0,0.081,0.333,0.0,252.05082347088685,train
0.0,0.586,0.0,0.081,0.333,0.0,251.38364494200474,train
0.22,0.32,0.0,0.13,0.33,0.0,96.90801115177901,train
0.22,0.32,0.0,0.13,0.33,0.0,97.68138446875955,train
0.22,0.32,0.0,0.13,0.33,0.0,101.88532738600497,train
0.22,0.32,0.0,0.13,0.33,0.0,95.4292695146945,train
0.22,0.32,0.0,0.13,0.33,0.0,98.78016187840906,train
0.22,0.32,0.0,0.13,0.33,0.0,107.32845888028812,train
0.22,0.32,0.0,0.13,0.33,0.0,97.770678518421,train
0.22,0.32,0.0,0.13,0.33,0.0,98.53827984038621,train
0.22,0.32,0.0,0.13,0.33,0.0,87.86442673543041,train
0.22,0.32,0.0,0.13,0.33,0.0,104.08087712713689,train
0.22,0.32,0.0,0.13,0.33,0.0,100.11631442533472,train
0.22,0.32,0.0,0.13,0.33,0.0,97.89523843941686,train
0.22,0.32,0.0,0.13,0.33,0.0,102.58596661008175,train
0.22,0.32,0.0,0.13,0.33,0.0,91.63466073113992,train
0.22,0.32,0.0,0.13,0.33,0.0,107.2735991901925,train
0.22,0.32,0.0,0.13,0.33,0.0,109.35633311859357,train
0.22,0.32,0.0,0.13,0.33,0.0,98.29602676320626,train
0.22,0.32,0.0,0.13,0.33,0.0,102.40286666462573,train
0.22,0.32,0.0,0.13,0.33,0.0,103.17546359525141,train
0.22,0.32,0.0,0.13,0.33,0.0,101.81276511569006,train
0.22,0.32,0.0,0.13,0.33,0.0,105.81542398491251,train
0.22,0.32,0.0,0.13,0.33,0.0,96.40785188327025,train
0.22,0.32,0.0,0.13,0.33,0.0,93.87581515534171,train
0.22,0.32,0.0,0.13,0.33,0.0,100.22717855959397,train
0.22,0.32,0.0,0.13,0.33,0.0,105.75648944129992,train
0.22,0.32,0.0,0.13,0.33,0.0,104.69073531562105,train
0.22,0.32,0.0,0.13,0.33,0.0,99.11287784010119,train
0.22,0.32,0.0,0.13,0.33,0.0,98.03692884970532,train
0.22,0.32,0.0,0.13,0.33,0.0,101.94789484440597,train
0.22,0.32,0.0,0.13,0.33,0.0,102.53621495157334,train
0.0,0.669,0.18,0.081,0.07,0.0,72.40501516536436,train
0.0,0.669,0.18,0.081,0.07,0.0,74.39111787516688,train
0.0,0.669,0.18,0.081,0.07,0.0,81.34292798194835,train
0.0,0.669,0.18,0.081,0.07,0.0,69.70105330400168,train
0.0,0.669,0.18,0.081,0.07,0.0,98.53655063301292,train
0.0,0.669,0.18,0.081,0.07,0.0,79.70248768175202,train
0.0,0.669,0.18,0.081,0.07,0.0,97.38783003069422,train
0.0,0.669,0.18,0.081,0.07,0.0,99.26535998963614,train
0.0,0.669,0.18,0.081,0.07,0.0,105.33024892579573,train
0.0,0.669,0.18,0.081,0.07,0.0,115.79416146270385,train
0.0,0.669,0.18,0.081,0.07,0.0,110.10400966306584,train
0.0,0.669,0.18,0.081,0.07,0.0,125.84001641604146,train
0.0,0.669,0.18,0.081,0.07,0.0,100.29326279964447,train
0.0,0.669,0.18,0.081,0.07,0.0,100.6351582415083,train
0.0,0.669,0.18,0.081,0.07,0.0,106.10941694737343,train
0.0,0.669,0.18,0.081,0.07,0.0,91.41040493787966,train
0.0,0.669,0.18,0.081,0.07,0.0,105.96123161981829,train
0.0,0.669,0.18,0.081,0.07,0.0,88.16494860696683,train
0.0,0.669,0.18,0.081,0.07,0.0,108.16718556605788,train
0.0,0.669,0.18,0.081,0.07,0.0,102.29580126025562,train
0.0,0.669,0.18,0.081,0.07,0.0,93.77129931726523,train
0.0,0.669,0.18,0.081,0.07,0.0,79.34611381843108,train
0.0,0.669,0.18,0.081,0.07,0.0,98.11558920922725,train
0.0,0.669,0.18,0.081,0.07,0.0,125.42828249146652,train
0.0,0.669,0.18,0.081,0.07,0.0,99.92295393539123,train
0.0,0.669,0.18,0.081,0.07,0.0,94.3184872118627,train
0.0,0.669,0.18,0.081,0.07,0.0,74.04133406769178,train
0.0,0.669,0.18,0.081,0.07,0.0,87.89994298253602,train
0.0,0.669,0.18,0.081,0.07,0.0,111.86386670503347,train
0.0,0.669,0.18,0.081,0.07,0.0,105.02468338158384,train
0.09,0.639,0.0,0.07,0.2,0.0,191.10669125922294,train
0.09,0.639,0.0,0.07,0.2,0.0,182.9916652107349,train
0.09,0.639,0.0,0.07,0.2,0.0,179.23893339910407,train
0.09,0.639,0.0,0.07,0.2,0.0,182.13721322205308,train
0.09,0.639,0.0,0.07,0.2,0.0,177.11919826805496,train
0.09,0.639,0.0,0.07,0.2,0.0,190.2043864180804,train
0.09,0.639,0.0,0.07,0.2,0.0,175.6177908383262,train
0.09,0.639,0.0,0.07,0.2,0.0,186.34818367616012,train
0.09,0.639,0.0,0.07,0.2,0.0,195.88456643283172,train
0.09,0.639,0.0,0.07,0.2,0.0,181.80565185108063,train
0.09,0.639,0.0,0.07,0.2,0.0,189.99356715173352,train
0.09,0.639,0.0,0.07,0.2,0.0,194.3820190897811,train
0.09,0.639,0.0,0.07,0.2,0.0,183.91681502516656,train
0.09,0.639,0.0,0.07,0.2,0.0,185.23806261914856,train
0.09,0.639,0.0,0.07,0.2,0.0,190.98054314924272,train
0.09,0.639,0.0,0.07,0.2,0.0,179.83553446993173,train
0.09,0.639,0.0,0.07,0.2,0.0,208.1648446053922,train
0.09,0.639,0.0,0.07,0.2,0.0,181.11154691926848,train
0.09,0.639,0.0,0.07,0.2,0.0,195.44347606422008,train
0.09,0.639,0.0,0.07,0.2,0.0,181.70757663820268,train
0.09,0.639,0.0,0.07,0.2,0.0,201.53189320979192,train
0.09,0.639,0.0,0.07,0.2,0.0,201.9406624372744,train
0.09,0.639,0.0,0.07,0.2,0.0,193.34225042592584,train
0.09,0.639,0.0,0.07,0.2,0.0,194.1511372699106,train
0.09,0.639,0.0,0.07,0.2,0.0,189.4002379088934,train
0.09,0.639,0.0,0.07,0.2,0.0,195.9376898072023,train
0.09,0.639,0.0,0.07,0.2,0.0,183.74836565111443,train
0.09,0.639,0.0,0.07,0.2,0.0,179.1957677668657,train
0.09,0.639,0.0,0.07,0.2,0.0,183.82501413191653,train
0.09,0.639,0.0,0.07,0.2,0.0,182.63301318313628,train
0.12,0.5,0.0,0.07,0.31,0.0,154.85705882808878,train
0.12,0.5,0.0,0.07,0.31,0.0,213.33732971917001,train
0.12,0.5,0.0,0.07,0.31,0.0,202.54224269924964,train
0.12,0.5,0.0,0.07,0.31,0.0,207.5042307082297,train
0.12,0.5,0.0,0.07,0.31,0.0,203.53125080681858,train
0.12,0.5,0.0,0.07,0.31,0.0,276.4357624159761,train
0.12,0.5,0.0,0.07,0.31,0.0,228.15055294937787,train
0.12,0.5,0.0,0.07,0.31,0.0,228.8500405499333,train
0.12,0.5,0.0,0.07,0.31,0.0,221.66694509731732,train
0.12,0.5,0.0,0.07,0.31,0.0,202.90321908965416,train
0.12,0.5,0.0,0.07,0.31,0.0,176.1103183139891,train
0.12,0.5,0.0,0.07,0.31,0.0,242.80757088952768,train
0.12,0.5,0.0,0.07,0.31,0.0,195.61011783933034,train
0.12,0.5,0.0,0.07,0.31,0.0,164.4426389491197,train
0.12,0.5,0.0,0.07,0.31,0.0,241.30043859022317,train
0.12,0.5,0.0,0.07,0.31,0.0,213.32230726201735,train
0.12,0.5,0.0,0.07,0.31,0.0,172.7310780486067,train
0.12,0.5,0.0,0.07,0.31,0.0,183.42151425574403,train
0.12,0.5,0.0,0.07,0.31,0.0,204.53980303064847,train
0.12,0.5,0.0,0.07,0.31,0.0,247.2389078284627,train
0.12,0.5,0.0,0.07,0.31,0.0,247.16089620205076,train
0.12,0.5,0.0,0.07,0.31,0.0,184.1751795679384,train
0.12,0.5,0.0,0.07,0.31,0.0,178.04123533107492,train
0.12,0.5,0.0,0.07,0.31,0.0,192.53082814616513,train
0.12,0.5,0.0,0.07,0.31,0.0,252.42275603377723,train
0.12,0.5,0.0,0.07,0.31,0.0,189.60561459892972,train
0.12,0.5,0.0,0.07,0.31,0.0,176.74661393850224,train
0.12,0.5,0.0,0.07,0.31,0.0,153.2917658508072,train
0.12,0.5,0.0,0.07,0.31,0.0,258.3202963489438,train
0.12,0.5,0.0,0.07,0.31,0.0,202.6335285766163,train
0.0,0.68,0.0,0.1,0.22,0.0,286.7721777156194,train
0.0,0.68,0.0,0.1,0.22,0.0,281.1588763732183,train
0.0,0.68,0.0,0.1,0.22,0.0,295.7014698577864,train
0.0,0.68,0.0,0.1,0.22,0.0,294.2661316778371,train
0.0,0.68,0.0,0.1,0.22,0.0,286.4880331875707,train
0.0,0.68,0.0,0.1,0.22,0.0,295.6469036107593,train
0.0,0.68,0.0,0.1,0.22,0.0,303.7541190822716,train
0.0,0.68,0.0,0.1,0.22,0.0,291.09161347303325,train
0.0,0.68,0.0,0.1,0.22,0.0,310.68724357886214,train
0.0,0.68,0.0,0.1,0.22,0.0,290.8879957985784,train
0.0,0.68,0.0,0.1,0.22,0.0,305.68328891743914,train
0.0,0.68,0.0,0.1,0.22,0.0,307.9522838371136,train
0.0,0.68,0.0,0.1,0.22,0.0,299.39563312822634,train
0.0,0.68,0.0,0.1,0.22,0.0,283.1301528025557,train
0.0,0.68,0.0,0.1,0.22,0.0,314.59944756206664,train
0.0,0.68,0.0,0.1,0.22,0.0,299.2179435128193,train
0.0,0.68,0.0,0.1,0.22,0.0,278.5629740673015,train
0.0,0.68,0.0,0.1,0.22,0.0,263.7286215388688,train
0.0,0.68,0.0,0.1,0.22,0.0,260.6267981118666,train
0.0,0.68,0.0,0.1,0.22,0.0,304.46605130002257,train
0.0,0.68,0.0,0.1,0.22,0.0,281.77355336410716,train
0.0,0.68,0.0,0.1,0.22,0.0,291.1285358945315,train
0.0,0.68,0.0,0.1,0.22,0.0,278.2755521991811,train
0.0,0.68,0.0,0.1,0.22,0.0,290.8726536522338,train
0.0,0.68,0.0,0.1,0.22,0.0,329.6295274661054,train
0.0,0.68,0.0,0.1,0.22,0.0,320.6211526442871,train
0.0,0.68,0.0,0.1,0.22,0.0,263.7054576515091,train
0.0,0.68,0.0,0.1,0.22,0.0,311.85678261711934,train
0.0,0.68,0.0,0.1,0.22,0.0,280.14807750684014,train
0.0,0.68,0.0,0.1,0.22,0.0,278.53414718579234,train
0.0,0.68,0.0,0.11,0.21,0.0,243.878045228747,train
0.0,0.68,0.0,0.11,0.21,0.0,269.9044020127156,train
0.0,0.68,0.0,0.11,0.21,0.0,246.69782872021392,train
0.0,0.68,0.0,0.11,0.21,0.0,270.7743946534649,train
0.0,0.68,0.0,0.11,0.21,0.0,267.9494602318017,train
0.0,0.68,0.0,0.11,0.21,0.0,258.52070219579025,train
0.0,0.68,0.0,0.11,0.21,0.0,275.8248403455305,train
0.0,0.68,0.0,0.11,0.21,0.0,265.1104271870491,train
0.0,0.68,0.0,0.11,0.21,0.0,268.5872501731776,train
0.0,0.68,0.0,0.11,0.21,0.0,264.294310030034,train
0.0,0.68,0.0,0.11,0.21,0.0,265.5780015897744,train
0.0,0.68,0.0,0.11,0.21,0.0,251.49581037257605,train
0.0,0.68,0.0,0.11,0.21,0.0,256.7171492736117,train
0.0,0.68,0.0,0.11,0.21,0.0,265.63947374453613,train
0.0,0.68,0.0,0.11,0.21,0.0,257.0450371833503,train
0.0,0.68,0.0,0.11,0.21,0.0,303.28308858669027,train
0.0,0.68,0.0,0.11,0.21,0.0,279.69460871740034,train
0.0,0.68,0.0,0.11,0.21,0.0,257.86731055679826,train
0.0,0.68,0.0,0.11,0.21,0.0,268.8573128253443,train
0.0,0.68,0.0,0.11,0.21,0.0,250.62733704814053,train
0.0,0.68,0.0,0.11,0.21,0.0,260.7256722372087,train
0.0,0.68,0.0,0.11,0.21,0.0,265.7094316364534,train
0.0,0.68,0.0,0.11,0.21,0.0,274.06102303432607,train
0.0,0.68,0.0,0.11,0.21,0.0,282.12076965237924,train
0.0,0.68,0.0,0.11,0.21,0.0,276.7662900963291,train
0.0,0.68,0.0,0.11,0.21,0.0,275.99192877920797,train
0.0,0.68,0.0,0.11,0.21,0.0,269.1024158602533,train
0.0,0.68,0.0,0.11,0.21,0.0,270.7830555174019,train
0.0,0.68,0.0,0.11,0.21,0.0,278.32134081324585,train
0.0,0.68,0.0,0.11,0.21,0.0,273.46149566819685,train
0.0,0.56,0.0,0.14,0.3,0.0,161.9839080781,train
0.0,0.56,0.0,0.14,0.3,0.0,164.8358388516256,train
0.0,0.56,0.0,0.14,0.3,0.0,157.91701813744984,train
0.0,0.56,0.0,0.14,0.3,0.0,135.26963801013937,train
0.0,0.56,0.0,0.14,0.3,0.0,149.80226733708977,train
0.0,0.56,0.0,0.14,0.3,0.0,150.52493220205443,train
0.0,0.56,0.0,0.14,0.3,0.0,147.4116603655072,train
0.0,0.56,0.0,0.14,0.3,0.0,155.16925632174707,train
0.0,0.56,0.0,0.14,0.3,0.0,158.02341720902058,train
0.0,0.56,0.0,0.14,0.3,0.0,146.85441965970008,train
0.0,0.56,0.0,0.14,0.3,0.0,140.02021141061732,train
0.0,0.56,0.0,0.14,0.3,0.0,128.34057287046238,train
0.0,0.56,0.0,0.14,0.3,0.0,132.29887405818255,train
0.0,0.56,0.0,0.14,0.3,0.0,141.95416056784907,train
0.0,0.56,0.0,0.14,0.3,0.0,139.06675617957762,train
0.0,0.56,0.0,0.14,0.3,0.0,133.01091920076,train
0.0,0.56,0.0,0.14,0.3,0.0,139.2095714173563,train
0.0,0.56,0.0,0.14,0.3,0.0,161.81522415367266,train
0.0,0.56,0.0,0.14,0.3,0.0,161.06896598850574,train
0.0,0.56,0.0,0.14,0.3,0.0,131.0873316519647,train
0.0,0.56,0.0,0.14,0.3,0.0,137.4136883423316,train
0.0,0.56,0.0,0.14,0.3,0.0,150.95768259141485,train
0.0,0.56,0.0,0.14,0.3,0.0,142.73512977782397,train
0.0,0.56,0.0,0.14,0.3,0.0,156.27846806441428,train
0.0,0.56,0.0,0.14,0.3,0.0,174.51070728525497,train
0.0,0.56,0.0,0.14,0.3,0.0,137.19550702441722,train
0.0,0.56,0.0,0.14,0.3,0.0,137.1712101326021,train
0.0,0.56,0.0,0.14,0.3,0.0,138.6689133511226,train
0.0,0.56,0.0,0.14,0.3,0.0,116.14699647429198,train
0.0,0.56,0.0,0.14,0.3,0.0,140.67913387803353,train
0.0,0.657,0.0,0.061,0.283,0.0,305.84975666341427,train
0.0,0.657,0.0,0.061,0.283,0.0,166.4523847129788,train
0.0,0.657,0.0,0.061,0.283,0.0,226.5542129126244,train
0.0,0.657,0.0,0.061,0.283,0.0,302.30842308153456,train
0.0,0.657,0.0,0.061,0.283,0.0,239.06765324141577,train
0.0,0.657,0.0,0.061,0.283,0.0,265.3721891862457,train
0.0,0.657,0.0,0.061,0.283,0.0,305.08325324453784,train
0.0,0.657,0.0,0.061,0.283,0.0,235.0698067509918,train
0.0,0.657,0.0,0.061,0.283,0.0,277.4644111702034,train
0.0,0.657,0.0,0.061,0.283,0.0,291.05983741540126,train
0.0,0.657,0.0,0.061,0.283,0.0,271.74185251082764,train
0.0,0.657,0.0,0.061,0.283,0.0,241.61213990320343,train
0.0,0.657,0.0,0.061,0.283,0.0,256.8519804844161,train
0.0,0.657,0.0,0.061,0.283,0.0,306.48514875129644,train
0.0,0.657,0.0,0.061,0.283,0.0,212.25581677124788,train
0.0,0.657,0.0,0.061,0.283,0.0,211.50668270032185,train
0.0,0.657,0.0,0.061,0.283,0.0,292.4830005809463,train
0.0,0.657,0.0,0.061,0.283,0.0,264.6243869328572,train
0.0,0.657,0.0,0.061,0.283,0.0,263.6090281687509,train
0.0,0.657,0.0,0.061,0.283,0.0,215.00048232145713,train
0.0,0.657,0.0,0.061,0.283,0.0,272.38992456226185,train
0.0,0.657,0.0,0.061,0.283,0.0,257.7008417547851,train
0.0,0.657,0.0,0.061,0.283,0.0,291.9823942084489,train
0.0,0.657,0.0,0.061,0.283,0.0,250.81048059683113,train
0.0,0.657,0.0,0.061,0.283,0.0,261.216731920961,train
0.0,0.657,0.0,0.061,0.283,0.0,227.29080459420297,train
0.0,0.657,0.0,0.061,0.283,0.0,293.79158322887554,train
0.0,0.657,0.0,0.061,0.283,0.0,248.35662876126472,train
0.0,0.657,0.0,0.061,0.283,0.0,281.6669091177275,train
0.0,0.657,0.0,0.061,0.283,0.0,278.7389291508465,train
0.0,0.47,0.0,0.09,0.33,0.11,125.24329038752538,train
0.0,0.47,0.0,0.09,0.33,0.11,153.34502049357826,train
0.0,0.47,0.0,0.09,0.33,0.11,162.76659147682386,train
0.0,0.47,0.0,0.09,0.33,0.11,133.196550072605,train
0.0,0.47,0.0,0.09,0.33,0.11,121.7317108811911,train
0.0,0.47,0.0,0.09,0.33,0.11,111.79942403486498,train
0.0,0.47,0.0,0.09,0.33,0.11,112.35212385120836,train
0.0,0.47,0.0,0.09,0.33,0.11,126.58337736709831,train
0.0,0.47,0.0,0.09,0.33,0.11,113.9707106585418,train
0.0,0.47,0.0,0.09,0.33,0.11,163.95140980222428,train
0.0,0.47,0.0,0.09,0.33,0.11,152.5965671033917,train
0.0,0.47,0.0,0.09,0.33,0.11,157.63060314095503,train
0.0,0.47,0.0,0.09,0.33,0.11,101.80009960159313,train
0.0,0.47,0.0,0.09,0.33,0.11,124.38722380690238,train
0.0,0.47,0.0,0.09,0.33,0.11,133.78326578386142,train
0.0,0.47,0.0,0.09,0.33,0.11,139.57372518106578,train
0.0,0.47,0.0,0.09,0.33,0.11,115.5443622892479,train
0.0,0.47,0.0,0.09,0.33,0.11,146.80228076965705,train
0.0,0.47,0.0,0.09,0.33,0.11,96.58257699052629,train
0.0,0.47,0.0,0.09,0.33,0.11,149.38597992044342,train
0.0,0.47,0.0,0.09,0.33,0.11,142.38256669881437,train
0.0,0.47,0.0,0.09,0.33,0.11,111.18012597510383,train
0.0,0.47,0.0,0.09,0.33,0.11,154.03718141756468,train
0.0,0.47,0.0,0.09,0.33,0.11,120.6210603709825,train
0.0,0.47,0.0,0.09,0.33,0.11,152.2914477357006,train
0.0,0.47,0.0,0.09,0.33,0.11,110.55862503182529,train
0.0,0.47,0.0,0.09,0.33,0.11,136.79853142088578,train
0.0,0.47,0.0,0.09,0.33,0.11,133.9001424579935,train
0.0,0.47,0.0,0.09,0.33,0.11,116.9820376365458,train
0.0,0.47,0.0,0.09,0.33,0.11,135.06955853352957,train
0.02,0.25,0.03,0.12,0.31,0.271,132.84569763192604,train
0.02,0.25,0.03,0.12,0.31,0.271,84.11133890027031,train
0.02,0.25,0.03,0.12,0.31,0.271,141.1949725289247,train
0.02,0.25,0.03,0.12,0.31,0.271,133.76751729584782,train
0.02,0.25,0.03,0.12,0.31,0.271,129.0629648382561,train
0.02,0.25,0.03,0.12,0.31,0.271,118.51995847274954,train
0.02,0.25,0.03,0.12,0.31,0.271,159.47029696738852,train
0.02,0.25,0.03,0.12,0.31,0.271,107.61395792387684,train
0.02,0.25,0.03,0.12,0.31,0.271,100.13046598014301,train
0.02,0.25,0.03,0.12,0.31,0.271,141.0158042231153,train
0.02,0.25,0.03,0.12,0.31,0.271,147.9115683633719,train
0.02,0.25,0.03,0.12,0.31,0.271,134.72905450941366,train
0.02,0.25,0.03,0.12,0.31,0.271,147.09168702459033,train
0.02,0.25,0.03,0.12,0.31,0.271,121.8148678560323,train
0.02,0.25,0.03,0.12,0.31,0.271,112.82627110989364,train
0.02,0.25,0.03,0.12,0.31,0.271,155.9009957075566,train
0.02,0.25,0.03,0.12,0.31,0.271,78.4187509886973,train
0.02,0.25,0.03,0.12,0.31,0.271,128.26862371110775,train
0.02,0.25,0.03,0.12,0.31,0.271,118.64740760203874,train
0.02,0.25,0.03,0.12,0.31,0.271,121.96974450603133,train
0.02,0.25,0.03,0.12,0.31,0.271,115.36119762753215,train
0.02,0.25,0.03,0.12,0.31,0.271,120.74499594035444,train
0.02,0.25,0.03,0.12,0.31,0.271,127.35883552111464,train
0.02,0.25,0.03,0.12,0.31,0.271,117.70866145929764,train
0.02,0.25,0.03,0.12,0.31,0.271,119.25065338755702,train
0.02,0.25,0.03,0.12,0.31,0.271,145.43404112090275,train
0.02,0.25,0.03,0.12,0.31,0.271,108.32174125574602,train
0.02,0.25,0.03,0.12,0.31,0.271,131.0790155517908,train
0.02,0.25,0.03,0.12,0.31,0.271,122.88837682799182,train
0.02,0.25,0.03,0.12,0.31,0.271,91.15485649884232,train
0.0,0.66,0.0,0.11,0.23,0.0,269.47766068597633,train
0.0,0.66,0.0,0.11,0.23,0.0,274.74076606606195,train
0.0,0.66,0.0,0.11,0.23,0.0,252.2080327812932,train
0.0,0.66,0.0,0.11,0.23,0.0,265.2469729890679,train
0.0,0.66,0.0,0.11,0.23,0.0,254.30209523479033,train
0.0,0.66,0.0,0.11,0.23,0.0,268.28776184773284,train
0.0,0.66,0.0,0.11,0.23,0.0,259.5583080790925,train
0.0,0.66,0.0,0.11,0.23,0.0,262.6511979154358,train
0.0,0.66,0.0,0.11,0.23,0.0,251.43842985742884,train
0.0,0.66,0.0,0.11,0.23,0.0,266.01229055865997,train
0.0,0.66,0.0,0.11,0.23,0.0,252.5229777202665,train
0.0,0.66,0.0,0.11,0.23,0.0,260.01158490383034,train
0.0,0.66,0.0,0.11,0.23,0.0,259.65420711601473,train
0.0,0.66,0.0,0.11,0.23,0.0,268.81728171671847,train
0.0,0.66,0.0,0.11,0.23,0.0,254.3632810801741,train
0.0,0.66,0.0,0.11,0.23,0.0,256.56854008031235,train
0.0,0.66,0.0,0.11,0.23,0.0,252.31726959350522,train
0.0,0.66,0.0,0.11,0.23,0.0,256.02804792922785,train
0.0,0.66,0.0,0.11,0.23,0.0,262.07678883827356,train
0.0,0.66,0.0,0.11,0.23,0.0,266.11294711309114,train
0.0,0.66,0.0,0.11,0.23,0.0,275.4397833647082,train
0.0,0.66,0.0,0.11,0.23,0.0,247.96866144364532,train
0.0,0.66,0.0,0.11,0.23,0.0,258.19086501199934,train
0.0,0.66,0.0,0.11,0.23,0.0,261.99177039570554,train
0.0,0.66,0.0,0.11,0.23,0.0,260.7334251042259,train
0.0,0.66,0.0,0.11,0.23,0.0,268.2296383349905,train
0.0,0.66,0.0,0.11,0.23,0.0,248.6477127222145,train
0.0,0.66,0.0,0.11,0.23,0.0,255.42288326249334,train
0.0,0.66,0.0,0.11,0.23,0.0,262.3710081324074,train
0.0,0.66,0.0,0.11,0.23,0.0,276.2415379119578,train
0.0,0.78,0.0,0.1,0.12,0.0,233.73786414257341,train
0.0,0.78,0.0,0.1,0.12,0.0,219.84664239082377,train
0.0,0.78,0.0,0.1,0.12,0.0,209.47925576123083,train
0.0,0.78,0.0,0.1,0.12,0.0,249.0414977829981,train
0.0,0.78,0.0,0.1,0.12,0.0,213.26049466272,train
0.0,0.78,0.0,0.1,0.12,0.0,232.02009920733713,train
0.0,0.78,0.0,0.1,0.12,0.0,222.3941375820805,train
0.0,0.78,0.0,0.1,0.12,0.0,211.0167933227064,train
0.0,0.78,0.0,0.1,0.12,0.0,257.04614695276007,train
0.0,0.78,0.0,0.1,0.12,0.0,217.244131039299,train
0.0,0.78,0.0,0.1,0.12,0.0,232.64156606905632,train
0.0,0.78,0.0,0.1,0.12,0.0,218.38409839908667,train
0.0,0.78,0.0,0.1,0.12,0.0,239.36113105350432,train
0.0,0.78,0.0,0.1,0.12,0.0,240.94982750225378,train
0.0,0.78,0.0,0.1,0.12,0.0,230.73420173283733,train
0.0,0.78,0.0,0.1,0.12,0.0,224.51099163206993,train
0.0,0.78,0.0,0.1,0.12,0.0,201.36143199602554,train
0.0,0.78,0.0,0.1,0.12,0.0,211.2073320758124,train
0.0,0.78,0.0,0.1,0.12,0.0,204.00973845080838,train
0.0,0.78,0.0,0.1,0.12,0.0,229.8499004385126,train
0.0,0.78,0.0,0.1,0.12,0.0,230.7066048459192,train
0.0,0.78,0.0,0.1,0.12,0.0,287.5323883193142,train
0.0,0.78,0.0,0.1,0.12,0.0,222.6933265837331,train
0.0,0.78,0.0,0.1,0.12,0.0,245.279414369781,train
0.0,0.78,0.0,0.1,0.12,0.0,267.18851492029745,train
0.0,0.78,0.0,0.1,0.12,0.0,207.99693527492877,train
0.0,0.78,0.0,0.1,0.12,0.0,229.81614822718186,train
0.0,0.78,0.0,0.1,0.12,0.0,227.55894578417335,train
0.0,0.78,0.0,0.1,0.12,0.0,246.1955104611581,train
0.0,0.78,0.0,0.1,0.12,0.0,213.83350863355588,train
0.0,0.431,0.0,0.18,0.389,0.0,175.95071993610634,train
0.0,0.431,0.0,0.18,0.389,0.0,184.5163148111541,train
0.0,0.431,0.0,0.18,0.389,0.0,181.84888626627736,train
0.0,0.431,0.0,0.18,0.389,0.0,178.4821967740372,train
0.0,0.431,0.0,0.18,0.389,0.0,178.02816107974246,train
0.0,0.431,0.0,0.18,0.389,0.0,152.2540755659748,train
0.0,0.431,0.0,0.18,0.389,0.0,186.737040259725,train
0.0,0.431,0.0,0.18,0.389,0.0,157.44372137383198,train
0.0,0.431,0.0,0.18,0.389,0.0,145.5463345235405,train
0.0,0.431,0.0,0.18,0.389,0.0,137.09254480718167,train
0.0,0.431,0.0,0.18,0.389,0.0,162.17639164759854,train
0.0,0.431,0.0,0.18,0.389,0.0,196.24363601751045,train
0.0,0.431,0.0,0.18,0.389,0.0,173.35354443195894,train
0.0,0.431,0.0,0.18,0.389,0.0,171.965788014898,train
0.0,0.431,0.0,0.18,0.389,0.0,164.04904745227435,train
0.0,0.431,0.0,0.18,0.389,0.0,176.31000715454982,train
0.0,0.431,0.0,0.18,0.389,0.0,162.28846291729238,train
0.0,0.431,0.0,0.18,0.389,0.0,159.92447814704394,train
0.0,0.431,0.0,0.18,0.389,0.0,175.9909361538549,train
0.0,0.431,0.0,0.18,0.389,0.0,161.6860582130647,train
0.0,0.431,0.0,0.18,0.389,0.0,167.13474383034097,train
0.0,0.431,0.0,0.18,0.389,0.0,167.22479504162825,train
0.0,0.431,0.0,0.18,0.389,0.0,169.45799722238567,train
0.0,0.431,0.0,0.18,0.389,0.0,161.00381507046419,train
0.0,0.431,0.0,0.18,0.389,0.0,170.42401838565718,train
0.0,0.431,0.0,0.18,0.389,0.0,164.09151585978864,train
0.0,0.431,0.0,0.18,0.389,0.0,150.16729667646635,train
0.0,0.431,0.0,0.18,0.389,0.0,159.56256224182383,train
0.0,0.431,0.0,0.18,0.389,0.0,166.2212179495749,train
0.0,0.431,0.0,0.18,0.389,0.0,208.76950340346488,train
0.0,0.75,0.0,0.1,0.15,0.0,254.08433116644795,train
0.0,0.75,0.0,0.1,0.15,0.0,248.13713636591598,train
0.0,0.75,0.0,0.1,0.15,0.0,211.64654484388714,train
0.0,0.75,0.0,0.1,0.15,0.0,235.57797498156708,train
0.0,0.75,0.0,0.1,0.15,0.0,243.09815499108134,train
0.0,0.75,0.0,0.1,0.15,0.0,255.86502246335618,train
0.0,0.75,0.0,0.1,0.15,0.0,250.74805475571873,train
0.0,0.75,0.0,0.1,0.15,0.0,238.80951830610744,train
0.0,0.75,0.0,0.1,0.15,0.0,235.4631546098637,train
0.0,0.75,0.0,0.1,0.15,0.0,250.90588387799275,train
0.0,0.75,0.0,0.1,0.15,0.0,254.3782076555777,train
0.0,0.75,0.0,0.1,0.15,0.0,224.8670061555236,train
0.0,0.75,0.0,0.1,0.15,0.0,246.14535282742332,train
0.0,0.75,0.0,0.1,0.15,0.0,222.08127853938467,train
0.0,0.75,0.0,0.1,0.15,0.0,236.9790753850008,train
0.0,0.75,0.0,0.1,0.15,0.0,229.90729512765512,train
0.0,0.75,0.0,0.1,0.15,0.0,230.31981148662553,train
0.0,0.75,0.0,0.1,0.15,0.0,233.06438400628258,train
0.0,0.75,0.0,0.1,0.15,0.0,215.51342267354997,train
0.0,0.75,0.0,0.1,0.15,0.0,262.5459264513324,train
0.0,0.75,0.0,0.1,0.15,0.0,226.86667049716604,train
0.0,0.75,0.0,0.1,0.15,0.0,226.75147447258738,train
0.0,0.75,0.0,0.1,0.15,0.0,235.9401775736742,train
0.0,0.75,0.0,0.1,0.15,0.0,232.56557801113215,train
0.0,0.75,0.0,0.1,0.15,0.0,242.94144278401524,train
0.0,0.75,0.0,0.1,0.15,0.0,239.1004258864212,train
0.0,0.75,0.0,0.1,0.15,0.0,230.74991324944438,train
0.0,0.75,0.0,0.1,0.15,0.0,228.6069113473196,train
0.0,0.75,0.0,0.1,0.15,0.0,247.6621747957569,train
0.0,0.75,0.0,0.1,0.15,0.0,237.34967771266028,train
0.0,0.62,0.0,0.15,0.23,0.0,265.3254868452886,train
0.0,0.62,0.0,0.15,0.23,0.0,249.84259598714746,train
0.0,0.62,0.0,0.15,0.23,0.0,254.8284065222953,train
0.0,0.62,0.0,0.15,0.23,0.0,249.0052687318817,train
0.0,0.62,0.0,0.15,0.23,0.0,250.0589790705312,train
0.0,0.62,0.0,0.15,0.23,0.0,244.16208220834812,train
0.0,0.62,0.0,0.15,0.23,0.0,233.04750644148913,train
0.0,0.62,0.0,0.15,0.23,0.0,254.33513464472375,train
0.0,0.62,0.0,0.15,0.23,0.0,251.19721440432915,train
0.0,0.62,0.0,0.15,0.23,0.0,241.66129163710713,train
0.0,0.62,0.0,0.15,0.23,0.0,254.56047731445557,train
0.0,0.62,0.0,0.15,0.23,0.0,245.65869515030855,train
0.0,0.62,0.0,0.15,0.23,0.0,249.713193104542,train
0.0,0.62,0.0,0.15,0.23,0.0,238.8230729157042,train
0.0,0.62,0.0,0.15,0.23,0.0,246.78311204889488,train
0.0,0.62,0.0,0.15,0.23,0.0,247.75010340187546,train
0.0,0.62,0.0,0.15,0.23,0.0,244.37788822140334,train
0.0,0.62,0.0,0.15,0.23,0.0,246.87225945890015,train
0.0,0.62,0.0,0.15,0.23,0.0,232.38052931040738,train
0.0,0.62,0.0,0.15,0.23,0.0,244.332699148558,train
0.0,0.62,0.0,0.15,0.23,0.0,236.53131494058746,train
0.0,0.62,0.0,0.15,0.23,0.0,253.76159580110766,train
0.0,0.62,0.0,0.15,0.23,0.0,251.58288764371923,train
0.0,0.62,0.0,0.15,0.23,0.0,239.5934986878446,train
0.0,0.62,0.0,0.15,0.23,0.0,236.50435426655855,train
0.0,0.62,0.0,0.15,0.23,0.0,244.4541753380475,train
0.0,0.62,0.0,0.15,0.23,0.0,248.52822800978942,train
0.0,0.62,0.0,0.15,0.23,0.0,255.7020008354223,train
0.0,0.62,0.0,0.15,0.23,0.0,259.1345175305391,train
0.0,0.62,0.0,0.15,0.23,0.0,240.20392609322948,train
0.0,0.624,0.0,0.099,0.277,0.0,216.0217589645979,train
0.0,0.624,0.0,0.099,0.277,0.0,212.81153998474716,train
0.0,0.624,0.0,0.099,0.277,0.0,211.92333983599238,train
0.0,0.624,0.0,0.099,0.277,0.0,214.0132806552891,train
0.0,0.624,0.0,0.099,0.277,0.0,213.0610060565796,train
0.0,0.624,0.0,0.099,0.277,0.0,213.28319187258938,train
0.0,0.624,0.0,0.099,0.277,0.0,213.63412154855058,train
0.0,0.624,0.0,0.099,0.277,0.0,213.42820567959788,train
0.0,0.624,0.0,0.099,0.277,0.0,212.9396466775681,train
0.0,0.624,0.0,0.099,0.277,0.0,213.01437027863645,train
0.0,0.624,0.0,0.099,0.277,0.0,212.51557422263323,train
0.0,0.624,0.0,0.099,0.277,0.0,216.51184870379137,train
0.0,0.624,0.0,0.099,0.277,0.0,212.81642232722862,train
0.0,0.624,0.0,0.099,0.277,0.0,213.96523403117916,train
0.0,0.624,0.0,0.099,0.277,0.0,215.28303759455105,train
0.0,0.624,0.0,0.099,0.277,0.0,212.80228257724892,train
0.0,0.624,0.0,0.099,0.277,0.0,214.25599742149376,train
0.0,0.624,0.0,0.099,0.277,0.0,211.5384505672909,train
0.0,0.624,0.0,0.099,0.277,0.0,212.8680250581829,train
0.0,0.624,0.0,0.099,0.277,0.0,214.66030673914048,train
0.0,0.624,0.0,0.099,0.277,0.0,211.83694926895933,train
0.0,0.624,0.0,0.099,0.277,0.0,213.37759078250963,train
0.0,0.624,0.0,0.099,0.277,0.0,215.28361165534363,train
0.0,0.624,0.0,0.099,0.277,0.0,215.7735113625176,train
0.0,0.624,0.0,0.099,0.277,0.0,214.3102576438906,train
0.0,0.624,0.0,0.099,0.277,0.0,216.45609129207787,train
0.0,0.624,0.0,0.099,0.277,0.0,210.7156064951254,train
0.0,0.624,0.0,0.099,0.277,0.0,211.7638390400464,train
0.0,0.624,0.0,0.099,0.277,0.0,211.47334048437418,train
0.0,0.624,0.0,0.099,0.277,0.0,211.90530171641993,train
0.0,0.67,0.0,0.12,0.07,0.14,161.90591234658396,train
0.0,0.67,0.0,0.12,0.07,0.14,164.1132762288071,train
0.0,0.67,0.0,0.12,0.07,0.14,159.443335156696,train
0.0,0.67,0.0,0.12,0.07,0.14,166.30034274427658,train
0.0,0.67,0.0,0.12,0.07,0.14,162.19101211965503,train
0.0,0.67,0.0,0.12,0.07,0.14,149.1569626224433,train
0.0,0.67,0.0,0.12,0.07,0.14,160.4087353757284,train
0.0,0.67,0.0,0.12,0.07,0.14,159.42035503264833,train
0.0,0.67,0.0,0.12,0.07,0.14,166.51218561308045,train
0.0,0.67,0.0,0.12,0.07,0.14,155.89754882552165,train
0.0,0.67,0.0,0.12,0.07,0.14,155.41262457238216,train
0.0,0.67,0.0,0.12,0.07,0.14,165.71307535163467,train
0.0,0.67,0.0,0.12,0.07,0.14,160.82299588660607,train
0.0,0.67,0.0,0.12,0.07,0.14,169.16297973025226,train
0.0,0.67,0.0,0.12,0.07,0.14,160.03825520951753,train
0.0,0.67,0.0,0.12,0.07,0.14,160.77176737954406,train
0.0,0.67,0.0,0.12,0.07,0.14,161.36746963427518,train
0.0,0.67,0.0,0.12,0.07,0.14,160.54417389465823,train
0.0,0.67,0.0,0.12,0.07,0.14,159.76579151153402,train
0.0,0.67,0.0,0.12,0.07,0.14,150.7580465171417,train
0.0,0.67,0.0,0.12,0.07,0.14,163.7821077210063,train
0.0,0.67,0.0,0.12,0.07,0.14,164.8115637693614,train
0.0,0.67,0.0,0.12,0.07,0.14,159.60600699709107,train
0.0,0.67,0.0,0.12,0.07,0.14,162.31581731934338,train
0.0,0.67,0.0,0.12,0.07,0.14,167.23585513048155,train
0.0,0.67,0.0,0.12,0.07,0.14,161.09682841414428,train
0.0,0.67,0.0,0.12,0.07,0.14,161.82907539900472,train
0.0,0.67,0.0,0.12,0.07,0.14,159.64140254235446,train
0.0,0.67,0.0,0.12,0.07,0.14,167.87528247779485,train
0.0,0.67,0.0,0.12,0.07,0.14,166.42595563010235,train
0.0,0.588,0.0,0.094,0.318,0.0,341.47639882299836,train
0.0,0.588,0.0,0.094,0.318,0.0,350.54110562592354,train
0.0,0.588,0.0,0.094,0.318,0.0,334.7865395984811,train
0.0,0.588,0.0,0.094,0.318,0.0,353.54881254084944,train
0.0,0.588,0.0,0.094,0.318,0.0,350.56263090162884,train
0.0,0.588,0.0,0.094,0.318,0.0,356.52473846626225,train
0.0,0.588,0.0,0.094,0.318,0.0,352.94102192421434,train
0.0,0.588,0.0,0.094,0.318,0.0,347.45402218427324,train
0.0,0.588,0.0,0.094,0.318,0.0,354.36383833299607,train
0.0,0.588,0.0,0.094,0.318,0.0,327.9971845358286,train
0.0,0.588,0.0,0.094,0.318,0.0,344.8074246980616,train
0.0,0.588,0.0,0.094,0.318,0.0,345.09286344713666,train
0.0,0.588,0.0,0.094,0.318,0.0,348.8217639170363,train
0.0,0.588,0.0,0.094,0.318,0.0,362.2065683777185,train
0.0,0.588,0.0,0.094,0.318,0.0,335.41622986568143,train
0.0,0.588,0.0,0.094,0.318,0.0,339.2541127995279,train
0.0,0.588,0.0,0.094,0.318,0.0,333.563221046769,train
0.0,0.588,0.0,0.094,0.318,0.0,356.9360827762221,train
0.0,0.588,0.0,0.094,0.318,0.0,353.6679024793727,train
0.0,0.588,0.0,0.094,0.318,0.0,340.3856729490012,train
0.0,0.588,0.0,0.094,0.318,0.0,356.92830867643346,train
0.0,0.588,0.0,0.094,0.318,0.0,331.1690569452573,train
0.0,0.588,0.0,0.094,0.318,0.0,330.2970363469171,train
0.0,0.588,0.0,0.094,0.318,0.0,334.5687444599468,train
0.0,0.588,0.0,0.094,0.318,0.0,349.2381131458072,train
0.0,0.588,0.0,0.094,0.318,0.0,357.67802115995596,train
0.0,0.588,0.0,0.094,0.318,0.0,349.831441218926,train
0.0,0.588,0.0,0.094,0.318,0.0,353.85519697671765,train
0.0,0.588,0.0,0.094,0.318,0.0,346.88563518427287,train
0.0,0.588,0.0,0.094,0.318,0.0,334.74004626337097,train
0.0,0.57,0.0,0.06,0.37,0.0,255.5630710700562,train
0.0,0.57,0.0,0.06,0.37,0.0,287.8448021214804,train
0.0,0.57,0.0,0.06,0.37,0.0,315.1486499827582,train
0.0,0.57,0.0,0.06,0.37,0.0,264.1396959295206,train
0.0,0.57,0.0,0.06,0.37,0.0,270.82760656803777,train
0.0,0.57,0.0,0.06,0.37,0.0,258.56267051642766,train
0.0,0.57,0.0,0.06,0.37,0.0,271.76664240243014,train
0.0,0.57,0.0,0.06,0.37,0.0,303.7665178392559,train
0.0,0.57,0.0,0.06,0.37,0.0,313.7049875596813,train
0.0,0.57,0.0,0.06,0.37,0.0,307.47994156728123,train
0.0,0.57,0.0,0.06,0.37,0.0,280.5710314205374,train
0.0,0.57,0.0,0.06,0.37,0.0,295.5189813854964,train
0.0,0.57,0.0,0.06,0.37,0.0,282.0142387891374,train
0.0,0.57,0.0,0.06,0.37,0.0,301.0762908441812,train
0.0,0.57,0.0,0.06,0.37,0.0,275.3929709938947,train
0.0,0.57,0.0,0.06,0.37,0.0,265.27452458675657,train
0.0,0.57,0.0,0.06,0.37,0.0,294.9136006153587,train
0.0,0.57,0.0,0.06,0.37,0.0,292.0857574159863,train
0.0,0.57,0.0,0.06,0.37,0.0,303.530133519984,train
0.0,0.57,0.0,0.06,0.37,0.0,275.09135574211564,train
0.0,0.57,0.0,0.06,0.37,0.0,303.35934438291156,train
0.0,0.57,0.0,0.06,0.37,0.0,305.8456897266304,train
0.0,0.57,0.0,0.06,0.37,0.0,297.20114816167506,train
0.0,0.57,0.0,0.06,0.37,0.0,287.65849432887364,train
0.0,0.57,0.0,0.06,0.37,0.0,326.72936498580884,train
0.0,0.57,0.0,0.06,0.37,0.0,265.81850915616377,train
0.0,0.57,0.0,0.06,0.37,0.0,317.9695672300523,train
0.0,0.57,0.0,0.06,0.37,0.0,295.5168773655699,train
0.0,0.57,0.0,0.06,0.37,0.0,284.1499734321081,train
0.0,0.57,0.0,0.06,0.37,0.0,298.1019529107251,train
0.039,0.535,0.0,0.059,0.278,0.089,189.3126558304762,train
0.039,0.535,0.0,0.059,0.278,0.089,179.16306494608125,train
0.039,0.535,0.0,0.059,0.278,0.089,182.01448061370357,train
0.039,0.535,0.0,0.059,0.278,0.089,174.52236547435567,train
0.039,0.535,0.0,0.059,0.278,0.089,182.72137565593647,train
0.039,0.535,0.0,0.059,0.278,0.089,203.60768272085542,train
0.039,0.535,0.0,0.059,0.278,0.089,196.25943111104397,train
0.039,0.535,0.0,0.059,0.278,0.089,195.6664083917583,train
0.039,0.535,0.0,0.059,0.278,0.089,196.5615021838237,train
0.039,0.535,0.0,0.059,0.278,0.089,186.32447788083908,train
0.039,0.535,0.0,0.059,0.278,0.089,194.27879430993954,train
0.039,0.535,0.0,0.059,0.278,0.089,198.5939735267004,train
0.039,0.535,0.0,0.059,0.278,0.089,175.4316121068341,train
0.039,0.535,0.0,0.059,0.278,0.089,202.55580842713303,train
0.039,0.535,0.0,0.059,0.278,0.089,192.84941547582534,train
0.039,0.535,0.0,0.059,0.278,0.089,194.5675817865954,train
0.039,0.535,0.0,0.059,0.278,0.089,197.13511580205036,train
0.039,0.535,0.0,0.059,0.278,0.089,197.13798098612227,train
0.039,0.535,0.0,0.059,0.278,0.089,176.34997558267017,train
0.039,0.535,0.0,0.059,0.278,0.089,179.0918165083922,train
0.039,0.535,0.0,0.059,0.278,0.089,187.5426840083985,train
0.039,0.535,0.0,0.059,0.278,0.089,184.83384108841506,train
0.039,0.535,0.0,0.059,0.278,0.089,195.95653895230222,train
0.039,0.535,0.0,0.059,0.278,0.089,186.77871553684406,train
0.039,0.535,0.0,0.059,0.278,0.089,179.3185144404194,train
0.039,0.535,0.0,0.059,0.278,0.089,201.08296355847074,train
0.039,0.535,0.0,0.059,0.278,0.089,184.28153415090375,train
0.039,0.535,0.0,0.059,0.278,0.089,184.21460002718104,train
0.039,0.535,0.0,0.059,0.278,0.089,191.74918094868679,train
0.039,0.535,0.0,0.059,0.278,0.089,175.66550872519366,train
0.0,0.69,0.0,0.08,0.03,0.2,114.57317420979363,train
0.0,0.69,0.0,0.08,0.03,0.2,111.19792736637507,train
0.0,0.69,0.0,0.08,0.03,0.2,106.97274170931063,train
0.0,0.69,0.0,0.08,0.03,0.2,112.3735762947594,train
0.0,0.69,0.0,0.08,0.03,0.2,110.83545328933972,train
0.0,0.69,0.0,0.08,0.03,0.2,110.50080968644828,train
0.0,0.69,0.0,0.08,0.03,0.2,120.53008019579659,train
0.0,0.69,0.0,0.08,0.03,0.2,119.61672470996689,train
0.0,0.69,0.0,0.08,0.03,0.2,105.56542009458433,train
0.0,0.69,0.0,0.08,0.03,0.2,111.80806545759542,train
0.0,0.69,0.0,0.08,0.03,0.2,117.59512995782316,train
0.0,0.69,0.0,0.08,0.03,0.2,112.8849492513129,train
0.0,0.69,0.0,0.08,0.03,0.2,114.73689774045009,train
0.0,0.69,0.0,0.08,0.03,0.2,106.95913317909205,train
0.0,0.69,0.0,0.08,0.03,0.2,115.17670765044195,train
0.0,0.69,0.0,0.08,0.03,0.2,119.22495333430288,train
0.0,0.69,0.0,0.08,0.03,0.2,114.09558435480474,train
0.0,0.69,0.0,0.08,0.03,0.2,118.07110298296966,train
0.0,0.69,0.0,0.08,0.03,0.2,105.35400367723966,train
0.0,0.69,0.0,0.08,0.03,0.2,112.88358873679817,train
0.0,0.69,0.0,0.08,0.03,0.2,108.77420864774857,train
0.0,0.69,0.0,0.08,0.03,0.2,126.06266063628993,train
0.0,0.69,0.0,0.08,0.03,0.2,109.84848847163799,train
0.0,0.69,0.0,0.08,0.03,0.2,117.25383812410271,train
0.0,0.69,0.0,0.08,0.03,0.2,108.63414355152764,train
0.0,0.69,0.0,0.08,0.03,0.2,118.58844623414801,train
0.0,0.69,0.0,0.08,0.03,0.2,114.69966506722967,train
0.0,0.69,0.0,0.08,0.03,0.2,121.32208901926506,train
0.0,0.69,0.0,0.08,0.03,0.2,112.02622596000431,train
0.0,0.69,0.0,0.08,0.03,0.2,109.23655615838192,train
0.02,0.589,0.05,0.05,0.1,0.19,77.20205263215209,train
0.02,0.589,0.05,0.05,0.1,0.19,96.34604390445575,train
0.02,0.589,0.05,0.05,0.1,0.19,88.4574858279044,train
0.02,0.589,0.05,0.05,0.1,0.19,81.65309264282845,train
0.02,0.589,0.05,0.05,0.1,0.19,94.18146181593463,train
0.02,0.589,0.05,0.05,0.1,0.19,89.76807381707246,train
0.02,0.589,0.05,0.05,0.1,0.19,80.17497094212042,train
0.02,0.589,0.05,0.05,0.1,0.19,88.17831776848878,train
0.02,0.589,0.05,0.05,0.1,0.19,97.52265879687029,train
0.02,0.589,0.05,0.05,0.1,0.19,69.00028720193004,train
0.02,0.589,0.05,0.05,0.1,0.19,89.85275485675699,train
0.02,0.589,0.05,0.05,0.1,0.19,78.52882427457334,train
0.02,0.589,0.05,0.05,0.1,0.19,103.19229829928116,train
0.02,0.589,0.05,0.05,0.1,0.19,86.21631994922409,train
0.02,0.589,0.05,0.05,0.1,0.19,83.30671427678115,train
0.02,0.589,0.05,0.05,0.1,0.19,91.3580443751038,train
0.02,0.589,0.05,0.05,0.1,0.19,91.1925217667801,train
0.02,0.589,0.05,0.05,0.1,0.19,87.16549664067172,train
0.02,0.589,0.05,0.05,0.1,0.19,86.774505997213,train
0.02,0.589,0.05,0.05,0.1,0.19,102.87812407198354,train
0.02,0.589,0.05,0.05,0.1,0.19,111.27898465157385,train
0.02,0.589,0.05,0.05,0.1,0.19,99.88429225732777,train
0.02,0.589,0.05,0.05,0.1,0.19,75.98662374211905,train
0.02,0.589,0.05,0.05,0.1,0.19,103.15656863425465,train
0.02,0.589,0.05,0.05,0.1,0.19,103.13301879939692,train
0.02,0.589,0.05,0.05,0.1,0.19,81.61213088103459,train
0.02,0.589,0.05,0.05,0.1,0.19,91.23076839762575,train
0.02,0.589,0.05,0.05,0.1,0.19,108.94006563096316,train
0.02,0.589,0.05,0.05,0.1,0.19,86.77349943639226,train
0.02,0.589,0.05,0.05,0.1,0.19,95.39743821590746,train
0.079,0.584,0.07,0.069,0.079,0.119,85.7303409396945,train
0.079,0.584,0.07,0.069,0.079,0.119,77.67592509273946,train
0.079,0.584,0.07,0.069,0.079,0.119,85.99432470815759,train
0.079,0.584,0.07,0.069,0.079,0.119,87.36752741456031,train
0.079,0.584,0.07,0.069,0.079,0.119,83.86876479606795,train
0.079,0.584,0.07,0.069,0.079,0.119,94.11232329445556,train
0.079,0.584,0.07,0.069,0.079,0.119,84.24325689017797,train
0.079,0.584,0.07,0.069,0.079,0.119,82.5850927747842,train
0.079,0.584,0.07,0.069,0.079,0.119,90.11663266393359,train
0.079,0.584,0.07,0.069,0.079,0.119,70.40679662286632,train
0.079,0.584,0.07,0.069,0.079,0.119,90.7485609174319,train
0.079,0.584,0.07,0.069,0.079,0.119,93.61224016423836,train
0.079,0.584,0.07,0.069,0.079,0.119,87.06824239981866,train
0.079,0.584,0.07,0.069,0.079,0.119,97.31002918586978,train
0.079,0.584,0.07,0.069,0.079,0.119,104.06509521054383,train
0.079,0.584,0.07,0.069,0.079,0.119,88.4778036281183,train
0.079,0.584,0.07,0.069,0.079,0.119,81.0289898660205,train
0.079,0.584,0.07,0.069,0.079,0.119,87.36963877640179,train
0.079,0.584,0.07,0.069,0.079,0.119,91.45445422703318,train
0.079,0.584,0.07,0.069,0.079,0.119,88.25023999067952,train
0.079,0.584,0.07,0.069,0.079,0.119,85.66756270328156,train
0.079,0.584,0.07,0.069,0.079,0.119,91.5367838116039,train
0.079,0.584,0.07,0.069,0.079,0.119,90.376947739425,train
0.079,0.584,0.07,0.069,0.079,0.119,83.71084336024,train
0.079,0.584,0.07,0.069,0.079,0.119,86.58581373809474,train
0.079,0.584,0.07,0.069,0.079,0.119,75.04323559404487,train
0.079,0.584,0.07,0.069,0.079,0.119,87.42593945903346,train
0.079,0.584,0.07,0.069,0.079,0.119,77.30618956851394,train
0.079,0.584,0.07,0.069,0.079,0.119,98.09874158620556,train
0.079,0.584,0.07,0.069,0.079,0.119,87.02677515735202,train
0.02,0.609,0.031,0.08,0.08,0.18,132.98974643398995,train
0.02,0.609,0.031,0.08,0.08,0.18,127.37456332342089,train
0.02,0.609,0.031,0.08,0.08,0.18,131.94138324697275,train
0.02,0.609,0.031,0.08,0.08,0.18,126.21499201287044,train
0.02,0.609,0.031,0.08,0.08,0.18,131.0716191246414,train
0.02,0.609,0.031,0.08,0.08,0.18,133.0070091070127,train
0.02,0.609,0.031,0.08,0.08,0.18,128.85693176480345,train
0.02,0.609,0.031,0.08,0.08,0.18,128.82454997528376,train
0.02,0.609,0.031,0.08,0.08,0.18,134.7183312625663,train
0.02,0.609,0.031,0.08,0.08,0.18,135.4807584797314,train
0.02,0.609,0.031,0.08,0.08,0.18,129.69132259101258,train
0.02,0.609,0.031,0.08,0.08,0.18,130.89380647599688,train
0.02,0.609,0.031,0.08,0.08,0.18,126.13174209939179,train
0.02,0.609,0.031,0.08,0.08,0.18,130.0399912574253,train
0.02,0.609,0.031,0.08,0.08,0.18,132.3674841875242,train
0.02,0.609,0.031,0.08,0.08,0.18,130.3545715927356,train
0.02,0.609,0.031,0.08,0.08,0.18,122.64599976974455,train
0.02,0.609,0.031,0.08,0.08,0.18,128.8798848731629,train
0.02,0.609,0.031,0.08,0.08,0.18,131.11462560079306,train
0.02,0.609,0.031,0.08,0.08,0.18,128.31438809062413,train
0.02,0.609,0.031,0.08,0.08,0.18,123.20130500134243,train
0.02,0.609,0.031,0.08,0.08,0.18,130.3327684536264,train
0.02,0.609,0.031,0.08,0.08,0.18,132.8133276186312,train
0.02,0.609,0.031,0.08,0.08,0.18,131.31528947294032,train
0.02,0.609,0.031,0.08,0.08,0.18,126.8004417921355,train
0.02,0.609,0.031,0.08,0.08,0.18,135.60473982870533,train
0.02,0.609,0.031,0.08,0.08,0.18,129.70668382456694,train
0.02,0.609,0.031,0.08,0.08,0.18,128.92103638875642,train
0.02,0.609,0.031,0.08,0.08,0.18,132.18097431853494,train
0.02,0.609,0.031,0.08,0.08,0.18,135.81325255595286,train
0.01,0.719,0.021,0.1,0.09,0.06,178.58910097315987,train
0.01,0.719,0.021,0.1,0.09,0.06,158.26621577211912,train
0.01,0.719,0.021,0.1,0.09,0.06,158.98735851275634,train
0.01,0.719,0.021,0.1,0.09,0.06,162.84504558362562,train
0.01,0.719,0.021,0.1,0.09,0.06,164.36736621012952,train
0.01,0.719,0.021,0.1,0.09,0.06,148.87366124523592,train
0.01,0.719,0.021,0.1,0.09,0.06,163.09701454002774,train
0.01,0.719,0.021,0.1,0.09,0.06,165.44587580138108,train
0.01,0.719,0.021,0.1,0.09,0.06,171.26586413607174,train
0.01,0.719,0.021,0.1,0.09,0.06,158.87757974079395,train
0.01,0.719,0.021,0.1,0.09,0.06,156.3970518750006,train
0.01,0.719,0.021,0.1,0.09,0.06,160.92116184101042,train
0.01,0.719,0.021,0.1,0.09,0.06,173.95654503201618,train
0.01,0.719,0.021,0.1,0.09,0.06,136.14647416688814,train
0.01,0.719,0.021,0.1,0.09,0.06,165.67064370759488,train
0.01,0.719,0.021,0.1,0.09,0.06,165.60533454475913,train
0.01,0.719,0.021,0.1,0.09,0.06,154.87477187063368,train
0.01,0.719,0.021,0.1,0.09,0.06,161.9358663296094,train
0.01,0.719,0.021,0.1,0.09,0.06,155.78508449840697,train
0.01,0.719,0.021,0.1,0.09,0.06,165.9540408611415,train
0.01,0.719,0.021,0.1,0.09,0.06,154.4167012613825,train
0.01,0.719,0.021,0.1,0.09,0.06,155.35194459579026,train
0.01,0.719,0.021,0.1,0.09,0.06,148.77200605841435,train
0.01,0.719,0.021,0.1,0.09,0.06,155.59224177938933,train
0.01,0.719,0.021,0.1,0.09,0.06,166.42644771941386,train
0.01,0.719,0.021,0.1,0.09,0.06,164.2453383796314,train
0.01,0.719,0.021,0.1,0.09,0.06,167.8108146524105,train
0.01,0.719,0.021,0.1,0.09,0.06,160.3694890107471,train
0.01,0.719,0.021,0.1,0.09,0.06,162.25293158299982,train
0.01,0.719,0.021,0.1,0.09,0.06,148.95216473682802,train
0.069,0.722,0.03,0.07,0.089,0.02,119.10388481616886,train
0.069,0.722,0.03,0.07,0.089,0.02,127.37456579389286,train
0.069,0.722,0.03,0.07,0.089,0.02,112.7053230780933,train
0.069,0.722,0.03,0.07,0.089,0.02,131.70643902967154,train
0.069,0.722,0.03,0.07,0.089,0.02,123.03194863981369,train
0.069,0.722,0.03,0.07,0.089,0.02,129.16665153512628,train
0.069,0.722,0.03,0.07,0.089,0.02,134.35170442840098,train
0.069,0.722,0.03,0.07,0.089,0.02,111.85085190398954,train
0.069,0.722,0.03,0.07,0.089,0.02,128.92616382589821,train
0.069,0.722,0.03,0.07,0.089,0.02,113.70064183383005,train
0.069,0.722,0.03,0.07,0.089,0.02,139.54339719686132,train
0.069,0.722,0.03,0.07,0.089,0.02,121.01363253500138,train
0.069,0.722,0.03,0.07,0.089,0.02,130.55947926426197,train
0.069,0.722,0.03,0.07,0.089,0.02,132.78707542187317,train
0.069,0.722,0.03,0.07,0.089,0.02,113.92529409122957,train
0.069,0.722,0.03,0.07,0.089,0.02,123.1209615281092,train
0.069,0.722,0.03,0.07,0.089,0.02,110.64922246727785,train
0.069,0.722,0.03,0.07,0.089,0.02,122.97597869613969,train
0.069,0.722,0.03,0.07,0.089,0.02,143.6708232418355,train
0.069,0.722,0.03,0.07,0.089,0.02,136.57694423394838,train
0.069,0.722,0.03,0.07,0.089,0.02,94.01921293041127,train
0.069,0.722,0.03,0.07,0.089,0.02,113.18117485185229,train
0.069,0.722,0.03,0.07,0.089,0.02,136.8786807300897,train
0.069,0.722,0.03,0.07,0.089,0.02,113.34735818928279,train
0.069,0.722,0.03,0.07,0.089,0.02,135.98739692651517,train
0.069,0.722,0.03,0.07,0.089,0.02,129.5355595004913,train
0.069,0.722,0.03,0.07,0.089,0.02,108.62103844560102,train
0.069,0.722,0.03,0.07,0.089,0.02,114.34546603971373,train
0.069,0.722,0.03,0.07,0.089,0.02,114.21295907132237,train
0.069,0.722,0.03,0.07,0.089,0.02,132.43206246828208,train
0.01,0.6,0.03,0.06,0.05,0.25,110.004561992728,train
0.01,0.6,0.03,0.06,0.05,0.25,140.90338603600225,train
0.01,0.6,0.03,0.06,0.05,0.25,123.41250426284223,train
0.01,0.6,0.03,0.06,0.05,0.25,138.6181256983131,train
0.01,0.6,0.03,0.06,0.05,0.25,133.88812839120158,train
0.01,0.6,0.03,0.06,0.05,0.25,146.17986954822166,train
0.01,0.6,0.03,0.06,0.05,0.25,126.74513961119592,train
0.01,0.6,0.03,0.06,0.05,0.25,133.26474128329016,train
0.01,0.6,0.03,0.06,0.05,0.25,121.99297130450081,train
0.01,0.6,0.03,0.06,0.05,0.25,125.21455417493263,train
0.01,0.6,0.03,0.06,0.05,0.25,139.75628581212703,train
0.01,0.6,0.03,0.06,0.05,0.25,120.2200271265925,train
0.01,0.6,0.03,0.06,0.05,0.25,134.83935271415572,train
0.01,0.6,0.03,0.06,0.05,0.25,131.38662831911194,train
0.01,0.6,0.03,0.06,0.05,0.25,137.739578551461,train
0.01,0.6,0.03,0.06,0.05,0.25,126.8755634439809,train
0.01,0.6,0.03,0.06,0.05,0.25,136.2793155276408,train
0.01,0.6,0.03,0.06,0.05,0.25,133.28188863841265,train
0.01,0.6,0.03,0.06,0.05,0.25,133.73375393575827,train
0.01,0.6,0.03,0.06,0.05,0.25,150.295591719461,train
0.01,0.6,0.03,0.06,0.05,0.25,122.099752249312,train
0.01,0.6,0.03,0.06,0.05,0.25,139.20297176953136,train
0.01,0.6,0.03,0.06,0.05,0.25,114.17264178784002,train
0.01,0.6,0.03,0.06,0.05,0.25,126.08198959353939,train
0.01,0.6,0.03,0.06,0.05,0.25,113.56716782325982,train
0.01,0.6,0.03,0.06,0.05,0.25,101.42745796278456,train
0.01,0.6,0.03,0.06,0.05,0.25,148.54779554797878,train
0.01,0.6,0.03,0.06,0.05,0.25,136.19420905744363,train
0.01,0.6,0.03,0.06,0.05,0.25,113.89336145563908,train
0.01,0.6,0.03,0.06,0.05,0.25,123.19380771818251,train
0.01,0.653,0.03,0.06,0.01,0.238,175.77592550184335,train
0.01,0.653,0.03,0.06,0.01,0.238,173.9299599172386,train
0.01,0.653,0.03,0.06,0.01,0.238,174.8321441227242,train
0.01,0.653,0.03,0.06,0.01,0.238,175.30598385875564,train
0.01,0.653,0.03,0.06,0.01,0.238,173.29203027411583,train
0.01,0.653,0.03,0.06,0.01,0.238,171.14996756594925,train
0.01,0.653,0.03,0.06,0.01,0.238,172.02451011848996,train
0.01,0.653,0.03,0.06,0.01,0.238,172.70080427221265,train
0.01,0.653,0.03,0.06,0.01,0.238,175.5834304662135,train
0.01,0.653,0.03,0.06,0.01,0.238,173.7355682632275,train
0.01,0.653,0.03,0.06,0.01,0.238,172.2723173589799,train
0.01,0.653,0.03,0.06,0.01,0.238,175.6073031707731,train
0.01,0.653,0.03,0.06,0.01,0.238,171.15297903993988,train
0.01,0.653,0.03,0.06,0.01,0.238,172.8038509788788,train
0.01,0.653,0.03,0.06,0.01,0.238,174.34208181361905,train
0.01,0.653,0.03,0.06,0.01,0.238,174.27467044605692,train
0.01,0.653,0.03,0.06,0.01,0.238,173.66160151080695,train
0.01,0.653,0.03,0.06,0.01,0.238,174.73862572891125,train
0.01,0.653,0.03,0.06,0.01,0.238,172.21527096794375,train
0.01,0.653,0.03,0.06,0.01,0.238,174.66316045910352,train
0.01,0.653,0.03,0.06,0.01,0.238,173.07214004984615,train
0.01,0.653,0.03,0.06,0.01,0.238,176.16042115423437,train
0.01,0.653,0.03,0.06,0.01,0.238,172.04426157964747,train
0.01,0.653,0.03,0.06,0.01,0.238,175.72867215129097,train
0.01,0.653,0.03,0.06,0.01,0.238,171.95695696434467,train
0.01,0.653,0.03,0.06,0.01,0.238,172.7361704943778,train
0.01,0.653,0.03,0.06,0.01,0.238,173.86445485932168,train
0.01,0.653,0.03,0.06,0.01,0.238,176.29331160161544,train
0.01,0.653,0.03,0.06,0.01,0.238,173.30201619228717,train
0.01,0.653,0.03,0.06,0.01,0.238,172.71473740626843,train
0.17,0.59,0.01,0.04,0.04,0.15,100.04428687746113,train
0.17,0.59,0.01,0.04,0.04,0.15,119.45960092178234,train
0.17,0.59,0.01,0.04,0.04,0.15,108.5785883468457,train
0.17,0.59,0.01,0.04,0.04,0.15,119.67442398485986,train
0.17,0.59,0.01,0.04,0.04,0.15,102.27383710847928,train
0.17,0.59,0.01,0.04,0.04,0.15,105.98623958283326,train
0.17,0.59,0.01,0.04,0.04,0.15,100.97911908354648,train
0.17,0.59,0.01,0.04,0.04,0.15,112.43936173372296,train
0.17,0.59,0.01,0.04,0.04,0.15,106.71925986754648,train
0.17,0.59,0.01,0.04,0.04,0.15,103.52430823154221,train
0.17,0.59,0.01,0.04,0.04,0.15,105.7444311611006,train
0.17,0.59,0.01,0.04,0.04,0.15,95.82294816250663,train
0.17,0.59,0.01,0.04,0.04,0.15,104.31267706426031,train
0.17,0.59,0.01,0.04,0.04,0.15,106.36066343350241,train
0.17,0.59,0.01,0.04,0.04,0.15,112.0279889357681,train
0.17,0.59,0.01,0.04,0.04,0.15,106.60141268845834,train
0.17,0.59,0.01,0.04,0.04,0.15,104.46008987695201,train
0.17,0.59,0.01,0.04,0.04,0.15,106.43086432095973,train
0.17,0.59,0.01,0.04,0.04,0.15,108.41394270535211,train
0.17,0.59,0.01,0.04,0.04,0.15,112.18900313126765,train
0.17,0.59,0.01,0.04,0.04,0.15,101.55042542637685,train
0.17,0.59,0.01,0.04,0.04,0.15,107.82113075409761,train
0.17,0.59,0.01,0.04,0.04,0.15,108.72856579168642,train
0.17,0.59,0.01,0.04,0.04,0.15,110.764162653186,train
0.17,0.59,0.01,0.04,0.04,0.15,111.93985674163943,train
0.17,0.59,0.01,0.04,0.04,0.15,106.39716099196623,train
0.17,0.59,0.01,0.04,0.04,0.15,119.4864084367507,train
0.17,0.59,0.01,0.04,0.04,0.15,99.10023008287627,train
0.17,0.59,0.01,0.04,0.04,0.15,109.34759913168435,train
0.17,0.59,0.01,0.04,0.04,0.15,115.04319014651068,train
0.12,0.58,0.04,0.17,0.08,0.01,162.45532180103893,train
0.12,0.58,0.04,0.17,0.08,0.01,163.5960032968438,train
0.12,0.58,0.04,0.17,0.08,0.01,149.77512926721528,train
0.12,0.58,0.04,0.17,0.08,0.01,159.65905161868997,train
0.12,0.58,0.04,0.17,0.08,0.01,166.72367864719945,train
0.12,0.58,0.04,0.17,0.08,0.01,164.65619305284903,train
0.12,0.58,0.04,0.17,0.08,0.01,159.76559572347293,train
0.12,0.58,0.04,0.17,0.08,0.01,155.84774349470518,train
0.12,0.58,0.04,0.17,0.08,0.01,162.73252094345855,train
0.12,0.58,0.04,0.17,0.08,0.01,172.33348426521746,train
0.12,0.58,0.04,0.17,0.08,0.01,164.4587920969275,train
0.12,0.58,0.04,0.17,0.08,0.01,159.3240719669605,train
0.12,0.58,0.04,0.17,0.08,0.01,151.59085572361693,train
0.12,0.58,0.04,0.17,0.08,0.01,164.68088761840679,train
0.12,0.58,0.04,0.17,0.08,0.01,169.33466443119002,train
0.12,0.58,0.04,0.17,0.08,0.01,167.8772320748287,train
0.12,0.58,0.04,0.17,0.08,0.01,154.77619945554804,train
0.12,0.58,0.04,0.17,0.08,0.01,155.49964110460735,train
0.12,0.58,0.04,0.17,0.08,0.01,153.88255923191142,train
0.12,0.58,0.04,0.17,0.08,0.01,157.38789983965978,train
0.12,0.58,0.04,0.17,0.08,0.01,156.3821079336118,train
0.12,0.58,0.04,0.17,0.08,0.01,173.97173107351028,train
0.12,0.58,0.04,0.17,0.08,0.01,160.49819137044554,train
0.12,0.58,0.04,0.17,0.08,0.01,164.31080595242608,train
0.12,0.58,0.04,0.17,0.08,0.01,161.10115146507744,train
0.12,0.58,0.04,0.17,0.08,0.01,168.5330719827578,train
0.12,0.58,0.04,0.17,0.08,0.01,160.13994236080117,train
0.12,0.58,0.04,0.17,0.08,0.01,164.38717138330352,train
0.12,0.58,0.04,0.17,0.08,0.01,167.22089831094155,train
0.12,0.58,0.04,0.17,0.08,0.01,163.87767747540357,train
0.09,0.579,0.031,0.1,0.12,0.08,201.69565763274116,train
0.09,0.579,0.031,0.1,0.12,0.08,191.17048685728417,train
0.09,0.579,0.031,0.1,0.12,0.08,172.07695317917728,train
0.09,0.579,0.031,0.1,0.12,0.08,155.6839708791258,train
0.09,0.579,0.031,0.1,0.12,0.08,182.56083124828527,train
0.09,0.579,0.031,0.1,0.12,0.08,165.2216946099976,train
0.09,0.579,0.031,0.1,0.12,0.08,159.60719959147343,train
0.09,0.579,0.031,0.1,0.12,0.08,177.79322099207187,train
0.09,0.579,0.031,0.1,0.12,0.08,158.53945384194677,train
0.09,0.579,0.031,0.1,0.12,0.08,163.66252963176132,train
0.09,0.579,0.031,0.1,0.12,0.08,165.45269784951304,train
0.09,0.579,0.031,0.1,0.12,0.08,203.8781416887813,train
0.09,0.579,0.031,0.1,0.12,0.08,166.5423392361598,train
0.09,0.579,0.031,0.1,0.12,0.08,168.1345458186462,train
0.09,0.579,0.031,0.1,0.12,0.08,175.2876244521877,train
0.09,0.579,0.031,0.1,0.12,0.08,164.80758940698175,train
0.09,0.579,0.031,0.1,0.12,0.08,187.18457538377407,train
0.09,0.579,0.031,0.1,0.12,0.08,194.45529717397838,train
0.09,0.579,0.031,0.1,0.12,0.08,166.91327151019908,train
0.09,0.579,0.031,0.1,0.12,0.08,164.12690233914546,train
0.09,0.579,0.031,0.1,0.12,0.08,153.80032537219705,train
0.09,0.579,0.031,0.1,0.12,0.08,151.78522911048964,train
0.09,0.579,0.031,0.1,0.12,0.08,160.91148985394247,train
0.09,0.579,0.031,0.1,0.12,0.08,162.56688854246374,train
0.09,0.579,0.031,0.1,0.12,0.08,189.5244751301737,train
0.09,0.579,0.031,0.1,0.12,0.08,176.81995391884723,train
0.09,0.579,0.031,0.1,0.12,0.08,163.35449411934815,train
0.09,0.579,0.031,0.1,0.12,0.08,148.24385239112127,train
0.09,0.579,0.031,0.1,0.12,0.08,144.4851457898696,train
0.09,0.579,0.031,0.1,0.12,0.08,177.27843777665188,train
0.03,0.619,0.031,0.1,0.22,0.0,202.27700026154088,train
0.03,0.619,0.031,0.1,0.22,0.0,169.87805121806065,train
0.03,0.619,0.031,0.1,0.22,0.0,219.39945169886374,train
0.03,0.619,0.031,0.1,0.22,0.0,190.04446580785256,train
0.03,0.619,0.031,0.1,0.22,0.0,210.06710778442232,train
0.03,0.619,0.031,0.1,0.22,0.0,193.94873730536938,train
0.03,0.619,0.031,0.1,0.22,0.0,222.17874558445445,train
0.03,0.619,0.031,0.1,0.22,0.0,184.85044552187267,train
0.03,0.619,0.031,0.1,0.22,0.0,212.02364479234285,train
0.03,0.619,0.031,0.1,0.22,0.0,212.27490470757255,train
0.03,0.619,0.031,0.1,0.22,0.0,190.80166897870492,train
0.03,0.619,0.031,0.1,0.22,0.0,176.01198127222915,train
0.03,0.619,0.031,0.1,0.22,0.0,190.8985993284108,train
0.03,0.619,0.031,0.1,0.22,0.0,215.75738626769328,train
0.03,0.619,0.031,0.1,0.22,0.0,207.69328921449238,train
0.03,0.619,0.031,0.1,0.22,0.0,199.70358843784632,train
0.03,0.619,0.031,0.1,0.22,0.0,192.11855546557672,train
0.03,0.619,0.031,0.1,0.22,0.0,227.46974440579206,train
0.03,0.619,0.031,0.1,0.22,0.0,175.83672593289893,train
0.03,0.619,0.031,0.1,0.22,0.0,189.3315480884516,train
0.03,0.619,0.031,0.1,0.22,0.0,178.7354289957249,train
0.03,0.619,0.031,0.1,0.22,0.0,203.18891206311625,train
0.03,0.619,0.031,0.1,0.22,0.0,204.08417472562195,train
0.03,0.619,0.031,0.1,0.22,0.0,194.68897059681035,train
0.03,0.619,0.031,0.1,0.22,0.0,188.89698068665334,train
0.03,0.619,0.031,0.1,0.22,0.0,205.18544828627373,train
0.03,0.619,0.031,0.1,0.22,0.0,195.8709298164112,train
0.03,0.619,0.031,0.1,0.22,0.0,177.69804280269815,train
0.03,0.619,0.031,0.1,0.22,0.0,227.3892374722225,train
0.03,0.619,0.031,0.1,0.22,0.0,196.25311017043921,train
0.069,0.611,0.06,0.05,0.14,0.07,147.31305918861133,train
0.069,0.611,0.06,0.05,0.14,0.07,162.50732027871882,train
0.069,0.611,0.06,0.05,0.14,0.07,154.06575321697753,train
0.069,0.611,0.06,0.05,0.14,0.07,156.17632140480083,train
0.069,0.611,0.06,0.05,0.14,0.07,154.65760497709348,train
0.069,0.611,0.06,0.05,0.14,0.07,169.7708734259664,train
0.069,0.611,0.06,0.05,0.14,0.07,141.6733655579743,train
0.069,0.611,0.06,0.05,0.14,0.07,155.64126101737963,train
0.069,0.611,0.06,0.05,0.14,0.07,179.46498383165292,train
0.069,0.611,0.06,0.05,0.14,0.07,150.0907894307791,train
0.069,0.611,0.06,0.05,0.14,0.07,133.8492764599215,train
0.069,0.611,0.06,0.05,0.14,0.07,154.80848398202235,train
0.069,0.611,0.06,0.05,0.14,0.07,159.6701972353259,train
0.069,0.611,0.06,0.05,0.14,0.07,160.610588202011,train
0.069,0.611,0.06,0.05,0.14,0.07,146.6610079922898,train
0.069,0.611,0.06,0.05,0.14,0.07,136.98140086613543,train
0.069,0.611,0.06,0.05,0.14,0.07,137.0115736733067,train
0.069,0.611,0.06,0.05,0.14,0.07,165.4991515494599,train
0.069,0.611,0.06,0.05,0.14,0.07,168.3566699875008,train
0.069,0.611,0.06,0.05,0.14,0.07,166.21620003215227,train
0.069,0.611,0.06,0.05,0.14,0.07,169.8295178334048,train
0.069,0.611,0.06,0.05,0.14,0.07,125.57538372694968,train
0.069,0.611,0.06,0.05,0.14,0.07,152.9246732799731,train
0.069,0.611,0.06,0.05,0.14,0.07,175.70958862431954,train
0.069,0.611,0.06,0.05,0.14,0.07,148.88338287019968,train
0.069,0.611,0.06,0.05,0.14,0.07,160.29904731005735,train
0.069,0.611,0.06,0.05,0.14,0.07,138.67186575832167,train
0.069,0.611,0.06,0.05,0.14,0.07,173.72743639230188,train
0.069,0.611,0.06,0.05,0.14,0.07,112.09855492206322,train
0.069,0.611,0.06,0.05,0.14,0.07,165.42232725621105,train
0.051,0.565,0.021,0.06,0.243,0.061,164.74326643881457,train
0.051,0.565,0.021,0.06,0.243,0.061,163.02224115307337,train
0.051,0.565,0.021,0.06,0.243,0.061,167.19287434115782,train
0.051,0.565,0.021,0.06,0.243,0.061,158.28403699421773,train
0.051,0.565,0.021,0.06,0.243,0.061,156.82722413508898,train
0.051,0.565,0.021,0.06,0.243,0.061,160.12486178201738,train
0.051,0.565,0.021,0.06,0.243,0.061,173.51625262575075,train
0.051,0.565,0.021,0.06,0.243,0.061,189.0400078087232,train
0.051,0.565,0.021,0.06,0.243,0.061,178.8946030157747,train
0.051,0.565,0.021,0.06,0.243,0.061,175.9090414615034,train
0.051,0.565,0.021,0.06,0.243,0.061,164.2681778840988,train
0.051,0.565,0.021,0.06,0.243,0.061,174.04189381367928,train
0.051,0.565,0.021,0.06,0.243,0.061,163.17733747953704,train
0.051,0.565,0.021,0.06,0.243,0.061,166.54172764195553,train
0.051,0.565,0.021,0.06,0.243,0.061,175.3103231758319,train
0.051,0.565,0.021,0.06,0.243,0.061,165.02297975488082,train
0.051,0.565,0.021,0.06,0.243,0.061,160.01721974444365,train
0.051,0.565,0.021,0.06,0.243,0.061,165.69430238664026,train
0.051,0.565,0.021,0.06,0.243,0.061,168.55863444740146,train
0.051,0.565,0.021,0.06,0.243,0.061,172.0076212357567,train
0.051,0.565,0.021,0.06,0.243,0.061,177.24381268366616,train
0.051,0.565,0.021,0.06,0.243,0.061,155.44571843277427,train
0.051,0.565,0.021,0.06,0.243,0.061,162.69982187574436,train
0.051,0.565,0.021,0.06,0.243,0.061,164.17626833768816,train
0.051,0.565,0.021,0.06,0.243,0.061,158.97693858953863,train
0.051,0.565,0.021,0.06,0.243,0.061,147.01605476762913,train
0.051,0.565,0.021,0.06,0.243,0.061,176.6704549406511,train
0.051,0.565,0.021,0.06,0.243,0.061,160.93096399350807,train
0.051,0.565,0.021,0.06,0.243,0.061,158.69861500996657,train
0.051,0.565,0.021,0.06,0.243,0.061,170.84564382978087,train
0.131,0.535,0.03,0.101,0.162,0.041,132.62561041430754,train
0.131,0.535,0.03,0.101,0.162,0.041,128.29107719123664,train
0.131,0.535,0.03,0.101,0.162,0.041,121.74460420982393,train
0.131,0.535,0.03,0.101,0.162,0.041,125.43041084473202,train
0.131,0.535,0.03,0.101,0.162,0.041,113.4709278190647,train
0.131,0.535,0.03,0.101,0.162,0.041,137.3687123760798,train
0.131,0.535,0.03,0.101,0.162,0.041,132.80704901079451,train
0.131,0.535,0.03,0.101,0.162,0.041,131.4757523643524,train
0.131,0.535,0.03,0.101,0.162,0.041,120.43271749344301,train
0.131,0.535,0.03,0.101,0.162,0.041,136.51135463412305,train
0.131,0.535,0.03,0.101,0.162,0.041,136.69183112362526,train
0.131,0.535,0.03,0.101,0.162,0.041,119.46392795513819,train
0.131,0.535,0.03,0.101,0.162,0.041,124.21107835345725,train
0.131,0.535,0.03,0.101,0.162,0.041,140.06137254701414,train
0.131,0.535,0.03,0.101,0.162,0.041,132.71434908882912,train
0.131,0.535,0.03,0.101,0.162,0.041,117.95496601025962,train
0.131,0.535,0.03,0.101,0.162,0.041,114.07686826773221,train
0.131,0.535,0.03,0.101,0.162,0.041,112.60506854846614,train
0.131,0.535,0.03,0.101,0.162,0.041,123.28448991043255,train
0.131,0.535,0.03,0.101,0.162,0.041,133.33716090065025,train
0.131,0.535,0.03,0.101,0.162,0.041,124.57352916798054,train
0.131,0.535,0.03,0.101,0.162,0.041,119.90156347234235,train
0.131,0.535,0.03,0.101,0.162,0.041,139.22680538056917,train
0.131,0.535,0.03,0.101,0.162,0.041,128.50846092467026,train
0.131,0.535,0.03,0.101,0.162,0.041,144.4501900808132,train
0.131,0.535,0.03,0.101,0.162,0.041,128.28752302993144,train
0.131,0.535,0.03,0.101,0.162,0.041,117.021717223704,train
0.131,0.535,0.03,0.101,0.162,0.041,135.5045557109938,train
0.131,0.535,0.03,0.101,0.162,0.041,104.66313063034755,train
0.131,0.535,0.03,0.101,0.162,0.041,131.74472858124267,train
0.05,0.55,0.02,0.09,0.27,0.02,165.2970687756658,train
0.05,0.55,0.02,0.09,0.27,0.02,166.4022076470884,train
0.05,0.55,0.02,0.09,0.27,0.02,167.73480300991025,train
0.05,0.55,0.02,0.09,0.27,0.02,153.35567986110766,train
0.05,0.55,0.02,0.09,0.27,0.02,163.94921567235187,train
0.05,0.55,0.02,0.09,0.27,0.02,172.72981612610798,train
0.05,0.55,0.02,0.09,0.27,0.02,156.57841906803247,train
0.05,0.55,0.02,0.09,0.27,0.02,173.775662376668,train
0.05,0.55,0.02,0.09,0.27,0.02,169.8461089646283,train
0.05,0.55,0.02,0.09,0.27,0.02,153.71583303799432,train
0.05,0.55,0.02,0.09,0.27,0.02,148.65355534778658,train
0.05,0.55,0.02,0.09,0.27,0.02,151.45982980344917,train
0.05,0.55,0.02,0.09,0.27,0.02,182.04766781523875,train
0.05,0.55,0.02,0.09,0.27,0.02,169.51824943494404,train
0.05,0.55,0.02,0.09,0.27,0.02,189.26429412812556,train
0.05,0.55,0.02,0.09,0.27,0.02,163.08916655249334,train
0.05,0.55,0.02,0.09,0.27,0.02,176.25637808595798,train
0.05,0.55,0.02,0.09,0.27,0.02,176.98063094893033,train
0.05,0.55,0.02,0.09,0.27,0.02,195.3011460843337,train
0.05,0.55,0.02,0.09,0.27,0.02,160.53619416896979,train
0.05,0.55,0.02,0.09,0.27,0.02,197.74274987297082,train
0.05,0.55,0.02,0.09,0.27,0.02,169.10387029377864,train
0.05,0.55,0.02,0.09,0.27,0.02,147.70607139956343,train
0.05,0.55,0.02,0.09,0.27,0.02,158.05015010297083,train
0.05,0.55,0.02,0.09,0.27,0.02,168.7716153275203,train
0.05,0.55,0.02,0.09,0.27,0.02,164.4647336088595,train
0.05,0.55,0.02,0.09,0.27,0.02,174.03260164633826,train
0.05,0.55,0.02,0.09,0.27,0.02,195.65881893930498,train
0.05,0.55,0.02,0.09,0.27,0.02,157.04354553222686,train
0.05,0.55,0.02,0.09,0.27,0.02,165.42916409860726,train
0.08,0.544,0.041,0.152,0.132,0.051,225.5685170894746,train
0.08,0.544,0.041,0.152,0.132,0.051,223.34773181591646,train
0.08,0.544,0.041,0.152,0.132,0.051,223.74462453036682,train
0.08,0.544,0.041,0.152,0.132,0.051,251.45165193933488,train
0.08,0.544,0.041,0.152,0.132,0.051,192.51950262642188,train
0.08,0.544,0.041,0.152,0.132,0.051,215.10269598784294,train
0.08,0.544,0.041,0.152,0.132,0.051,237.29269850477814,train
0.08,0.544,0.041,0.152,0.132,0.051,224.28158087417935,train
0.08,0.544,0.041,0.152,0.132,0.051,215.9158182270449,train
0.08,0.544,0.041,0.152,0.132,0.051,238.1686011209318,train
0.08,0.544,0.041,0.152,0.132,0.051,211.62654268238504,train
0.08,0.544,0.041,0.152,0.132,0.051,250.63787787103448,train
0.08,0.544,0.041,0.152,0.132,0.051,252.7610218189442,train
0.08,0.544,0.041,0.152,0.132,0.051,222.41240964883625,train
0.08,0.544,0.041,0.152,0.132,0.051,232.91162296703453,train
0.08,0.544,0.041,0.152,0.132,0.051,229.25561585619963,train
0.08,0.544,0.041,0.152,0.132,0.051,214.64104647636202,train
0.08,0.544,0.041,0.152,0.132,0.051,214.03606685159593,train
0.08,0.544,0.041,0.152,0.132,0.051,235.41314810867763,train
0.08,0.544,0.041,0.152,0.132,0.051,255.19340533778347,train
0.08,0.544,0.041,0.152,0.132,0.051,237.96145166819522,train
0.08,0.544,0.041,0.152,0.132,0.051,239.2077937491269,train
0.08,0.544,0.041,0.152,0.132,0.051,284.74429215359413,train
0.08,0.544,0.041,0.152,0.132,0.051,211.06194325702077,train
0.08,0.544,0.041,0.152,0.132,0.051,269.11488082798405,train
0.08,0.544,0.041,0.152,0.132,0.051,228.99769344574725,train
0.08,0.544,0.041,0.152,0.132,0.051,231.68924930206754,train
0.08,0.544,0.041,0.152,0.132,0.051,224.2594547854461,train
0.08,0.544,0.041,0.152,0.132,0.051,242.24221558490063,train
0.08,0.544,0.041,0.152,0.132,0.051,192.4934276761702,train
0.03,0.549,0.031,0.07,0.32,0.0,33.15825036152491,train
0.03,0.549,0.031,0.07,0.32,0.0,32.131469562745,train
0.03,0.549,0.031,0.07,0.32,0.0,43.77254400053451,train
0.03,0.549,0.031,0.07,0.32,0.0,31.690622086430523,train
0.03,0.549,0.031,0.07,0.32,0.0,35.132104545013206,train
0.03,0.549,0.031,0.07,0.32,0.0,39.16239163271395,train
0.03,0.549,0.031,0.07,0.32,0.0,40.17996987569782,train
0.03,0.549,0.031,0.07,0.32,0.0,35.75929568233547,train
0.03,0.549,0.031,0.07,0.32,0.0,37.93647416547868,train
0.03,0.549,0.031,0.07,0.32,0.0,35.94697673041244,train
0.03,0.549,0.031,0.07,0.32,0.0,28.274505567316815,train
0.03,0.549,0.031,0.07,0.32,0.0,31.937438868687217,train
0.03,0.549,0.031,0.07,0.32,0.0,36.06163994978823,train
0.03,0.549,0.031,0.07,0.32,0.0,32.133901637612325,train
0.03,0.549,0.031,0.07,0.32,0.0,37.77302332889218,train
0.03,0.549,0.031,0.07,0.32,0.0,37.15750866837133,train
0.03,0.549,0.031,0.07,0.32,0.0,36.57652104113783,train
0.03,0.549,0.031,0.07,0.32,0.0,37.42326751531193,train
0.03,0.549,0.031,0.07,0.32,0.0,42.10509208910492,train
0.03,0.549,0.031,0.07,0.32,0.0,25.315351757935876,train
0.03,0.549,0.031,0.07,0.32,0.0,28.79451819864883,train
0.03,0.549,0.031,0.07,0.32,0.0,34.76562976646969,train
0.03,0.549,0.031,0.07,0.32,0.0,39.7645897274078,train
0.03,0.549,0.031,0.07,0.32,0.0,41.687961620172366,train
0.03,0.549,0.031,0.07,0.32,0.0,32.58634332811968,train
0.03,0.549,0.031,0.07,0.32,0.0,36.91373947313206,train
0.03,0.549,0.031,0.07,0.32,0.0,41.64586275593445,train
0.03,0.549,0.031,0.07,0.32,0.0,29.198704028750274,train
0.03,0.549,0.031,0.07,0.32,0.0,34.498950637605475,train
0.03,0.549,0.031,0.07,0.32,0.0,35.547760095645245,train
0.37,0.39,0.0,0.03,0.21,0.0,76.1771620958207,train
0.37,0.39,0.0,0.03,0.21,0.0,100.09486599242723,train
0.37,0.39,0.0,0.03,0.21,0.0,116.62958073263478,train
0.37,0.39,0.0,0.03,0.21,0.0,110.81032419451577,train
0.37,0.39,0.0,0.03,0.21,0.0,99.86217394172363,train
0.37,0.39,0.0,0.03,0.21,0.0,101.00615175674713,train
0.37,0.39,0.0,0.03,0.21,0.0,61.749712618300855,train
0.37,0.39,0.0,0.03,0.21,0.0,58.02240328144817,train
0.37,0.39,0.0,0.03,0.21,0.0,99.028232404377,train
0.37,0.39,0.0,0.03,0.21,0.0,85.73446941323758,train
0.37,0.39,0.0,0.03,0.21,0.0,116.62900821658786,train
0.37,0.39,0.0,0.03,0.21,0.0,104.07997698157406,train
0.37,0.39,0.0,0.03,0.21,0.0,78.34899752356957,train
0.37,0.39,0.0,0.03,0.21,0.0,97.89063963657055,train
0.37,0.39,0.0,0.03,0.21,0.0,121.01040161917945,train
0.37,0.39,0.0,0.03,0.21,0.0,69.19605310331491,train
0.37,0.39,0.0,0.03,0.21,0.0,122.41818496323518,train
0.37,0.39,0.0,0.03,0.21,0.0,114.23311322267521,train
0.37,0.39,0.0,0.03,0.21,0.0,79.90289565767753,train
0.37,0.39,0.0,0.03,0.21,0.0,100.6728612962491,train
0.37,0.39,0.0,0.03,0.21,0.0,107.26293215912536,train
0.37,0.39,0.0,0.03,0.21,0.0,81.22261893114785,train
0.37,0.39,0.0,0.03,0.21,0.0,95.15588508254196,train
0.37,0.39,0.0,0.03,0.21,0.0,97.50723635792156,train
0.37,0.39,0.0,0.03,0.21,0.0,133.06489041809232,train
0.37,0.39,0.0,0.03,0.21,0.0,102.31675170141672,train
0.37,0.39,0.0,0.03,0.21,0.0,145.94746767713968,train
0.37,0.39,0.0,0.03,0.21,0.0,114.84737702380335,train
0.37,0.39,0.0,0.03,0.21,0.0,134.4205198516772,train
0.37,0.39,0.0,0.03,0.21,0.0,92.5121495067657,train
0.202,0.182,0.202,0.202,0.01,0.202,42.22635084800982,train
0.202,0.182,0.202,0.202,0.01,0.202,27.188500620846085,train
0.202,0.182,0.202,0.202,0.01,0.202,30.87417996125064,train
0.202,0.182,0.202,0.202,0.01,0.202,35.41853681379797,train
0.202,0.182,0.202,0.202,0.01,0.202,22.746236166917058,train
0.202,0.182,0.202,0.202,0.01,0.202,32.838520438203815,train
0.202,0.182,0.202,0.202,0.01,0.202,33.321378670458245,train
0.202,0.182,0.202,0.202,0.01,0.202,34.452813172653165,train
0.202,0.182,0.202,0.202,0.01,0.202,35.62178926144714,train
0.202,0.182,0.202,0.202,0.01,0.202,32.34615097639734,train
0.202,0.182,0.202,0.202,0.01,0.202,33.804826505400015,train
0.202,0.182,0.202,0.202,0.01,0.202,44.248139790202664,train
0.202,0.182,0.202,0.202,0.01,0.202,27.12693878987557,train
0.202,0.182,0.202,0.202,0.01,0.202,42.89672546503036,train
0.202,0.182,0.202,0.202,0.01,0.202,48.21698545344556,train
0.202,0.182,0.202,0.202,0.01,0.202,22.704107720154195,train
0.202,0.182,0.202,0.202,0.01,0.202,39.15815347828319,train
0.202,0.182,0.202,0.202,0.01,0.202,28.72627720696561,train
0.202,0.182,0.202,0.202,0.01,0.202,48.23462947045188,train
0.202,0.182,0.202,0.202,0.01,0.202,38.658334433148895,train
0.202,0.182,0.202,0.202,0.01,0.202,38.89238104702992,train
0.202,0.182,0.202,0.202,0.01,0.202,21.95658488966894,train
0.202,0.182,0.202,0.202,0.01,0.202,34.227617131633245,train
0.202,0.182,0.202,0.202,0.01,0.202,31.049206108286054,train
0.202,0.182,0.202,0.202,0.01,0.202,25.596830383849337,train
0.202,0.182,0.202,0.202,0.01,0.202,45.06106055913278,train
0.202,0.182,0.202,0.202,0.01,0.202,34.41792039882523,train
0.202,0.182,0.202,0.202,0.01,0.202,41.90789132191753,train
0.202,0.182,0.202,0.202,0.01,0.202,36.03703104611987,train
0.202,0.182,0.202,0.202,0.01,0.202,32.723991770077596,train
0.0,0.05,0.0,0.32,0.31,0.32,61.87954757979662,train
0.0,0.05,0.0,0.32,0.31,0.32,69.44506136179109,train
0.0,0.05,0.0,0.32,0.31,0.32,66.80098660266873,train
0.0,0.05,0.0,0.32,0.31,0.32,71.08147788701821,train
0.0,0.05,0.0,0.32,0.31,0.32,72.27781799754796,train
0.0,0.05,0.0,0.32,0.31,0.32,60.84857582958899,train
0.0,0.05,0.0,0.32,0.31,0.32,64.93087667427021,train
0.0,0.05,0.0,0.32,0.31,0.32,68.34219735408136,train
0.0,0.05,0.0,0.32,0.31,0.32,68.5686269940343,train
0.0,0.05,0.0,0.32,0.31,0.32,68.88707044855543,train
0.0,0.05,0.0,0.32,0.31,0.32,62.99718804822402,train
0.0,0.05,0.0,0.32,0.31,0.32,63.15140619180083,train
0.0,0.05,0.0,0.32,0.31,0.32,68.92104599066215,train
0.0,0.05,0.0,0.32,0.31,0.32,67.76796875564261,train
0.0,0.05,0.0,0.32,0.31,0.32,61.00730205191427,train
0.0,0.05,0.0,0.32,0.31,0.32,81.74414569745713,train
0.0,0.05,0.0,0.32,0.31,0.32,71.62958453471973,train
0.0,0.05,0.0,0.32,0.31,0.32,76.40511789055357,train
0.0,0.05,0.0,0.32,0.31,0.32,71.69162585375884,train
0.0,0.05,0.0,0.32,0.31,0.32,69.19493758850012,train
0.0,0.05,0.0,0.32,0.31,0.32,68.08067702449013,train
0.0,0.05,0.0,0.32,0.31,0.32,61.97125209796057,train
0.0,0.05,0.0,0.32,0.31,0.32,73.31196526594022,train
0.0,0.05,0.0,0.32,0.31,0.32,71.80732715666883,train
0.0,0.05,0.0,0.32,0.31,0.32,69.08093514294772,train
0.0,0.05,0.0,0.32,0.31,0.32,70.04959205762212,train
0.0,0.05,0.0,0.32,0.31,0.32,73.00127151828583,train
0.0,0.05,0.0,0.32,0.31,0.32,74.01346267013996,train
0.0,0.05,0.0,0.32,0.31,0.32,59.55864473266445,train
0.0,0.05,0.0,0.32,0.31,0.32,61.51608843677394,train
0.25,0.03,0.0,0.25,0.22,0.25,83.07762136649538,train
0.25,0.03,0.0,0.25,0.22,0.25,80.55471295367056,train
0.25,0.03,0.0,0.25,0.22,0.25,78.15239046124974,train
0.25,0.03,0.0,0.25,0.22,0.25,78.31000014848829,train
0.25,0.03,0.0,0.25,0.22,0.25,83.53958495713073,train
0.25,0.03,0.0,0.25,0.22,0.25,110.32266971281278,train
0.25,0.03,0.0,0.25,0.22,0.25,97.56773930369398,train
0.25,0.03,0.0,0.25,0.22,0.25,104.56083345435015,train
0.25,0.03,0.0,0.25,0.22,0.25,86.13661371428508,train
0.25,0.03,0.0,0.25,0.22,0.25,60.2997673758579,train
0.25,0.03,0.0,0.25,0.22,0.25,82.4390174388957,train
0.25,0.03,0.0,0.25,0.22,0.25,100.50118640774173,train
0.25,0.03,0.0,0.25,0.22,0.25,104.92085796538143,train
0.25,0.03,0.0,0.25,0.22,0.25,97.533463791256,train
0.25,0.03,0.0,0.25,0.22,0.25,89.52727270773842,train
0.25,0.03,0.0,0.25,0.22,0.25,60.38112988834679,train
0.25,0.03,0.0,0.25,0.22,0.25,97.44489288587174,train
0.25,0.03,0.0,0.25,0.22,0.25,99.2323441258866,train
0.25,0.03,0.0,0.25,0.22,0.25,79.33132823502264,train
0.25,0.03,0.0,0.25,0.22,0.25,115.42944199923677,train
0.25,0.03,0.0,0.25,0.22,0.25,119.029330513889,train
0.25,0.03,0.0,0.25,0.22,0.25,98.42795334444554,train
0.25,0.03,0.0,0.25,0.22,0.25,99.8169706663496,train
0.25,0.03,0.0,0.25,0.22,0.25,127.71167773769253,train
0.25,0.03,0.0,0.25,0.22,0.25,71.71866693571249,train
0.25,0.03,0.0,0.25,0.22,0.25,89.64281268726721,train
0.25,0.03,0.0,0.25,0.22,0.25,84.00960215969683,train
0.25,0.03,0.0,0.25,0.22,0.25,63.379689578981186,train
0.25,0.03,0.0,0.25,0.22,0.25,102.98788050767594,train
0.25,0.03,0.0,0.25,0.22,0.25,89.35366001890925,train
0.0,0.03,0.35,0.35,0.27,0.0,50.05295901383136,train
0.0,0.03,0.35,0.35,0.27,0.0,90.50180257318996,train
0.0,0.03,0.35,0.35,0.27,0.0,50.94819034393331,train
0.0,0.03,0.35,0.35,0.27,0.0,66.70989783020364,train
0.0,0.03,0.35,0.35,0.27,0.0,63.12578187287127,train
0.0,0.03,0.35,0.35,0.27,0.0,53.82257886533208,train
0.0,0.03,0.35,0.35,0.27,0.0,70.55326857016452,train
0.0,0.03,0.35,0.35,0.27,0.0,64.1706499444039,train
0.0,0.03,0.35,0.35,0.27,0.0,62.431653258705985,train
0.0,0.03,0.35,0.35,0.27,0.0,39.47142987142305,train
0.0,0.03,0.35,0.35,0.27,0.0,65.83787568769837,train
0.0,0.03,0.35,0.35,0.27,0.0,67.87685842628693,train
0.0,0.03,0.35,0.35,0.27,0.0,55.975067218767634,train
0.0,0.03,0.35,0.35,0.27,0.0,42.74512694771301,train
0.0,0.03,0.35,0.35,0.27,0.0,60.29407297506298,train
0.0,0.03,0.35,0.35,0.27,0.0,73.712967618788,train
0.0,0.03,0.35,0.35,0.27,0.0,61.169163776093065,train
0.0,0.03,0.35,0.35,0.27,0.0,70.31260704010326,train
0.0,0.03,0.35,0.35,0.27,0.0,96.40585480864901,train
0.0,0.03,0.35,0.35,0.27,0.0,23.918979390552792,train
0.0,0.03,0.35,0.35,0.27,0.0,44.31658359586711,train
0.0,0.03,0.35,0.35,0.27,0.0,45.74129102222186,train
0.0,0.03,0.35,0.35,0.27,0.0,55.13690377271662,train
0.0,0.03,0.35,0.35,0.27,0.0,75.20932884179925,train
0.0,0.03,0.35,0.35,0.27,0.0,79.44472980180929,train
0.0,0.03,0.35,0.35,0.27,0.0,72.93678666354262,train
0.0,0.03,0.35,0.35,0.27,0.0,108.29921501461698,train
0.0,0.03,0.35,0.35,0.27,0.0,63.529807409137085,train
0.0,0.03,0.35,0.35,0.27,0.0,104.56586744966661,train
0.0,0.03,0.35,0.35,0.27,0.0,106.48497237884928,train
0.0,0.42,0.0,0.07,0.13,0.38,68.57756950721297,train
0.0,0.42,0.0,0.07,0.13,0.38,61.03455574782347,train
0.0,0.42,0.0,0.07,0.13,0.38,64.38778416631139,train
0.0,0.42,0.0,0.07,0.13,0.38,64.40527092525808,train
0.0,0.42,0.0,0.07,0.13,0.38,63.25911364422077,train
0.0,0.42,0.0,0.07,0.13,0.38,69.89402802337533,train
0.0,0.42,0.0,0.07,0.13,0.38,65.96150209317805,train
0.0,0.42,0.0,0.07,0.13,0.38,64.40842258969275,train
0.0,0.42,0.0,0.07,0.13,0.38,68.05416046972584,train
0.0,0.42,0.0,0.07,0.13,0.38,69.9089401944332,train
0.0,0.42,0.0,0.07,0.13,0.38,61.33725219922639,train
0.0,0.42,0.0,0.07,0.13,0.38,67.7405766295273,train
0.0,0.42,0.0,0.07,0.13,0.38,66.35551005758053,train
0.0,0.42,0.0,0.07,0.13,0.38,66.47333141861712,train
0.0,0.42,0.0,0.07,0.13,0.38,63.14099628846325,train
0.0,0.42,0.0,0.07,0.13,0.38,61.347811465216814,train
0.0,0.42,0.0,0.07,0.13,0.38,62.885324678504865,train
0.0,0.42,0.0,0.07,0.13,0.38,60.46157752991801,train
0.0,0.42,0.0,0.07,0.13,0.38,61.409452841281414,train
0.0,0.42,0.0,0.07,0.13,0.38,69.34320875991,train
0.0,0.42,0.0,0.07,0.13,0.38,71.89826509017709,train
0.0,0.42,0.0,0.07,0.13,0.38,68.87957770558606,train
0.0,0.42,0.0,0.07,0.13,0.38,67.08349921329221,train
0.0,0.42,0.0,0.07,0.13,0.38,67.24937158659166,train
0.0,0.42,0.0,0.07,0.13,0.38,62.93974310296303,train
0.0,0.42,0.0,0.07,0.13,0.38,66.42547812331436,train
0.0,0.42,0.0,0.07,0.13,0.38,66.89229560402106,train
0.0,0.42,0.0,0.07,0.13,0.38,69.73949515383688,train
0.0,0.42,0.0,0.07,0.13,0.38,62.96033354164841,train
0.0,0.42,0.0,0.07,0.13,0.38,68.30177731449854,train
0.0,0.172,0.111,0.323,0.232,0.162,89.55725550667599,train
0.0,0.172,0.111,0.323,0.232,0.162,94.26586795676744,train
0.0,0.172,0.111,0.323,0.232,0.162,92.3789890574,train
0.0,0.172,0.111,0.323,0.232,0.162,87.29672840907176,train
0.0,0.172,0.111,0.323,0.232,0.162,89.48016480966254,train
0.0,0.172,0.111,0.323,0.232,0.162,96.5073671885446,train
0.0,0.172,0.111,0.323,0.232,0.162,95.35444002905294,train
0.0,0.172,0.111,0.323,0.232,0.162,96.26429973375187,train
0.0,0.172,0.111,0.323,0.232,0.162,94.70507671144097,train
0.0,0.172,0.111,0.323,0.232,0.162,93.18070490335317,train
0.0,0.172,0.111,0.323,0.232,0.162,93.80286999486623,train
0.0,0.172,0.111,0.323,0.232,0.162,92.88019249926212,train
0.0,0.172,0.111,0.323,0.232,0.162,92.76636931767774,train
0.0,0.172,0.111,0.323,0.232,0.162,94.58214094692156,train
0.0,0.172,0.111,0.323,0.232,0.162,97.60591412699135,train
0.0,0.172,0.111,0.323,0.232,0.162,91.95318495766102,train
0.0,0.172,0.111,0.323,0.232,0.162,90.36006204511455,train
0.0,0.172,0.111,0.323,0.232,0.162,94.85138931036707,train
0.0,0.172,0.111,0.323,0.232,0.162,95.61249892230344,train
0.0,0.172,0.111,0.323,0.232,0.162,93.02935910637638,train
0.0,0.172,0.111,0.323,0.232,0.162,86.34128531184912,train
0.0,0.172,0.111,0.323,0.232,0.162,91.92620652299607,train
0.0,0.172,0.111,0.323,0.232,0.162,94.02056084070469,train
0.0,0.172,0.111,0.323,0.232,0.162,99.78097404583615,train
0.0,0.172,0.111,0.323,0.232,0.162,96.04195428567445,train
0.0,0.172,0.111,0.323,0.232,0.162,93.11491181376272,train
0.0,0.172,0.111,0.323,0.232,0.162,92.67640998235908,train
0.0,0.172,0.111,0.323,0.232,0.162,95.35162064763516,train
0.0,0.172,0.111,0.323,0.232,0.162,92.96226830458113,train
0.0,0.172,0.111,0.323,0.232,0.162,83.18096063803276,train
0.0,0.172,0.0,0.323,0.02,0.485,2.117143728606201,train
0.0,0.172,0.0,0.323,0.02,0.485,0.0,train
0.0,0.172,0.0,0.323,0.02,0.485,1.193705285340776,train
0.0,0.172,0.0,0.323,0.02,0.485,3.5905197166340406,train
0.0,0.172,0.0,0.323,0.02,0.485,0.0,train
0.0,0.172,0.0,0.323,0.02,0.485,2.7299010272434816,train
0.0,0.172,0.0,0.323,0.02,0.485,2.1275483868989307,train
0.0,0.172,0.0,0.323,0.02,0.485,2.577140270259494,train
0.0,0.172,0.0,0.323,0.02,0.485,1.6256881443265239,train
0.0,0.172,0.0,0.323,0.02,0.485,2.568578949544028,train
0.0,0.172,0.0,0.323,0.02,0.485,1.5710348625943849,train
0.0,0.172,0.0,0.323,0.02,0.485,0.5105291864424844,train
0.0,0.172,0.0,0.323,0.02,0.485,0.6151285671789395,train
0.0,0.172,0.0,0.323,0.02,0.485,4.18617980449209,train
0.0,0.172,0.0,0.323,0.02,0.485,2.115219376103122,train
0.0,0.172,0.0,0.323,0.02,0.485,2.2228529735859066,train
0.0,0.172,0.0,0.323,0.02,0.485,2.4730886827378677,train
0.0,0.172,0.0,0.323,0.02,0.485,2.561543205331445,train
0.0,0.172,0.0,0.323,0.02,0.485,3.682364894761911,train
0.0,0.172,0.0,0.323,0.02,0.485,0.7183865047692652,train
0.0,0.172,0.0,0.323,0.02,0.485,0.0013731771405740556,train
0.0,0.172,0.0,0.323,0.02,0.485,3.2304765461661713,train
0.0,0.172,0.0,0.323,0.02,0.485,3.0590009918225918,train
0.0,0.172,0.0,0.323,0.02,0.485,3.7341648943135164,train
0.0,0.172,0.0,0.323,0.02,0.485,5.159525923757695,train
0.0,0.172,0.0,0.323,0.02,0.485,2.0814503982954164,train
0.0,0.172,0.0,0.323,0.02,0.485,0.8408853933439092,train
0.0,0.172,0.0,0.323,0.02,0.485,3.1349599906741323,train
0.0,0.172,0.0,0.323,0.02,0.485,1.6885816911570195,train
0.0,0.172,0.0,0.323,0.02,0.485,0.885961207817419,train
0.0,0.619,0.0,0.17,0.21,0.0,220.67807153560048,train
0.0,0.619,0.0,0.17,0.21,0.0,211.1322470581337,train
0.0,0.619,0.0,0.17,0.21,0.0,218.10231955871942,train
0.0,0.619,0.0,0.17,0.21,0.0,216.74096188012138,train
0.0,0.619,0.0,0.17,0.21,0.0,212.8092109341558,train
0.0,0.619,0.0,0.17,0.21,0.0,218.15419960434136,train
0.0,0.619,0.0,0.17,0.21,0.0,226.7358907193427,train
0.0,0.619,0.0,0.17,0.21,0.0,217.13532653383433,train
0.0,0.619,0.0,0.17,0.21,0.0,202.8983173653661,train
0.0,0.619,0.0,0.17,0.21,0.0,218.74975076619816,train
0.0,0.619,0.0,0.17,0.21,0.0,204.3481919899854,train
0.0,0.619,0.0,0.17,0.21,0.0,212.2938823194858,train
0.0,0.619,0.0,0.17,0.21,0.0,209.37556496913672,train
0.0,0.619,0.0,0.17,0.21,0.0,212.19686769416523,train
0.0,0.619,0.0,0.17,0.21,0.0,222.52682092044478,train
0.0,0.619,0.0,0.17,0.21,0.0,221.06510380105755,train
0.0,0.619,0.0,0.17,0.21,0.0,216.4369035264423,train
0.0,0.619,0.0,0.17,0.21,0.0,217.26767772926286,train
0.0,0.619,0.0,0.17,0.21,0.0,221.55137131033092,train
0.0,0.619,0.0,0.17,0.21,0.0,218.56255309016004,train
0.0,0.619,0.0,0.17,0.21,0.0,211.75636806813222,train
0.0,0.619,0.0,0.17,0.21,0.0,204.7957700312465,train
0.0,0.619,0.0,0.17,0.21,0.0,230.17268039314231,train
0.0,0.619,0.0,0.17,0.21,0.0,194.69472593926835,train
0.0,0.619,0.0,0.17,0.21,0.0,209.53102037739535,train
0.0,0.619,0.0,0.17,0.21,0.0,221.20600757792525,train
0.0,0.619,0.0,0.17,0.21,0.0,212.42936349200477,train
0.0,0.619,0.0,0.17,0.21,0.0,206.33170295340855,train
0.0,0.619,0.0,0.17,0.21,0.0,213.5453025511132,train
0.0,0.619,0.0,0.17,0.21,0.0,205.80823215593816,train
0.0,0.46,0.0,0.2,0.34,0.0,189.4540606912399,train
0.0,0.46,0.0,0.2,0.34,0.0,189.6673246663054,train
0.0,0.46,0.0,0.2,0.34,0.0,181.90875177714614,train
0.0,0.46,0.0,0.2,0.34,0.0,188.66222186615565,train
0.0,0.46,0.0,0.2,0.34,0.0,189.5054542528642,train
0.0,0.46,0.0,0.2,0.34,0.0,189.3088868919219,train
0.0,0.46,0.0,0.2,0.34,0.0,188.34201130421556,train
0.0,0.46,0.0,0.2,0.34,0.0,189.23584278586844,train
0.0,0.46,0.0,0.2,0.34,0.0,188.0491443407158,train
0.0,0.46,0.0,0.2,0.34,0.0,194.93129210477557,train
0.0,0.46,0.0,0.2,0.34,0.0,198.20322065858915,train
0.0,0.46,0.0,0.2,0.34,0.0,178.31264878459348,train
0.0,0.46,0.0,0.2,0.34,0.0,182.5727158791434,train
0.0,0.46,0.0,0.2,0.34,0.0,194.76273476106022,train
0.0,0.46,0.0,0.2,0.34,0.0,181.40214571866602,train
0.0,0.46,0.0,0.2,0.34,0.0,192.92863137817923,train
0.0,0.46,0.0,0.2,0.34,0.0,189.596592015572,train
0.0,0.46,0.0,0.2,0.34,0.0,179.15700381088027,train
0.0,0.46,0.0,0.2,0.34,0.0,185.98967820494548,train
0.0,0.46,0.0,0.2,0.34,0.0,188.6163171912531,train
0.0,0.46,0.0,0.2,0.34,0.0,187.17820497441608,train
0.0,0.46,0.0,0.2,0.34,0.0,177.63918459786265,train
0.0,0.46,0.0,0.2,0.34,0.0,186.63683932895088,train
0.0,0.46,0.0,0.2,0.34,0.0,187.17300544254715,train
0.0,0.46,0.0,0.2,0.34,0.0,196.80214387250254,train
0.0,0.46,0.0,0.2,0.34,0.0,190.94238459789375,train
0.0,0.46,0.0,0.2,0.34,0.0,186.31581319184062,train
0.0,0.46,0.0,0.2,0.34,0.0,194.33934234095852,train
0.0,0.46,0.0,0.2,0.34,0.0,182.53477308453253,train
0.0,0.46,0.0,0.2,0.34,0.0,186.8420332800457,train
0.0,0.21,0.0,0.45,0.34,0.0,126.03738489926945,train
0.0,0.21,0.0,0.45,0.34,0.0,100.82487918124812,train
0.0,0.21,0.0,0.45,0.34,0.0,116.64441268856996,train
0.0,0.21,0.0,0.45,0.34,0.0,109.18854076084952,train
0.0,0.21,0.0,0.45,0.34,0.0,115.6373266032486,train
0.0,0.21,0.0,0.45,0.34,0.0,106.91096113053385,train
0.0,0.21,0.0,0.45,0.34,0.0,89.48645216354323,train
0.0,0.21,0.0,0.45,0.34,0.0,118.45778693106931,train
0.0,0.21,0.0,0.45,0.34,0.0,107.5092735934415,train
0.0,0.21,0.0,0.45,0.34,0.0,101.37077614504673,train
0.0,0.21,0.0,0.45,0.34,0.0,55.15550908698529,train
0.0,0.21,0.0,0.45,0.34,0.0,101.71410297398842,train
0.0,0.21,0.0,0.45,0.34,0.0,126.21753358480815,train
0.0,0.21,0.0,0.45,0.34,0.0,131.41017246703285,train
0.0,0.21,0.0,0.45,0.34,0.0,83.52895388513562,train
0.0,0.21,0.0,0.45,0.34,0.0,72.8743751798651,train
0.0,0.21,0.0,0.45,0.34,0.0,127.53738306712341,train
0.0,0.21,0.0,0.45,0.34,0.0,69.92591017502608,train
0.0,0.21,0.0,0.45,0.34,0.0,137.69183223920328,train
0.0,0.21,0.0,0.45,0.34,0.0,93.8035050151986,train
0.0,0.21,0.0,0.45,0.34,0.0,113.31341923701262,train
0.0,0.21,0.0,0.45,0.34,0.0,79.51905902720806,train
0.0,0.21,0.0,0.45,0.34,0.0,88.38099080801103,train
0.0,0.21,0.0,0.45,0.34,0.0,135.2861307372621,train
0.0,0.21,0.0,0.45,0.34,0.0,76.74266368436783,train
0.0,0.21,0.0,0.45,0.34,0.0,101.10457996631283,train
0.0,0.21,0.0,0.45,0.34,0.0,111.11347780929896,train
0.0,0.21,0.0,0.45,0.34,0.0,109.00751262067676,train
0.0,0.21,0.0,0.45,0.34,0.0,100.34475378349612,train
0.0,0.21,0.0,0.45,0.34,0.0,96.84493981606863,train
0.0,0.37,0.0,0.25,0.38,0.0,114.47306062677156,train
0.0,0.37,0.0,0.25,0.38,0.0,121.99107877007854,train
0.0,0.37,0.0,0.25,0.38,0.0,114.83523574800523,train
0.0,0.37,0.0,0.25,0.38,0.0,118.81415637876992,train
0.0,0.37,0.0,0.25,0.38,0.0,136.67940704617612,train
0.0,0.37,0.0,0.25,0.38,0.0,125.56458243260944,train
0.0,0.37,0.0,0.25,0.38,0.0,116.64813887366236,train
0.0,0.37,0.0,0.25,0.38,0.0,114.32860831021455,train
0.0,0.37,0.0,0.25,0.38,0.0,123.55696331592613,train
0.0,0.37,0.0,0.25,0.38,0.0,123.2621348289078,train
0.0,0.37,0.0,0.25,0.38,0.0,118.9873545826823,train
0.0,0.37,0.0,0.25,0.38,0.0,129.8322889691351,train
0.0,0.37,0.0,0.25,0.38,0.0,120.95595478499287,train
0.0,0.37,0.0,0.25,0.38,0.0,130.9900984419979,train
0.0,0.37,0.0,0.25,0.38,0.0,119.62935257636485,train
0.0,0.37,0.0,0.25,0.38,0.0,124.98287909944966,train
0.0,0.37,0.0,0.25,0.38,0.0,129.48933035988583,train
0.0,0.37,0.0,0.25,0.38,0.0,113.62631978735561,train
0.0,0.37,0.0,0.25,0.38,0.0,115.10235505631587,train
0.0,0.37,0.0,0.25,0.38,0.0,110.33765152757474,train
0.0,0.37,0.0,0.25,0.38,0.0,127.14957489668262,train
0.0,0.37,0.0,0.25,0.38,0.0,128.83825067748518,train
0.0,0.37,0.0,0.25,0.38,0.0,114.1082579635179,train
0.0,0.37,0.0,0.25,0.38,0.0,119.09775676241658,train
0.0,0.37,0.0,0.25,0.38,0.0,126.05596692790755,train
0.0,0.37,0.0,0.25,0.38,0.0,116.61026923027919,train
0.0,0.37,0.0,0.25,0.38,0.0,129.14249491543305,train
0.0,0.37,0.0,0.25,0.38,0.0,133.3179057121487,train
0.0,0.37,0.0,0.25,0.38,0.0,126.7668394136228,train
0.0,0.37,0.0,0.25,0.38,0.0,120.01378351743183,train
0.0,0.475,0.0,0.283,0.242,0.0,132.90249811741387,train
0.0,0.475,0.0,0.283,0.242,0.0,140.89712110046077,train
0.0,0.475,0.0,0.283,0.242,0.0,128.44436839096906,train
0.0,0.475,0.0,0.283,0.242,0.0,118.11884583015905,train
0.0,0.475,0.0,0.283,0.242,0.0,155.0692344338681,train
0.0,0.475,0.0,0.283,0.242,0.0,130.02769109976057,train
0.0,0.475,0.0,0.283,0.242,0.0,144.10574989864352,train
0.0,0.475,0.0,0.283,0.242,0.0,136.88112113576017,train
0.0,0.475,0.0,0.283,0.242,0.0,141.93394544462512,train
0.0,0.475,0.0,0.283,0.242,0.0,142.86587629767527,train
0.0,0.475,0.0,0.283,0.242,0.0,124.78254457817626,train
0.0,0.475,0.0,0.283,0.242,0.0,91.9893359914975,train
0.0,0.475,0.0,0.283,0.242,0.0,123.82929018656765,train
0.0,0.475,0.0,0.283,0.242,0.0,131.1540104540312,train
0.0,0.475,0.0,0.283,0.242,0.0,119.97837669712283,train
0.0,0.475,0.0,0.283,0.242,0.0,135.33312428632178,train
0.0,0.475,0.0,0.283,0.242,0.0,143.5067220369792,train
0.0,0.475,0.0,0.283,0.242,0.0,143.22279327249308,train
0.0,0.475,0.0,0.283,0.242,0.0,154.48300202104772,train
0.0,0.475,0.0,0.283,0.242,0.0,149.9410823831421,train
0.0,0.475,0.0,0.283,0.242,0.0,125.0116193472029,train
0.0,0.475,0.0,0.283,0.242,0.0,148.30125198132762,train
0.0,0.475,0.0,0.283,0.242,0.0,163.14801165228758,train
0.0,0.475,0.0,0.283,0.242,0.0,117.70944561343585,train
0.0,0.475,0.0,0.283,0.242,0.0,143.89900886615303,train
0.0,0.475,0.0,0.283,0.242,0.0,125.80866914972725,train
0.0,0.475,0.0,0.283,0.242,0.0,115.65197630923798,train
0.0,0.475,0.0,0.283,0.242,0.0,94.09008967416574,train
0.0,0.475,0.0,0.283,0.242,0.0,138.46821309869657,train
0.0,0.475,0.0,0.283,0.242,0.0,121.78752040392612,train
0.0,0.19,0.0,0.36,0.45,0.0,148.9230940424564,train
0.0,0.19,0.0,0.36,0.45,0.0,139.98452892393541,train
0.0,0.19,0.0,0.36,0.45,0.0,133.16861585128814,train
0.0,0.19,0.0,0.36,0.45,0.0,134.13019496916428,train
0.0,0.19,0.0,0.36,0.45,0.0,152.51253377716293,train
0.0,0.19,0.0,0.36,0.45,0.0,148.69047416825018,train
0.0,0.19,0.0,0.36,0.45,0.0,148.5925108788512,train
0.0,0.19,0.0,0.36,0.45,0.0,133.58932740947273,train
0.0,0.19,0.0,0.36,0.45,0.0,133.3179283895977,train
0.0,0.19,0.0,0.36,0.45,0.0,145.31640976209303,train
0.0,0.19,0.0,0.36,0.45,0.0,120.04348171342717,train
0.0,0.19,0.0,0.36,0.45,0.0,151.6762988145158,train
0.0,0.19,0.0,0.36,0.45,0.0,142.4537861425064,train
0.0,0.19,0.0,0.36,0.45,0.0,132.24338329861587,train
0.0,0.19,0.0,0.36,0.45,0.0,153.14108695688117,train
0.0,0.19,0.0,0.36,0.45,0.0,146.49964512596023,train
0.0,0.19,0.0,0.36,0.45,0.0,133.1530177306093,train
0.0,0.19,0.0,0.36,0.45,0.0,123.6701274807328,train
0.0,0.19,0.0,0.36,0.45,0.0,149.64614584020427,train
0.0,0.19,0.0,0.36,0.45,0.0,138.6154744848394,train
0.0,0.19,0.0,0.36,0.45,0.0,136.89781060737877,train
0.0,0.19,0.0,0.36,0.45,0.0,150.30261223805616,train
0.0,0.19,0.0,0.36,0.45,0.0,128.06678188456848,train
0.0,0.19,0.0,0.36,0.45,0.0,157.3902412610868,train
0.0,0.19,0.0,0.36,0.45,0.0,145.06067404323045,train
0.0,0.19,0.0,0.36,0.45,0.0,131.9114466733735,train
0.0,0.19,0.0,0.36,0.45,0.0,144.70728485960873,train
0.0,0.19,0.0,0.36,0.45,0.0,153.32075692066135,train
0.0,0.19,0.0,0.36,0.45,0.0,137.99349806557885,train
0.0,0.19,0.0,0.36,0.45,0.0,163.3636853351874,train
0.0,0.351,0.0,0.319,0.239,0.09,151.3974232390475,train
0.0,0.351,0.0,0.319,0.239,0.09,151.2678393117885,train
0.0,0.351,0.0,0.319,0.239,0.09,127.89262921709496,train
0.0,0.351,0.0,0.319,0.239,0.09,131.6542592789951,train
0.0,0.351,0.0,0.319,0.239,0.09,141.61936707213852,train
0.0,0.351,0.0,0.319,0.239,0.09,139.9528795933455,train
0.0,0.351,0.0,0.319,0.239,0.09,157.42706550914934,train
0.0,0.351,0.0,0.319,0.239,0.09,148.37370552181025,train
0.0,0.351,0.0,0.319,0.239,0.09,143.4058896722563,train
0.0,0.351,0.0,0.319,0.239,0.09,132.64715578543644,train
0.0,0.351,0.0,0.319,0.239,0.09,151.83696211159875,train
0.0,0.351,0.0,0.319,0.239,0.09,147.87055771483148,train
0.0,0.351,0.0,0.319,0.239,0.09,159.2712956074827,train
0.0,0.351,0.0,0.319,0.239,0.09,157.97958349927282,train
0.0,0.351,0.0,0.319,0.239,0.09,129.00437901860505,train
0.0,0.351,0.0,0.319,0.239,0.09,144.34724913814873,train
0.0,0.351,0.0,0.319,0.239,0.09,162.69300753038524,train
0.0,0.351,0.0,0.319,0.239,0.09,154.13025172897665,train
0.0,0.351,0.0,0.319,0.239,0.09,155.18742857766122,train
0.0,0.351,0.0,0.319,0.239,0.09,149.50539889320655,train
0.0,0.351,0.0,0.319,0.239,0.09,170.64435014618346,train
0.0,0.351,0.0,0.319,0.239,0.09,141.77335661965571,train
0.0,0.351,0.0,0.319,0.239,0.09,153.83260661476757,train
0.0,0.351,0.0,0.319,0.239,0.09,159.0464837333925,train
0.0,0.351,0.0,0.319,0.239,0.09,133.68447651384074,train
0.0,0.351,0.0,0.319,0.239,0.09,158.65997480207332,train
0.0,0.351,0.0,0.319,0.239,0.09,166.1337698873868,train
0.0,0.351,0.0,0.319,0.239,0.09,147.53255573216276,train
0.0,0.351,0.0,0.319,0.239,0.09,146.5946893880178,train
0.0,0.351,0.0,0.319,0.239,0.09,129.34430620433707,train
0.01,0.606,0.0,0.061,0.324,0.0,231.11681857143347,train
0.01,0.606,0.0,0.061,0.324,0.0,260.37639271542224,train
0.01,0.606,0.0,0.061,0.324,0.0,240.38878953232086,train
0.01,0.606,0.0,0.061,0.324,0.0,198.86529182176412,train
0.01,0.606,0.0,0.061,0.324,0.0,247.51832326560313,train
0.01,0.606,0.0,0.061,0.324,0.0,267.0142895609527,train
0.01,0.606,0.0,0.061,0.324,0.0,198.27649250793323,train
0.01,0.606,0.0,0.061,0.324,0.0,223.56419856258785,train
0.01,0.606,0.0,0.061,0.324,0.0,239.81790079003196,train
0.01,0.606,0.0,0.061,0.324,0.0,246.51563833655464,train
0.01,0.606,0.0,0.061,0.324,0.0,231.866634021386,train
0.01,0.606,0.0,0.061,0.324,0.0,212.8284563516982,train
0.01,0.606,0.0,0.061,0.324,0.0,233.5287672223637,train
0.01,0.606,0.0,0.061,0.324,0.0,219.4123887577808,train
0.01,0.606,0.0,0.061,0.324,0.0,230.6739084852342,train
0.01,0.606,0.0,0.061,0.324,0.0,188.3268932361305,train
0.01,0.606,0.0,0.061,0.324,0.0,226.44506047732705,train
0.01,0.606,0.0,0.061,0.324,0.0,249.6879478513815,train
0.01,0.606,0.0,0.061,0.324,0.0,263.1579163082429,train
0.01,0.606,0.0,0.061,0.324,0.0,229.73419934132312,train
0.01,0.606,0.0,0.061,0.324,0.0,253.79627608475798,train
0.01,0.606,0.0,0.061,0.324,0.0,212.9842591631183,train
0.01,0.606,0.0,0.061,0.324,0.0,217.99572875361815,train
0.01,0.606,0.0,0.061,0.324,0.0,241.44163327526132,train
0.01,0.606,0.0,0.061,0.324,0.0,236.10034992624637,train
0.01,0.606,0.0,0.061,0.324,0.0,245.38891683505318,train
0.01,0.606,0.0,0.061,0.324,0.0,216.92774452334703,train
0.01,0.606,0.0,0.061,0.324,0.0,202.22861960520208,train
0.01,0.606,0.0,0.061,0.324,0.0,245.24103765139816,train
0.01,0.606,0.0,0.061,0.324,0.0,245.66434364649245,train
0.0,0.436,0.0,0.079,0.139,0.347,79.18298504356753,train
0.0,0.436,0.0,0.079,0.139,0.347,105.50314996274241,train
0.0,0.436,0.0,0.079,0.139,0.347,81.53208271033925,train
0.0,0.436,0.0,0.079,0.139,0.347,91.06803205390342,train
0.0,0.436,0.0,0.079,0.139,0.347,111.1171770696703,train
0.0,0.436,0.0,0.079,0.139,0.347,98.0809705429474,train
0.0,0.436,0.0,0.079,0.139,0.347,112.30404173109098,train
0.0,0.436,0.0,0.079,0.139,0.347,79.86127224173678,train
0.0,0.436,0.0,0.079,0.139,0.347,106.66840698631793,train
0.0,0.436,0.0,0.079,0.139,0.347,108.0855675985438,train
0.0,0.436,0.0,0.079,0.139,0.347,78.15514067781746,train
0.0,0.436,0.0,0.079,0.139,0.347,82.84431794809754,train
0.0,0.436,0.0,0.079,0.139,0.347,91.16501781568492,train
0.0,0.436,0.0,0.079,0.139,0.347,111.02606207987193,train
0.0,0.436,0.0,0.079,0.139,0.347,108.52429571465288,train
0.0,0.436,0.0,0.079,0.139,0.347,70.12788349170464,train
0.0,0.436,0.0,0.079,0.139,0.347,94.0530298299913,train
0.0,0.436,0.0,0.079,0.139,0.347,99.31633740057939,train
0.0,0.436,0.0,0.079,0.139,0.347,105.54223670077518,train
0.0,0.436,0.0,0.079,0.139,0.347,95.90417104393899,train
0.0,0.436,0.0,0.079,0.139,0.347,96.47418908268276,train
0.0,0.436,0.0,0.079,0.139,0.347,99.46825014146901,train
0.0,0.436,0.0,0.079,0.139,0.347,82.42800789456544,train
0.0,0.436,0.0,0.079,0.139,0.347,86.77814154617622,train
0.0,0.436,0.0,0.079,0.139,0.347,86.48699094966561,train
0.0,0.436,0.0,0.079,0.139,0.347,94.81066652559056,train
0.0,0.436,0.0,0.079,0.139,0.347,87.75344389285316,train
0.0,0.436,0.0,0.079,0.139,0.347,85.09009182768192,train
0.0,0.436,0.0,0.079,0.139,0.347,91.45695266498869,train
0.0,0.436,0.0,0.079,0.139,0.347,104.71452202999176,train
0.0,0.636,0.0,0.132,0.232,0.0,234.45185467428087,train
0.0,0.636,0.0,0.132,0.232,0.0,222.36395125605205,train
0.0,0.636,0.0,0.132,0.232,0.0,217.59147593894633,train
0.0,0.636,0.0,0.132,0.232,0.0,209.81374476978863,train
0.0,0.636,0.0,0.132,0.232,0.0,221.75042964458686,train
0.0,0.636,0.0,0.132,0.232,0.0,219.6917215781652,train
0.0,0.636,0.0,0.132,0.232,0.0,214.76803486600113,train
0.0,0.636,0.0,0.132,0.232,0.0,213.25225257978016,train
0.0,0.636,0.0,0.132,0.232,0.0,229.7047410319428,train
0.0,0.636,0.0,0.132,0.232,0.0,212.64518580307166,train
0.0,0.636,0.0,0.132,0.232,0.0,217.20363365997687,train
0.0,0.636,0.0,0.132,0.232,0.0,216.67161468799975,train
0.0,0.636,0.0,0.132,0.232,0.0,187.3676521930384,train
0.0,0.636,0.0,0.132,0.232,0.0,218.21923320925774,train
0.0,0.636,0.0,0.132,0.232,0.0,230.3975088556906,train
0.0,0.636,0.0,0.132,0.232,0.0,221.27617136389165,train
0.0,0.636,0.0,0.132,0.232,0.0,225.8019685974267,train
0.0,0.636,0.0,0.132,0.232,0.0,237.80707560632354,train
0.0,0.636,0.0,0.132,0.232,0.0,192.44599929726107,train
0.0,0.636,0.0,0.132,0.232,0.0,203.44983933429995,train
0.0,0.636,0.0,0.132,0.232,0.0,220.0768859225193,train
0.0,0.636,0.0,0.132,0.232,0.0,198.84489957375308,train
0.0,0.636,0.0,0.132,0.232,0.0,230.53679180810892,train
0.0,0.636,0.0,0.132,0.232,0.0,248.94159259537994,train
0.0,0.636,0.0,0.132,0.232,0.0,222.70007250452326,train
0.0,0.636,0.0,0.132,0.232,0.0,233.94811021888682,train
0.0,0.636,0.0,0.132,0.232,0.0,233.51139847426,train
0.0,0.636,0.0,0.132,0.232,0.0,190.01678314408463,train
0.0,0.636,0.0,0.132,0.232,0.0,230.2676942583729,train
0.0,0.636,0.0,0.132,0.232,0.0,208.01894059069915,train
0.0,0.629,0.0,0.061,0.31,0.0,265.6968281114021,train
0.0,0.629,0.0,0.061,0.31,0.0,284.9572984008592,train
0.0,0.629,0.0,0.061,0.31,0.0,224.46034731078322,train
0.0,0.629,0.0,0.061,0.31,0.0,215.4499714749453,train
0.0,0.629,0.0,0.061,0.31,0.0,280.2640447655282,train
0.0,0.629,0.0,0.061,0.31,0.0,250.20315268208546,train
0.0,0.629,0.0,0.061,0.31,0.0,252.718185770531,train
0.0,0.629,0.0,0.061,0.31,0.0,260.83915354195426,train
0.0,0.629,0.0,0.061,0.31,0.0,285.66391235987805,train
0.0,0.629,0.0,0.061,0.31,0.0,272.38165362573966,train
0.0,0.629,0.0,0.061,0.31,0.0,261.6073140810899,train
0.0,0.629,0.0,0.061,0.31,0.0,240.23262995893265,train
0.0,0.629,0.0,0.061,0.31,0.0,291.03908431201717,train
0.0,0.629,0.0,0.061,0.31,0.0,238.30575540096834,train
0.0,0.629,0.0,0.061,0.31,0.0,256.0972585541367,train
0.0,0.629,0.0,0.061,0.31,0.0,238.02284258744214,train
0.0,0.629,0.0,0.061,0.31,0.0,275.53947128729544,train
0.0,0.629,0.0,0.061,0.31,0.0,262.2108164068171,train
0.0,0.629,0.0,0.061,0.31,0.0,299.83347378263267,train
0.0,0.629,0.0,0.061,0.31,0.0,252.58280660308915,train
0.0,0.629,0.0,0.061,0.31,0.0,268.77390785203096,train
0.0,0.629,0.0,0.061,0.31,0.0,249.41066355586153,train
0.0,0.629,0.0,0.061,0.31,0.0,267.15229769461206,train
0.0,0.629,0.0,0.061,0.31,0.0,283.8174825473037,train
0.0,0.629,0.0,0.061,0.31,0.0,252.13311467197747,train
0.0,0.629,0.0,0.061,0.31,0.0,249.38009836342394,train
0.0,0.629,0.0,0.061,0.31,0.0,273.91452265150934,train
0.0,0.629,0.0,0.061,0.31,0.0,264.6022553406241,train
0.0,0.629,0.0,0.061,0.31,0.0,233.33416203255845,train
0.0,0.629,0.0,0.061,0.31,0.0,278.8225440246701,train
0.0,0.61,0.0,0.05,0.34,0.0,254.4891322138955,train
0.0,0.61,0.0,0.05,0.34,0.0,218.89191490628605,train
0.0,0.61,0.0,0.05,0.34,0.0,225.50427102582677,train
0.0,0.61,0.0,0.05,0.34,0.0,219.8783364598219,train
0.0,0.61,0.0,0.05,0.34,0.0,217.41835911102805,train
0.0,0.61,0.0,0.05,0.34,0.0,225.0731761759735,train
0.0,0.61,0.0,0.05,0.34,0.0,217.95559958755697,train
0.0,0.61,0.0,0.05,0.34,0.0,202.83973945106175,train
0.0,0.61,0.0,0.05,0.34,0.0,271.53456935694925,train
0.0,0.61,0.0,0.05,0.34,0.0,183.66826622701865,train
0.0,0.61,0.0,0.05,0.34,0.0,262.2358467914048,train
0.0,0.61,0.0,0.05,0.34,0.0,250.61297729035186,train
0.0,0.61,0.0,0.05,0.34,0.0,197.96450175696648,train
0.0,0.61,0.0,0.05,0.34,0.0,236.41709763959025,train
0.0,0.61,0.0,0.05,0.34,0.0,240.43479879228715,train
0.0,0.61,0.0,0.05,0.34,0.0,230.74265937286265,train
0.0,0.61,0.0,0.05,0.34,0.0,232.98046759460755,train
0.0,0.61,0.0,0.05,0.34,0.0,209.2353766467972,train
0.0,0.61,0.0,0.05,0.34,0.0,202.53105381999495,train
0.0,0.61,0.0,0.05,0.34,0.0,211.41176005195277,train
0.0,0.61,0.0,0.05,0.34,0.0,209.67236958904132,train
0.0,0.61,0.0,0.05,0.34,0.0,242.15710867439546,train
0.0,0.61,0.0,0.05,0.34,0.0,195.1090009730919,train
0.0,0.61,0.0,0.05,0.34,0.0,211.03002353824772,train
0.0,0.61,0.0,0.05,0.34,0.0,217.03118954629957,train
0.0,0.61,0.0,0.05,0.34,0.0,234.40923268389577,train
0.0,0.61,0.0,0.05,0.34,0.0,244.18108203890404,train
0.0,0.61,0.0,0.05,0.34,0.0,218.98826160440814,train
0.0,0.61,0.0,0.05,0.34,0.0,204.0159382587945,train
0.0,0.61,0.0,0.05,0.34,0.0,237.2251064513154,train
0.0,0.65,0.0,0.01,0.34,0.0,60.48557040247415,train
0.0,0.65,0.0,0.01,0.34,0.0,44.37427828804319,train
0.0,0.65,0.0,0.01,0.34,0.0,102.00182664218494,train
0.0,0.65,0.0,0.01,0.34,0.0,76.22114975449297,train
0.0,0.65,0.0,0.01,0.34,0.0,13.61600479754425,train
0.0,0.65,0.0,0.01,0.34,0.0,206.00710303965434,train
0.0,0.65,0.0,0.01,0.34,0.0,211.53931114911478,train
0.0,0.65,0.0,0.01,0.34,0.0,17.674940072136565,train
0.0,0.65,0.0,0.01,0.34,0.0,93.75096311983506,train
0.0,0.65,0.0,0.01,0.34,0.0,122.17285690012002,train
0.0,0.65,0.0,0.01,0.34,0.0,111.07044202770251,train
0.0,0.65,0.0,0.01,0.34,0.0,142.05431445831027,train
0.0,0.65,0.0,0.01,0.34,0.0,225.58257174811678,train
0.0,0.65,0.0,0.01,0.34,0.0,126.91918867649031,train
0.0,0.65,0.0,0.01,0.34,0.0,120.13382384412475,train
0.0,0.65,0.0,0.01,0.34,0.0,31.947818763302138,train
0.0,0.65,0.0,0.01,0.34,0.0,194.67048628233482,train
0.0,0.65,0.0,0.01,0.34,0.0,185.98678407195064,train
0.0,0.65,0.0,0.01,0.34,0.0,83.26219513615796,train
0.0,0.65,0.0,0.01,0.34,0.0,46.94034336016513,train
0.0,0.65,0.0,0.01,0.34,0.0,84.78502145582395,train
0.0,0.65,0.0,0.01,0.34,0.0,126.62010143558643,train
0.0,0.65,0.0,0.01,0.34,0.0,80.80896985547525,train
0.0,0.65,0.0,0.01,0.34,0.0,82.15854192331014,train
0.0,0.65,0.0,0.01,0.34,0.0,22.73258668710332,train
0.0,0.65,0.0,0.01,0.34,0.0,65.11664860591439,train
0.0,0.65,0.0,0.01,0.34,0.0,117.635795214272,train
0.0,0.65,0.0,0.01,0.34,0.0,30.357545076774983,train
0.0,0.65,0.0,0.01,0.34,0.0,138.30385380455357,train
0.0,0.65,0.0,0.01,0.34,0.0,37.17271227028742,train
0.0,0.64,0.0,0.05,0.31,0.0,229.8930199892469,train
0.0,0.64,0.0,0.05,0.31,0.0,233.5880199071174,train
0.0,0.64,0.0,0.05,0.31,0.0,236.6327176089418,train
0.0,0.64,0.0,0.05,0.31,0.0,236.1117384214036,train
0.0,0.64,0.0,0.05,0.31,0.0,231.6842154623816,train
0.0,0.64,0.0,0.05,0.31,0.0,242.22838060607586,train
0.0,0.64,0.0,0.05,0.31,0.0,243.32978920856485,train
0.0,0.64,0.0,0.05,0.31,0.0,224.41220384811783,train
0.0,0.64,0.0,0.05,0.31,0.0,228.44863296511497,train
0.0,0.64,0.0,0.05,0.31,0.0,220.2978156228066,train
0.0,0.64,0.0,0.05,0.31,0.0,217.91056894953712,train
0.0,0.64,0.0,0.05,0.31,0.0,229.96166371474922,train
0.0,0.64,0.0,0.05,0.31,0.0,230.98800666519094,train
0.0,0.64,0.0,0.05,0.31,0.0,223.94336849283295,train
0.0,0.64,0.0,0.05,0.31,0.0,217.02942302410221,train
0.0,0.64,0.0,0.05,0.31,0.0,207.61066441445794,train
0.0,0.64,0.0,0.05,0.31,0.0,229.61960785425168,train
0.0,0.64,0.0,0.05,0.31,0.0,229.93845442812412,train
0.0,0.64,0.0,0.05,0.31,0.0,226.19494156948656,train
0.0,0.64,0.0,0.05,0.31,0.0,226.07167185042564,train
0.0,0.64,0.0,0.05,0.31,0.0,230.5678264127509,train
0.0,0.64,0.0,0.05,0.31,0.0,212.48379670404486,train
0.0,0.64,0.0,0.05,0.31,0.0,219.55404756173127,train
0.0,0.64,0.0,0.05,0.31,0.0,206.5418099461881,train
0.0,0.64,0.0,0.05,0.31,0.0,221.19254875613393,train
0.0,0.64,0.0,0.05,0.31,0.0,221.33050453155195,train
0.0,0.64,0.0,0.05,0.31,0.0,216.68566711348328,train
0.0,0.64,0.0,0.05,0.31,0.0,248.58516168658102,train
0.0,0.64,0.0,0.05,0.31,0.0,207.00213638329637,train
0.0,0.64,0.0,0.05,0.31,0.0,227.1020124126933,train
0.0,0.62,0.0,0.03,0.35,0.0,183.13123475246,train
0.0,0.62,0.0,0.03,0.35,0.0,139.17307954870887,train
0.0,0.62,0.0,0.03,0.35,0.0,177.14345632084326,train
0.0,0.62,0.0,0.03,0.35,0.0,194.2824396739004,train
0.0,0.62,0.0,0.03,0.35,0.0,167.6362649999617,train
0.0,0.62,0.0,0.03,0.35,0.0,175.05724504935105,train
0.0,0.62,0.0,0.03,0.35,0.0,154.3723867011492,train
0.0,0.62,0.0,0.03,0.35,0.0,176.89063951436407,train
0.0,0.62,0.0,0.03,0.35,0.0,141.6642470904019,train
0.0,0.62,0.0,0.03,0.35,0.0,122.4309236546583,train
0.0,0.62,0.0,0.03,0.35,0.0,167.0494794608476,train
0.0,0.62,0.0,0.03,0.35,0.0,159.40927052054477,train
0.0,0.62,0.0,0.03,0.35,0.0,165.7495297088782,train
0.0,0.62,0.0,0.03,0.35,0.0,151.4823053344921,train
0.0,0.62,0.0,0.03,0.35,0.0,190.07418899105474,train
0.0,0.62,0.0,0.03,0.35,0.0,175.82653373891884,train
0.0,0.62,0.0,0.03,0.35,0.0,188.6716322575713,train
0.0,0.62,0.0,0.03,0.35,0.0,184.94991949162585,train
0.0,0.62,0.0,0.03,0.35,0.0,123.18172640119654,train
0.0,0.62,0.0,0.03,0.35,0.0,188.84010960257885,train
0.0,0.62,0.0,0.03,0.35,0.0,144.45815109959514,train
0.0,0.62,0.0,0.03,0.35,0.0,177.28159464427122,train
0.0,0.62,0.0,0.03,0.35,0.0,168.38580941604232,train
0.0,0.62,0.0,0.03,0.35,0.0,163.2710699665962,train
0.0,0.62,0.0,0.03,0.35,0.0,149.70741925912537,train
0.0,0.62,0.0,0.03,0.35,0.0,166.9056095300551,train
0.0,0.62,0.0,0.03,0.35,0.0,159.73655269633753,train
0.0,0.62,0.0,0.03,0.35,0.0,178.7772518783196,train
0.0,0.62,0.0,0.03,0.35,0.0,188.81856200830734,train
0.0,0.62,0.0,0.03,0.35,0.0,162.4216833841586,train
0.0,0.54,0.0,0.06,0.25,0.15,107.20396497371551,train
0.0,0.54,0.0,0.06,0.25,0.15,95.48387683975247,train
0.0,0.54,0.0,0.06,0.25,0.15,91.73383381768652,train
0.0,0.54,0.0,0.06,0.25,0.15,106.66581388943028,train
0.0,0.54,0.0,0.06,0.25,0.15,98.92381979019191,train
0.0,0.54,0.0,0.06,0.25,0.15,92.4705627088499,train
0.0,0.54,0.0,0.06,0.25,0.15,89.135366067044,train
0.0,0.54,0.0,0.06,0.25,0.15,100.99879016094773,train
0.0,0.54,0.0,0.06,0.25,0.15,90.82964054504622,train
0.0,0.54,0.0,0.06,0.25,0.15,104.27882461980856,train
0.0,0.54,0.0,0.06,0.25,0.15,99.02711323270867,train
0.0,0.54,0.0,0.06,0.25,0.15,105.85748472087676,train
0.0,0.54,0.0,0.06,0.25,0.15,99.65163767014762,train
0.0,0.54,0.0,0.06,0.25,0.15,99.34291248830533,train
0.0,0.54,0.0,0.06,0.25,0.15,103.5265635545982,train
0.0,0.54,0.0,0.06,0.25,0.15,91.07939924687996,train
0.0,0.54,0.0,0.06,0.25,0.15,94.94212313169331,train
0.0,0.54,0.0,0.06,0.25,0.15,98.44995892608006,train
0.0,0.54,0.0,0.06,0.25,0.15,98.30652335212486,train
0.0,0.54,0.0,0.06,0.25,0.15,88.7542543120591,train
0.0,0.54,0.0,0.06,0.25,0.15,95.86868169720876,train
0.0,0.54,0.0,0.06,0.25,0.15,94.26786113407121,train
0.0,0.54,0.0,0.06,0.25,0.15,106.86796989781959,train
0.0,0.54,0.0,0.06,0.25,0.15,103.9508091507297,train
0.0,0.54,0.0,0.06,0.25,0.15,106.93030969106621,train
0.0,0.54,0.0,0.06,0.25,0.15,97.46476552051399,train
0.0,0.54,0.0,0.06,0.25,0.15,98.22686875134602,train
0.0,0.54,0.0,0.06,0.25,0.15,98.92660730833373,train
0.0,0.54,0.0,0.06,0.25,0.15,90.53555535775772,train
0.0,0.54,0.0,0.06,0.25,0.15,94.69742329446056,train
0.0,0.61,0.0,0.08,0.31,0.0,203.21434532100983,train
0.0,0.61,0.0,0.08,0.31,0.0,136.0303206990045,train
0.0,0.61,0.0,0.08,0.31,0.0,167.8351057291181,train
0.0,0.61,0.0,0.08,0.31,0.0,173.1397594445738,train
0.0,0.61,0.0,0.08,0.31,0.0,199.91977207239705,train
0.0,0.61,0.0,0.08,0.31,0.0,232.13200832954286,train
0.0,0.61,0.0,0.08,0.31,0.0,211.36013390684482,train
0.0,0.61,0.0,0.08,0.31,0.0,185.53774031968956,train
0.0,0.61,0.0,0.08,0.31,0.0,142.10412835003459,train
0.0,0.61,0.0,0.08,0.31,0.0,198.8336592254834,train
0.0,0.61,0.0,0.08,0.31,0.0,257.7156700237085,train
0.0,0.61,0.0,0.08,0.31,0.0,254.94753097108816,train
0.0,0.61,0.0,0.08,0.31,0.0,169.0409170836786,train
0.0,0.61,0.0,0.08,0.31,0.0,235.8770250546193,train
0.0,0.61,0.0,0.08,0.31,0.0,198.68474939483266,train
0.0,0.61,0.0,0.08,0.31,0.0,239.26627553287213,train
0.0,0.61,0.0,0.08,0.31,0.0,197.53827680624545,train
0.0,0.61,0.0,0.08,0.31,0.0,206.59816744013273,train
0.0,0.61,0.0,0.08,0.31,0.0,197.216288754306,train
0.0,0.61,0.0,0.08,0.31,0.0,225.91740811587135,train
0.0,0.61,0.0,0.08,0.31,0.0,202.90198793546438,train
0.0,0.61,0.0,0.08,0.31,0.0,214.71797859924084,train
0.0,0.61,0.0,0.08,0.31,0.0,193.4778240151283,train
0.0,0.61,0.0,0.08,0.31,0.0,227.01552370516967,train
0.0,0.61,0.0,0.08,0.31,0.0,215.75569228911127,train
0.0,0.61,0.0,0.08,0.31,0.0,234.85506629800193,train
0.0,0.61,0.0,0.08,0.31,0.0,212.46442815004835,train
0.0,0.61,0.0,0.08,0.31,0.0,263.993038698398,train
0.0,0.61,0.0,0.08,0.31,0.0,217.77141866326085,train
0.0,0.61,0.0,0.08,0.31,0.0,187.6002192151617,train
0.0,0.303,0.0,0.162,0.263,0.273,154.52295339538654,train
0.0,0.303,0.0,0.162,0.263,0.273,158.62937176915267,train
0.0,0.303,0.0,0.162,0.263,0.273,149.71624290071222,train
0.0,0.303,0.0,0.162,0.263,0.273,143.54414475596542,train
0.0,0.303,0.0,0.162,0.263,0.273,155.43169122493325,train
0.0,0.303,0.0,0.162,0.263,0.273,162.1392202745609,train
0.0,0.303,0.0,0.162,0.263,0.273,149.6639973788423,train
0.0,0.303,0.0,0.162,0.263,0.273,138.35026514821135,train
0.0,0.303,0.0,0.162,0.263,0.273,140.59925384090866,train
0.0,0.303,0.0,0.162,0.263,0.273,151.75100599944653,train
0.0,0.303,0.0,0.162,0.263,0.273,160.27329485603974,train
0.0,0.303,0.0,0.162,0.263,0.273,150.09227533671321,train
0.0,0.303,0.0,0.162,0.263,0.273,154.19587764303657,train
0.0,0.303,0.0,0.162,0.263,0.273,144.45387285896604,train
0.0,0.303,0.0,0.162,0.263,0.273,147.60845397643806,train
0.0,0.303,0.0,0.162,0.263,0.273,142.77346380215207,train
0.0,0.303,0.0,0.162,0.263,0.273,162.65897956032452,train
0.0,0.303,0.0,0.162,0.263,0.273,166.19107114766683,train
0.0,0.303,0.0,0.162,0.263,0.273,151.43343376258304,train
0.0,0.303,0.0,0.162,0.263,0.273,164.22404679752964,train
0.0,0.303,0.0,0.162,0.263,0.273,143.27173358272543,train
0.0,0.303,0.0,0.162,0.263,0.273,143.1250429612673,train
0.0,0.303,0.0,0.162,0.263,0.273,147.46161462886306,train
0.0,0.303,0.0,0.162,0.263,0.273,146.94076408461862,train
0.0,0.303,0.0,0.162,0.263,0.273,148.50503087084226,train
0.0,0.303,0.0,0.162,0.263,0.273,136.46642970831383,train
0.0,0.303,0.0,0.162,0.263,0.273,153.55368392064247,train
0.0,0.303,0.0,0.162,0.263,0.273,149.03744602971173,train
0.0,0.303,0.0,0.162,0.263,0.273,138.12737668023476,train
0.0,0.303,0.0,0.162,0.263,0.273,136.65390755544604,train
0.0,0.172,0.293,0.071,0.203,0.262,96.32047114260206,train
0.0,0.172,0.293,0.071,0.203,0.262,75.29121821796198,train
0.0,0.172,0.293,0.071,0.203,0.262,95.24454334455525,train
0.0,0.172,0.293,0.071,0.203,0.262,65.84377885562955,train
0.0,0.172,0.293,0.071,0.203,0.262,70.06462956085511,train
0.0,0.172,0.293,0.071,0.203,0.262,107.54383870323872,train
0.0,0.172,0.293,0.071,0.203,0.262,76.06595655560233,train
0.0,0.172,0.293,0.071,0.203,0.262,109.85343585675365,train
0.0,0.172,0.293,0.071,0.203,0.262,70.90944441602153,train
0.0,0.172,0.293,0.071,0.203,0.262,82.1569505759388,train
0.0,0.172,0.293,0.071,0.203,0.262,66.96346010343899,train
0.0,0.172,0.293,0.071,0.203,0.262,85.4612235771121,train
0.0,0.172,0.293,0.071,0.203,0.262,103.59713567672456,train
0.0,0.172,0.293,0.071,0.203,0.262,79.46363226853067,train
0.0,0.172,0.293,0.071,0.203,0.262,94.39263334610573,train
0.0,0.172,0.293,0.071,0.203,0.262,112.82376124604599,train
0.0,0.172,0.293,0.071,0.203,0.262,81.04268666450754,train
0.0,0.172,0.293,0.071,0.203,0.262,84.20970454036416,train
0.0,0.172,0.293,0.071,0.203,0.262,92.31724117797668,train
0.0,0.172,0.293,0.071,0.203,0.262,83.08375994359483,train
0.0,0.172,0.293,0.071,0.203,0.262,107.11514039123401,train
0.0,0.172,0.293,0.071,0.203,0.262,83.62431490752483,train
0.0,0.172,0.293,0.071,0.203,0.262,78.26913866818575,train
0.0,0.172,0.293,0.071,0.203,0.262,67.92701354856095,train
0.0,0.172,0.293,0.071,0.203,0.262,76.31762870797108,train
0.0,0.172,0.293,0.071,0.203,0.262,85.59215218658372,train
0.0,0.172,0.293,0.071,0.203,0.262,102.63196123350039,train
0.0,0.172,0.293,0.071,0.203,0.262,50.03974409068577,train
0.0,0.172,0.293,0.071,0.203,0.262,78.72468655531554,train
0.0,0.172,0.293,0.071,0.203,0.262,92.63327118350735,train
0.24,0.33,0.0,0.05,0.15,0.23,66.70354585716339,train
0.24,0.33,0.0,0.05,0.15,0.23,79.6106994705572,train
0.24,0.33,0.0,0.05,0.15,0.23,73.88492332664207,train
0.24,0.33,0.0,0.05,0.15,0.23,81.11275877703005,train
0.24,0.33,0.0,0.05,0.15,0.23,87.99234353624465,train
0.24,0.33,0.0,0.05,0.15,0.23,87.70966854548513,train
0.24,0.33,0.0,0.05,0.15,0.23,66.8182258527961,train
0.24,0.33,0.0,0.05,0.15,0.23,80.13545340360112,train
0.24,0.33,0.0,0.05,0.15,0.23,85.34951684501587,train
0.24,0.33,0.0,0.05,0.15,0.23,99.16390599245054,train
0.24,0.33,0.0,0.05,0.15,0.23,65.21582039117803,train
0.24,0.33,0.0,0.05,0.15,0.23,93.22955404721614,train
0.24,0.33,0.0,0.05,0.15,0.23,61.046620532929595,train
0.24,0.33,0.0,0.05,0.15,0.23,57.77307216456916,train
0.24,0.33,0.0,0.05,0.15,0.23,88.52911249793591,train
0.24,0.33,0.0,0.05,0.15,0.23,95.75725296485767,train
0.24,0.33,0.0,0.05,0.15,0.23,77.07315829440651,train
0.24,0.33,0.0,0.05,0.15,0.23,80.70808397323916,train
0.24,0.33,0.0,0.05,0.15,0.23,69.70494051570735,train
0.24,0.33,0.0,0.05,0.15,0.23,93.02518780516911,train
0.24,0.33,0.0,0.05,0.15,0.23,84.14034107129291,train
0.24,0.33,0.0,0.05,0.15,0.23,84.22859021514617,train
0.24,0.33,0.0,0.05,0.15,0.23,80.06011231597975,train
0.24,0.33,0.0,0.05,0.15,0.23,69.25041136386913,train
0.24,0.33,0.0,0.05,0.15,0.23,68.93654809202313,train
0.24,0.33,0.0,0.05,0.15,0.23,73.57478809703566,train
0.24,0.33,0.0,0.05,0.15,0.23,45.1354863638136,train
0.24,0.33,0.0,0.05,0.15,0.23,83.76528553101382,train
0.24,0.33,0.0,0.05,0.15,0.23,57.10717113958391,train
0.24,0.33,0.0,0.05,0.15,0.23,69.44423091102587,train
0.0,0.57,0.0,0.1,0.33,0.0,199.98025670621357,train
0.0,0.57,0.0,0.1,0.33,0.0,200.07897179715877,train
0.0,0.57,0.0,0.1,0.33,0.0,201.29107248700356,train
0.0,0.57,0.0,0.1,0.33,0.0,195.3549718525528,train
0.0,0.57,0.0,0.1,0.33,0.0,198.55431331745837,train
0.0,0.57,0.0,0.1,0.33,0.0,201.70113874162098,train
0.0,0.57,0.0,0.1,0.33,0.0,201.72087016789885,train
0.0,0.57,0.0,0.1,0.33,0.0,196.3890415163132,train
0.0,0.57,0.0,0.1,0.33,0.0,207.10299034226026,train
0.0,0.57,0.0,0.1,0.33,0.0,200.41270744945663,train
0.0,0.57,0.0,0.1,0.33,0.0,204.6205952720833,train
0.0,0.57,0.0,0.1,0.33,0.0,201.73199549620398,train
0.0,0.57,0.0,0.1,0.33,0.0,202.7119009246267,train
0.0,0.57,0.0,0.1,0.33,0.0,203.6869349060609,train
0.0,0.57,0.0,0.1,0.33,0.0,195.36901938405526,train
0.0,0.57,0.0,0.1,0.33,0.0,204.99328077608877,train
0.0,0.57,0.0,0.1,0.33,0.0,206.6094050518485,train
0.0,0.57,0.0,0.1,0.33,0.0,200.43683556865503,train
0.0,0.57,0.0,0.1,0.33,0.0,196.951772505305,train
0.0,0.57,0.0,0.1,0.33,0.0,199.938808222585,train
0.0,0.57,0.0,0.1,0.33,0.0,201.1921871901159,train
0.0,0.57,0.0,0.1,0.33,0.0,194.3342074658066,train
0.0,0.57,0.0,0.1,0.33,0.0,197.46276920929387,train
0.0,0.57,0.0,0.1,0.33,0.0,205.60173494829894,train
0.0,0.57,0.0,0.1,0.33,0.0,201.30690316724636,train
0.0,0.57,0.0,0.1,0.33,0.0,205.97520823260476,train
0.0,0.57,0.0,0.1,0.33,0.0,199.5675420523825,train
0.0,0.57,0.0,0.1,0.33,0.0,202.4027539192847,train
0.0,0.57,0.0,0.1,0.33,0.0,200.73550571864362,train
0.0,0.57,0.0,0.1,0.33,0.0,201.51316760431797,train
0.021,0.333,0.02,0.232,0.363,0.031,150.8282891190463,train
0.021,0.333,0.02,0.232,0.363,0.031,177.92736285059166,train
0.021,0.333,0.02,0.232,0.363,0.031,144.77291456327043,train
0.021,0.333,0.02,0.232,0.363,0.031,180.5593488965575,train
0.021,0.333,0.02,0.232,0.363,0.031,174.06253460198698,train
0.021,0.333,0.02,0.232,0.363,0.031,185.03248392704205,train
0.021,0.333,0.02,0.232,0.363,0.031,159.8721272400619,train
0.021,0.333,0.02,0.232,0.363,0.031,161.22883286652996,train
0.021,0.333,0.02,0.232,0.363,0.031,189.8553817683687,train
0.021,0.333,0.02,0.232,0.363,0.031,164.39355895510062,train
0.021,0.333,0.02,0.232,0.363,0.031,171.0682199758058,train
0.021,0.333,0.02,0.232,0.363,0.031,164.32431551643552,train
0.021,0.333,0.02,0.232,0.363,0.031,164.609637467262,train
0.021,0.333,0.02,0.232,0.363,0.031,166.75368289011422,train
0.021,0.333,0.02,0.232,0.363,0.031,167.321433682276,train
0.021,0.333,0.02,0.232,0.363,0.031,166.9817950887226,train
0.021,0.333,0.02,0.232,0.363,0.031,161.9280983702643,train
0.021,0.333,0.02,0.232,0.363,0.031,155.76536945206104,train
0.021,0.333,0.02,0.232,0.363,0.031,171.9157903293038,train
0.021,0.333,0.02,0.232,0.363,0.031,172.37325532951644,train
0.021,0.333,0.02,0.232,0.363,0.031,175.5537466590495,train
0.021,0.333,0.02,0.232,0.363,0.031,191.0920613176144,train
0.021,0.333,0.02,0.232,0.363,0.031,154.5406250642156,train
0.021,0.333,0.02,0.232,0.363,0.031,193.19141602751932,train
0.021,0.333,0.02,0.232,0.363,0.031,195.54937772709292,train
0.021,0.333,0.02,0.232,0.363,0.031,178.8561271942204,train
0.021,0.333,0.02,0.232,0.363,0.031,197.49792832418595,train
0.021,0.333,0.02,0.232,0.363,0.031,199.815378201132,train
0.021,0.333,0.02,0.232,0.363,0.031,183.29586441684933,train
0.021,0.333,0.02,0.232,0.363,0.031,187.2829443378828,train
0.01,0.41,0.02,0.0,0.4,0.16,61.55468430270164,train
0.01,0.41,0.02,0.0,0.4,0.16,55.86612017192985,train
0.01,0.41,0.02,0.0,0.4,0.16,57.50795274167215,train
0.01,0.41,0.02,0.0,0.4,0.16,65.91156193833757,train
0.01,0.41,0.02,0.0,0.4,0.16,55.61244986413489,train
0.01,0.41,0.02,0.0,0.4,0.16,59.93114650754888,train
0.01,0.41,0.02,0.0,0.4,0.16,60.41882466398631,train
0.01,0.41,0.02,0.0,0.4,0.16,63.54124255505246,train
0.01,0.41,0.02,0.0,0.4,0.16,57.85971757209271,train
0.01,0.41,0.02,0.0,0.4,0.16,58.96948646427505,train
0.01,0.41,0.02,0.0,0.4,0.16,60.243407796982275,train
0.01,0.41,0.02,0.0,0.4,0.16,59.50443586600869,train
0.01,0.41,0.02,0.0,0.4,0.16,58.24470767427732,train
0.01,0.41,0.02,0.0,0.4,0.16,57.5910311964328,train
0.01,0.41,0.02,0.0,0.4,0.16,60.446465194568916,train
0.01,0.41,0.02,0.0,0.4,0.16,60.2983569596704,train
0.01,0.41,0.02,0.0,0.4,0.16,56.30704203463819,train
0.01,0.41,0.02,0.0,0.4,0.16,58.01015562940881,train
0.01,0.41,0.02,0.0,0.4,0.16,61.64858874495839,train
0.01,0.41,0.02,0.0,0.4,0.16,60.33056936011404,train
0.01,0.41,0.02,0.0,0.4,0.16,59.39091324986904,train
0.01,0.41,0.02,0.0,0.4,0.16,61.460763070476,train
0.01,0.41,0.02,0.0,0.4,0.16,57.660696555591265,train
0.01,0.41,0.02,0.0,0.4,0.16,67.6706926139453,train
0.01,0.41,0.02,0.0,0.4,0.16,54.328981380127594,train
0.01,0.41,0.02,0.0,0.4,0.16,63.90767453606326,train
0.01,0.41,0.02,0.0,0.4,0.16,55.77200626511378,train
0.01,0.41,0.02,0.0,0.4,0.16,57.18812637668881,train
0.01,0.41,0.02,0.0,0.4,0.16,63.658754077286304,train
0.01,0.41,0.02,0.0,0.4,0.16,66.36207315307347,train
0.148,0.366,0.01,0.079,0.386,0.01,142.7251004020192,train
0.148,0.366,0.01,0.079,0.386,0.01,148.561836228975,train
0.148,0.366,0.01,0.079,0.386,0.01,151.4685530580292,train
0.148,0.366,0.01,0.079,0.386,0.01,139.52399661075873,train
0.148,0.366,0.01,0.079,0.386,0.01,139.01493575567238,train
0.148,0.366,0.01,0.079,0.386,0.01,141.58885353223812,train
0.148,0.366,0.01,0.079,0.386,0.01,139.35789324334343,train
0.148,0.366,0.01,0.079,0.386,0.01,135.4409472737461,train
0.148,0.366,0.01,0.079,0.386,0.01,145.81016498190647,train
0.148,0.366,0.01,0.079,0.386,0.01,141.64726456273996,train
0.148,0.366,0.01,0.079,0.386,0.01,148.9767779757784,train
0.148,0.366,0.01,0.079,0.386,0.01,138.6631750717712,train
0.148,0.366,0.01,0.079,0.386,0.01,141.89345104155692,train
0.148,0.366,0.01,0.079,0.386,0.01,153.12232101042883,train
0.148,0.366,0.01,0.079,0.386,0.01,142.2802247095541,train
0.148,0.366,0.01,0.079,0.386,0.01,146.20889469074885,train
0.148,0.366,0.01,0.079,0.386,0.01,140.79459381681485,train
0.148,0.366,0.01,0.079,0.386,0.01,151.47922330834425,train
0.148,0.366,0.01,0.079,0.386,0.01,141.47326882220915,train
0.148,0.366,0.01,0.079,0.386,0.01,146.6378074051786,train
0.148,0.366,0.01,0.079,0.386,0.01,145.43598719359875,train
0.148,0.366,0.01,0.079,0.386,0.01,145.98916384579192,train
0.148,0.366,0.01,0.079,0.386,0.01,136.8552323562733,train
0.148,0.366,0.01,0.079,0.386,0.01,142.1638759244928,train
0.148,0.366,0.01,0.079,0.386,0.01,148.7196982508873,train
0.148,0.366,0.01,0.079,0.386,0.01,147.91158374757438,train
0.148,0.366,0.01,0.079,0.386,0.01,142.8904274543451,train
0.148,0.366,0.01,0.079,0.386,0.01,145.55228137138363,train
0.148,0.366,0.01,0.079,0.386,0.01,148.12169342584323,train
0.148,0.366,0.01,0.079,0.386,0.01,136.69028807386795,train
0.0,0.544,0.0,0.06,0.252,0.143,100.21254387297645,train
0.0,0.544,0.0,0.06,0.252,0.143,85.96001693602848,train
0.0,0.544,0.0,0.06,0.252,0.143,110.28119523560426,train
0.0,0.544,0.0,0.06,0.252,0.143,104.5178921924998,train
0.0,0.544,0.0,0.06,0.252,0.143,96.54581233307701,train
0.0,0.544,0.0,0.06,0.252,0.143,87.8395176914717,train
0.0,0.544,0.0,0.06,0.252,0.143,94.72959483795744,train
0.0,0.544,0.0,0.06,0.252,0.143,85.46105092938092,train
0.0,0.544,0.0,0.06,0.252,0.143,101.27932462465608,train
0.0,0.544,0.0,0.06,0.252,0.143,113.40547614207996,train
0.0,0.544,0.0,0.06,0.252,0.143,80.92186663868878,train
0.0,0.544,0.0,0.06,0.252,0.143,86.68423633967174,train
0.0,0.544,0.0,0.06,0.252,0.143,102.83622565277851,train
0.0,0.544,0.0,0.06,0.252,0.143,102.87816762164653,train
0.0,0.544,0.0,0.06,0.252,0.143,100.83614389111692,train
0.0,0.544,0.0,0.06,0.252,0.143,78.28122052893725,train
0.0,0.544,0.0,0.06,0.252,0.143,92.62066717995829,train
0.0,0.544,0.0,0.06,0.252,0.143,92.66608507095616,train
0.0,0.544,0.0,0.06,0.252,0.143,93.41072438331274,train
0.0,0.544,0.0,0.06,0.252,0.143,91.52871400845657,train
0.0,0.544,0.0,0.06,0.252,0.143,82.3051928807626,train
0.0,0.544,0.0,0.06,0.252,0.143,101.9288292488061,train
0.0,0.544,0.0,0.06,0.252,0.143,96.01091814939545,train
0.0,0.544,0.0,0.06,0.252,0.143,82.8488605562896,train
0.0,0.544,0.0,0.06,0.252,0.143,95.93364515730175,train
0.0,0.544,0.0,0.06,0.252,0.143,107.06190973494303,train
0.0,0.544,0.0,0.06,0.252,0.143,96.77831321990459,train
0.0,0.544,0.0,0.06,0.252,0.143,109.40285340383534,train
0.0,0.544,0.0,0.06,0.252,0.143,82.78348052683572,train
0.0,0.544,0.0,0.06,0.252,0.143,90.3803833677623,train
0.0,0.65,0.0,0.08,0.27,0.0,176.10597853299527,train
0.0,0.65,0.0,0.08,0.27,0.0,197.68804533448503,train
0.0,0.65,0.0,0.08,0.27,0.0,191.43123713479565,train
0.0,0.65,0.0,0.08,0.27,0.0,221.20276681619617,train
0.0,0.65,0.0,0.08,0.27,0.0,210.05413907887802,train
0.0,0.65,0.0,0.08,0.27,0.0,194.0104759688857,train
0.0,0.65,0.0,0.08,0.27,0.0,208.1953733718192,train
0.0,0.65,0.0,0.08,0.27,0.0,179.2564215751304,train
0.0,0.65,0.0,0.08,0.27,0.0,160.89277810570206,train
0.0,0.65,0.0,0.08,0.27,0.0,221.46760112121902,train
0.0,0.65,0.0,0.08,0.27,0.0,208.20766333665281,train
0.0,0.65,0.0,0.08,0.27,0.0,262.4450653619367,train
0.0,0.65,0.0,0.08,0.27,0.0,229.85876757494643,train
0.0,0.65,0.0,0.08,0.27,0.0,262.70553455435606,train
0.0,0.65,0.0,0.08,0.27,0.0,237.59127332913044,train
0.0,0.65,0.0,0.08,0.27,0.0,212.75820704915876,train
0.0,0.65,0.0,0.08,0.27,0.0,176.32360283183405,train
0.0,0.65,0.0,0.08,0.27,0.0,163.3002527796092,train
0.0,0.65,0.0,0.08,0.27,0.0,185.43218277318098,train
0.0,0.65,0.0,0.08,0.27,0.0,231.08486256518702,train
0.0,0.65,0.0,0.08,0.27,0.0,194.6457100548952,train
0.0,0.65,0.0,0.08,0.27,0.0,191.84994192121079,train
0.0,0.65,0.0,0.08,0.27,0.0,207.66782185552938,train
0.0,0.65,0.0,0.08,0.27,0.0,186.7098847514998,train
0.0,0.65,0.0,0.08,0.27,0.0,207.6272831187594,train
0.0,0.65,0.0,0.08,0.27,0.0,262.3159657327966,train
0.0,0.65,0.0,0.08,0.27,0.0,182.89374411155129,train
0.0,0.65,0.0,0.08,0.27,0.0,226.98724517195834,train
0.0,0.65,0.0,0.08,0.27,0.0,234.36130767914062,train
0.0,0.65,0.0,0.08,0.27,0.0,172.50879281114655,train
0.0,0.277,0.0,0.148,0.238,0.336,85.67891809652755,train
0.0,0.277,0.0,0.148,0.238,0.336,74.67817545060845,train
0.0,0.277,0.0,0.148,0.238,0.336,102.43171608288243,train
0.0,0.277,0.0,0.148,0.238,0.336,71.65383676491045,train
0.0,0.277,0.0,0.148,0.238,0.336,100.32397175386289,train
0.0,0.277,0.0,0.148,0.238,0.336,87.85361241741771,train
0.0,0.277,0.0,0.148,0.238,0.336,72.88474363269329,train
0.0,0.277,0.0,0.148,0.238,0.336,96.13417549997804,train
0.0,0.277,0.0,0.148,0.238,0.336,95.55095852556538,train
0.0,0.277,0.0,0.148,0.238,0.336,88.29766703059012,train
0.0,0.277,0.0,0.148,0.238,0.336,96.2087752233196,train
0.0,0.277,0.0,0.148,0.238,0.336,94.09393460765055,train
0.0,0.277,0.0,0.148,0.238,0.336,78.80525929135574,train
0.0,0.277,0.0,0.148,0.238,0.336,93.24085701712208,train
0.0,0.277,0.0,0.148,0.238,0.336,90.61932315943018,train
0.0,0.277,0.0,0.148,0.238,0.336,100.69122841391794,train
0.0,0.277,0.0,0.148,0.238,0.336,86.43856450402247,train
0.0,0.277,0.0,0.148,0.238,0.336,78.70028813562699,train
0.0,0.277,0.0,0.148,0.238,0.336,88.101827626229,train
0.0,0.277,0.0,0.148,0.238,0.336,98.80288667309064,train
0.0,0.277,0.0,0.148,0.238,0.336,76.49357615319373,train
0.0,0.277,0.0,0.148,0.238,0.336,116.32341375474985,train
0.0,0.277,0.0,0.148,0.238,0.336,99.72357505390256,train
0.0,0.277,0.0,0.148,0.238,0.336,89.99445837073941,train
0.0,0.277,0.0,0.148,0.238,0.336,93.73969793526756,train
0.0,0.277,0.0,0.148,0.238,0.336,84.0966996680557,train
0.0,0.277,0.0,0.148,0.238,0.336,90.89986044740749,train
0.0,0.277,0.0,0.148,0.238,0.336,85.28668214233858,train
0.0,0.277,0.0,0.148,0.238,0.336,68.91279590043082,train
0.0,0.277,0.0,0.148,0.238,0.336,78.52981680792062,train
0.0,0.68,0.0,0.07,0.25,0.0,254.87667940676212,train
0.0,0.68,0.0,0.07,0.25,0.0,198.13476835529164,train
0.0,0.68,0.0,0.07,0.25,0.0,197.5955451976738,train
0.0,0.68,0.0,0.07,0.25,0.0,219.63075528862475,train
0.0,0.68,0.0,0.07,0.25,0.0,243.7971715266143,train
0.0,0.68,0.0,0.07,0.25,0.0,239.91355412348764,train
0.0,0.68,0.0,0.07,0.25,0.0,225.69631600300787,train
0.0,0.68,0.0,0.07,0.25,0.0,200.23652589376914,train
0.0,0.68,0.0,0.07,0.25,0.0,214.49356370884695,train
0.0,0.68,0.0,0.07,0.25,0.0,218.37009567352064,train
0.0,0.68,0.0,0.07,0.25,0.0,207.8918664076008,train
0.0,0.68,0.0,0.07,0.25,0.0,205.95047360094847,train
0.0,0.68,0.0,0.07,0.25,0.0,217.0872012930882,train
0.0,0.68,0.0,0.07,0.25,0.0,237.4402185152719,train
0.0,0.68,0.0,0.07,0.25,0.0,249.43124614376214,train
0.0,0.68,0.0,0.07,0.25,0.0,175.4623900181158,train
0.0,0.68,0.0,0.07,0.25,0.0,208.06708277120015,train
0.0,0.68,0.0,0.07,0.25,0.0,237.76444635833133,train
0.0,0.68,0.0,0.07,0.25,0.0,223.94188642906568,train
0.0,0.68,0.0,0.07,0.25,0.0,244.461909225461,train
0.0,0.68,0.0,0.07,0.25,0.0,228.78551643887005,train
0.0,0.68,0.0,0.07,0.25,0.0,224.83979721852435,train
0.0,0.68,0.0,0.07,0.25,0.0,204.65776052701506,train
0.0,0.68,0.0,0.07,0.25,0.0,250.96420343414067,train
0.0,0.68,0.0,0.07,0.25,0.0,274.85446814261735,train
0.0,0.68,0.0,0.07,0.25,0.0,239.39779100420628,train
0.0,0.68,0.0,0.07,0.25,0.0,240.65766131660328,train
0.0,0.68,0.0,0.07,0.25,0.0,219.2008179251338,train
0.0,0.68,0.0,0.07,0.25,0.0,237.11031321370407,train
0.0,0.68,0.0,0.07,0.25,0.0,246.15743075200012,train
0.0,0.32,0.21,0.17,0.3,0.0,66.10105494172925,train
0.0,0.32,0.21,0.17,0.3,0.0,64.97347936504137,train
0.0,0.32,0.21,0.17,0.3,0.0,77.97777858115798,train
0.0,0.32,0.21,0.17,0.3,0.0,70.57933099646982,train
0.0,0.32,0.21,0.17,0.3,0.0,78.36360653304573,train
0.0,0.32,0.21,0.17,0.3,0.0,70.53292974014992,train
0.0,0.32,0.21,0.17,0.3,0.0,80.38115432223877,train
0.0,0.32,0.21,0.17,0.3,0.0,80.34790213882408,train
0.0,0.32,0.21,0.17,0.3,0.0,65.75519005913256,train
0.0,0.32,0.21,0.17,0.3,0.0,68.99049793044428,train
0.0,0.32,0.21,0.17,0.3,0.0,93.70578560765732,train
0.0,0.32,0.21,0.17,0.3,0.0,64.23585863956353,train
0.0,0.32,0.21,0.17,0.3,0.0,80.7453660902996,train
0.0,0.32,0.21,0.17,0.3,0.0,61.61696010315635,train
0.0,0.32,0.21,0.17,0.3,0.0,67.50324329292997,train
0.0,0.32,0.21,0.17,0.3,0.0,86.44454745518286,train
0.0,0.32,0.21,0.17,0.3,0.0,75.95296717060239,train
0.0,0.32,0.21,0.17,0.3,0.0,66.85946258777308,train
0.0,0.32,0.21,0.17,0.3,0.0,73.49163577441367,train
0.0,0.32,0.21,0.17,0.3,0.0,72.35245607468148,train
0.0,0.32,0.21,0.17,0.3,0.0,75.98208486661223,train
0.0,0.32,0.21,0.17,0.3,0.0,75.60936268173224,train
0.0,0.32,0.21,0.17,0.3,0.0,64.89573359814074,train
0.0,0.32,0.21,0.17,0.3,0.0,64.48149988061049,train
0.0,0.32,0.21,0.17,0.3,0.0,61.638387772803654,train
0.0,0.32,0.21,0.17,0.3,0.0,68.13962389442794,train
0.0,0.32,0.21,0.17,0.3,0.0,71.91457649392684,train
0.0,0.32,0.21,0.17,0.3,0.0,61.09784674363726,train
0.0,0.32,0.21,0.17,0.3,0.0,69.56660759789182,train
0.0,0.32,0.21,0.17,0.3,0.0,66.0710925699356,train
0.0,0.6,0.0,0.07,0.33,0.0,213.97181330801268,train
0.0,0.6,0.0,0.07,0.33,0.0,159.1691491179503,train
0.0,0.6,0.0,0.07,0.33,0.0,223.06622604234644,train
0.0,0.6,0.0,0.07,0.33,0.0,196.52263362950922,train
0.0,0.6,0.0,0.07,0.33,0.0,165.37861237555842,train
0.0,0.6,0.0,0.07,0.33,0.0,188.80335116492432,train
0.0,0.6,0.0,0.07,0.33,0.0,205.3512062763061,train
0.0,0.6,0.0,0.07,0.33,0.0,220.5914085984295,train
0.0,0.6,0.0,0.07,0.33,0.0,226.4278359620377,train
0.0,0.6,0.0,0.07,0.33,0.0,180.70502806951765,train
0.0,0.6,0.0,0.07,0.33,0.0,165.1233527477611,train
0.0,0.6,0.0,0.07,0.33,0.0,172.28904187229045,train
0.0,0.6,0.0,0.07,0.33,0.0,161.66972907712326,train
0.0,0.6,0.0,0.07,0.33,0.0,203.71139124862202,train
0.0,0.6,0.0,0.07,0.33,0.0,185.0470509022145,train
0.0,0.6,0.0,0.07,0.33,0.0,191.3234655449329,train
0.0,0.6,0.0,0.07,0.33,0.0,214.14197835659613,train
0.0,0.6,0.0,0.07,0.33,0.0,199.06627720875676,train
0.0,0.6,0.0,0.07,0.33,0.0,206.42030269984733,train
0.0,0.6,0.0,0.07,0.33,0.0,184.8567472456985,train
0.0,0.6,0.0,0.07,0.33,0.0,181.77413815581,train
0.0,0.6,0.0,0.07,0.33,0.0,209.41802779295213,train
0.0,0.6,0.0,0.07,0.33,0.0,199.23237052163756,train
0.0,0.6,0.0,0.07,0.33,0.0,218.59008764600514,train
0.0,0.6,0.0,0.07,0.33,0.0,185.73839549156457,train
0.0,0.6,0.0,0.07,0.33,0.0,223.19229980578382,train
0.0,0.6,0.0,0.07,0.33,0.0,184.69075025559656,train
0.0,0.6,0.0,0.07,0.33,0.0,165.2940614556988,train
0.0,0.6,0.0,0.07,0.33,0.0,240.2132795668714,train
0.0,0.6,0.0,0.07,0.33,0.0,201.78507034921506,train
0.0,0.606,0.0,0.081,0.313,0.0,210.7485581083524,train
0.0,0.606,0.0,0.081,0.313,0.0,206.6613702375352,train
0.0,0.606,0.0,0.081,0.313,0.0,205.30682440097723,train
0.0,0.606,0.0,0.081,0.313,0.0,233.55718613791254,train
0.0,0.606,0.0,0.081,0.313,0.0,215.004531728587,train
0.0,0.606,0.0,0.081,0.313,0.0,231.75991440264218,train
0.0,0.606,0.0,0.081,0.313,0.0,220.79221920303755,train
0.0,0.606,0.0,0.081,0.313,0.0,228.66413268393396,train
0.0,0.606,0.0,0.081,0.313,0.0,194.06515894302643,train
0.0,0.606,0.0,0.081,0.313,0.0,257.6718744627865,train
0.0,0.606,0.0,0.081,0.313,0.0,232.32269783198223,train
0.0,0.606,0.0,0.081,0.313,0.0,243.7622166113952,train
0.0,0.606,0.0,0.081,0.313,0.0,209.61037945141945,train
0.0,0.606,0.0,0.081,0.313,0.0,180.5641103019237,train
0.0,0.606,0.0,0.081,0.313,0.0,222.19066375244543,train
0.0,0.606,0.0,0.081,0.313,0.0,202.16444174399436,train
0.0,0.606,0.0,0.081,0.313,0.0,221.28308035999646,train
0.0,0.606,0.0,0.081,0.313,0.0,217.22165899164173,train
0.0,0.606,0.0,0.081,0.313,0.0,216.02477239570456,train
0.0,0.606,0.0,0.081,0.313,0.0,215.7592816083355,train
0.0,0.606,0.0,0.081,0.313,0.0,200.4839351448605,train
0.0,0.606,0.0,0.081,0.313,0.0,230.84904473817852,train
0.0,0.606,0.0,0.081,0.313,0.0,199.5452583688241,train
0.0,0.606,0.0,0.081,0.313,0.0,222.48989902033088,train
0.0,0.606,0.0,0.081,0.313,0.0,202.7406804613855,train
0.0,0.606,0.0,0.081,0.313,0.0,211.80846026083023,train
0.0,0.606,0.0,0.081,0.313,0.0,217.29043136879437,train
0.0,0.606,0.0,0.081,0.313,0.0,224.50256612127274,train
0.0,0.606,0.0,0.081,0.313,0.0,231.50042364465293,train
0.0,0.606,0.0,0.081,0.313,0.0,234.78410775066024,train
0.0,0.666,0.0,0.081,0.253,0.0,205.7558850798927,train
0.0,0.666,0.0,0.081,0.253,0.0,228.98295885029165,train
0.0,0.666,0.0,0.081,0.253,0.0,204.15725072065518,train
0.0,0.666,0.0,0.081,0.253,0.0,210.97625189652462,train
0.0,0.666,0.0,0.081,0.253,0.0,221.20973174925916,train
0.0,0.666,0.0,0.081,0.253,0.0,222.2277129757959,train
0.0,0.666,0.0,0.081,0.253,0.0,214.93687981269986,train
0.0,0.666,0.0,0.081,0.253,0.0,201.30171991166802,train
0.0,0.666,0.0,0.081,0.253,0.0,233.91987274906546,train
0.0,0.666,0.0,0.081,0.253,0.0,221.38364269347284,train
0.0,0.666,0.0,0.081,0.253,0.0,232.4579369613839,train
0.0,0.666,0.0,0.081,0.253,0.0,220.7988674111625,train
0.0,0.666,0.0,0.081,0.253,0.0,212.4862650132264,train
0.0,0.666,0.0,0.081,0.253,0.0,182.6189713943657,train
0.0,0.666,0.0,0.081,0.253,0.0,239.01479335789978,train
0.0,0.666,0.0,0.081,0.253,0.0,208.49815952817758,train
0.0,0.666,0.0,0.081,0.253,0.0,227.2281735137545,train
0.0,0.666,0.0,0.081,0.253,0.0,221.24200255623813,train
0.0,0.666,0.0,0.081,0.253,0.0,213.21906729374948,train
0.0,0.666,0.0,0.081,0.253,0.0,232.67916801430601,train
0.0,0.666,0.0,0.081,0.253,0.0,187.46112624569093,train
0.0,0.666,0.0,0.081,0.253,0.0,182.14556156160353,train
0.0,0.666,0.0,0.081,0.253,0.0,225.69758248361538,train
0.0,0.666,0.0,0.081,0.253,0.0,227.24523537713847,train
0.0,0.666,0.0,0.081,0.253,0.0,215.31385333800196,train
0.0,0.666,0.0,0.081,0.253,0.0,220.47950606956846,train
0.0,0.666,0.0,0.081,0.253,0.0,210.57962383270137,train
0.0,0.666,0.0,0.081,0.253,0.0,202.8399096726102,train
0.0,0.666,0.0,0.081,0.253,0.0,182.73088094719643,train
0.0,0.666,0.0,0.081,0.253,0.0,215.0879265873937,train
0.0,0.484,0.0,0.061,0.455,0.0,170.80476295008032,train
0.0,0.484,0.0,0.061,0.455,0.0,209.22394925101787,train
0.0,0.484,0.0,0.061,0.455,0.0,149.59347661028653,train
0.0,0.484,0.0,0.061,0.455,0.0,183.5403957175967,train
0.0,0.484,0.0,0.061,0.455,0.0,158.90129588995217,train
0.0,0.484,0.0,0.061,0.455,0.0,181.01806345612826,train
0.0,0.484,0.0,0.061,0.455,0.0,180.3876635105081,train
0.0,0.484,0.0,0.061,0.455,0.0,190.6733273438556,train
0.0,0.484,0.0,0.061,0.455,0.0,159.98562674375268,train
0.0,0.484,0.0,0.061,0.455,0.0,180.69071547941218,train
0.0,0.484,0.0,0.061,0.455,0.0,193.28000403737798,train
0.0,0.484,0.0,0.061,0.455,0.0,202.7022789800207,train
0.0,0.484,0.0,0.061,0.455,0.0,188.5065977842949,train
0.0,0.484,0.0,0.061,0.455,0.0,199.81479615410245,train
0.0,0.484,0.0,0.061,0.455,0.0,177.0785176962955,train
0.0,0.484,0.0,0.061,0.455,0.0,201.3839483874599,train
0.0,0.484,0.0,0.061,0.455,0.0,173.86348551544862,train
0.0,0.484,0.0,0.061,0.455,0.0,158.20718405004914,train
0.0,0.484,0.0,0.061,0.455,0.0,180.10582788739887,train
0.0,0.484,0.0,0.061,0.455,0.0,154.1514102138718,train
0.0,0.484,0.0,0.061,0.455,0.0,147.28187881371957,train
0.0,0.484,0.0,0.061,0.455,0.0,201.61462636534344,train
0.0,0.484,0.0,0.061,0.455,0.0,195.4074171284917,train
0.0,0.484,0.0,0.061,0.455,0.0,191.83007087378303,train
0.0,0.484,0.0,0.061,0.455,0.0,209.59112040543505,train
0.0,0.484,0.0,0.061,0.455,0.0,172.7470018588843,train
0.0,0.484,0.0,0.061,0.455,0.0,156.3930683824655,train
0.0,0.484,0.0,0.061,0.455,0.0,167.2354703613792,train
0.0,0.484,0.0,0.061,0.455,0.0,151.28501583931973,train
0.0,0.484,0.0,0.061,0.455,0.0,195.77806707516154,train
0.42178707272479,0.4062137461445382,0.1719991811306717,0.0,0.0,0.0,8.11333836794137,train
0.42178707272479,0.4062137461445382,0.1719991811306717,0.0,0.0,0.0,10.478383039005758,train
0.42178707272479,0.4062137461445382,0.1719991811306717,0.0,0.0,0.0,9.049517871338253,train
0.42178707272479,0.4062137461445382,0.1719991811306717,0.0,0.0,0.0,10.065888964729112,train
0.42178707272479,0.4062137461445382,0.1719991811306717,0.0,0.0,0.0,12.514184290204286,train
0.42178707272479,0.4062137461445382,0.1719991811306717,0.0,0.0,0.0,10.664072985763024,train
0.42178707272479,0.4062137461445382,0.1719991811306717,0.0,0.0,0.0,12.302970650402727,train
0.42178707272479,0.4062137461445382,0.1719991811306717,0.0,0.0,0.0,11.945431823086333,train
0.42178707272479,0.4062137461445382,0.1719991811306717,0.0,0.0,0.0,7.712762968951162,train
0.42178707272479,0.4062137461445382,0.1719991811306717,0.0,0.0,0.0,13.540471582711625,train
0.42178707272479,0.4062137461445382,0.1719991811306717,0.0,0.0,0.0,10.780761566097103,train
0.42178707272479,0.4062137461445382,0.1719991811306717,0.0,0.0,0.0,7.932372877201192,train
0.42178707272479,0.4062137461445382,0.1719991811306717,0.0,0.0,0.0,10.03351621175767,train
0.42178707272479,0.4062137461445382,0.1719991811306717,0.0,0.0,0.0,11.930307143489724,train
0.42178707272479,0.4062137461445382,0.1719991811306717,0.0,0.0,0.0,9.942790678903819,train
0.42178707272479,0.4062137461445382,0.1719991811306717,0.0,0.0,0.0,10.27393880932954,train
0.42178707272479,0.4062137461445382,0.1719991811306717,0.0,0.0,0.0,8.54143185121222,train
0.42178707272479,0.4062137461445382,0.1719991811306717,0.0,0.0,0.0,10.468938598680792,train
0.42178707272479,0.4062137461445382,0.1719991811306717,0.0,0.0,0.0,10.516536239866676,train
0.42178707272479,0.4062137461445382,0.1719991811306717,0.0,0.0,0.0,13.777562098975256,train
0.42178707272479,0.4062137461445382,0.1719991811306717,0.0,0.0,0.0,10.995828786711693,train
0.42178707272479,0.4062137461445382,0.1719991811306717,0.0,0.0,0.0,11.753177111574024,train
0.42178707272479,0.4062137461445382,0.1719991811306717,0.0,0.0,0.0,12.174960307161566,train
0.42178707272479,0.4062137461445382,0.1719991811306717,0.0,0.0,0.0,10.917438643219983,train
0.42178707272479,0.4062137461445382,0.1719991811306717,0.0,0.0,0.0,17.046549315753325,train
0.42178707272479,0.4062137461445382,0.1719991811306717,0.0,0.0,0.0,12.694513822180518,train
0.42178707272479,0.4062137461445382,0.1719991811306717,0.0,0.0,0.0,9.959307701124995,train
0.42178707272479,0.4062137461445382,0.1719991811306717,0.0,0.0,0.0,11.043212308103536,train
0.42178707272479,0.4062137461445382,0.1719991811306717,0.0,0.0,0.0,12.497886659494048,train
0.42178707272479,0.4062137461445382,0.1719991811306717,0.0,0.0,0.0,11.183979891259511,train
0.5368643097418104,0.1083752806331327,0.1840671899149181,0.1706932197101386,0.0,0.0,8.639734603302273,train
0.5368643097418104,0.1083752806331327,0.1840671899149181,0.1706932197101386,0.0,0.0,10.959378584656433,train
0.5368643097418104,0.1083752806331327,0.1840671899149181,0.1706932197101386,0.0,0.0,9.827635070376616,train
0.5368643097418104,0.1083752806331327,0.1840671899149181,0.1706932197101386,0.0,0.0,10.485627401438103,train
0.5368643097418104,0.1083752806331327,0.1840671899149181,0.1706932197101386,0.0,0.0,9.919426472371836,train
0.5368643097418104,0.1083752806331327,0.1840671899149181,0.1706932197101386,0.0,0.0,8.455035978955175,train
0.5368643097418104,0.1083752806331327,0.1840671899149181,0.1706932197101386,0.0,0.0,9.238218177953476,train
0.5368643097418104,0.1083752806331327,0.1840671899149181,0.1706932197101386,0.0,0.0,10.577623071321884,train
0.5368643097418104,0.1083752806331327,0.1840671899149181,0.1706932197101386,0.0,0.0,10.680040684793116,train
0.5368643097418104,0.1083752806331327,0.1840671899149181,0.1706932197101386,0.0,0.0,11.17655089668873,train
0.5368643097418104,0.1083752806331327,0.1840671899149181,0.1706932197101386,0.0,0.0,8.78707115934016,train
0.5368643097418104,0.1083752806331327,0.1840671899149181,0.1706932197101386,0.0,0.0,10.313033328920405,train
0.5368643097418104,0.1083752806331327,0.1840671899149181,0.1706932197101386,0.0,0.0,9.481507619902422,train
0.5368643097418104,0.1083752806331327,0.1840671899149181,0.1706932197101386,0.0,0.0,9.485166154448558,train
0.5368643097418104,0.1083752806331327,0.1840671899149181,0.1706932197101386,0.0,0.0,9.189090825172212,train
0.5368643097418104,0.1083752806331327,0.1840671899149181,0.1706932197101386,0.0,0.0,10.165607630982064,train
0.5368643097418104,0.1083752806331327,0.1840671899149181,0.1706932197101386,0.0,0.0,9.746325851716621,train
0.5368643097418104,0.1083752806331327,0.1840671899149181,0.1706932197101386,0.0,0.0,9.939578735659929,train
0.5368643097418104,0.1083752806331327,0.1840671899149181,0.1706932197101386,0.0,0.0,9.922755315709766,train
0.5368643097418104,0.1083752806331327,0.1840671899149181,0.1706932197101386,0.0,0.0,8.773546323263767,train
0.5368643097418104,0.1083752806331327,0.1840671899149181,0.1706932197101386,0.0,0.0,10.91766614962359,train
0.5368643097418104,0.1083752806331327,0.1840671899149181,0.1706932197101386,0.0,0.0,9.49696882397872,train
0.5368643097418104,0.1083752806331327,0.1840671899149181,0.1706932197101386,0.0,0.0,8.923814243031687,train
0.5368643097418104,0.1083752806331327,0.1840671899149181,0.1706932197101386,0.0,0.0,9.842141507047991,train
0.5368643097418104,0.1083752806331327,0.1840671899149181,0.1706932197101386,0.0,0.0,9.657387990281494,train
0.5368643097418104,0.1083752806331327,0.1840671899149181,0.1706932197101386,0.0,0.0,8.964159299060416,train
0.5368643097418104,0.1083752806331327,0.1840671899149181,0.1706932197101386,0.0,0.0,11.2580158496685,train
0.5368643097418104,0.1083752806331327,0.1840671899149181,0.1706932197101386,0.0,0.0,10.390361046182182,train
0.5368643097418104,0.1083752806331327,0.1840671899149181,0.1706932197101386,0.0,0.0,9.84594208542003,train
0.5368643097418104,0.1083752806331327,0.1840671899149181,0.1706932197101386,0.0,0.0,9.001597881927639,train
0.2163563060405009,0.1994740702224794,0.0881418434484952,0.1743027849059083,0.321724995382616,0.0,98.6473472411662,train
0.2163563060405009,0.1994740702224794,0.0881418434484952,0.1743027849059083,0.321724995382616,0.0,110.26226919768223,train
0.2163563060405009,0.1994740702224794,0.0881418434484952,0.1743027849059083,0.321724995382616,0.0,121.04573030563402,train
0.2163563060405009,0.1994740702224794,0.0881418434484952,0.1743027849059083,0.321724995382616,0.0,105.46176470672535,train
0.2163563060405009,0.1994740702224794,0.0881418434484952,0.1743027849059083,0.321724995382616,0.0,118.6935639565909,train
0.2163563060405009,0.1994740702224794,0.0881418434484952,0.1743027849059083,0.321724995382616,0.0,120.16334090540305,train
0.2163563060405009,0.1994740702224794,0.0881418434484952,0.1743027849059083,0.321724995382616,0.0,106.29843484065027,train
0.2163563060405009,0.1994740702224794,0.0881418434484952,0.1743027849059083,0.321724995382616,0.0,106.61274328125256,train
0.2163563060405009,0.1994740702224794,0.0881418434484952,0.1743027849059083,0.321724995382616,0.0,101.5556742240061,train
0.2163563060405009,0.1994740702224794,0.0881418434484952,0.1743027849059083,0.321724995382616,0.0,102.32937322016183,train
0.2163563060405009,0.1994740702224794,0.0881418434484952,0.1743027849059083,0.321724995382616,0.0,114.08524684685857,train
0.2163563060405009,0.1994740702224794,0.0881418434484952,0.1743027849059083,0.321724995382616,0.0,97.7190885253999,train
0.2163563060405009,0.1994740702224794,0.0881418434484952,0.1743027849059083,0.321724995382616,0.0,111.34076362094241,train
0.2163563060405009,0.1994740702224794,0.0881418434484952,0.1743027849059083,0.321724995382616,0.0,111.98173649876466,train
0.2163563060405009,0.1994740702224794,0.0881418434484952,0.1743027849059083,0.321724995382616,0.0,100.96246941229516,train
0.2163563060405009,0.1994740702224794,0.0881418434484952,0.1743027849059083,0.321724995382616,0.0,104.19047184738307,train
0.2163563060405009,0.1994740702224794,0.0881418434484952,0.1743027849059083,0.321724995382616,0.0,119.44001491013115,train
0.2163563060405009,0.1994740702224794,0.0881418434484952,0.1743027849059083,0.321724995382616,0.0,109.11422622255441,train
0.2163563060405009,0.1994740702224794,0.0881418434484952,0.1743027849059083,0.321724995382616,0.0,90.8435606480455,train
0.2163563060405009,0.1994740702224794,0.0881418434484952,0.1743027849059083,0.321724995382616,0.0,109.98296503816721,train
0.2163563060405009,0.1994740702224794,0.0881418434484952,0.1743027849059083,0.321724995382616,0.0,89.27197656243561,train
0.2163563060405009,0.1994740702224794,0.0881418434484952,0.1743027849059083,0.321724995382616,0.0,121.80885144199065,train
0.2163563060405009,0.1994740702224794,0.0881418434484952,0.1743027849059083,0.321724995382616,0.0,113.57639746502836,train
0.2163563060405009,0.1994740702224794,0.0881418434484952,0.1743027849059083,0.321724995382616,0.0,126.59156174564144,train
0.2163563060405009,0.1994740702224794,0.0881418434484952,0.1743027849059083,0.321724995382616,0.0,102.44508818619516,train
0.2163563060405009,0.1994740702224794,0.0881418434484952,0.1743027849059083,0.321724995382616,0.0,114.96423194176263,train
0.2163563060405009,0.1994740702224794,0.0881418434484952,0.1743027849059083,0.321724995382616,0.0,105.92497112760753,train
0.2163563060405009,0.1994740702224794,0.0881418434484952,0.1743027849059083,0.321724995382616,0.0,93.12840565856531,train
0.2163563060405009,0.1994740702224794,0.0881418434484952,0.1743027849059083,0.321724995382616,0.0,129.86241055620567,train
0.2163563060405009,0.1994740702224794,0.0881418434484952,0.1743027849059083,0.321724995382616,0.0,133.4651848923974,train
0.1198210331268862,0.4100782635726174,0.1918131069994494,0.1871670242778439,0.0911205720232029,0.0,107.3620361630921,train
0.1198210331268862,0.4100782635726174,0.1918131069994494,0.1871670242778439,0.0911205720232029,0.0,90.27656758342364,train
0.1198210331268862,0.4100782635726174,0.1918131069994494,0.1871670242778439,0.0911205720232029,0.0,89.48046945900768,train
0.1198210331268862,0.4100782635726174,0.1918131069994494,0.1871670242778439,0.0911205720232029,0.0,87.08564619585508,train
0.1198210331268862,0.4100782635726174,0.1918131069994494,0.1871670242778439,0.0911205720232029,0.0,89.07657076915926,train
0.1198210331268862,0.4100782635726174,0.1918131069994494,0.1871670242778439,0.0911205720232029,0.0,99.57629634748204,train
0.1198210331268862,0.4100782635726174,0.1918131069994494,0.1871670242778439,0.0911205720232029,0.0,106.55952519843004,train
0.1198210331268862,0.4100782635726174,0.1918131069994494,0.1871670242778439,0.0911205720232029,0.0,77.57893589316397,train
0.1198210331268862,0.4100782635726174,0.1918131069994494,0.1871670242778439,0.0911205720232029,0.0,92.15965126723573,train
0.1198210331268862,0.4100782635726174,0.1918131069994494,0.1871670242778439,0.0911205720232029,0.0,114.33296117651352,train
0.1198210331268862,0.4100782635726174,0.1918131069994494,0.1871670242778439,0.0911205720232029,0.0,92.81204215817525,train
0.1198210331268862,0.4100782635726174,0.1918131069994494,0.1871670242778439,0.0911205720232029,0.0,105.41888293575659,train
0.1198210331268862,0.4100782635726174,0.1918131069994494,0.1871670242778439,0.0911205720232029,0.0,78.04283550419761,train
0.1198210331268862,0.4100782635726174,0.1918131069994494,0.1871670242778439,0.0911205720232029,0.0,96.02595808896022,train
0.1198210331268862,0.4100782635726174,0.1918131069994494,0.1871670242778439,0.0911205720232029,0.0,80.42332057581982,train
0.1198210331268862,0.4100782635726174,0.1918131069994494,0.1871670242778439,0.0911205720232029,0.0,75.2309456952811,train
0.1198210331268862,0.4100782635726174,0.1918131069994494,0.1871670242778439,0.0911205720232029,0.0,89.32758878698651,train
0.1198210331268862,0.4100782635726174,0.1918131069994494,0.1871670242778439,0.0911205720232029,0.0,104.83128022108292,train
0.1198210331268862,0.4100782635726174,0.1918131069994494,0.1871670242778439,0.0911205720232029,0.0,106.2528975161474,train
0.1198210331268862,0.4100782635726174,0.1918131069994494,0.1871670242778439,0.0911205720232029,0.0,99.3915220041331,train
0.1198210331268862,0.4100782635726174,0.1918131069994494,0.1871670242778439,0.0911205720232029,0.0,94.04892554000332,train
0.1198210331268862,0.4100782635726174,0.1918131069994494,0.1871670242778439,0.0911205720232029,0.0,88.49725155351989,train
0.1198210331268862,0.4100782635726174,0.1918131069994494,0.1871670242778439,0.0911205720232029,0.0,97.29881829801755,train
0.1198210331268862,0.4100782635726174,0.1918131069994494,0.1871670242778439,0.0911205720232029,0.0,79.77171478550135,train
0.1198210331268862,0.4100782635726174,0.1918131069994494,0.1871670242778439,0.0911205720232029,0.0,80.71513727661589,train
0.1198210331268862,0.4100782635726174,0.1918131069994494,0.1871670242778439,0.0911205720232029,0.0,100.36545302859255,train
0.1198210331268862,0.4100782635726174,0.1918131069994494,0.1871670242778439,0.0911205720232029,0.0,117.7594917944391,train
0.1198210331268862,0.4100782635726174,0.1918131069994494,0.1871670242778439,0.0911205720232029,0.0,93.45086963049917,train
0.1198210331268862,0.4100782635726174,0.1918131069994494,0.1871670242778439,0.0911205720232029,0.0,98.22272520360646,train
0.1198210331268862,0.4100782635726174,0.1918131069994494,0.1871670242778439,0.0911205720232029,0.0,90.81435877143439,train
0.2335997204332295,0.2999268066669277,0.4664734728998426,0.0,0.0,0.0,6.583926545565314,train
0.2335997204332295,0.2999268066669277,0.4664734728998426,0.0,0.0,0.0,4.88482952501109,train
0.2335997204332295,0.2999268066669277,0.4664734728998426,0.0,0.0,0.0,3.9570126070181666,train
0.2335997204332295,0.2999268066669277,0.4664734728998426,0.0,0.0,0.0,6.093949182847311,train
0.2335997204332295,0.2999268066669277,0.4664734728998426,0.0,0.0,0.0,6.526550370457046,train
0.2335997204332295,0.2999268066669277,0.4664734728998426,0.0,0.0,0.0,5.387192132396732,train
0.2335997204332295,0.2999268066669277,0.4664734728998426,0.0,0.0,0.0,5.1079527301690515,train
0.2335997204332295,0.2999268066669277,0.4664734728998426,0.0,0.0,0.0,4.965476721671704,train
0.2335997204332295,0.2999268066669277,0.4664734728998426,0.0,0.0,0.0,6.639398551870761,train
0.2335997204332295,0.2999268066669277,0.4664734728998426,0.0,0.0,0.0,4.536429751126595,train
0.2335997204332295,0.2999268066669277,0.4664734728998426,0.0,0.0,0.0,7.478665588647852,train
0.2335997204332295,0.2999268066669277,0.4664734728998426,0.0,0.0,0.0,5.7472224847094004,train
0.2335997204332295,0.2999268066669277,0.4664734728998426,0.0,0.0,0.0,5.510348356570983,train
0.2335997204332295,0.2999268066669277,0.4664734728998426,0.0,0.0,0.0,6.160391298695137,train
0.2335997204332295,0.2999268066669277,0.4664734728998426,0.0,0.0,0.0,5.5746269711089145,train
0.2335997204332295,0.2999268066669277,0.4664734728998426,0.0,0.0,0.0,4.2682888748473475,train
0.2335997204332295,0.2999268066669277,0.4664734728998426,0.0,0.0,0.0,5.134664294608384,train
0.2335997204332295,0.2999268066669277,0.4664734728998426,0.0,0.0,0.0,6.075558360225849,train
0.2335997204332295,0.2999268066669277,0.4664734728998426,0.0,0.0,0.0,7.512534317982965,train
0.2335997204332295,0.2999268066669277,0.4664734728998426,0.0,0.0,0.0,6.031906337232227,train
0.2335997204332295,0.2999268066669277,0.4664734728998426,0.0,0.0,0.0,7.361981080509907,train
0.2335997204332295,0.2999268066669277,0.4664734728998426,0.0,0.0,0.0,7.567962718131492,train
0.2335997204332295,0.2999268066669277,0.4664734728998426,0.0,0.0,0.0,5.7481611260711265,train
0.2335997204332295,0.2999268066669277,0.4664734728998426,0.0,0.0,0.0,4.668915332524936,train
0.2335997204332295,0.2999268066669277,0.4664734728998426,0.0,0.0,0.0,6.931085114295887,train
0.2335997204332295,0.2999268066669277,0.4664734728998426,0.0,0.0,0.0,5.054402505249539,train
0.2335997204332295,0.2999268066669277,0.4664734728998426,0.0,0.0,0.0,3.8220310399344717,train
0.2335997204332295,0.2999268066669277,0.4664734728998426,0.0,0.0,0.0,5.741724112024636,train
0.2335997204332295,0.2999268066669277,0.4664734728998426,0.0,0.0,0.0,6.762162314197669,train
0.2335997204332295,0.2999268066669277,0.4664734728998426,0.0,0.0,0.0,6.098617534877701,train
0.5083477338623493,0.2224573241900948,0.1015077968756604,0.1676871450718954,0.0,0.0,35.639803919812536,train
0.5083477338623493,0.2224573241900948,0.1015077968756604,0.1676871450718954,0.0,0.0,36.552207194162264,train
0.5083477338623493,0.2224573241900948,0.1015077968756604,0.1676871450718954,0.0,0.0,33.349773473758205,train
0.5083477338623493,0.2224573241900948,0.1015077968756604,0.1676871450718954,0.0,0.0,29.46013314149484,train
0.5083477338623493,0.2224573241900948,0.1015077968756604,0.1676871450718954,0.0,0.0,22.051099530682002,train
0.5083477338623493,0.2224573241900948,0.1015077968756604,0.1676871450718954,0.0,0.0,45.031543888901425,train
0.5083477338623493,0.2224573241900948,0.1015077968756604,0.1676871450718954,0.0,0.0,46.31472189550921,train
0.5083477338623493,0.2224573241900948,0.1015077968756604,0.1676871450718954,0.0,0.0,40.300146017138516,train
0.5083477338623493,0.2224573241900948,0.1015077968756604,0.1676871450718954,0.0,0.0,33.10529168178947,train
0.5083477338623493,0.2224573241900948,0.1015077968756604,0.1676871450718954,0.0,0.0,40.55746886181106,train
0.5083477338623493,0.2224573241900948,0.1015077968756604,0.1676871450718954,0.0,0.0,41.421753152776375,train
0.5083477338623493,0.2224573241900948,0.1015077968756604,0.1676871450718954,0.0,0.0,34.97963839472121,train
0.5083477338623493,0.2224573241900948,0.1015077968756604,0.1676871450718954,0.0,0.0,31.97860385495046,train
0.5083477338623493,0.2224573241900948,0.1015077968756604,0.1676871450718954,0.0,0.0,10.79298347366791,train
0.5083477338623493,0.2224573241900948,0.1015077968756604,0.1676871450718954,0.0,0.0,28.64631199635398,train
0.5083477338623493,0.2224573241900948,0.1015077968756604,0.1676871450718954,0.0,0.0,29.164290255801024,train
0.5083477338623493,0.2224573241900948,0.1015077968756604,0.1676871450718954,0.0,0.0,41.860334471074246,train
0.5083477338623493,0.2224573241900948,0.1015077968756604,0.1676871450718954,0.0,0.0,27.081775373094207,train
0.5083477338623493,0.2224573241900948,0.1015077968756604,0.1676871450718954,0.0,0.0,39.94740994145061,train
0.5083477338623493,0.2224573241900948,0.1015077968756604,0.1676871450718954,0.0,0.0,28.954055407669358,train
0.5083477338623493,0.2224573241900948,0.1015077968756604,0.1676871450718954,0.0,0.0,28.301935059525363,train
0.5083477338623493,0.2224573241900948,0.1015077968756604,0.1676871450718954,0.0,0.0,23.799291571581385,train
0.5083477338623493,0.2224573241900948,0.1015077968756604,0.1676871450718954,0.0,0.0,42.23906087691592,train
0.5083477338623493,0.2224573241900948,0.1015077968756604,0.1676871450718954,0.0,0.0,34.16914708884751,train
0.5083477338623493,0.2224573241900948,0.1015077968756604,0.1676871450718954,0.0,0.0,31.865025981952513,train
0.5083477338623493,0.2224573241900948,0.1015077968756604,0.1676871450718954,0.0,0.0,30.867925896533215,train
0.5083477338623493,0.2224573241900948,0.1015077968756604,0.1676871450718954,0.0,0.0,30.470760872697525,train
0.5083477338623493,0.2224573241900948,0.1015077968756604,0.1676871450718954,0.0,0.0,16.438504892542394,train
0.5083477338623493,0.2224573241900948,0.1015077968756604,0.1676871450718954,0.0,0.0,37.96982311563958,train
0.5083477338623493,0.2224573241900948,0.1015077968756604,0.1676871450718954,0.0,0.0,37.17984880757574,train
0.4279597500148048,0.3820111115391019,0.099708596086374,0.0903205423597192,0.0,0.0,74.57109853849735,train
0.4279597500148048,0.3820111115391019,0.099708596086374,0.0903205423597192,0.0,0.0,72.4449473901436,train
0.4279597500148048,0.3820111115391019,0.099708596086374,0.0903205423597192,0.0,0.0,69.42347300669763,train
0.4279597500148048,0.3820111115391019,0.099708596086374,0.0903205423597192,0.0,0.0,87.084261464917,train
0.4279597500148048,0.3820111115391019,0.099708596086374,0.0903205423597192,0.0,0.0,67.14708399146996,train
0.4279597500148048,0.3820111115391019,0.099708596086374,0.0903205423597192,0.0,0.0,68.55153553220023,train
0.4279597500148048,0.3820111115391019,0.099708596086374,0.0903205423597192,0.0,0.0,78.00991185847276,train
0.4279597500148048,0.3820111115391019,0.099708596086374,0.0903205423597192,0.0,0.0,71.61842824579496,train
0.4279597500148048,0.3820111115391019,0.099708596086374,0.0903205423597192,0.0,0.0,71.38506037275303,train
0.4279597500148048,0.3820111115391019,0.099708596086374,0.0903205423597192,0.0,0.0,64.6454873389947,train
0.4279597500148048,0.3820111115391019,0.099708596086374,0.0903205423597192,0.0,0.0,70.05043300739025,train
0.4279597500148048,0.3820111115391019,0.099708596086374,0.0903205423597192,0.0,0.0,84.3446494729088,train
0.4279597500148048,0.3820111115391019,0.099708596086374,0.0903205423597192,0.0,0.0,61.398983452526146,train
0.4279597500148048,0.3820111115391019,0.099708596086374,0.0903205423597192,0.0,0.0,76.9249378435031,train
0.4279597500148048,0.3820111115391019,0.099708596086374,0.0903205423597192,0.0,0.0,63.977634697011176,train
0.4279597500148048,0.3820111115391019,0.099708596086374,0.0903205423597192,0.0,0.0,65.70681480580211,train
0.4279597500148048,0.3820111115391019,0.099708596086374,0.0903205423597192,0.0,0.0,68.41688126398405,train
0.4279597500148048,0.3820111115391019,0.099708596086374,0.0903205423597192,0.0,0.0,72.25365231018709,train
0.4279597500148048,0.3820111115391019,0.099708596086374,0.0903205423597192,0.0,0.0,65.97211951893182,train
0.4279597500148048,0.3820111115391019,0.099708596086374,0.0903205423597192,0.0,0.0,69.60370464896144,train
0.4279597500148048,0.3820111115391019,0.099708596086374,0.0903205423597192,0.0,0.0,63.90142977622505,train
0.4279597500148048,0.3820111115391019,0.099708596086374,0.0903205423597192,0.0,0.0,55.82579845889078,train
0.4279597500148048,0.3820111115391019,0.099708596086374,0.0903205423597192,0.0,0.0,72.69480411990547,train
0.4279597500148048,0.3820111115391019,0.099708596086374,0.0903205423597192,0.0,0.0,59.1952926397623,train
0.4279597500148048,0.3820111115391019,0.099708596086374,0.0903205423597192,0.0,0.0,71.37982233651518,train
0.4279597500148048,0.3820111115391019,0.099708596086374,0.0903205423597192,0.0,0.0,70.6285832971382,train
0.4279597500148048,0.3820111115391019,0.099708596086374,0.0903205423597192,0.0,0.0,74.70091122688066,train
0.4279597500148048,0.3820111115391019,0.099708596086374,0.0903205423597192,0.0,0.0,71.0136974989454,train
0.4279597500148048,0.3820111115391019,0.099708596086374,0.0903205423597192,0.0,0.0,65.38061852071928,train
0.4279597500148048,0.3820111115391019,0.099708596086374,0.0903205423597192,0.0,0.0,55.512675878800934,train
0.4430339469891841,0.1769155557375863,0.3800504972732295,0.0,0.0,0.0,6.134172173812891,train
0.4430339469891841,0.1769155557375863,0.3800504972732295,0.0,0.0,0.0,8.418831472377562,train
0.4430339469891841,0.1769155557375863,0.3800504972732295,0.0,0.0,0.0,9.042817128249702,train
0.4430339469891841,0.1769155557375863,0.3800504972732295,0.0,0.0,0.0,7.729144552469033,train
0.4430339469891841,0.1769155557375863,0.3800504972732295,0.0,0.0,0.0,3.8835790624906847,train
0.4430339469891841,0.1769155557375863,0.3800504972732295,0.0,0.0,0.0,9.19680723844944,train
0.4430339469891841,0.1769155557375863,0.3800504972732295,0.0,0.0,0.0,6.847836639218884,train
0.4430339469891841,0.1769155557375863,0.3800504972732295,0.0,0.0,0.0,9.978657752274858,train
0.4430339469891841,0.1769155557375863,0.3800504972732295,0.0,0.0,0.0,8.406883110505508,train
0.4430339469891841,0.1769155557375863,0.3800504972732295,0.0,0.0,0.0,7.252026039357758,train
0.4430339469891841,0.1769155557375863,0.3800504972732295,0.0,0.0,0.0,2.0254703810652384,train
0.4430339469891841,0.1769155557375863,0.3800504972732295,0.0,0.0,0.0,8.756472132830437,train
0.4430339469891841,0.1769155557375863,0.3800504972732295,0.0,0.0,0.0,6.983425433181233,train
0.4430339469891841,0.1769155557375863,0.3800504972732295,0.0,0.0,0.0,6.172750312789746,train
0.4430339469891841,0.1769155557375863,0.3800504972732295,0.0,0.0,0.0,4.558670775571886,train
0.4430339469891841,0.1769155557375863,0.3800504972732295,0.0,0.0,0.0,3.91038696259386,train
0.4430339469891841,0.1769155557375863,0.3800504972732295,0.0,0.0,0.0,6.291139650859101,train
0.4430339469891841,0.1769155557375863,0.3800504972732295,0.0,0.0,0.0,8.291532133750152,train
0.4430339469891841,0.1769155557375863,0.3800504972732295,0.0,0.0,0.0,5.58374173143984,train
0.4430339469891841,0.1769155557375863,0.3800504972732295,0.0,0.0,0.0,5.623902744458751,train
0.4430339469891841,0.1769155557375863,0.3800504972732295,0.0,0.0,0.0,7.546267841231629,train
0.4430339469891841,0.1769155557375863,0.3800504972732295,0.0,0.0,0.0,6.504815426422101,train
0.4430339469891841,0.1769155557375863,0.3800504972732295,0.0,0.0,0.0,4.7880431608106075,train
0.4430339469891841,0.1769155557375863,0.3800504972732295,0.0,0.0,0.0,8.876791598389929,train
0.4430339469891841,0.1769155557375863,0.3800504972732295,0.0,0.0,0.0,8.504377461172385,train
0.4430339469891841,0.1769155557375863,0.3800504972732295,0.0,0.0,0.0,6.221545031229111,train
0.4430339469891841,0.1769155557375863,0.3800504972732295,0.0,0.0,0.0,5.727259797868709,train
0.4430339469891841,0.1769155557375863,0.3800504972732295,0.0,0.0,0.0,4.204880846338698,train
0.4430339469891841,0.1769155557375863,0.3800504972732295,0.0,0.0,0.0,7.993827688105631,train
0.4430339469891841,0.1769155557375863,0.3800504972732295,0.0,0.0,0.0,8.260309775732148,train
0.5069656195679517,0.3052583981925558,0.1006245288490885,0.0871514533904039,0.0,0.0,34.50716457680446,train
0.5069656195679517,0.3052583981925558,0.1006245288490885,0.0871514533904039,0.0,0.0,50.73102417730716,train
0.5069656195679517,0.3052583981925558,0.1006245288490885,0.0871514533904039,0.0,0.0,26.154426402123775,train
0.5069656195679517,0.3052583981925558,0.1006245288490885,0.0871514533904039,0.0,0.0,32.746862257728765,train
0.5069656195679517,0.3052583981925558,0.1006245288490885,0.0871514533904039,0.0,0.0,30.478633503390807,train
0.5069656195679517,0.3052583981925558,0.1006245288490885,0.0871514533904039,0.0,0.0,29.636408059415196,train
0.5069656195679517,0.3052583981925558,0.1006245288490885,0.0871514533904039,0.0,0.0,23.14896763029772,train
0.5069656195679517,0.3052583981925558,0.1006245288490885,0.0871514533904039,0.0,0.0,44.55113340581326,train
0.5069656195679517,0.3052583981925558,0.1006245288490885,0.0871514533904039,0.0,0.0,32.207128536845644,train
0.5069656195679517,0.3052583981925558,0.1006245288490885,0.0871514533904039,0.0,0.0,37.79643131744042,train
0.5069656195679517,0.3052583981925558,0.1006245288490885,0.0871514533904039,0.0,0.0,23.66125840314081,train
0.5069656195679517,0.3052583981925558,0.1006245288490885,0.0871514533904039,0.0,0.0,42.94184106962449,train
0.5069656195679517,0.3052583981925558,0.1006245288490885,0.0871514533904039,0.0,0.0,37.6410098864258,train
0.5069656195679517,0.3052583981925558,0.1006245288490885,0.0871514533904039,0.0,0.0,31.62144386270814,train
0.5069656195679517,0.3052583981925558,0.1006245288490885,0.0871514533904039,0.0,0.0,32.52097028022462,train
0.5069656195679517,0.3052583981925558,0.1006245288490885,0.0871514533904039,0.0,0.0,42.70252260499827,train
0.5069656195679517,0.3052583981925558,0.1006245288490885,0.0871514533904039,0.0,0.0,44.14566124809612,train
0.5069656195679517,0.3052583981925558,0.1006245288490885,0.0871514533904039,0.0,0.0,27.383546736769233,train
0.5069656195679517,0.3052583981925558,0.1006245288490885,0.0871514533904039,0.0,0.0,28.04957744717669,train
0.5069656195679517,0.3052583981925558,0.1006245288490885,0.0871514533904039,0.0,0.0,36.970862501346936,train
0.5069656195679517,0.3052583981925558,0.1006245288490885,0.0871514533904039,0.0,0.0,41.383220937236466,train
0.5069656195679517,0.3052583981925558,0.1006245288490885,0.0871514533904039,0.0,0.0,40.217255555527124,train
0.5069656195679517,0.3052583981925558,0.1006245288490885,0.0871514533904039,0.0,0.0,38.585292982227486,train
0.5069656195679517,0.3052583981925558,0.1006245288490885,0.0871514533904039,0.0,0.0,47.311511023995685,train
0.5069656195679517,0.3052583981925558,0.1006245288490885,0.0871514533904039,0.0,0.0,36.86980185955991,train
0.5069656195679517,0.3052583981925558,0.1006245288490885,0.0871514533904039,0.0,0.0,29.952368267886158,train
0.5069656195679517,0.3052583981925558,0.1006245288490885,0.0871514533904039,0.0,0.0,34.09449865944816,train
0.5069656195679517,0.3052583981925558,0.1006245288490885,0.0871514533904039,0.0,0.0,43.62150348384296,train
0.5069656195679517,0.3052583981925558,0.1006245288490885,0.0871514533904039,0.0,0.0,40.14859177105095,train
0.5069656195679517,0.3052583981925558,0.1006245288490885,0.0871514533904039,0.0,0.0,43.48114048074405,train
0.3078800999942429,0.2213090350308787,0.3863501569633009,0.0844607080115775,0.0,0.0,85.9816109874621,train
0.3078800999942429,0.2213090350308787,0.3863501569633009,0.0844607080115775,0.0,0.0,84.83734988105807,train
0.3078800999942429,0.2213090350308787,0.3863501569633009,0.0844607080115775,0.0,0.0,94.7961698798075,train
0.3078800999942429,0.2213090350308787,0.3863501569633009,0.0844607080115775,0.0,0.0,84.8151318657991,train
0.3078800999942429,0.2213090350308787,0.3863501569633009,0.0844607080115775,0.0,0.0,87.48517123030192,train
0.3078800999942429,0.2213090350308787,0.3863501569633009,0.0844607080115775,0.0,0.0,96.47315175574634,train
0.3078800999942429,0.2213090350308787,0.3863501569633009,0.0844607080115775,0.0,0.0,101.11926127356087,train
0.3078800999942429,0.2213090350308787,0.3863501569633009,0.0844607080115775,0.0,0.0,94.93078966297375,train
0.3078800999942429,0.2213090350308787,0.3863501569633009,0.0844607080115775,0.0,0.0,88.81052852361013,train
0.3078800999942429,0.2213090350308787,0.3863501569633009,0.0844607080115775,0.0,0.0,96.64465384968393,train
0.3078800999942429,0.2213090350308787,0.3863501569633009,0.0844607080115775,0.0,0.0,94.2645983919748,train
0.3078800999942429,0.2213090350308787,0.3863501569633009,0.0844607080115775,0.0,0.0,92.3973966060629,train
0.3078800999942429,0.2213090350308787,0.3863501569633009,0.0844607080115775,0.0,0.0,83.6065338288641,train
0.3078800999942429,0.2213090350308787,0.3863501569633009,0.0844607080115775,0.0,0.0,87.23711744379192,train
0.3078800999942429,0.2213090350308787,0.3863501569633009,0.0844607080115775,0.0,0.0,92.71487894585475,train
0.3078800999942429,0.2213090350308787,0.3863501569633009,0.0844607080115775,0.0,0.0,72.12049696080808,train
0.3078800999942429,0.2213090350308787,0.3863501569633009,0.0844607080115775,0.0,0.0,81.09339558826275,train
0.3078800999942429,0.2213090350308787,0.3863501569633009,0.0844607080115775,0.0,0.0,73.15567179632741,train
0.3078800999942429,0.2213090350308787,0.3863501569633009,0.0844607080115775,0.0,0.0,90.74209298192348,train
0.3078800999942429,0.2213090350308787,0.3863501569633009,0.0844607080115775,0.0,0.0,88.89800767526725,train
0.3078800999942429,0.2213090350308787,0.3863501569633009,0.0844607080115775,0.0,0.0,88.51541661253447,train
0.3078800999942429,0.2213090350308787,0.3863501569633009,0.0844607080115775,0.0,0.0,86.46136928748919,train
0.3078800999942429,0.2213090350308787,0.3863501569633009,0.0844607080115775,0.0,0.0,85.83202501230993,train
0.3078800999942429,0.2213090350308787,0.3863501569633009,0.0844607080115775,0.0,0.0,85.6129487212259,train
0.3078800999942429,0.2213090350308787,0.3863501569633009,0.0844607080115775,0.0,0.0,85.38087776352486,train
0.3078800999942429,0.2213090350308787,0.3863501569633009,0.0844607080115775,0.0,0.0,99.55807188660472,train
0.3078800999942429,0.2213090350308787,0.3863501569633009,0.0844607080115775,0.0,0.0,83.42871626671479,train
0.3078800999942429,0.2213090350308787,0.3863501569633009,0.0844607080115775,0.0,0.0,101.04750742392126,train
0.3078800999942429,0.2213090350308787,0.3863501569633009,0.0844607080115775,0.0,0.0,107.22785846683678,train
0.3078800999942429,0.2213090350308787,0.3863501569633009,0.0844607080115775,0.0,0.0,95.02288529482378,train
0.2123454146473781,0.5079801849379997,0.1968071525097028,0.0828672479049194,0.0,0.0,110.732118760422,train
0.2123454146473781,0.5079801849379997,0.1968071525097028,0.0828672479049194,0.0,0.0,104.49189646340223,train
0.2123454146473781,0.5079801849379997,0.1968071525097028,0.0828672479049194,0.0,0.0,85.72766357068463,train
0.2123454146473781,0.5079801849379997,0.1968071525097028,0.0828672479049194,0.0,0.0,99.97222879878409,train
0.2123454146473781,0.5079801849379997,0.1968071525097028,0.0828672479049194,0.0,0.0,106.53442561596601,train
0.2123454146473781,0.5079801849379997,0.1968071525097028,0.0828672479049194,0.0,0.0,93.0280896353859,train
0.2123454146473781,0.5079801849379997,0.1968071525097028,0.0828672479049194,0.0,0.0,95.40013547227656,train
0.2123454146473781,0.5079801849379997,0.1968071525097028,0.0828672479049194,0.0,0.0,89.68205663476431,train
0.2123454146473781,0.5079801849379997,0.1968071525097028,0.0828672479049194,0.0,0.0,97.31338084478628,train
0.2123454146473781,0.5079801849379997,0.1968071525097028,0.0828672479049194,0.0,0.0,99.6449589282093,train
0.2123454146473781,0.5079801849379997,0.1968071525097028,0.0828672479049194,0.0,0.0,98.03111722974623,train
0.2123454146473781,0.5079801849379997,0.1968071525097028,0.0828672479049194,0.0,0.0,96.00513860587026,train
0.2123454146473781,0.5079801849379997,0.1968071525097028,0.0828672479049194,0.0,0.0,106.69435450931341,train
0.2123454146473781,0.5079801849379997,0.1968071525097028,0.0828672479049194,0.0,0.0,98.25004785328669,train
0.2123454146473781,0.5079801849379997,0.1968071525097028,0.0828672479049194,0.0,0.0,93.49735792648826,train
0.2123454146473781,0.5079801849379997,0.1968071525097028,0.0828672479049194,0.0,0.0,99.91842083372485,train
0.2123454146473781,0.5079801849379997,0.1968071525097028,0.0828672479049194,0.0,0.0,98.10095174439807,train
0.2123454146473781,0.5079801849379997,0.1968071525097028,0.0828672479049194,0.0,0.0,92.00250184966032,train
0.2123454146473781,0.5079801849379997,0.1968071525097028,0.0828672479049194,0.0,0.0,102.29666046191254,train
0.2123454146473781,0.5079801849379997,0.1968071525097028,0.0828672479049194,0.0,0.0,101.47581687030888,train
0.2123454146473781,0.5079801849379997,0.1968071525097028,0.0828672479049194,0.0,0.0,98.71326529282096,train
0.2123454146473781,0.5079801849379997,0.1968071525097028,0.0828672479049194,0.0,0.0,110.07836906868314,train
0.2123454146473781,0.5079801849379997,0.1968071525097028,0.0828672479049194,0.0,0.0,100.91163541117844,train
0.2123454146473781,0.5079801849379997,0.1968071525097028,0.0828672479049194,0.0,0.0,108.0667461999259,train
0.2123454146473781,0.5079801849379997,0.1968071525097028,0.0828672479049194,0.0,0.0,106.31148969411589,train
0.2123454146473781,0.5079801849379997,0.1968071525097028,0.0828672479049194,0.0,0.0,97.02261137748994,train
0.2123454146473781,0.5079801849379997,0.1968071525097028,0.0828672479049194,0.0,0.0,96.7171484760623,train
0.2123454146473781,0.5079801849379997,0.1968071525097028,0.0828672479049194,0.0,0.0,104.23115428992254,train
0.2123454146473781,0.5079801849379997,0.1968071525097028,0.0828672479049194,0.0,0.0,97.31059107294149,train
0.2123454146473781,0.5079801849379997,0.1968071525097028,0.0828672479049194,0.0,0.0,103.9087458458067,train
0.2306518816149881,0.4992354183612754,0.1820034881061069,0.0,0.0881092119176296,0.0,9.259564158071496,train
0.2306518816149881,0.4992354183612754,0.1820034881061069,0.0,0.0881092119176296,0.0,11.778232262843888,train
0.2306518816149881,0.4992354183612754,0.1820034881061069,0.0,0.0881092119176296,0.0,14.502212786238584,train
0.2306518816149881,0.4992354183612754,0.1820034881061069,0.0,0.0881092119176296,0.0,19.977821727395845,train
0.2306518816149881,0.4992354183612754,0.1820034881061069,0.0,0.0881092119176296,0.0,12.70737953686437,train
0.2306518816149881,0.4992354183612754,0.1820034881061069,0.0,0.0881092119176296,0.0,11.689950860609233,train
0.2306518816149881,0.4992354183612754,0.1820034881061069,0.0,0.0881092119176296,0.0,14.360222478062212,train
0.2306518816149881,0.4992354183612754,0.1820034881061069,0.0,0.0881092119176296,0.0,18.92648023206754,train
0.2306518816149881,0.4992354183612754,0.1820034881061069,0.0,0.0881092119176296,0.0,6.777561771814595,train
0.2306518816149881,0.4992354183612754,0.1820034881061069,0.0,0.0881092119176296,0.0,13.560265687410432,train
0.2306518816149881,0.4992354183612754,0.1820034881061069,0.0,0.0881092119176296,0.0,21.17205010128504,train
0.2306518816149881,0.4992354183612754,0.1820034881061069,0.0,0.0881092119176296,0.0,16.298174269655988,train
0.2306518816149881,0.4992354183612754,0.1820034881061069,0.0,0.0881092119176296,0.0,21.322600189264733,train
0.2306518816149881,0.4992354183612754,0.1820034881061069,0.0,0.0881092119176296,0.0,20.63932270812853,train
0.2306518816149881,0.4992354183612754,0.1820034881061069,0.0,0.0881092119176296,0.0,18.044894952807198,train
0.2306518816149881,0.4992354183612754,0.1820034881061069,0.0,0.0881092119176296,0.0,11.285337272298365,train
0.2306518816149881,0.4992354183612754,0.1820034881061069,0.0,0.0881092119176296,0.0,11.221285754765558,train
0.2306518816149881,0.4992354183612754,0.1820034881061069,0.0,0.0881092119176296,0.0,13.167204230873876,train
0.2306518816149881,0.4992354183612754,0.1820034881061069,0.0,0.0881092119176296,0.0,8.211229361434933,train
0.2306518816149881,0.4992354183612754,0.1820034881061069,0.0,0.0881092119176296,0.0,13.587559585225415,train
0.2306518816149881,0.4992354183612754,0.1820034881061069,0.0,0.0881092119176296,0.0,18.433439388057735,train
0.2306518816149881,0.4992354183612754,0.1820034881061069,0.0,0.0881092119176296,0.0,19.48251707846948,train
0.2306518816149881,0.4992354183612754,0.1820034881061069,0.0,0.0881092119176296,0.0,14.328715213498496,train
0.2306518816149881,0.4992354183612754,0.1820034881061069,0.0,0.0881092119176296,0.0,7.625821013795728,train
0.2306518816149881,0.4992354183612754,0.1820034881061069,0.0,0.0881092119176296,0.0,18.000794120406887,train
0.2306518816149881,0.4992354183612754,0.1820034881061069,0.0,0.0881092119176296,0.0,18.49695522647896,train
0.2306518816149881,0.4992354183612754,0.1820034881061069,0.0,0.0881092119176296,0.0,13.322782404852209,train
0.2306518816149881,0.4992354183612754,0.1820034881061069,0.0,0.0881092119176296,0.0,18.592004269313815,train
0.2306518816149881,0.4992354183612754,0.1820034881061069,0.0,0.0881092119176296,0.0,12.820727280667807,train
0.2306518816149881,0.4992354183612754,0.1820034881061069,0.0,0.0881092119176296,0.0,22.499762503834052,train
0.2341007752800943,0.5044048392812583,0.0969443655310016,0.1645500199076456,0.0,0.0,64.82022758705867,train
0.2341007752800943,0.5044048392812583,0.0969443655310016,0.1645500199076456,0.0,0.0,63.16160625229285,train
0.2341007752800943,0.5044048392812583,0.0969443655310016,0.1645500199076456,0.0,0.0,61.2372533489996,train
0.2341007752800943,0.5044048392812583,0.0969443655310016,0.1645500199076456,0.0,0.0,64.06399906606224,train
0.2341007752800943,0.5044048392812583,0.0969443655310016,0.1645500199076456,0.0,0.0,66.04314966995895,train
0.2341007752800943,0.5044048392812583,0.0969443655310016,0.1645500199076456,0.0,0.0,66.33125231550214,train
0.2341007752800943,0.5044048392812583,0.0969443655310016,0.1645500199076456,0.0,0.0,65.85046291165447,train
0.2341007752800943,0.5044048392812583,0.0969443655310016,0.1645500199076456,0.0,0.0,67.20459931752548,train
0.2341007752800943,0.5044048392812583,0.0969443655310016,0.1645500199076456,0.0,0.0,64.45309540231464,train
0.2341007752800943,0.5044048392812583,0.0969443655310016,0.1645500199076456,0.0,0.0,59.39903432452709,train
0.2341007752800943,0.5044048392812583,0.0969443655310016,0.1645500199076456,0.0,0.0,66.15617316595058,train
0.2341007752800943,0.5044048392812583,0.0969443655310016,0.1645500199076456,0.0,0.0,61.538083790654184,train
0.2341007752800943,0.5044048392812583,0.0969443655310016,0.1645500199076456,0.0,0.0,71.83131079947825,train
0.2341007752800943,0.5044048392812583,0.0969443655310016,0.1645500199076456,0.0,0.0,66.7347465856187,train
0.2341007752800943,0.5044048392812583,0.0969443655310016,0.1645500199076456,0.0,0.0,63.493685214386815,train
0.2341007752800943,0.5044048392812583,0.0969443655310016,0.1645500199076456,0.0,0.0,67.35008259800232,train
0.2341007752800943,0.5044048392812583,0.0969443655310016,0.1645500199076456,0.0,0.0,63.620192110377076,train
0.2341007752800943,0.5044048392812583,0.0969443655310016,0.1645500199076456,0.0,0.0,66.28766197774578,train
0.2341007752800943,0.5044048392812583,0.0969443655310016,0.1645500199076456,0.0,0.0,66.03988610588893,train
0.2341007752800943,0.5044048392812583,0.0969443655310016,0.1645500199076456,0.0,0.0,67.62438047836689,train
0.2341007752800943,0.5044048392812583,0.0969443655310016,0.1645500199076456,0.0,0.0,65.84115279110426,train
0.2341007752800943,0.5044048392812583,0.0969443655310016,0.1645500199076456,0.0,0.0,66.91037366103016,train
0.2341007752800943,0.5044048392812583,0.0969443655310016,0.1645500199076456,0.0,0.0,64.64779381918486,train
0.2341007752800943,0.5044048392812583,0.0969443655310016,0.1645500199076456,0.0,0.0,65.51564462523999,train
0.2341007752800943,0.5044048392812583,0.0969443655310016,0.1645500199076456,0.0,0.0,70.99870047925451,train
0.2341007752800943,0.5044048392812583,0.0969443655310016,0.1645500199076456,0.0,0.0,67.81693576832666,train
0.2341007752800943,0.5044048392812583,0.0969443655310016,0.1645500199076456,0.0,0.0,65.62284244000075,train
0.2341007752800943,0.5044048392812583,0.0969443655310016,0.1645500199076456,0.0,0.0,66.47526200485974,train
0.2341007752800943,0.5044048392812583,0.0969443655310016,0.1645500199076456,0.0,0.0,64.8236452861803,train
0.2341007752800943,0.5044048392812583,0.0969443655310016,0.1645500199076456,0.0,0.0,67.65213871778718,train
0.1906361633672215,0.4043636547955581,0.2266512161027418,0.0957277539046315,0.082621211829847,0.0,55.37479814154615,train
0.1906361633672215,0.4043636547955581,0.2266512161027418,0.0957277539046315,0.082621211829847,0.0,57.089263903362074,train
0.1906361633672215,0.4043636547955581,0.2266512161027418,0.0957277539046315,0.082621211829847,0.0,51.88416144862211,train
0.1906361633672215,0.4043636547955581,0.2266512161027418,0.0957277539046315,0.082621211829847,0.0,55.05000303239164,train
0.1906361633672215,0.4043636547955581,0.2266512161027418,0.0957277539046315,0.082621211829847,0.0,57.52392899201175,train
0.1906361633672215,0.4043636547955581,0.2266512161027418,0.0957277539046315,0.082621211829847,0.0,51.50576875128536,train
0.1906361633672215,0.4043636547955581,0.2266512161027418,0.0957277539046315,0.082621211829847,0.0,49.71876797764447,train
0.1906361633672215,0.4043636547955581,0.2266512161027418,0.0957277539046315,0.082621211829847,0.0,54.763639824524176,train
0.1906361633672215,0.4043636547955581,0.2266512161027418,0.0957277539046315,0.082621211829847,0.0,58.6456059496207,train
0.1906361633672215,0.4043636547955581,0.2266512161027418,0.0957277539046315,0.082621211829847,0.0,57.43251845323822,train
0.1906361633672215,0.4043636547955581,0.2266512161027418,0.0957277539046315,0.082621211829847,0.0,51.36617304331003,train
0.1906361633672215,0.4043636547955581,0.2266512161027418,0.0957277539046315,0.082621211829847,0.0,60.620100425559166,train
0.1906361633672215,0.4043636547955581,0.2266512161027418,0.0957277539046315,0.082621211829847,0.0,56.02144846654725,train
0.1906361633672215,0.4043636547955581,0.2266512161027418,0.0957277539046315,0.082621211829847,0.0,54.19996029917205,train
0.1906361633672215,0.4043636547955581,0.2266512161027418,0.0957277539046315,0.082621211829847,0.0,54.64280489173481,train
0.1906361633672215,0.4043636547955581,0.2266512161027418,0.0957277539046315,0.082621211829847,0.0,51.96998402687872,train
0.1906361633672215,0.4043636547955581,0.2266512161027418,0.0957277539046315,0.082621211829847,0.0,58.396094966759755,train
0.1906361633672215,0.4043636547955581,0.2266512161027418,0.0957277539046315,0.082621211829847,0.0,58.169423372455654,train
0.1906361633672215,0.4043636547955581,0.2266512161027418,0.0957277539046315,0.082621211829847,0.0,52.464976330121445,train
0.1906361633672215,0.4043636547955581,0.2266512161027418,0.0957277539046315,0.082621211829847,0.0,53.59188210791336,train
0.1906361633672215,0.4043636547955581,0.2266512161027418,0.0957277539046315,0.082621211829847,0.0,51.851692530823556,train
0.1906361633672215,0.4043636547955581,0.2266512161027418,0.0957277539046315,0.082621211829847,0.0,59.151543204092576,train
0.1906361633672215,0.4043636547955581,0.2266512161027418,0.0957277539046315,0.082621211829847,0.0,53.42990347157501,train
0.1906361633672215,0.4043636547955581,0.2266512161027418,0.0957277539046315,0.082621211829847,0.0,52.81600317080823,train
0.1906361633672215,0.4043636547955581,0.2266512161027418,0.0957277539046315,0.082621211829847,0.0,53.51844795810508,train
0.1906361633672215,0.4043636547955581,0.2266512161027418,0.0957277539046315,0.082621211829847,0.0,57.95193726467427,train
0.1906361633672215,0.4043636547955581,0.2266512161027418,0.0957277539046315,0.082621211829847,0.0,57.6221970496288,train
0.1906361633672215,0.4043636547955581,0.2266512161027418,0.0957277539046315,0.082621211829847,0.0,53.69619098918837,train
0.1906361633672215,0.4043636547955581,0.2266512161027418,0.0957277539046315,0.082621211829847,0.0,57.12878937831086,train
0.1906361633672215,0.4043636547955581,0.2266512161027418,0.0957277539046315,0.082621211829847,0.0,55.38648352956589,train
0.4095235364768618,0.4153046351705805,0.1751718283525576,0.0,0.0,0.0,11.356817982714226,train
0.4095235364768618,0.4153046351705805,0.1751718283525576,0.0,0.0,0.0,7.65655295490095,train
0.4095235364768618,0.4153046351705805,0.1751718283525576,0.0,0.0,0.0,10.955602615355108,train
0.4095235364768618,0.4153046351705805,0.1751718283525576,0.0,0.0,0.0,5.774702035865793,train
0.4095235364768618,0.4153046351705805,0.1751718283525576,0.0,0.0,0.0,4.648427858807608,train
0.4095235364768618,0.4153046351705805,0.1751718283525576,0.0,0.0,0.0,10.98896866686797,train
0.4095235364768618,0.4153046351705805,0.1751718283525576,0.0,0.0,0.0,6.759973767865917,train
0.4095235364768618,0.4153046351705805,0.1751718283525576,0.0,0.0,0.0,9.056494344164198,train
0.4095235364768618,0.4153046351705805,0.1751718283525576,0.0,0.0,0.0,6.098798047254574,train
0.4095235364768618,0.4153046351705805,0.1751718283525576,0.0,0.0,0.0,7.088736825582265,train
0.4095235364768618,0.4153046351705805,0.1751718283525576,0.0,0.0,0.0,8.076788436589252,train
0.4095235364768618,0.4153046351705805,0.1751718283525576,0.0,0.0,0.0,4.933404671923197,train
0.4095235364768618,0.4153046351705805,0.1751718283525576,0.0,0.0,0.0,10.443909009087033,train
0.4095235364768618,0.4153046351705805,0.1751718283525576,0.0,0.0,0.0,9.565625901183463,train
0.4095235364768618,0.4153046351705805,0.1751718283525576,0.0,0.0,0.0,6.931262769755114,train
0.4095235364768618,0.4153046351705805,0.1751718283525576,0.0,0.0,0.0,9.782719025433396,train
0.4095235364768618,0.4153046351705805,0.1751718283525576,0.0,0.0,0.0,5.620033505081528,train
0.4095235364768618,0.4153046351705805,0.1751718283525576,0.0,0.0,0.0,6.417802575440481,train
0.4095235364768618,0.4153046351705805,0.1751718283525576,0.0,0.0,0.0,8.561151767508058,train
0.4095235364768618,0.4153046351705805,0.1751718283525576,0.0,0.0,0.0,5.820975711183641,train
0.4095235364768618,0.4153046351705805,0.1751718283525576,0.0,0.0,0.0,8.502248697866678,train
0.4095235364768618,0.4153046351705805,0.1751718283525576,0.0,0.0,0.0,10.326055987483416,train
0.4095235364768618,0.4153046351705805,0.1751718283525576,0.0,0.0,0.0,9.39694526994988,train
0.4095235364768618,0.4153046351705805,0.1751718283525576,0.0,0.0,0.0,7.181779861514033,train
0.4095235364768618,0.4153046351705805,0.1751718283525576,0.0,0.0,0.0,9.609045522565527,train
0.4095235364768618,0.4153046351705805,0.1751718283525576,0.0,0.0,0.0,5.223901664634781,train
0.4095235364768618,0.4153046351705805,0.1751718283525576,0.0,0.0,0.0,7.655354779420163,train
0.4095235364768618,0.4153046351705805,0.1751718283525576,0.0,0.0,0.0,7.682985821957444,train
0.4095235364768618,0.4153046351705805,0.1751718283525576,0.0,0.0,0.0,7.465029514082866,train
0.4095235364768618,0.4153046351705805,0.1751718283525576,0.0,0.0,0.0,7.797854775125566,train
0.5426729399285165,0.2199915542236243,0.1490508016039145,0.0882847042439445,0.0,0.0,42.78410557987506,train
0.5426729399285165,0.2199915542236243,0.1490508016039145,0.0882847042439445,0.0,0.0,55.68260245420235,train
0.5426729399285165,0.2199915542236243,0.1490508016039145,0.0882847042439445,0.0,0.0,40.43133738104579,train
0.5426729399285165,0.2199915542236243,0.1490508016039145,0.0882847042439445,0.0,0.0,51.70387169967102,train
0.5426729399285165,0.2199915542236243,0.1490508016039145,0.0882847042439445,0.0,0.0,32.770213857042165,train
0.5426729399285165,0.2199915542236243,0.1490508016039145,0.0882847042439445,0.0,0.0,37.222119433288775,train
0.5426729399285165,0.2199915542236243,0.1490508016039145,0.0882847042439445,0.0,0.0,39.896243357870034,train
0.5426729399285165,0.2199915542236243,0.1490508016039145,0.0882847042439445,0.0,0.0,37.751253636650226,train
0.5426729399285165,0.2199915542236243,0.1490508016039145,0.0882847042439445,0.0,0.0,29.37784548887747,train
0.5426729399285165,0.2199915542236243,0.1490508016039145,0.0882847042439445,0.0,0.0,36.06091246105126,train
0.5426729399285165,0.2199915542236243,0.1490508016039145,0.0882847042439445,0.0,0.0,34.094783988420986,train
0.5426729399285165,0.2199915542236243,0.1490508016039145,0.0882847042439445,0.0,0.0,39.96794532078006,train
0.5426729399285165,0.2199915542236243,0.1490508016039145,0.0882847042439445,0.0,0.0,41.0363136340967,train
0.5426729399285165,0.2199915542236243,0.1490508016039145,0.0882847042439445,0.0,0.0,51.46123668969572,train
0.5426729399285165,0.2199915542236243,0.1490508016039145,0.0882847042439445,0.0,0.0,43.20277801900602,train
0.5426729399285165,0.2199915542236243,0.1490508016039145,0.0882847042439445,0.0,0.0,39.980261366261104,train
0.5426729399285165,0.2199915542236243,0.1490508016039145,0.0882847042439445,0.0,0.0,38.57866524735947,train
0.5426729399285165,0.2199915542236243,0.1490508016039145,0.0882847042439445,0.0,0.0,31.159571963659133,train
0.5426729399285165,0.2199915542236243,0.1490508016039145,0.0882847042439445,0.0,0.0,39.28384363708582,train
0.5426729399285165,0.2199915542236243,0.1490508016039145,0.0882847042439445,0.0,0.0,44.688513653480214,train
0.5426729399285165,0.2199915542236243,0.1490508016039145,0.0882847042439445,0.0,0.0,43.511220562923384,train
0.5426729399285165,0.2199915542236243,0.1490508016039145,0.0882847042439445,0.0,0.0,50.38966342704205,train
0.5426729399285165,0.2199915542236243,0.1490508016039145,0.0882847042439445,0.0,0.0,43.48857756696402,train
0.5426729399285165,0.2199915542236243,0.1490508016039145,0.0882847042439445,0.0,0.0,40.96941243966514,train
0.5426729399285165,0.2199915542236243,0.1490508016039145,0.0882847042439445,0.0,0.0,41.04584296532956,train
0.5426729399285165,0.2199915542236243,0.1490508016039145,0.0882847042439445,0.0,0.0,37.4950166381137,train
0.5426729399285165,0.2199915542236243,0.1490508016039145,0.0882847042439445,0.0,0.0,37.209474506780374,train
0.5426729399285165,0.2199915542236243,0.1490508016039145,0.0882847042439445,0.0,0.0,47.41501702725487,train
0.5426729399285165,0.2199915542236243,0.1490508016039145,0.0882847042439445,0.0,0.0,42.50081037588053,train
0.5426729399285165,0.2199915542236243,0.1490508016039145,0.0882847042439445,0.0,0.0,35.1256182764586,train
0.5705274908941438,0.2536266502916755,0.0875824117481282,0.0882634470660523,0.0,0.0,41.6386517779919,train
0.5705274908941438,0.2536266502916755,0.0875824117481282,0.0882634470660523,0.0,0.0,37.250742464622995,train
0.5705274908941438,0.2536266502916755,0.0875824117481282,0.0882634470660523,0.0,0.0,33.27770122769636,train
0.5705274908941438,0.2536266502916755,0.0875824117481282,0.0882634470660523,0.0,0.0,34.80882722976129,train
0.5705274908941438,0.2536266502916755,0.0875824117481282,0.0882634470660523,0.0,0.0,38.69657071242042,train
0.5705274908941438,0.2536266502916755,0.0875824117481282,0.0882634470660523,0.0,0.0,30.497551097618786,train
0.5705274908941438,0.2536266502916755,0.0875824117481282,0.0882634470660523,0.0,0.0,41.22184614991549,train
0.5705274908941438,0.2536266502916755,0.0875824117481282,0.0882634470660523,0.0,0.0,35.024426357447815,train
0.5705274908941438,0.2536266502916755,0.0875824117481282,0.0882634470660523,0.0,0.0,30.901176577582167,train
0.5705274908941438,0.2536266502916755,0.0875824117481282,0.0882634470660523,0.0,0.0,39.20976216746569,train
0.5705274908941438,0.2536266502916755,0.0875824117481282,0.0882634470660523,0.0,0.0,26.86337930094453,train
0.5705274908941438,0.2536266502916755,0.0875824117481282,0.0882634470660523,0.0,0.0,37.23071134774845,train
0.5705274908941438,0.2536266502916755,0.0875824117481282,0.0882634470660523,0.0,0.0,40.92043364311155,train
0.5705274908941438,0.2536266502916755,0.0875824117481282,0.0882634470660523,0.0,0.0,36.8268199717355,train
0.5705274908941438,0.2536266502916755,0.0875824117481282,0.0882634470660523,0.0,0.0,34.678669284314594,train
0.5705274908941438,0.2536266502916755,0.0875824117481282,0.0882634470660523,0.0,0.0,30.885045059537443,train
0.5705274908941438,0.2536266502916755,0.0875824117481282,0.0882634470660523,0.0,0.0,24.947617142659926,train
0.5705274908941438,0.2536266502916755,0.0875824117481282,0.0882634470660523,0.0,0.0,40.431605854389346,train
0.5705274908941438,0.2536266502916755,0.0875824117481282,0.0882634470660523,0.0,0.0,34.023977092305074,train
0.5705274908941438,0.2536266502916755,0.0875824117481282,0.0882634470660523,0.0,0.0,33.08471013553761,train
0.5705274908941438,0.2536266502916755,0.0875824117481282,0.0882634470660523,0.0,0.0,30.814359874338248,train
0.5705274908941438,0.2536266502916755,0.0875824117481282,0.0882634470660523,0.0,0.0,41.30000997891515,train
0.5705274908941438,0.2536266502916755,0.0875824117481282,0.0882634470660523,0.0,0.0,37.926272861140795,train
0.5705274908941438,0.2536266502916755,0.0875824117481282,0.0882634470660523,0.0,0.0,35.91745027145776,train
0.5705274908941438,0.2536266502916755,0.0875824117481282,0.0882634470660523,0.0,0.0,44.01330070906471,train
0.5705274908941438,0.2536266502916755,0.0875824117481282,0.0882634470660523,0.0,0.0,32.34548688440003,train
0.5705274908941438,0.2536266502916755,0.0875824117481282,0.0882634470660523,0.0,0.0,36.48342836696125,train
0.5705274908941438,0.2536266502916755,0.0875824117481282,0.0882634470660523,0.0,0.0,38.26011146749895,train
0.5705274908941438,0.2536266502916755,0.0875824117481282,0.0882634470660523,0.0,0.0,43.99780287393911,train
0.5705274908941438,0.2536266502916755,0.0875824117481282,0.0882634470660523,0.0,0.0,45.87305448249453,train
0.5722976613136135,0.2490081824570476,0.0901286213986644,0.0885655348306745,0.0,0.0,49.42817450548474,train
0.5722976613136135,0.2490081824570476,0.0901286213986644,0.0885655348306745,0.0,0.0,49.53087411018247,train
0.5722976613136135,0.2490081824570476,0.0901286213986644,0.0885655348306745,0.0,0.0,32.17451259384468,train
0.5722976613136135,0.2490081824570476,0.0901286213986644,0.0885655348306745,0.0,0.0,42.34379564390333,train
0.5722976613136135,0.2490081824570476,0.0901286213986644,0.0885655348306745,0.0,0.0,50.71855823065033,train
0.5722976613136135,0.2490081824570476,0.0901286213986644,0.0885655348306745,0.0,0.0,41.825108529636914,train
0.5722976613136135,0.2490081824570476,0.0901286213986644,0.0885655348306745,0.0,0.0,44.234859162214256,train
0.5722976613136135,0.2490081824570476,0.0901286213986644,0.0885655348306745,0.0,0.0,36.782858521007896,train
0.5722976613136135,0.2490081824570476,0.0901286213986644,0.0885655348306745,0.0,0.0,43.50705310304492,train
0.5722976613136135,0.2490081824570476,0.0901286213986644,0.0885655348306745,0.0,0.0,52.14705936437892,train
0.5722976613136135,0.2490081824570476,0.0901286213986644,0.0885655348306745,0.0,0.0,37.905625482593905,train
0.5722976613136135,0.2490081824570476,0.0901286213986644,0.0885655348306745,0.0,0.0,43.99556978055708,train
0.5722976613136135,0.2490081824570476,0.0901286213986644,0.0885655348306745,0.0,0.0,44.62406861057356,train
0.5722976613136135,0.2490081824570476,0.0901286213986644,0.0885655348306745,0.0,0.0,41.110896649003166,train
0.5722976613136135,0.2490081824570476,0.0901286213986644,0.0885655348306745,0.0,0.0,49.966057139375245,train
0.5722976613136135,0.2490081824570476,0.0901286213986644,0.0885655348306745,0.0,0.0,32.190386558572364,train
0.5722976613136135,0.2490081824570476,0.0901286213986644,0.0885655348306745,0.0,0.0,32.92754429908054,train
0.5722976613136135,0.2490081824570476,0.0901286213986644,0.0885655348306745,0.0,0.0,41.28099247313465,train
0.5722976613136135,0.2490081824570476,0.0901286213986644,0.0885655348306745,0.0,0.0,41.92721300580029,train
0.5722976613136135,0.2490081824570476,0.0901286213986644,0.0885655348306745,0.0,0.0,46.778666697761324,train
0.5722976613136135,0.2490081824570476,0.0901286213986644,0.0885655348306745,0.0,0.0,47.69058533922199,train
0.5722976613136135,0.2490081824570476,0.0901286213986644,0.0885655348306745,0.0,0.0,34.43838363232666,train
0.5722976613136135,0.2490081824570476,0.0901286213986644,0.0885655348306745,0.0,0.0,34.87735735435402,train
0.5722976613136135,0.2490081824570476,0.0901286213986644,0.0885655348306745,0.0,0.0,34.6355239451091,train
0.5722976613136135,0.2490081824570476,0.0901286213986644,0.0885655348306745,0.0,0.0,36.63270637322044,train
0.5722976613136135,0.2490081824570476,0.0901286213986644,0.0885655348306745,0.0,0.0,45.775544854835445,train
0.5722976613136135,0.2490081824570476,0.0901286213986644,0.0885655348306745,0.0,0.0,34.965758722398235,train
0.5722976613136135,0.2490081824570476,0.0901286213986644,0.0885655348306745,0.0,0.0,48.28177445303003,train
0.5722976613136135,0.2490081824570476,0.0901286213986644,0.0885655348306745,0.0,0.0,39.16843155738551,train
0.5722976613136135,0.2490081824570476,0.0901286213986644,0.0885655348306745,0.0,0.0,47.9781312232921,train
0.4283573536201009,0.303102476402757,0.0880590308975804,0.1804811390795615,0.0,0.0,50.90263802453845,train
0.4283573536201009,0.303102476402757,0.0880590308975804,0.1804811390795615,0.0,0.0,53.945496527961446,train
0.4283573536201009,0.303102476402757,0.0880590308975804,0.1804811390795615,0.0,0.0,60.431743789617656,train
0.4283573536201009,0.303102476402757,0.0880590308975804,0.1804811390795615,0.0,0.0,56.1052749821573,train
0.4283573536201009,0.303102476402757,0.0880590308975804,0.1804811390795615,0.0,0.0,57.94596643470852,train
0.4283573536201009,0.303102476402757,0.0880590308975804,0.1804811390795615,0.0,0.0,56.44767546695344,train
0.4283573536201009,0.303102476402757,0.0880590308975804,0.1804811390795615,0.0,0.0,55.94082278722399,train
0.4283573536201009,0.303102476402757,0.0880590308975804,0.1804811390795615,0.0,0.0,56.6113215072453,train
0.4283573536201009,0.303102476402757,0.0880590308975804,0.1804811390795615,0.0,0.0,53.867144240143226,train
0.4283573536201009,0.303102476402757,0.0880590308975804,0.1804811390795615,0.0,0.0,54.58828493074957,train
0.4283573536201009,0.303102476402757,0.0880590308975804,0.1804811390795615,0.0,0.0,45.04554360756714,train
0.4283573536201009,0.303102476402757,0.0880590308975804,0.1804811390795615,0.0,0.0,55.6626547425611,train
0.4283573536201009,0.303102476402757,0.0880590308975804,0.1804811390795615,0.0,0.0,52.13880991506418,train
0.4283573536201009,0.303102476402757,0.0880590308975804,0.1804811390795615,0.0,0.0,46.00507408159178,train
0.4283573536201009,0.303102476402757,0.0880590308975804,0.1804811390795615,0.0,0.0,51.74675142140909,train
0.4283573536201009,0.303102476402757,0.0880590308975804,0.1804811390795615,0.0,0.0,60.33174020044281,train
0.4283573536201009,0.303102476402757,0.0880590308975804,0.1804811390795615,0.0,0.0,52.764229543021045,train
0.4283573536201009,0.303102476402757,0.0880590308975804,0.1804811390795615,0.0,0.0,56.661757138578935,train
0.4283573536201009,0.303102476402757,0.0880590308975804,0.1804811390795615,0.0,0.0,53.32841773846363,train
0.4283573536201009,0.303102476402757,0.0880590308975804,0.1804811390795615,0.0,0.0,49.99497291004775,train
0.4283573536201009,0.303102476402757,0.0880590308975804,0.1804811390795615,0.0,0.0,53.386399539782865,train
0.4283573536201009,0.303102476402757,0.0880590308975804,0.1804811390795615,0.0,0.0,56.50004389839059,train
0.4283573536201009,0.303102476402757,0.0880590308975804,0.1804811390795615,0.0,0.0,52.57519477420473,train
0.4283573536201009,0.303102476402757,0.0880590308975804,0.1804811390795615,0.0,0.0,56.48149859666872,train
0.4283573536201009,0.303102476402757,0.0880590308975804,0.1804811390795615,0.0,0.0,56.57272168500312,train
0.4283573536201009,0.303102476402757,0.0880590308975804,0.1804811390795615,0.0,0.0,52.95068313294554,train
0.4283573536201009,0.303102476402757,0.0880590308975804,0.1804811390795615,0.0,0.0,58.62501335680951,train
0.4283573536201009,0.303102476402757,0.0880590308975804,0.1804811390795615,0.0,0.0,56.364245144369754,train
0.4283573536201009,0.303102476402757,0.0880590308975804,0.1804811390795615,0.0,0.0,57.06817697648474,train
0.4283573536201009,0.303102476402757,0.0880590308975804,0.1804811390795615,0.0,0.0,57.31798526917562,train
0.1939385653003168,0.3521716301117991,0.4538898045878841,0.0,0.0,0.0,4.146763538509774,train
0.1939385653003168,0.3521716301117991,0.4538898045878841,0.0,0.0,0.0,7.4561033631376725,train
0.1939385653003168,0.3521716301117991,0.4538898045878841,0.0,0.0,0.0,5.129454050016843,train
0.1939385653003168,0.3521716301117991,0.4538898045878841,0.0,0.0,0.0,6.388275933363561,train
0.1939385653003168,0.3521716301117991,0.4538898045878841,0.0,0.0,0.0,3.1027794609707477,train
0.1939385653003168,0.3521716301117991,0.4538898045878841,0.0,0.0,0.0,5.826216008051528,train
0.1939385653003168,0.3521716301117991,0.4538898045878841,0.0,0.0,0.0,1.7309419805174429,train
0.1939385653003168,0.3521716301117991,0.4538898045878841,0.0,0.0,0.0,7.081867892387664,train
0.1939385653003168,0.3521716301117991,0.4538898045878841,0.0,0.0,0.0,5.593904547544302,train
0.1939385653003168,0.3521716301117991,0.4538898045878841,0.0,0.0,0.0,4.497566049633537,train
0.1939385653003168,0.3521716301117991,0.4538898045878841,0.0,0.0,0.0,3.720474093653978,train
0.1939385653003168,0.3521716301117991,0.4538898045878841,0.0,0.0,0.0,3.623252091337317,train
0.1939385653003168,0.3521716301117991,0.4538898045878841,0.0,0.0,0.0,3.1992515720355588,train
0.1939385653003168,0.3521716301117991,0.4538898045878841,0.0,0.0,0.0,3.8594916778553667,train
0.1939385653003168,0.3521716301117991,0.4538898045878841,0.0,0.0,0.0,7.448411317496187,train
0.1939385653003168,0.3521716301117991,0.4538898045878841,0.0,0.0,0.0,3.5544111483872722,train
0.1939385653003168,0.3521716301117991,0.4538898045878841,0.0,0.0,0.0,3.6127458474385246,train
0.1939385653003168,0.3521716301117991,0.4538898045878841,0.0,0.0,0.0,1.9326427043935723,train
0.1939385653003168,0.3521716301117991,0.4538898045878841,0.0,0.0,0.0,5.359154608224589,train
0.1939385653003168,0.3521716301117991,0.4538898045878841,0.0,0.0,0.0,4.124256350304631,train
0.1939385653003168,0.3521716301117991,0.4538898045878841,0.0,0.0,0.0,6.274551117681469,train
0.1939385653003168,0.3521716301117991,0.4538898045878841,0.0,0.0,0.0,5.852649138759537,train
0.1939385653003168,0.3521716301117991,0.4538898045878841,0.0,0.0,0.0,5.230727438541373,train
0.1939385653003168,0.3521716301117991,0.4538898045878841,0.0,0.0,0.0,5.425615591095832,train
0.1939385653003168,0.3521716301117991,0.4538898045878841,0.0,0.0,0.0,5.734180676949641,train
0.1939385653003168,0.3521716301117991,0.4538898045878841,0.0,0.0,0.0,5.427033642649507,train
0.1939385653003168,0.3521716301117991,0.4538898045878841,0.0,0.0,0.0,7.9719483514735,train
0.1939385653003168,0.3521716301117991,0.4538898045878841,0.0,0.0,0.0,3.7452460454755307,train
0.1939385653003168,0.3521716301117991,0.4538898045878841,0.0,0.0,0.0,5.809980199738049,train
0.1939385653003168,0.3521716301117991,0.4538898045878841,0.0,0.0,0.0,5.258125706913221,train
0.5108891068589234,0.2267178114156204,0.1775873940988444,0.0848056876266116,0.0,0.0,32.50685188103508,train
0.5108891068589234,0.2267178114156204,0.1775873940988444,0.0848056876266116,0.0,0.0,33.27777220132256,train
0.5108891068589234,0.2267178114156204,0.1775873940988444,0.0848056876266116,0.0,0.0,51.593471581991345,train
0.5108891068589234,0.2267178114156204,0.1775873940988444,0.0848056876266116,0.0,0.0,61.42676868673661,train
0.5108891068589234,0.2267178114156204,0.1775873940988444,0.0848056876266116,0.0,0.0,47.06909930804336,train
0.5108891068589234,0.2267178114156204,0.1775873940988444,0.0848056876266116,0.0,0.0,29.36906133775458,train
0.5108891068589234,0.2267178114156204,0.1775873940988444,0.0848056876266116,0.0,0.0,63.65430646477192,train
0.5108891068589234,0.2267178114156204,0.1775873940988444,0.0848056876266116,0.0,0.0,38.393101155479,train
0.5108891068589234,0.2267178114156204,0.1775873940988444,0.0848056876266116,0.0,0.0,70.56429638811619,train
0.5108891068589234,0.2267178114156204,0.1775873940988444,0.0848056876266116,0.0,0.0,46.994692303080804,train
0.5108891068589234,0.2267178114156204,0.1775873940988444,0.0848056876266116,0.0,0.0,42.540945265016084,train
0.5108891068589234,0.2267178114156204,0.1775873940988444,0.0848056876266116,0.0,0.0,22.28440128374919,train
0.5108891068589234,0.2267178114156204,0.1775873940988444,0.0848056876266116,0.0,0.0,58.47454837740376,train
0.5108891068589234,0.2267178114156204,0.1775873940988444,0.0848056876266116,0.0,0.0,31.46133772896813,train
0.5108891068589234,0.2267178114156204,0.1775873940988444,0.0848056876266116,0.0,0.0,54.18583801110573,train
0.5108891068589234,0.2267178114156204,0.1775873940988444,0.0848056876266116,0.0,0.0,64.16464422535388,train
0.5108891068589234,0.2267178114156204,0.1775873940988444,0.0848056876266116,0.0,0.0,40.14417793274766,train
0.5108891068589234,0.2267178114156204,0.1775873940988444,0.0848056876266116,0.0,0.0,27.309285148790288,train
0.5108891068589234,0.2267178114156204,0.1775873940988444,0.0848056876266116,0.0,0.0,48.94501297417237,train
0.5108891068589234,0.2267178114156204,0.1775873940988444,0.0848056876266116,0.0,0.0,56.335492761188895,train
0.5108891068589234,0.2267178114156204,0.1775873940988444,0.0848056876266116,0.0,0.0,76.59712012835786,train
0.5108891068589234,0.2267178114156204,0.1775873940988444,0.0848056876266116,0.0,0.0,38.29401550173017,train
0.5108891068589234,0.2267178114156204,0.1775873940988444,0.0848056876266116,0.0,0.0,23.39694936739898,train
0.5108891068589234,0.2267178114156204,0.1775873940988444,0.0848056876266116,0.0,0.0,37.08452445716826,train
0.5108891068589234,0.2267178114156204,0.1775873940988444,0.0848056876266116,0.0,0.0,28.48534217961863,train
0.5108891068589234,0.2267178114156204,0.1775873940988444,0.0848056876266116,0.0,0.0,56.28669815142053,train
0.5108891068589234,0.2267178114156204,0.1775873940988444,0.0848056876266116,0.0,0.0,40.056390315871255,train
0.5108891068589234,0.2267178114156204,0.1775873940988444,0.0848056876266116,0.0,0.0,13.458247056465694,train
0.5108891068589234,0.2267178114156204,0.1775873940988444,0.0848056876266116,0.0,0.0,30.056866388101202,train
0.5108891068589234,0.2267178114156204,0.1775873940988444,0.0848056876266116,0.0,0.0,40.73613441149822,train
0.508476553543306,0.2324116217154507,0.1728384064765314,0.0862734182647118,0.0,0.0,66.20214798948099,train
0.508476553543306,0.2324116217154507,0.1728384064765314,0.0862734182647118,0.0,0.0,65.06427089579087,train
0.508476553543306,0.2324116217154507,0.1728384064765314,0.0862734182647118,0.0,0.0,64.48444154839139,train
0.508476553543306,0.2324116217154507,0.1728384064765314,0.0862734182647118,0.0,0.0,64.13501950613656,train
0.508476553543306,0.2324116217154507,0.1728384064765314,0.0862734182647118,0.0,0.0,66.60030493290976,train
0.508476553543306,0.2324116217154507,0.1728384064765314,0.0862734182647118,0.0,0.0,67.6089166851662,train
0.508476553543306,0.2324116217154507,0.1728384064765314,0.0862734182647118,0.0,0.0,66.0068458788313,train
0.508476553543306,0.2324116217154507,0.1728384064765314,0.0862734182647118,0.0,0.0,63.17908893829385,train
0.508476553543306,0.2324116217154507,0.1728384064765314,0.0862734182647118,0.0,0.0,66.54204812377769,train
0.508476553543306,0.2324116217154507,0.1728384064765314,0.0862734182647118,0.0,0.0,64.27644735202199,train
0.508476553543306,0.2324116217154507,0.1728384064765314,0.0862734182647118,0.0,0.0,65.55632417282953,train
0.508476553543306,0.2324116217154507,0.1728384064765314,0.0862734182647118,0.0,0.0,62.043397180838696,train
0.508476553543306,0.2324116217154507,0.1728384064765314,0.0862734182647118,0.0,0.0,67.74373207426854,train
0.508476553543306,0.2324116217154507,0.1728384064765314,0.0862734182647118,0.0,0.0,67.09494814031336,train
0.508476553543306,0.2324116217154507,0.1728384064765314,0.0862734182647118,0.0,0.0,64.89774816916909,train
0.508476553543306,0.2324116217154507,0.1728384064765314,0.0862734182647118,0.0,0.0,65.14585184872841,train
0.508476553543306,0.2324116217154507,0.1728384064765314,0.0862734182647118,0.0,0.0,62.4776920766803,train
0.508476553543306,0.2324116217154507,0.1728384064765314,0.0862734182647118,0.0,0.0,63.88658558338793,train
0.508476553543306,0.2324116217154507,0.1728384064765314,0.0862734182647118,0.0,0.0,63.9044343067071,train
0.508476553543306,0.2324116217154507,0.1728384064765314,0.0862734182647118,0.0,0.0,62.88873491375517,train
0.508476553543306,0.2324116217154507,0.1728384064765314,0.0862734182647118,0.0,0.0,63.33728443815855,train
0.508476553543306,0.2324116217154507,0.1728384064765314,0.0862734182647118,0.0,0.0,64.24347887736972,train
0.508476553543306,0.2324116217154507,0.1728384064765314,0.0862734182647118,0.0,0.0,66.64913780288276,train
0.508476553543306,0.2324116217154507,0.1728384064765314,0.0862734182647118,0.0,0.0,65.50573474476003,train
0.508476553543306,0.2324116217154507,0.1728384064765314,0.0862734182647118,0.0,0.0,67.79265343607322,train
0.508476553543306,0.2324116217154507,0.1728384064765314,0.0862734182647118,0.0,0.0,66.22812653781885,train
0.508476553543306,0.2324116217154507,0.1728384064765314,0.0862734182647118,0.0,0.0,65.49494281214342,train
0.508476553543306,0.2324116217154507,0.1728384064765314,0.0862734182647118,0.0,0.0,66.48089311212276,train
0.508476553543306,0.2324116217154507,0.1728384064765314,0.0862734182647118,0.0,0.0,66.8356235593589,train
0.508476553543306,0.2324116217154507,0.1728384064765314,0.0862734182647118,0.0,0.0,66.86237545083024,train
0.5535924602587167,0.2131260753761563,0.171545713058625,0.0617357513065018,0.0,0.0,67.40829723628326,train
0.5535924602587167,0.2131260753761563,0.171545713058625,0.0617357513065018,0.0,0.0,65.61163261347912,train
0.5535924602587167,0.2131260753761563,0.171545713058625,0.0617357513065018,0.0,0.0,65.73741256432277,train
0.5535924602587167,0.2131260753761563,0.171545713058625,0.0617357513065018,0.0,0.0,57.64685423768318,train
0.5535924602587167,0.2131260753761563,0.171545713058625,0.0617357513065018,0.0,0.0,56.1409691145191,train
0.5535924602587167,0.2131260753761563,0.171545713058625,0.0617357513065018,0.0,0.0,48.06111051124942,train
0.5535924602587167,0.2131260753761563,0.171545713058625,0.0617357513065018,0.0,0.0,56.631744427284396,train
0.5535924602587167,0.2131260753761563,0.171545713058625,0.0617357513065018,0.0,0.0,56.95440153653654,train
0.5535924602587167,0.2131260753761563,0.171545713058625,0.0617357513065018,0.0,0.0,63.1848616066505,train
0.5535924602587167,0.2131260753761563,0.171545713058625,0.0617357513065018,0.0,0.0,63.23252875690361,train
0.5535924602587167,0.2131260753761563,0.171545713058625,0.0617357513065018,0.0,0.0,67.62950414003916,train
0.5535924602587167,0.2131260753761563,0.171545713058625,0.0617357513065018,0.0,0.0,66.75348030959243,train
0.5535924602587167,0.2131260753761563,0.171545713058625,0.0617357513065018,0.0,0.0,71.14095610982321,train
0.5535924602587167,0.2131260753761563,0.171545713058625,0.0617357513065018,0.0,0.0,61.00807508700898,train
0.5535924602587167,0.2131260753761563,0.171545713058625,0.0617357513065018,0.0,0.0,62.29686641428322,train
0.5535924602587167,0.2131260753761563,0.171545713058625,0.0617357513065018,0.0,0.0,70.91189508389328,train
0.5535924602587167,0.2131260753761563,0.171545713058625,0.0617357513065018,0.0,0.0,71.32219911233094,train
0.5535924602587167,0.2131260753761563,0.171545713058625,0.0617357513065018,0.0,0.0,59.63019235679747,train
0.5535924602587167,0.2131260753761563,0.171545713058625,0.0617357513065018,0.0,0.0,57.752705439134864,train
0.5535924602587167,0.2131260753761563,0.171545713058625,0.0617357513065018,0.0,0.0,61.72745633968376,train
0.5535924602587167,0.2131260753761563,0.171545713058625,0.0617357513065018,0.0,0.0,61.088141684587825,train
0.5535924602587167,0.2131260753761563,0.171545713058625,0.0617357513065018,0.0,0.0,63.548867520274285,train
0.5535924602587167,0.2131260753761563,0.171545713058625,0.0617357513065018,0.0,0.0,50.11257133594108,train
0.5535924602587167,0.2131260753761563,0.171545713058625,0.0617357513065018,0.0,0.0,67.71150985245812,train
0.5535924602587167,0.2131260753761563,0.171545713058625,0.0617357513065018,0.0,0.0,59.65537447300906,train
0.5535924602587167,0.2131260753761563,0.171545713058625,0.0617357513065018,0.0,0.0,72.2853481469432,train
0.5535924602587167,0.2131260753761563,0.171545713058625,0.0617357513065018,0.0,0.0,67.31322205259602,train
0.5535924602587167,0.2131260753761563,0.171545713058625,0.0617357513065018,0.0,0.0,61.331689221023886,train
0.5535924602587167,0.2131260753761563,0.171545713058625,0.0617357513065018,0.0,0.0,68.74268241595593,train
0.5535924602587167,0.2131260753761563,0.171545713058625,0.0617357513065018,0.0,0.0,62.43210854128964,train
0.5116229155075326,0.2263794860021154,0.1908595876863925,0.0711380108039592,0.0,0.0,60.59626267263633,train
0.5116229155075326,0.2263794860021154,0.1908595876863925,0.0711380108039592,0.0,0.0,59.73657544157657,train
0.5116229155075326,0.2263794860021154,0.1908595876863925,0.0711380108039592,0.0,0.0,65.73261595378918,train
0.5116229155075326,0.2263794860021154,0.1908595876863925,0.0711380108039592,0.0,0.0,56.7730937111723,train
0.5116229155075326,0.2263794860021154,0.1908595876863925,0.0711380108039592,0.0,0.0,66.72997709905943,train
0.5116229155075326,0.2263794860021154,0.1908595876863925,0.0711380108039592,0.0,0.0,60.48968393706644,train
0.5116229155075326,0.2263794860021154,0.1908595876863925,0.0711380108039592,0.0,0.0,62.652297082461835,train
0.5116229155075326,0.2263794860021154,0.1908595876863925,0.0711380108039592,0.0,0.0,68.8911285260049,train
0.5116229155075326,0.2263794860021154,0.1908595876863925,0.0711380108039592,0.0,0.0,55.4623477354757,train
0.5116229155075326,0.2263794860021154,0.1908595876863925,0.0711380108039592,0.0,0.0,71.18782108277414,train
0.5116229155075326,0.2263794860021154,0.1908595876863925,0.0711380108039592,0.0,0.0,54.035926608486626,train
0.5116229155075326,0.2263794860021154,0.1908595876863925,0.0711380108039592,0.0,0.0,63.64592131355806,train
0.5116229155075326,0.2263794860021154,0.1908595876863925,0.0711380108039592,0.0,0.0,57.69847498876995,train
0.5116229155075326,0.2263794860021154,0.1908595876863925,0.0711380108039592,0.0,0.0,64.58508358200018,train
0.5116229155075326,0.2263794860021154,0.1908595876863925,0.0711380108039592,0.0,0.0,54.41298911619909,train
0.5116229155075326,0.2263794860021154,0.1908595876863925,0.0711380108039592,0.0,0.0,58.581916654024084,train
0.5116229155075326,0.2263794860021154,0.1908595876863925,0.0711380108039592,0.0,0.0,62.48774731027064,train
0.5116229155075326,0.2263794860021154,0.1908595876863925,0.0711380108039592,0.0,0.0,67.5113490633981,train
0.5116229155075326,0.2263794860021154,0.1908595876863925,0.0711380108039592,0.0,0.0,61.03892881033081,train
0.5116229155075326,0.2263794860021154,0.1908595876863925,0.0711380108039592,0.0,0.0,67.6501452700451,train
0.5116229155075326,0.2263794860021154,0.1908595876863925,0.0711380108039592,0.0,0.0,67.09035532556494,train
0.5116229155075326,0.2263794860021154,0.1908595876863925,0.0711380108039592,0.0,0.0,57.097317727806335,train
0.5116229155075326,0.2263794860021154,0.1908595876863925,0.0711380108039592,0.0,0.0,55.73763128678481,train
0.5116229155075326,0.2263794860021154,0.1908595876863925,0.0711380108039592,0.0,0.0,56.39780528180583,train
0.5116229155075326,0.2263794860021154,0.1908595876863925,0.0711380108039592,0.0,0.0,48.84702130351534,train
0.5116229155075326,0.2263794860021154,0.1908595876863925,0.0711380108039592,0.0,0.0,51.78317706763315,train
0.5116229155075326,0.2263794860021154,0.1908595876863925,0.0711380108039592,0.0,0.0,51.16342243501961,train
0.5116229155075326,0.2263794860021154,0.1908595876863925,0.0711380108039592,0.0,0.0,65.11542451719382,train
0.5116229155075326,0.2263794860021154,0.1908595876863925,0.0711380108039592,0.0,0.0,61.33603902747796,train
0.5116229155075326,0.2263794860021154,0.1908595876863925,0.0711380108039592,0.0,0.0,69.62953214140829,train
0.524952922968346,0.2093300491737285,0.0836911947083872,0.1820258331495383,0.0,0.0,19.223138466469756,train
0.524952922968346,0.2093300491737285,0.0836911947083872,0.1820258331495383,0.0,0.0,20.39924938027093,train
0.524952922968346,0.2093300491737285,0.0836911947083872,0.1820258331495383,0.0,0.0,17.23419701251457,train
0.524952922968346,0.2093300491737285,0.0836911947083872,0.1820258331495383,0.0,0.0,17.78853602456219,train
0.524952922968346,0.2093300491737285,0.0836911947083872,0.1820258331495383,0.0,0.0,20.647714245535486,train
0.524952922968346,0.2093300491737285,0.0836911947083872,0.1820258331495383,0.0,0.0,17.987034730003728,train
0.524952922968346,0.2093300491737285,0.0836911947083872,0.1820258331495383,0.0,0.0,20.03900916708363,train
0.524952922968346,0.2093300491737285,0.0836911947083872,0.1820258331495383,0.0,0.0,17.016167887320748,train
0.524952922968346,0.2093300491737285,0.0836911947083872,0.1820258331495383,0.0,0.0,18.213621131973696,train
0.524952922968346,0.2093300491737285,0.0836911947083872,0.1820258331495383,0.0,0.0,18.42038471257309,train
0.524952922968346,0.2093300491737285,0.0836911947083872,0.1820258331495383,0.0,0.0,17.933241555570202,train
0.524952922968346,0.2093300491737285,0.0836911947083872,0.1820258331495383,0.0,0.0,17.920868159148988,train
0.524952922968346,0.2093300491737285,0.0836911947083872,0.1820258331495383,0.0,0.0,20.702072491464286,train
0.524952922968346,0.2093300491737285,0.0836911947083872,0.1820258331495383,0.0,0.0,20.395238935379417,train
0.524952922968346,0.2093300491737285,0.0836911947083872,0.1820258331495383,0.0,0.0,18.428824774237206,train
0.524952922968346,0.2093300491737285,0.0836911947083872,0.1820258331495383,0.0,0.0,18.32189548380045,train
0.524952922968346,0.2093300491737285,0.0836911947083872,0.1820258331495383,0.0,0.0,17.070823367840738,train
0.524952922968346,0.2093300491737285,0.0836911947083872,0.1820258331495383,0.0,0.0,18.13107447944093,train
0.524952922968346,0.2093300491737285,0.0836911947083872,0.1820258331495383,0.0,0.0,18.673093420099477,train
0.524952922968346,0.2093300491737285,0.0836911947083872,0.1820258331495383,0.0,0.0,18.59991915874781,train
0.524952922968346,0.2093300491737285,0.0836911947083872,0.1820258331495383,0.0,0.0,18.32250191294668,train
0.524952922968346,0.2093300491737285,0.0836911947083872,0.1820258331495383,0.0,0.0,17.641350549898856,train
0.524952922968346,0.2093300491737285,0.0836911947083872,0.1820258331495383,0.0,0.0,20.034189534659653,train
0.524952922968346,0.2093300491737285,0.0836911947083872,0.1820258331495383,0.0,0.0,19.88654780766141,train
0.524952922968346,0.2093300491737285,0.0836911947083872,0.1820258331495383,0.0,0.0,19.44304615271112,train
0.524952922968346,0.2093300491737285,0.0836911947083872,0.1820258331495383,0.0,0.0,19.585159737628306,train
0.524952922968346,0.2093300491737285,0.0836911947083872,0.1820258331495383,0.0,0.0,21.106616589774973,train
0.524952922968346,0.2093300491737285,0.0836911947083872,0.1820258331495383,0.0,0.0,16.677221094390447,train
0.524952922968346,0.2093300491737285,0.0836911947083872,0.1820258331495383,0.0,0.0,17.765040588056454,train
0.524952922968346,0.2093300491737285,0.0836911947083872,0.1820258331495383,0.0,0.0,19.666046455741782,train
0.2300126235532236,0.4999971467399693,0.1805403311111953,0.0894498985956116,0.0,0.0,54.069591989034656,train
0.2300126235532236,0.4999971467399693,0.1805403311111953,0.0894498985956116,0.0,0.0,55.977222564358236,train
0.2300126235532236,0.4999971467399693,0.1805403311111953,0.0894498985956116,0.0,0.0,45.47680316473661,train
0.2300126235532236,0.4999971467399693,0.1805403311111953,0.0894498985956116,0.0,0.0,62.83768799050167,train
0.2300126235532236,0.4999971467399693,0.1805403311111953,0.0894498985956116,0.0,0.0,48.007151487881565,train
0.2300126235532236,0.4999971467399693,0.1805403311111953,0.0894498985956116,0.0,0.0,53.158630026714214,train
0.2300126235532236,0.4999971467399693,0.1805403311111953,0.0894498985956116,0.0,0.0,67.47914828151502,train
0.2300126235532236,0.4999971467399693,0.1805403311111953,0.0894498985956116,0.0,0.0,60.42431950183973,train
0.2300126235532236,0.4999971467399693,0.1805403311111953,0.0894498985956116,0.0,0.0,47.802122854510294,train
0.2300126235532236,0.4999971467399693,0.1805403311111953,0.0894498985956116,0.0,0.0,61.64763579494027,train
0.2300126235532236,0.4999971467399693,0.1805403311111953,0.0894498985956116,0.0,0.0,62.95862399201441,train
0.2300126235532236,0.4999971467399693,0.1805403311111953,0.0894498985956116,0.0,0.0,37.50268586097163,train
0.2300126235532236,0.4999971467399693,0.1805403311111953,0.0894498985956116,0.0,0.0,50.32814748254643,train
0.2300126235532236,0.4999971467399693,0.1805403311111953,0.0894498985956116,0.0,0.0,50.47482350320399,train
0.2300126235532236,0.4999971467399693,0.1805403311111953,0.0894498985956116,0.0,0.0,60.80458001469375,train
0.2300126235532236,0.4999971467399693,0.1805403311111953,0.0894498985956116,0.0,0.0,44.689963062033904,train
0.2300126235532236,0.4999971467399693,0.1805403311111953,0.0894498985956116,0.0,0.0,62.74949054860251,train
0.2300126235532236,0.4999971467399693,0.1805403311111953,0.0894498985956116,0.0,0.0,68.6963301432886,train
0.2300126235532236,0.4999971467399693,0.1805403311111953,0.0894498985956116,0.0,0.0,57.1226700068088,train
0.2300126235532236,0.4999971467399693,0.1805403311111953,0.0894498985956116,0.0,0.0,62.16033344959505,train
0.2300126235532236,0.4999971467399693,0.1805403311111953,0.0894498985956116,0.0,0.0,49.65969102212084,train
0.2300126235532236,0.4999971467399693,0.1805403311111953,0.0894498985956116,0.0,0.0,56.18135992190805,train
0.2300126235532236,0.4999971467399693,0.1805403311111953,0.0894498985956116,0.0,0.0,53.11435796977989,train
0.2300126235532236,0.4999971467399693,0.1805403311111953,0.0894498985956116,0.0,0.0,65.8122765744219,train
0.2300126235532236,0.4999971467399693,0.1805403311111953,0.0894498985956116,0.0,0.0,59.49967444726025,train
0.2300126235532236,0.4999971467399693,0.1805403311111953,0.0894498985956116,0.0,0.0,50.96259112183308,train
0.2300126235532236,0.4999971467399693,0.1805403311111953,0.0894498985956116,0.0,0.0,41.50213087682223,train
0.2300126235532236,0.4999971467399693,0.1805403311111953,0.0894498985956116,0.0,0.0,62.948055517846896,train
0.2300126235532236,0.4999971467399693,0.1805403311111953,0.0894498985956116,0.0,0.0,54.09790670627215,train
0.2300126235532236,0.4999971467399693,0.1805403311111953,0.0894498985956116,0.0,0.0,50.06711027049106,train
0.5057071166218131,0.2347937104390587,0.0883194749973266,0.1711796979418013,0.0,0.0,35.59757917928436,train
0.5057071166218131,0.2347937104390587,0.0883194749973266,0.1711796979418013,0.0,0.0,37.11116799747448,train
0.5057071166218131,0.2347937104390587,0.0883194749973266,0.1711796979418013,0.0,0.0,35.331060343285515,train
0.5057071166218131,0.2347937104390587,0.0883194749973266,0.1711796979418013,0.0,0.0,34.604761517236845,train
0.5057071166218131,0.2347937104390587,0.0883194749973266,0.1711796979418013,0.0,0.0,35.55925017199539,train
0.5057071166218131,0.2347937104390587,0.0883194749973266,0.1711796979418013,0.0,0.0,34.318322835753314,train
0.5057071166218131,0.2347937104390587,0.0883194749973266,0.1711796979418013,0.0,0.0,38.10999126143279,train
0.5057071166218131,0.2347937104390587,0.0883194749973266,0.1711796979418013,0.0,0.0,36.85098557133455,train
0.5057071166218131,0.2347937104390587,0.0883194749973266,0.1711796979418013,0.0,0.0,39.00447122891427,train
0.5057071166218131,0.2347937104390587,0.0883194749973266,0.1711796979418013,0.0,0.0,34.970184706120946,train
0.5057071166218131,0.2347937104390587,0.0883194749973266,0.1711796979418013,0.0,0.0,37.916696102962305,train
0.5057071166218131,0.2347937104390587,0.0883194749973266,0.1711796979418013,0.0,0.0,38.94226523735091,train
0.5057071166218131,0.2347937104390587,0.0883194749973266,0.1711796979418013,0.0,0.0,37.652909845376264,train
0.5057071166218131,0.2347937104390587,0.0883194749973266,0.1711796979418013,0.0,0.0,38.887201316936334,train
0.5057071166218131,0.2347937104390587,0.0883194749973266,0.1711796979418013,0.0,0.0,40.141870246295554,train
0.5057071166218131,0.2347937104390587,0.0883194749973266,0.1711796979418013,0.0,0.0,35.89038187399604,train
0.5057071166218131,0.2347937104390587,0.0883194749973266,0.1711796979418013,0.0,0.0,39.48158286109814,train
0.5057071166218131,0.2347937104390587,0.0883194749973266,0.1711796979418013,0.0,0.0,38.23485484207386,train
0.5057071166218131,0.2347937104390587,0.0883194749973266,0.1711796979418013,0.0,0.0,41.079015338920414,train
0.5057071166218131,0.2347937104390587,0.0883194749973266,0.1711796979418013,0.0,0.0,39.942777552724266,train
0.5057071166218131,0.2347937104390587,0.0883194749973266,0.1711796979418013,0.0,0.0,37.40851766010325,train
0.5057071166218131,0.2347937104390587,0.0883194749973266,0.1711796979418013,0.0,0.0,39.86952808796312,train
0.5057071166218131,0.2347937104390587,0.0883194749973266,0.1711796979418013,0.0,0.0,39.37237425397593,train
0.5057071166218131,0.2347937104390587,0.0883194749973266,0.1711796979418013,0.0,0.0,35.223826269840615,train
0.5057071166218131,0.2347937104390587,0.0883194749973266,0.1711796979418013,0.0,0.0,34.07091948641448,train
0.5057071166218131,0.2347937104390587,0.0883194749973266,0.1711796979418013,0.0,0.0,38.58294934308244,train
0.5057071166218131,0.2347937104390587,0.0883194749973266,0.1711796979418013,0.0,0.0,36.73071829773354,train
0.5057071166218131,0.2347937104390587,0.0883194749973266,0.1711796979418013,0.0,0.0,38.66822548111736,train
0.5057071166218131,0.2347937104390587,0.0883194749973266,0.1711796979418013,0.0,0.0,33.924862289315634,train
0.5057071166218131,0.2347937104390587,0.0883194749973266,0.1711796979418013,0.0,0.0,32.79643856265898,train
0.4965817485747678,0.3575734349454584,0.0,0.1458448164797738,0.0,0.0,76.1892190528718,train
0.4965817485747678,0.3575734349454584,0.0,0.1458448164797738,0.0,0.0,65.36899381156,train
0.4965817485747678,0.3575734349454584,0.0,0.1458448164797738,0.0,0.0,76.05560535123267,train
0.4965817485747678,0.3575734349454584,0.0,0.1458448164797738,0.0,0.0,64.14207831583755,train
0.4965817485747678,0.3575734349454584,0.0,0.1458448164797738,0.0,0.0,51.32711730243777,train
0.4965817485747678,0.3575734349454584,0.0,0.1458448164797738,0.0,0.0,79.0130816099448,train
0.4965817485747678,0.3575734349454584,0.0,0.1458448164797738,0.0,0.0,75.4319400511363,train
0.4965817485747678,0.3575734349454584,0.0,0.1458448164797738,0.0,0.0,84.48497388616124,train
0.4965817485747678,0.3575734349454584,0.0,0.1458448164797738,0.0,0.0,75.43925560997754,train
0.4965817485747678,0.3575734349454584,0.0,0.1458448164797738,0.0,0.0,64.23950718133362,train
0.4965817485747678,0.3575734349454584,0.0,0.1458448164797738,0.0,0.0,71.62736333956533,train
0.4965817485747678,0.3575734349454584,0.0,0.1458448164797738,0.0,0.0,68.92159794288388,train
0.4965817485747678,0.3575734349454584,0.0,0.1458448164797738,0.0,0.0,53.90629209679348,train
0.4965817485747678,0.3575734349454584,0.0,0.1458448164797738,0.0,0.0,67.43202461749783,train
0.4965817485747678,0.3575734349454584,0.0,0.1458448164797738,0.0,0.0,70.17157893232351,train
0.4965817485747678,0.3575734349454584,0.0,0.1458448164797738,0.0,0.0,67.52057896984473,train
0.4965817485747678,0.3575734349454584,0.0,0.1458448164797738,0.0,0.0,72.10455577385099,train
0.4965817485747678,0.3575734349454584,0.0,0.1458448164797738,0.0,0.0,65.30558369613767,train
0.4965817485747678,0.3575734349454584,0.0,0.1458448164797738,0.0,0.0,56.72488364031917,train
0.4965817485747678,0.3575734349454584,0.0,0.1458448164797738,0.0,0.0,68.93021829857305,train
0.4965817485747678,0.3575734349454584,0.0,0.1458448164797738,0.0,0.0,44.1700292153658,train
0.4965817485747678,0.3575734349454584,0.0,0.1458448164797738,0.0,0.0,63.46307355487776,train
0.4965817485747678,0.3575734349454584,0.0,0.1458448164797738,0.0,0.0,60.793249766885616,train
0.4965817485747678,0.3575734349454584,0.0,0.1458448164797738,0.0,0.0,39.20724744107022,train
0.4965817485747678,0.3575734349454584,0.0,0.1458448164797738,0.0,0.0,56.09455433887083,train
0.4965817485747678,0.3575734349454584,0.0,0.1458448164797738,0.0,0.0,60.20350330152657,train
0.4965817485747678,0.3575734349454584,0.0,0.1458448164797738,0.0,0.0,79.62905283419514,train
0.4965817485747678,0.3575734349454584,0.0,0.1458448164797738,0.0,0.0,55.85839072865493,train
0.4965817485747678,0.3575734349454584,0.0,0.1458448164797738,0.0,0.0,67.59145771756717,train
0.4965817485747678,0.3575734349454584,0.0,0.1458448164797738,0.0,0.0,51.891701312828324,train
0.4188853124496205,0.4033386071870244,0.1777760803633549,0.0,0.0,0.0,15.124108068300812,train
0.4188853124496205,0.4033386071870244,0.1777760803633549,0.0,0.0,0.0,14.572656017539495,train
0.4188853124496205,0.4033386071870244,0.1777760803633549,0.0,0.0,0.0,15.969283759073253,train
0.4188853124496205,0.4033386071870244,0.1777760803633549,0.0,0.0,0.0,15.423695955684375,train
0.4188853124496205,0.4033386071870244,0.1777760803633549,0.0,0.0,0.0,13.60089561744131,train
0.4188853124496205,0.4033386071870244,0.1777760803633549,0.0,0.0,0.0,15.145586752394808,train
0.4188853124496205,0.4033386071870244,0.1777760803633549,0.0,0.0,0.0,15.899726077301573,train
0.4188853124496205,0.4033386071870244,0.1777760803633549,0.0,0.0,0.0,15.796374643631028,train
0.4188853124496205,0.4033386071870244,0.1777760803633549,0.0,0.0,0.0,15.621759949529519,train
0.4188853124496205,0.4033386071870244,0.1777760803633549,0.0,0.0,0.0,14.609632673259561,train
0.4188853124496205,0.4033386071870244,0.1777760803633549,0.0,0.0,0.0,15.233542106194372,train
0.4188853124496205,0.4033386071870244,0.1777760803633549,0.0,0.0,0.0,16.76270953702361,train
0.4188853124496205,0.4033386071870244,0.1777760803633549,0.0,0.0,0.0,14.151326676266828,train
0.4188853124496205,0.4033386071870244,0.1777760803633549,0.0,0.0,0.0,13.88300342745143,train
0.4188853124496205,0.4033386071870244,0.1777760803633549,0.0,0.0,0.0,16.767618202628693,train
0.4188853124496205,0.4033386071870244,0.1777760803633549,0.0,0.0,0.0,14.033351784511323,train
0.4188853124496205,0.4033386071870244,0.1777760803633549,0.0,0.0,0.0,14.508455601965267,train
0.4188853124496205,0.4033386071870244,0.1777760803633549,0.0,0.0,0.0,14.591308266732465,train
0.4188853124496205,0.4033386071870244,0.1777760803633549,0.0,0.0,0.0,14.911187560130143,train
0.4188853124496205,0.4033386071870244,0.1777760803633549,0.0,0.0,0.0,17.66181994459209,train
0.4188853124496205,0.4033386071870244,0.1777760803633549,0.0,0.0,0.0,15.143314474649946,train
0.4188853124496205,0.4033386071870244,0.1777760803633549,0.0,0.0,0.0,15.437656145658078,train
0.4188853124496205,0.4033386071870244,0.1777760803633549,0.0,0.0,0.0,15.790931767173245,train
0.4188853124496205,0.4033386071870244,0.1777760803633549,0.0,0.0,0.0,14.81893385945243,train
0.4188853124496205,0.4033386071870244,0.1777760803633549,0.0,0.0,0.0,17.54380966322931,train
0.4188853124496205,0.4033386071870244,0.1777760803633549,0.0,0.0,0.0,15.336892829623528,train
0.4188853124496205,0.4033386071870244,0.1777760803633549,0.0,0.0,0.0,16.657755170373726,train
0.4188853124496205,0.4033386071870244,0.1777760803633549,0.0,0.0,0.0,16.683762221095687,train
0.4188853124496205,0.4033386071870244,0.1777760803633549,0.0,0.0,0.0,16.706145220478202,train
0.4188853124496205,0.4033386071870244,0.1777760803633549,0.0,0.0,0.0,16.771354163738465,train
0.5942339690361933,0.0910420639914136,0.2498089074994139,0.0649150594729791,0.0,0.0,52.28388601216148,train
0.5942339690361933,0.0910420639914136,0.2498089074994139,0.0649150594729791,0.0,0.0,53.680525383639754,train
0.5942339690361933,0.0910420639914136,0.2498089074994139,0.0649150594729791,0.0,0.0,57.82705500282287,train
0.5942339690361933,0.0910420639914136,0.2498089074994139,0.0649150594729791,0.0,0.0,64.76823643597366,train
0.5942339690361933,0.0910420639914136,0.2498089074994139,0.0649150594729791,0.0,0.0,53.54581500482102,train
0.5942339690361933,0.0910420639914136,0.2498089074994139,0.0649150594729791,0.0,0.0,61.99347119800879,train
0.5942339690361933,0.0910420639914136,0.2498089074994139,0.0649150594729791,0.0,0.0,57.872733833423624,train
0.5942339690361933,0.0910420639914136,0.2498089074994139,0.0649150594729791,0.0,0.0,50.85448906455515,train
0.5942339690361933,0.0910420639914136,0.2498089074994139,0.0649150594729791,0.0,0.0,49.93416718977916,train
0.5942339690361933,0.0910420639914136,0.2498089074994139,0.0649150594729791,0.0,0.0,66.05409983037627,train
0.5942339690361933,0.0910420639914136,0.2498089074994139,0.0649150594729791,0.0,0.0,61.218550078747505,train
0.5942339690361933,0.0910420639914136,0.2498089074994139,0.0649150594729791,0.0,0.0,53.95073090834324,train
0.5942339690361933,0.0910420639914136,0.2498089074994139,0.0649150594729791,0.0,0.0,58.62925691658478,train
0.5942339690361933,0.0910420639914136,0.2498089074994139,0.0649150594729791,0.0,0.0,53.32963372837445,train
0.5942339690361933,0.0910420639914136,0.2498089074994139,0.0649150594729791,0.0,0.0,55.58598409472159,train
0.5942339690361933,0.0910420639914136,0.2498089074994139,0.0649150594729791,0.0,0.0,70.00333450916145,train
0.5942339690361933,0.0910420639914136,0.2498089074994139,0.0649150594729791,0.0,0.0,62.652432426923326,train
0.5942339690361933,0.0910420639914136,0.2498089074994139,0.0649150594729791,0.0,0.0,44.74111063246695,train
0.5942339690361933,0.0910420639914136,0.2498089074994139,0.0649150594729791,0.0,0.0,62.55542114687018,train
0.5942339690361933,0.0910420639914136,0.2498089074994139,0.0649150594729791,0.0,0.0,62.08793477024917,train
0.5942339690361933,0.0910420639914136,0.2498089074994139,0.0649150594729791,0.0,0.0,71.63889514926919,train
0.5942339690361933,0.0910420639914136,0.2498089074994139,0.0649150594729791,0.0,0.0,69.42147216031657,train
0.5942339690361933,0.0910420639914136,0.2498089074994139,0.0649150594729791,0.0,0.0,58.67586641750045,train
0.5942339690361933,0.0910420639914136,0.2498089074994139,0.0649150594729791,0.0,0.0,58.38128030509019,train
0.5942339690361933,0.0910420639914136,0.2498089074994139,0.0649150594729791,0.0,0.0,56.89239328928184,train
0.5942339690361933,0.0910420639914136,0.2498089074994139,0.0649150594729791,0.0,0.0,63.36686741509182,train
0.5942339690361933,0.0910420639914136,0.2498089074994139,0.0649150594729791,0.0,0.0,60.881366061038136,train
0.5942339690361933,0.0910420639914136,0.2498089074994139,0.0649150594729791,0.0,0.0,46.73794167145357,train
0.5942339690361933,0.0910420639914136,0.2498089074994139,0.0649150594729791,0.0,0.0,72.26394760497134,train
0.5942339690361933,0.0910420639914136,0.2498089074994139,0.0649150594729791,0.0,0.0,58.74062662420841,train
0.5236197264079707,0.2216049477873565,0.0861349908051973,0.1686403349994755,0.0,0.0,23.20919051141845,train
0.5236197264079707,0.2216049477873565,0.0861349908051973,0.1686403349994755,0.0,0.0,25.116649002675146,train
0.5236197264079707,0.2216049477873565,0.0861349908051973,0.1686403349994755,0.0,0.0,21.735948662382686,train
0.5236197264079707,0.2216049477873565,0.0861349908051973,0.1686403349994755,0.0,0.0,19.423167581823197,train
0.5236197264079707,0.2216049477873565,0.0861349908051973,0.1686403349994755,0.0,0.0,22.75783901771818,train
0.5236197264079707,0.2216049477873565,0.0861349908051973,0.1686403349994755,0.0,0.0,21.55345144776807,train
0.5236197264079707,0.2216049477873565,0.0861349908051973,0.1686403349994755,0.0,0.0,25.495422519654923,train
0.5236197264079707,0.2216049477873565,0.0861349908051973,0.1686403349994755,0.0,0.0,19.898861909206094,train
0.5236197264079707,0.2216049477873565,0.0861349908051973,0.1686403349994755,0.0,0.0,20.878664700946086,train
0.5236197264079707,0.2216049477873565,0.0861349908051973,0.1686403349994755,0.0,0.0,24.518701556062453,train
0.5236197264079707,0.2216049477873565,0.0861349908051973,0.1686403349994755,0.0,0.0,23.235968335898963,train
0.5236197264079707,0.2216049477873565,0.0861349908051973,0.1686403349994755,0.0,0.0,24.09073834543307,train
0.5236197264079707,0.2216049477873565,0.0861349908051973,0.1686403349994755,0.0,0.0,24.479077217669023,train
0.5236197264079707,0.2216049477873565,0.0861349908051973,0.1686403349994755,0.0,0.0,23.10580403975285,train
0.5236197264079707,0.2216049477873565,0.0861349908051973,0.1686403349994755,0.0,0.0,23.23419747025941,train
0.5236197264079707,0.2216049477873565,0.0861349908051973,0.1686403349994755,0.0,0.0,21.869529349337068,train
0.5236197264079707,0.2216049477873565,0.0861349908051973,0.1686403349994755,0.0,0.0,23.692876444948187,train
0.5236197264079707,0.2216049477873565,0.0861349908051973,0.1686403349994755,0.0,0.0,19.947689371568813,train
0.5236197264079707,0.2216049477873565,0.0861349908051973,0.1686403349994755,0.0,0.0,21.25014933760901,train
0.5236197264079707,0.2216049477873565,0.0861349908051973,0.1686403349994755,0.0,0.0,23.65780201534255,train
0.5236197264079707,0.2216049477873565,0.0861349908051973,0.1686403349994755,0.0,0.0,19.987904138192913,train
0.5236197264079707,0.2216049477873565,0.0861349908051973,0.1686403349994755,0.0,0.0,21.45893534998344,train
0.5236197264079707,0.2216049477873565,0.0861349908051973,0.1686403349994755,0.0,0.0,24.447804205455025,train
0.5236197264079707,0.2216049477873565,0.0861349908051973,0.1686403349994755,0.0,0.0,20.22622197604785,train
0.5236197264079707,0.2216049477873565,0.0861349908051973,0.1686403349994755,0.0,0.0,23.536280574963012,train
0.5236197264079707,0.2216049477873565,0.0861349908051973,0.1686403349994755,0.0,0.0,23.039410184346902,train
0.5236197264079707,0.2216049477873565,0.0861349908051973,0.1686403349994755,0.0,0.0,21.05920443458428,train
0.5236197264079707,0.2216049477873565,0.0861349908051973,0.1686403349994755,0.0,0.0,20.78186495147095,train
0.5236197264079707,0.2216049477873565,0.0861349908051973,0.1686403349994755,0.0,0.0,22.63901674870552,train
0.5236197264079707,0.2216049477873565,0.0861349908051973,0.1686403349994755,0.0,0.0,24.605137886580383,train
0.2907703431335454,0.0883541111554669,0.0,0.2228370531533274,0.3980384925576603,0.0,96.00052869427647,train
0.2907703431335454,0.0883541111554669,0.0,0.2228370531533274,0.3980384925576603,0.0,65.97463624542895,train
0.2907703431335454,0.0883541111554669,0.0,0.2228370531533274,0.3980384925576603,0.0,84.99127893790268,train
0.2907703431335454,0.0883541111554669,0.0,0.2228370531533274,0.3980384925576603,0.0,87.49531621951998,train
0.2907703431335454,0.0883541111554669,0.0,0.2228370531533274,0.3980384925576603,0.0,107.61382176410332,train
0.2907703431335454,0.0883541111554669,0.0,0.2228370531533274,0.3980384925576603,0.0,83.76029012157261,train
0.2907703431335454,0.0883541111554669,0.0,0.2228370531533274,0.3980384925576603,0.0,76.17680943358026,train
0.2907703431335454,0.0883541111554669,0.0,0.2228370531533274,0.3980384925576603,0.0,81.81992236489477,train
0.2907703431335454,0.0883541111554669,0.0,0.2228370531533274,0.3980384925576603,0.0,105.54492994899314,train
0.2907703431335454,0.0883541111554669,0.0,0.2228370531533274,0.3980384925576603,0.0,90.50604014205892,train
0.2907703431335454,0.0883541111554669,0.0,0.2228370531533274,0.3980384925576603,0.0,95.21101086863447,train
0.2907703431335454,0.0883541111554669,0.0,0.2228370531533274,0.3980384925576603,0.0,63.36774392203045,train
0.2907703431335454,0.0883541111554669,0.0,0.2228370531533274,0.3980384925576603,0.0,77.35123788973432,train
0.2907703431335454,0.0883541111554669,0.0,0.2228370531533274,0.3980384925576603,0.0,110.9966785529052,train
0.2907703431335454,0.0883541111554669,0.0,0.2228370531533274,0.3980384925576603,0.0,119.56772520990525,train
0.2907703431335454,0.0883541111554669,0.0,0.2228370531533274,0.3980384925576603,0.0,88.1423763815182,train
0.2907703431335454,0.0883541111554669,0.0,0.2228370531533274,0.3980384925576603,0.0,100.03909896165402,train
0.2907703431335454,0.0883541111554669,0.0,0.2228370531533274,0.3980384925576603,0.0,97.27641294553331,train
0.2907703431335454,0.0883541111554669,0.0,0.2228370531533274,0.3980384925576603,0.0,77.12931253405407,train
0.2907703431335454,0.0883541111554669,0.0,0.2228370531533274,0.3980384925576603,0.0,113.80766323972058,train
0.2907703431335454,0.0883541111554669,0.0,0.2228370531533274,0.3980384925576603,0.0,113.8444141988391,train
0.2907703431335454,0.0883541111554669,0.0,0.2228370531533274,0.3980384925576603,0.0,74.39829706533493,train
0.2907703431335454,0.0883541111554669,0.0,0.2228370531533274,0.3980384925576603,0.0,71.98636787652873,train
0.2907703431335454,0.0883541111554669,0.0,0.2228370531533274,0.3980384925576603,0.0,87.43662975087442,train
0.2907703431335454,0.0883541111554669,0.0,0.2228370531533274,0.3980384925576603,0.0,96.78328890626426,train
0.2907703431335454,0.0883541111554669,0.0,0.2228370531533274,0.3980384925576603,0.0,100.90623249341311,train
0.2907703431335454,0.0883541111554669,0.0,0.2228370531533274,0.3980384925576603,0.0,86.72099939670373,train
0.2907703431335454,0.0883541111554669,0.0,0.2228370531533274,0.3980384925576603,0.0,84.88776552128866,train
0.2907703431335454,0.0883541111554669,0.0,0.2228370531533274,0.3980384925576603,0.0,82.68071004511582,train
0.2907703431335454,0.0883541111554669,0.0,0.2228370531533274,0.3980384925576603,0.0,99.3130717030387,train
0.1245726513737559,0.6201755264247695,0.0921295619726014,0.0759614460359327,0.0871608141929403,0.0,95.25503381339946,train
0.1245726513737559,0.6201755264247695,0.0921295619726014,0.0759614460359327,0.0871608141929403,0.0,110.45175911114791,train
0.1245726513737559,0.6201755264247695,0.0921295619726014,0.0759614460359327,0.0871608141929403,0.0,121.15471639941052,train
0.1245726513737559,0.6201755264247695,0.0921295619726014,0.0759614460359327,0.0871608141929403,0.0,110.55315192655816,train
0.1245726513737559,0.6201755264247695,0.0921295619726014,0.0759614460359327,0.0871608141929403,0.0,106.50609160328848,train
0.1245726513737559,0.6201755264247695,0.0921295619726014,0.0759614460359327,0.0871608141929403,0.0,107.22515182193911,train
0.1245726513737559,0.6201755264247695,0.0921295619726014,0.0759614460359327,0.0871608141929403,0.0,101.70918309568819,train
0.1245726513737559,0.6201755264247695,0.0921295619726014,0.0759614460359327,0.0871608141929403,0.0,109.72980188953126,train
0.1245726513737559,0.6201755264247695,0.0921295619726014,0.0759614460359327,0.0871608141929403,0.0,123.42392027122622,train
0.1245726513737559,0.6201755264247695,0.0921295619726014,0.0759614460359327,0.0871608141929403,0.0,109.3111576763086,train
0.1245726513737559,0.6201755264247695,0.0921295619726014,0.0759614460359327,0.0871608141929403,0.0,85.6282572870595,train
0.1245726513737559,0.6201755264247695,0.0921295619726014,0.0759614460359327,0.0871608141929403,0.0,123.3831888912635,train
0.1245726513737559,0.6201755264247695,0.0921295619726014,0.0759614460359327,0.0871608141929403,0.0,108.18782807244288,train
0.1245726513737559,0.6201755264247695,0.0921295619726014,0.0759614460359327,0.0871608141929403,0.0,114.81032968259241,train
0.1245726513737559,0.6201755264247695,0.0921295619726014,0.0759614460359327,0.0871608141929403,0.0,93.7006635840909,train
0.1245726513737559,0.6201755264247695,0.0921295619726014,0.0759614460359327,0.0871608141929403,0.0,112.04778049744482,train
0.1245726513737559,0.6201755264247695,0.0921295619726014,0.0759614460359327,0.0871608141929403,0.0,119.98662327255047,train
0.1245726513737559,0.6201755264247695,0.0921295619726014,0.0759614460359327,0.0871608141929403,0.0,109.0362570740423,train
0.1245726513737559,0.6201755264247695,0.0921295619726014,0.0759614460359327,0.0871608141929403,0.0,114.73648666663922,train
0.1245726513737559,0.6201755264247695,0.0921295619726014,0.0759614460359327,0.0871608141929403,0.0,108.2268083671586,train
0.1245726513737559,0.6201755264247695,0.0921295619726014,0.0759614460359327,0.0871608141929403,0.0,95.37971937833983,train
0.1245726513737559,0.6201755264247695,0.0921295619726014,0.0759614460359327,0.0871608141929403,0.0,114.51243402928039,train
0.1245726513737559,0.6201755264247695,0.0921295619726014,0.0759614460359327,0.0871608141929403,0.0,113.58872784340166,train
0.1245726513737559,0.6201755264247695,0.0921295619726014,0.0759614460359327,0.0871608141929403,0.0,105.1174763675698,train
0.1245726513737559,0.6201755264247695,0.0921295619726014,0.0759614460359327,0.0871608141929403,0.0,106.80027302741152,train
0.1245726513737559,0.6201755264247695,0.0921295619726014,0.0759614460359327,0.0871608141929403,0.0,108.72222376370517,train
0.1245726513737559,0.6201755264247695,0.0921295619726014,0.0759614460359327,0.0871608141929403,0.0,113.19280002185141,train
0.1245726513737559,0.6201755264247695,0.0921295619726014,0.0759614460359327,0.0871608141929403,0.0,118.25604584309349,train
0.1245726513737559,0.6201755264247695,0.0921295619726014,0.0759614460359327,0.0871608141929403,0.0,111.03711063328662,train
0.1245726513737559,0.6201755264247695,0.0921295619726014,0.0759614460359327,0.0871608141929403,0.0,111.6204337319805,train
0.1409418721490117,0.591213469724186,0.0762251806086836,0.0958509438702326,0.0957685336478861,0.0,140.82353945711716,train
0.1409418721490117,0.591213469724186,0.0762251806086836,0.0958509438702326,0.0957685336478861,0.0,120.90874962272034,train
0.1409418721490117,0.591213469724186,0.0762251806086836,0.0958509438702326,0.0957685336478861,0.0,133.84385770311178,train
0.1409418721490117,0.591213469724186,0.0762251806086836,0.0958509438702326,0.0957685336478861,0.0,150.77275559694263,train
0.1409418721490117,0.591213469724186,0.0762251806086836,0.0958509438702326,0.0957685336478861,0.0,141.1866030120509,train
0.1409418721490117,0.591213469724186,0.0762251806086836,0.0958509438702326,0.0957685336478861,0.0,149.15828130036437,train
0.1409418721490117,0.591213469724186,0.0762251806086836,0.0958509438702326,0.0957685336478861,0.0,143.49909619701995,train
0.1409418721490117,0.591213469724186,0.0762251806086836,0.0958509438702326,0.0957685336478861,0.0,135.98310054451878,train
0.1409418721490117,0.591213469724186,0.0762251806086836,0.0958509438702326,0.0957685336478861,0.0,136.97148123849746,train
0.1409418721490117,0.591213469724186,0.0762251806086836,0.0958509438702326,0.0957685336478861,0.0,126.45040529369875,train
0.1409418721490117,0.591213469724186,0.0762251806086836,0.0958509438702326,0.0957685336478861,0.0,136.03149117014544,train
0.1409418721490117,0.591213469724186,0.0762251806086836,0.0958509438702326,0.0957685336478861,0.0,137.45732665318482,train
0.1409418721490117,0.591213469724186,0.0762251806086836,0.0958509438702326,0.0957685336478861,0.0,145.87704240455636,train
0.1409418721490117,0.591213469724186,0.0762251806086836,0.0958509438702326,0.0957685336478861,0.0,135.97472753995743,train
0.1409418721490117,0.591213469724186,0.0762251806086836,0.0958509438702326,0.0957685336478861,0.0,135.6567969999607,train
0.1409418721490117,0.591213469724186,0.0762251806086836,0.0958509438702326,0.0957685336478861,0.0,126.94435171390316,train
0.1409418721490117,0.591213469724186,0.0762251806086836,0.0958509438702326,0.0957685336478861,0.0,136.21037061192126,train
0.1409418721490117,0.591213469724186,0.0762251806086836,0.0958509438702326,0.0957685336478861,0.0,138.5416512138115,train
0.1409418721490117,0.591213469724186,0.0762251806086836,0.0958509438702326,0.0957685336478861,0.0,126.80587122383096,train
0.1409418721490117,0.591213469724186,0.0762251806086836,0.0958509438702326,0.0957685336478861,0.0,127.6228329495568,train
0.1409418721490117,0.591213469724186,0.0762251806086836,0.0958509438702326,0.0957685336478861,0.0,133.5939658143397,train
0.1409418721490117,0.591213469724186,0.0762251806086836,0.0958509438702326,0.0957685336478861,0.0,131.23019479659453,train
0.1409418721490117,0.591213469724186,0.0762251806086836,0.0958509438702326,0.0957685336478861,0.0,139.508776434176,train
0.1409418721490117,0.591213469724186,0.0762251806086836,0.0958509438702326,0.0957685336478861,0.0,139.22235006480327,train
0.1409418721490117,0.591213469724186,0.0762251806086836,0.0958509438702326,0.0957685336478861,0.0,137.19466729997913,train
0.1409418721490117,0.591213469724186,0.0762251806086836,0.0958509438702326,0.0957685336478861,0.0,140.60218834456526,train
0.1409418721490117,0.591213469724186,0.0762251806086836,0.0958509438702326,0.0957685336478861,0.0,122.27161048289945,train
0.1409418721490117,0.591213469724186,0.0762251806086836,0.0958509438702326,0.0957685336478861,0.0,145.74770237041423,train
0.1409418721490117,0.591213469724186,0.0762251806086836,0.0958509438702326,0.0957685336478861,0.0,134.14558016062975,train
0.1409418721490117,0.591213469724186,0.0762251806086836,0.0958509438702326,0.0957685336478861,0.0,144.92586867751103,train
0.4579286235543928,0.3797911322864173,0.0813566859234398,0.0809235582357499,0.0,0.0,52.25939110794862,train
0.4579286235543928,0.3797911322864173,0.0813566859234398,0.0809235582357499,0.0,0.0,37.49123087834657,train
0.4579286235543928,0.3797911322864173,0.0813566859234398,0.0809235582357499,0.0,0.0,35.916152970929694,train
0.4579286235543928,0.3797911322864173,0.0813566859234398,0.0809235582357499,0.0,0.0,53.81897140086713,train
0.4579286235543928,0.3797911322864173,0.0813566859234398,0.0809235582357499,0.0,0.0,40.92915443083854,train
0.4579286235543928,0.3797911322864173,0.0813566859234398,0.0809235582357499,0.0,0.0,39.658160318136176,train
0.4579286235543928,0.3797911322864173,0.0813566859234398,0.0809235582357499,0.0,0.0,43.507259767981594,train
0.4579286235543928,0.3797911322864173,0.0813566859234398,0.0809235582357499,0.0,0.0,34.5109730737328,train
0.4579286235543928,0.3797911322864173,0.0813566859234398,0.0809235582357499,0.0,0.0,35.84397771256284,train
0.4579286235543928,0.3797911322864173,0.0813566859234398,0.0809235582357499,0.0,0.0,52.350256896804424,train
0.4579286235543928,0.3797911322864173,0.0813566859234398,0.0809235582357499,0.0,0.0,44.52405759232953,train
0.4579286235543928,0.3797911322864173,0.0813566859234398,0.0809235582357499,0.0,0.0,51.175597409731786,train
0.4579286235543928,0.3797911322864173,0.0813566859234398,0.0809235582357499,0.0,0.0,49.10836301125866,train
0.4579286235543928,0.3797911322864173,0.0813566859234398,0.0809235582357499,0.0,0.0,39.15533088948761,train
0.4579286235543928,0.3797911322864173,0.0813566859234398,0.0809235582357499,0.0,0.0,46.911733265330284,train
0.4579286235543928,0.3797911322864173,0.0813566859234398,0.0809235582357499,0.0,0.0,43.047375900233305,train
0.4579286235543928,0.3797911322864173,0.0813566859234398,0.0809235582357499,0.0,0.0,38.124802938333914,train
0.4579286235543928,0.3797911322864173,0.0813566859234398,0.0809235582357499,0.0,0.0,40.29189356675791,train
0.4579286235543928,0.3797911322864173,0.0813566859234398,0.0809235582357499,0.0,0.0,41.429857624931415,train
0.4579286235543928,0.3797911322864173,0.0813566859234398,0.0809235582357499,0.0,0.0,58.47267975608872,train
0.4579286235543928,0.3797911322864173,0.0813566859234398,0.0809235582357499,0.0,0.0,41.71104841996435,train
0.4579286235543928,0.3797911322864173,0.0813566859234398,0.0809235582357499,0.0,0.0,55.730468924934776,train
0.4579286235543928,0.3797911322864173,0.0813566859234398,0.0809235582357499,0.0,0.0,38.96314801399201,train
0.4579286235543928,0.3797911322864173,0.0813566859234398,0.0809235582357499,0.0,0.0,52.90893453449759,train
0.4579286235543928,0.3797911322864173,0.0813566859234398,0.0809235582357499,0.0,0.0,33.98203112008508,train
0.4579286235543928,0.3797911322864173,0.0813566859234398,0.0809235582357499,0.0,0.0,38.487967726039805,train
0.4579286235543928,0.3797911322864173,0.0813566859234398,0.0809235582357499,0.0,0.0,45.37069582298774,train
0.4579286235543928,0.3797911322864173,0.0813566859234398,0.0809235582357499,0.0,0.0,45.021701817589005,train
0.4579286235543928,0.3797911322864173,0.0813566859234398,0.0809235582357499,0.0,0.0,30.636247458572925,train
0.4579286235543928,0.3797911322864173,0.0813566859234398,0.0809235582357499,0.0,0.0,38.238819723775904,train
0.5233049315668445,0.2217109456513731,0.0865787290473833,0.168405393734399,0.0,0.0,33.92202648901305,train
0.5233049315668445,0.2217109456513731,0.0865787290473833,0.168405393734399,0.0,0.0,39.834382561620025,train
0.5233049315668445,0.2217109456513731,0.0865787290473833,0.168405393734399,0.0,0.0,34.66585972873043,train
0.5233049315668445,0.2217109456513731,0.0865787290473833,0.168405393734399,0.0,0.0,42.32455182060827,train
0.5233049315668445,0.2217109456513731,0.0865787290473833,0.168405393734399,0.0,0.0,33.740043445628814,train
0.5233049315668445,0.2217109456513731,0.0865787290473833,0.168405393734399,0.0,0.0,41.5563076075139,train
0.5233049315668445,0.2217109456513731,0.0865787290473833,0.168405393734399,0.0,0.0,32.85930860911316,train
0.5233049315668445,0.2217109456513731,0.0865787290473833,0.168405393734399,0.0,0.0,33.08288593842246,train
0.5233049315668445,0.2217109456513731,0.0865787290473833,0.168405393734399,0.0,0.0,33.41298099771675,train
0.5233049315668445,0.2217109456513731,0.0865787290473833,0.168405393734399,0.0,0.0,30.280865254421975,train
0.5233049315668445,0.2217109456513731,0.0865787290473833,0.168405393734399,0.0,0.0,35.042612663753715,train
0.5233049315668445,0.2217109456513731,0.0865787290473833,0.168405393734399,0.0,0.0,33.83871734761131,train
0.5233049315668445,0.2217109456513731,0.0865787290473833,0.168405393734399,0.0,0.0,32.47507922540584,train
0.5233049315668445,0.2217109456513731,0.0865787290473833,0.168405393734399,0.0,0.0,36.17430081354067,train
0.5233049315668445,0.2217109456513731,0.0865787290473833,0.168405393734399,0.0,0.0,41.55450125652937,train
0.5233049315668445,0.2217109456513731,0.0865787290473833,0.168405393734399,0.0,0.0,25.930833581149862,train
0.5233049315668445,0.2217109456513731,0.0865787290473833,0.168405393734399,0.0,0.0,45.404026285694215,train
0.5233049315668445,0.2217109456513731,0.0865787290473833,0.168405393734399,0.0,0.0,52.020657274797756,train
0.5233049315668445,0.2217109456513731,0.0865787290473833,0.168405393734399,0.0,0.0,47.79334562695581,train
0.5233049315668445,0.2217109456513731,0.0865787290473833,0.168405393734399,0.0,0.0,35.38403476747115,train
0.5233049315668445,0.2217109456513731,0.0865787290473833,0.168405393734399,0.0,0.0,43.12562551675005,train
0.5233049315668445,0.2217109456513731,0.0865787290473833,0.168405393734399,0.0,0.0,25.4205295877149,train
0.5233049315668445,0.2217109456513731,0.0865787290473833,0.168405393734399,0.0,0.0,40.81812057142871,train
0.5233049315668445,0.2217109456513731,0.0865787290473833,0.168405393734399,0.0,0.0,41.926257578127824,train
0.5233049315668445,0.2217109456513731,0.0865787290473833,0.168405393734399,0.0,0.0,30.18362300367963,train
0.5233049315668445,0.2217109456513731,0.0865787290473833,0.168405393734399,0.0,0.0,28.71453504225,train
0.5233049315668445,0.2217109456513731,0.0865787290473833,0.168405393734399,0.0,0.0,32.32157478766258,train
0.5233049315668445,0.2217109456513731,0.0865787290473833,0.168405393734399,0.0,0.0,26.23341866433084,train
0.5233049315668445,0.2217109456513731,0.0865787290473833,0.168405393734399,0.0,0.0,28.3255343129115,train
0.5233049315668445,0.2217109456513731,0.0865787290473833,0.168405393734399,0.0,0.0,20.04534412564051,train
0.4035182343333867,0.3139614171072307,0.087384615993011,0.1951357325663714,0.0,0.0,52.070346492224616,train
0.4035182343333867,0.3139614171072307,0.087384615993011,0.1951357325663714,0.0,0.0,55.08336292473826,train
0.4035182343333867,0.3139614171072307,0.087384615993011,0.1951357325663714,0.0,0.0,56.759853977765886,train
0.4035182343333867,0.3139614171072307,0.087384615993011,0.1951357325663714,0.0,0.0,56.49297837320445,train
0.4035182343333867,0.3139614171072307,0.087384615993011,0.1951357325663714,0.0,0.0,53.136814068222456,train
0.4035182343333867,0.3139614171072307,0.087384615993011,0.1951357325663714,0.0,0.0,54.79292985727743,train
0.4035182343333867,0.3139614171072307,0.087384615993011,0.1951357325663714,0.0,0.0,58.47198303430326,train
0.4035182343333867,0.3139614171072307,0.087384615993011,0.1951357325663714,0.0,0.0,50.595132474429796,train
0.4035182343333867,0.3139614171072307,0.087384615993011,0.1951357325663714,0.0,0.0,49.20669902410043,train
0.4035182343333867,0.3139614171072307,0.087384615993011,0.1951357325663714,0.0,0.0,54.33169175123548,train
0.4035182343333867,0.3139614171072307,0.087384615993011,0.1951357325663714,0.0,0.0,52.4783792409937,train
0.4035182343333867,0.3139614171072307,0.087384615993011,0.1951357325663714,0.0,0.0,56.35188402717919,train
0.4035182343333867,0.3139614171072307,0.087384615993011,0.1951357325663714,0.0,0.0,50.95812261538466,train
0.4035182343333867,0.3139614171072307,0.087384615993011,0.1951357325663714,0.0,0.0,57.59400296563364,train
0.4035182343333867,0.3139614171072307,0.087384615993011,0.1951357325663714,0.0,0.0,49.10029222497845,train
0.4035182343333867,0.3139614171072307,0.087384615993011,0.1951357325663714,0.0,0.0,56.18263110922829,train
0.4035182343333867,0.3139614171072307,0.087384615993011,0.1951357325663714,0.0,0.0,57.10547515303168,train
0.4035182343333867,0.3139614171072307,0.087384615993011,0.1951357325663714,0.0,0.0,52.16950128915545,train
0.4035182343333867,0.3139614171072307,0.087384615993011,0.1951357325663714,0.0,0.0,55.11895995390888,train
0.4035182343333867,0.3139614171072307,0.087384615993011,0.1951357325663714,0.0,0.0,49.3138166626045,train
0.4035182343333867,0.3139614171072307,0.087384615993011,0.1951357325663714,0.0,0.0,51.3787702655917,train
0.4035182343333867,0.3139614171072307,0.087384615993011,0.1951357325663714,0.0,0.0,51.009139609160925,train
0.4035182343333867,0.3139614171072307,0.087384615993011,0.1951357325663714,0.0,0.0,52.94667628783142,train
0.4035182343333867,0.3139614171072307,0.087384615993011,0.1951357325663714,0.0,0.0,53.20968714714772,train
0.4035182343333867,0.3139614171072307,0.087384615993011,0.1951357325663714,0.0,0.0,53.31369918435504,train
0.4035182343333867,0.3139614171072307,0.087384615993011,0.1951357325663714,0.0,0.0,52.68246325043765,train
0.4035182343333867,0.3139614171072307,0.087384615993011,0.1951357325663714,0.0,0.0,51.72270981660232,train
0.4035182343333867,0.3139614171072307,0.087384615993011,0.1951357325663714,0.0,0.0,50.439485401104946,train
0.4035182343333867,0.3139614171072307,0.087384615993011,0.1951357325663714,0.0,0.0,53.45431428524164,train
0.4035182343333867,0.3139614171072307,0.087384615993011,0.1951357325663714,0.0,0.0,51.95515502867402,train
0.5754787353907006,0.184678411389549,0.0852460674436037,0.1545967857761466,0.0,0.0,27.782408112540047,train
0.5754787353907006,0.184678411389549,0.0852460674436037,0.1545967857761466,0.0,0.0,29.151819671434495,train
0.5754787353907006,0.184678411389549,0.0852460674436037,0.1545967857761466,0.0,0.0,29.223812369143477,train
0.5754787353907006,0.184678411389549,0.0852460674436037,0.1545967857761466,0.0,0.0,29.191365017406202,train
0.5754787353907006,0.184678411389549,0.0852460674436037,0.1545967857761466,0.0,0.0,31.86918687284514,train
0.5754787353907006,0.184678411389549,0.0852460674436037,0.1545967857761466,0.0,0.0,25.289527837586675,train
0.5754787353907006,0.184678411389549,0.0852460674436037,0.1545967857761466,0.0,0.0,29.436306189712464,train
0.5754787353907006,0.184678411389549,0.0852460674436037,0.1545967857761466,0.0,0.0,27.899488323622364,train
0.5754787353907006,0.184678411389549,0.0852460674436037,0.1545967857761466,0.0,0.0,27.967389038831765,train
0.5754787353907006,0.184678411389549,0.0852460674436037,0.1545967857761466,0.0,0.0,28.772090081872673,train
0.5754787353907006,0.184678411389549,0.0852460674436037,0.1545967857761466,0.0,0.0,28.03680596893943,train
0.5754787353907006,0.184678411389549,0.0852460674436037,0.1545967857761466,0.0,0.0,29.501652123593548,train
0.5754787353907006,0.184678411389549,0.0852460674436037,0.1545967857761466,0.0,0.0,28.657323442688416,train
0.5754787353907006,0.184678411389549,0.0852460674436037,0.1545967857761466,0.0,0.0,27.797148574359213,train
0.5754787353907006,0.184678411389549,0.0852460674436037,0.1545967857761466,0.0,0.0,29.883014551615915,train
0.5754787353907006,0.184678411389549,0.0852460674436037,0.1545967857761466,0.0,0.0,25.85124435913974,train
0.5754787353907006,0.184678411389549,0.0852460674436037,0.1545967857761466,0.0,0.0,24.89435931999803,train
0.5754787353907006,0.184678411389549,0.0852460674436037,0.1545967857761466,0.0,0.0,25.402304843905156,train
0.5754787353907006,0.184678411389549,0.0852460674436037,0.1545967857761466,0.0,0.0,26.8547879773675,train
0.5754787353907006,0.184678411389549,0.0852460674436037,0.1545967857761466,0.0,0.0,25.78714479320952,train
0.5754787353907006,0.184678411389549,0.0852460674436037,0.1545967857761466,0.0,0.0,25.581535125970213,train
0.5754787353907006,0.184678411389549,0.0852460674436037,0.1545967857761466,0.0,0.0,30.953506418300652,train
0.5754787353907006,0.184678411389549,0.0852460674436037,0.1545967857761466,0.0,0.0,26.30138773813071,train
0.5754787353907006,0.184678411389549,0.0852460674436037,0.1545967857761466,0.0,0.0,31.830041319092523,train
0.5754787353907006,0.184678411389549,0.0852460674436037,0.1545967857761466,0.0,0.0,28.076404426726665,train
0.5754787353907006,0.184678411389549,0.0852460674436037,0.1545967857761466,0.0,0.0,27.083755737723354,train
0.5754787353907006,0.184678411389549,0.0852460674436037,0.1545967857761466,0.0,0.0,23.720262044528535,train
0.5754787353907006,0.184678411389549,0.0852460674436037,0.1545967857761466,0.0,0.0,27.945368097424083,train
0.5754787353907006,0.184678411389549,0.0852460674436037,0.1545967857761466,0.0,0.0,27.36994080716094,train
0.5754787353907006,0.184678411389549,0.0852460674436037,0.1545967857761466,0.0,0.0,29.053753184529526,train
0.5044751788031535,0.2281446122057628,0.0830407936311279,0.1843394153599557,0.0,0.0,34.124580727992665,train
0.5044751788031535,0.2281446122057628,0.0830407936311279,0.1843394153599557,0.0,0.0,35.79039443585431,train
0.5044751788031535,0.2281446122057628,0.0830407936311279,0.1843394153599557,0.0,0.0,31.08804507048045,train
0.5044751788031535,0.2281446122057628,0.0830407936311279,0.1843394153599557,0.0,0.0,29.072681907067565,train
0.5044751788031535,0.2281446122057628,0.0830407936311279,0.1843394153599557,0.0,0.0,36.372608059437866,train
0.5044751788031535,0.2281446122057628,0.0830407936311279,0.1843394153599557,0.0,0.0,34.23909897831938,train
0.5044751788031535,0.2281446122057628,0.0830407936311279,0.1843394153599557,0.0,0.0,30.201456667493908,train
0.5044751788031535,0.2281446122057628,0.0830407936311279,0.1843394153599557,0.0,0.0,35.46208705777799,train
0.5044751788031535,0.2281446122057628,0.0830407936311279,0.1843394153599557,0.0,0.0,33.0372957859922,train
0.5044751788031535,0.2281446122057628,0.0830407936311279,0.1843394153599557,0.0,0.0,32.59594679875753,train
0.5044751788031535,0.2281446122057628,0.0830407936311279,0.1843394153599557,0.0,0.0,33.58597450782073,train
0.5044751788031535,0.2281446122057628,0.0830407936311279,0.1843394153599557,0.0,0.0,36.03279773937842,train
0.5044751788031535,0.2281446122057628,0.0830407936311279,0.1843394153599557,0.0,0.0,35.77759603558852,train
0.5044751788031535,0.2281446122057628,0.0830407936311279,0.1843394153599557,0.0,0.0,30.45390547670961,train
0.5044751788031535,0.2281446122057628,0.0830407936311279,0.1843394153599557,0.0,0.0,34.66438985683584,train
0.5044751788031535,0.2281446122057628,0.0830407936311279,0.1843394153599557,0.0,0.0,33.514411172297336,train
0.5044751788031535,0.2281446122057628,0.0830407936311279,0.1843394153599557,0.0,0.0,27.049356098827403,train
0.5044751788031535,0.2281446122057628,0.0830407936311279,0.1843394153599557,0.0,0.0,34.83105604033533,train
0.5044751788031535,0.2281446122057628,0.0830407936311279,0.1843394153599557,0.0,0.0,33.2901793974606,train
0.5044751788031535,0.2281446122057628,0.0830407936311279,0.1843394153599557,0.0,0.0,32.988808587839124,train
0.5044751788031535,0.2281446122057628,0.0830407936311279,0.1843394153599557,0.0,0.0,30.958848713107077,train
0.5044751788031535,0.2281446122057628,0.0830407936311279,0.1843394153599557,0.0,0.0,32.82987951524789,train
0.5044751788031535,0.2281446122057628,0.0830407936311279,0.1843394153599557,0.0,0.0,33.98432609910547,train
0.5044751788031535,0.2281446122057628,0.0830407936311279,0.1843394153599557,0.0,0.0,31.40985875180371,train
0.5044751788031535,0.2281446122057628,0.0830407936311279,0.1843394153599557,0.0,0.0,36.45682327804511,train
0.5044751788031535,0.2281446122057628,0.0830407936311279,0.1843394153599557,0.0,0.0,32.50736169328948,train
0.5044751788031535,0.2281446122057628,0.0830407936311279,0.1843394153599557,0.0,0.0,34.37965197967666,train
0.5044751788031535,0.2281446122057628,0.0830407936311279,0.1843394153599557,0.0,0.0,35.31497212719787,train
0.5044751788031535,0.2281446122057628,0.0830407936311279,0.1843394153599557,0.0,0.0,34.09189515062016,train
0.5044751788031535,0.2281446122057628,0.0830407936311279,0.1843394153599557,0.0,0.0,34.46948723400211,train
0.4300821605833393,0.4001397606227585,0.0,0.1697780787939022,0.0,0.0,65.49224573545123,train
0.4300821605833393,0.4001397606227585,0.0,0.1697780787939022,0.0,0.0,69.10850011863977,train
0.4300821605833393,0.4001397606227585,0.0,0.1697780787939022,0.0,0.0,64.98682376191915,train
0.4300821605833393,0.4001397606227585,0.0,0.1697780787939022,0.0,0.0,62.404863757832736,train
0.4300821605833393,0.4001397606227585,0.0,0.1697780787939022,0.0,0.0,67.4635663897419,train
0.4300821605833393,0.4001397606227585,0.0,0.1697780787939022,0.0,0.0,67.78014367225045,train
0.4300821605833393,0.4001397606227585,0.0,0.1697780787939022,0.0,0.0,68.30954131068955,train
0.4300821605833393,0.4001397606227585,0.0,0.1697780787939022,0.0,0.0,69.47307382763744,train
0.4300821605833393,0.4001397606227585,0.0,0.1697780787939022,0.0,0.0,65.84572187822651,train
0.4300821605833393,0.4001397606227585,0.0,0.1697780787939022,0.0,0.0,63.87886886149356,train
0.4300821605833393,0.4001397606227585,0.0,0.1697780787939022,0.0,0.0,68.39973912417922,train
0.4300821605833393,0.4001397606227585,0.0,0.1697780787939022,0.0,0.0,67.1388938494356,train
0.4300821605833393,0.4001397606227585,0.0,0.1697780787939022,0.0,0.0,66.91257675676414,train
0.4300821605833393,0.4001397606227585,0.0,0.1697780787939022,0.0,0.0,67.09074337079753,train
0.4300821605833393,0.4001397606227585,0.0,0.1697780787939022,0.0,0.0,62.98854376561259,train
0.4300821605833393,0.4001397606227585,0.0,0.1697780787939022,0.0,0.0,64.56144558744883,train
0.4300821605833393,0.4001397606227585,0.0,0.1697780787939022,0.0,0.0,66.42579260135531,train
0.4300821605833393,0.4001397606227585,0.0,0.1697780787939022,0.0,0.0,67.49205608009345,train
0.4300821605833393,0.4001397606227585,0.0,0.1697780787939022,0.0,0.0,65.39073639509819,train
0.4300821605833393,0.4001397606227585,0.0,0.1697780787939022,0.0,0.0,64.56715405487324,train
0.4300821605833393,0.4001397606227585,0.0,0.1697780787939022,0.0,0.0,66.53643958252188,train
0.4300821605833393,0.4001397606227585,0.0,0.1697780787939022,0.0,0.0,66.55552072278431,train
0.4300821605833393,0.4001397606227585,0.0,0.1697780787939022,0.0,0.0,69.63921022891707,train
0.4300821605833393,0.4001397606227585,0.0,0.1697780787939022,0.0,0.0,63.733658980929356,train
0.4300821605833393,0.4001397606227585,0.0,0.1697780787939022,0.0,0.0,64.39139342240799,train
0.4300821605833393,0.4001397606227585,0.0,0.1697780787939022,0.0,0.0,66.05430329913719,train
0.4300821605833393,0.4001397606227585,0.0,0.1697780787939022,0.0,0.0,66.0158793611983,train
0.4300821605833393,0.4001397606227585,0.0,0.1697780787939022,0.0,0.0,66.40708233388933,train
0.4300821605833393,0.4001397606227585,0.0,0.1697780787939022,0.0,0.0,67.69193051535099,train
0.4300821605833393,0.4001397606227585,0.0,0.1697780787939022,0.0,0.0,66.28260109446342,train
0.3807630807099782,0.4053047162321366,0.2139322030578851,0.0,0.0,0.0,13.350311272273983,train
0.3807630807099782,0.4053047162321366,0.2139322030578851,0.0,0.0,0.0,14.799849601308061,train
0.3807630807099782,0.4053047162321366,0.2139322030578851,0.0,0.0,0.0,12.078717530902086,train
0.3807630807099782,0.4053047162321366,0.2139322030578851,0.0,0.0,0.0,13.66029872247636,train
0.3807630807099782,0.4053047162321366,0.2139322030578851,0.0,0.0,0.0,13.489746612172342,train
0.3807630807099782,0.4053047162321366,0.2139322030578851,0.0,0.0,0.0,14.25130824020683,train
0.3807630807099782,0.4053047162321366,0.2139322030578851,0.0,0.0,0.0,12.71845601291767,train
0.3807630807099782,0.4053047162321366,0.2139322030578851,0.0,0.0,0.0,14.161648118970843,train
0.3807630807099782,0.4053047162321366,0.2139322030578851,0.0,0.0,0.0,13.965909593712162,train
0.3807630807099782,0.4053047162321366,0.2139322030578851,0.0,0.0,0.0,14.483172342387325,train
0.3807630807099782,0.4053047162321366,0.2139322030578851,0.0,0.0,0.0,12.087836357371268,train
0.3807630807099782,0.4053047162321366,0.2139322030578851,0.0,0.0,0.0,12.515783932920815,train
0.3807630807099782,0.4053047162321366,0.2139322030578851,0.0,0.0,0.0,13.212872277175293,train
0.3807630807099782,0.4053047162321366,0.2139322030578851,0.0,0.0,0.0,12.61995836160093,train
0.3807630807099782,0.4053047162321366,0.2139322030578851,0.0,0.0,0.0,14.6187182415227,train
0.3807630807099782,0.4053047162321366,0.2139322030578851,0.0,0.0,0.0,11.146805010116744,train
0.3807630807099782,0.4053047162321366,0.2139322030578851,0.0,0.0,0.0,12.763527232659357,train
0.3807630807099782,0.4053047162321366,0.2139322030578851,0.0,0.0,0.0,13.179914009196162,train
0.3807630807099782,0.4053047162321366,0.2139322030578851,0.0,0.0,0.0,14.054284023966513,train
0.3807630807099782,0.4053047162321366,0.2139322030578851,0.0,0.0,0.0,13.778104049767093,train
0.3807630807099782,0.4053047162321366,0.2139322030578851,0.0,0.0,0.0,11.332830533102367,train
0.3807630807099782,0.4053047162321366,0.2139322030578851,0.0,0.0,0.0,13.268267768507073,train
0.3807630807099782,0.4053047162321366,0.2139322030578851,0.0,0.0,0.0,11.70638310955243,train
0.3807630807099782,0.4053047162321366,0.2139322030578851,0.0,0.0,0.0,13.542770483695119,train
0.3807630807099782,0.4053047162321366,0.2139322030578851,0.0,0.0,0.0,13.396245744221277,train
0.3807630807099782,0.4053047162321366,0.2139322030578851,0.0,0.0,0.0,11.653449084807942,train
0.3807630807099782,0.4053047162321366,0.2139322030578851,0.0,0.0,0.0,12.573906709149007,train
0.3807630807099782,0.4053047162321366,0.2139322030578851,0.0,0.0,0.0,11.787838830749767,train
0.3807630807099782,0.4053047162321366,0.2139322030578851,0.0,0.0,0.0,11.993510418672008,train
0.3807630807099782,0.4053047162321366,0.2139322030578851,0.0,0.0,0.0,13.359952778077737,train
0.5298512804675678,0.2890317924994711,0.0875998295568531,0.0935170974761081,0.0,0.0,33.40397824227076,train
0.5298512804675678,0.2890317924994711,0.0875998295568531,0.0935170974761081,0.0,0.0,33.44386991110345,train
0.5298512804675678,0.2890317924994711,0.0875998295568531,0.0935170974761081,0.0,0.0,33.33345202102842,train
0.5298512804675678,0.2890317924994711,0.0875998295568531,0.0935170974761081,0.0,0.0,33.272729120870274,train
0.5298512804675678,0.2890317924994711,0.0875998295568531,0.0935170974761081,0.0,0.0,33.438876993300184,train
0.5298512804675678,0.2890317924994711,0.0875998295568531,0.0935170974761081,0.0,0.0,33.423784845700254,train
0.5298512804675678,0.2890317924994711,0.0875998295568531,0.0935170974761081,0.0,0.0,33.4648850057011,train
0.5298512804675678,0.2890317924994711,0.0875998295568531,0.0935170974761081,0.0,0.0,33.348245792509395,train
0.5298512804675678,0.2890317924994711,0.0875998295568531,0.0935170974761081,0.0,0.0,33.357948006046556,train
0.5298512804675678,0.2890317924994711,0.0875998295568531,0.0935170974761081,0.0,0.0,33.30645505260397,train
0.5298512804675678,0.2890317924994711,0.0875998295568531,0.0935170974761081,0.0,0.0,33.53709362575336,train
0.5298512804675678,0.2890317924994711,0.0875998295568531,0.0935170974761081,0.0,0.0,33.70748984760203,train
0.5298512804675678,0.2890317924994711,0.0875998295568531,0.0935170974761081,0.0,0.0,33.37784078882828,train
0.5298512804675678,0.2890317924994711,0.0875998295568531,0.0935170974761081,0.0,0.0,33.372655493803016,train
0.5298512804675678,0.2890317924994711,0.0875998295568531,0.0935170974761081,0.0,0.0,33.5128928068474,train
0.5298512804675678,0.2890317924994711,0.0875998295568531,0.0935170974761081,0.0,0.0,33.42320891023732,train
0.5298512804675678,0.2890317924994711,0.0875998295568531,0.0935170974761081,0.0,0.0,33.46029413862812,train
0.5298512804675678,0.2890317924994711,0.0875998295568531,0.0935170974761081,0.0,0.0,33.378081323159,train
0.5298512804675678,0.2890317924994711,0.0875998295568531,0.0935170974761081,0.0,0.0,33.289466947944675,train
0.5298512804675678,0.2890317924994711,0.0875998295568531,0.0935170974761081,0.0,0.0,33.320161667359216,train
0.5298512804675678,0.2890317924994711,0.0875998295568531,0.0935170974761081,0.0,0.0,33.70855464167277,train
0.5298512804675678,0.2890317924994711,0.0875998295568531,0.0935170974761081,0.0,0.0,33.31550314842025,train
0.5298512804675678,0.2890317924994711,0.0875998295568531,0.0935170974761081,0.0,0.0,33.379291427731296,train
0.5298512804675678,0.2890317924994711,0.0875998295568531,0.0935170974761081,0.0,0.0,33.34493224996647,train
0.5298512804675678,0.2890317924994711,0.0875998295568531,0.0935170974761081,0.0,0.0,33.33792620436837,train
0.5298512804675678,0.2890317924994711,0.0875998295568531,0.0935170974761081,0.0,0.0,33.4838588213604,train
0.5298512804675678,0.2890317924994711,0.0875998295568531,0.0935170974761081,0.0,0.0,33.54360914104116,train
0.5298512804675678,0.2890317924994711,0.0875998295568531,0.0935170974761081,0.0,0.0,33.49598303182105,train
0.5298512804675678,0.2890317924994711,0.0875998295568531,0.0935170974761081,0.0,0.0,33.5260388143572,train
0.5298512804675678,0.2890317924994711,0.0875998295568531,0.0935170974761081,0.0,0.0,33.36938672267404,train
0.5726949622942966,0.1859485796070933,0.1514316782017152,0.0899247798968947,0.0,0.0,83.58399787129764,train
0.5726949622942966,0.1859485796070933,0.1514316782017152,0.0899247798968947,0.0,0.0,83.43478851198236,train
0.5726949622942966,0.1859485796070933,0.1514316782017152,0.0899247798968947,0.0,0.0,85.69369182798434,train
0.5726949622942966,0.1859485796070933,0.1514316782017152,0.0899247798968947,0.0,0.0,83.67875808056587,train
0.5726949622942966,0.1859485796070933,0.1514316782017152,0.0899247798968947,0.0,0.0,86.95219268314686,train
0.5726949622942966,0.1859485796070933,0.1514316782017152,0.0899247798968947,0.0,0.0,86.60156198468805,train
0.5726949622942966,0.1859485796070933,0.1514316782017152,0.0899247798968947,0.0,0.0,87.58466493064967,train
0.5726949622942966,0.1859485796070933,0.1514316782017152,0.0899247798968947,0.0,0.0,86.45567624709356,train
0.5726949622942966,0.1859485796070933,0.1514316782017152,0.0899247798968947,0.0,0.0,89.82939204170387,train
0.5726949622942966,0.1859485796070933,0.1514316782017152,0.0899247798968947,0.0,0.0,88.92770319630704,train
0.5726949622942966,0.1859485796070933,0.1514316782017152,0.0899247798968947,0.0,0.0,86.62634610838256,train
0.5726949622942966,0.1859485796070933,0.1514316782017152,0.0899247798968947,0.0,0.0,86.03059741961614,train
0.5726949622942966,0.1859485796070933,0.1514316782017152,0.0899247798968947,0.0,0.0,91.37291307995784,train
0.5726949622942966,0.1859485796070933,0.1514316782017152,0.0899247798968947,0.0,0.0,87.1847574819153,train
0.5726949622942966,0.1859485796070933,0.1514316782017152,0.0899247798968947,0.0,0.0,86.97885198015935,train
0.5726949622942966,0.1859485796070933,0.1514316782017152,0.0899247798968947,0.0,0.0,86.9087528345769,train
0.5726949622942966,0.1859485796070933,0.1514316782017152,0.0899247798968947,0.0,0.0,86.91243182442409,train
0.5726949622942966,0.1859485796070933,0.1514316782017152,0.0899247798968947,0.0,0.0,84.42288548143482,train
0.5726949622942966,0.1859485796070933,0.1514316782017152,0.0899247798968947,0.0,0.0,86.19717842865765,train
0.5726949622942966,0.1859485796070933,0.1514316782017152,0.0899247798968947,0.0,0.0,90.31278490916581,train
0.5726949622942966,0.1859485796070933,0.1514316782017152,0.0899247798968947,0.0,0.0,86.76632849994056,train
0.5726949622942966,0.1859485796070933,0.1514316782017152,0.0899247798968947,0.0,0.0,87.47105682961926,train
0.5726949622942966,0.1859485796070933,0.1514316782017152,0.0899247798968947,0.0,0.0,87.74071785548429,train
0.5726949622942966,0.1859485796070933,0.1514316782017152,0.0899247798968947,0.0,0.0,89.82356189535618,train
0.5726949622942966,0.1859485796070933,0.1514316782017152,0.0899247798968947,0.0,0.0,84.7722197441243,train
0.5726949622942966,0.1859485796070933,0.1514316782017152,0.0899247798968947,0.0,0.0,84.43201148036025,train
0.5726949622942966,0.1859485796070933,0.1514316782017152,0.0899247798968947,0.0,0.0,84.65895576524767,train
0.5726949622942966,0.1859485796070933,0.1514316782017152,0.0899247798968947,0.0,0.0,84.15948232756747,train
0.5726949622942966,0.1859485796070933,0.1514316782017152,0.0899247798968947,0.0,0.0,87.03453403582131,train
0.5726949622942966,0.1859485796070933,0.1514316782017152,0.0899247798968947,0.0,0.0,87.89147279727774,train
0.2267571188222451,0.4504857591581371,0.2276880281918322,0.0,0.0950690938277854,0.0,41.97424041802391,train
0.2267571188222451,0.4504857591581371,0.2276880281918322,0.0,0.0950690938277854,0.0,41.61176441327689,train
0.2267571188222451,0.4504857591581371,0.2276880281918322,0.0,0.0950690938277854,0.0,42.77201600502547,train
0.2267571188222451,0.4504857591581371,0.2276880281918322,0.0,0.0950690938277854,0.0,46.182619597018736,train
0.2267571188222451,0.4504857591581371,0.2276880281918322,0.0,0.0950690938277854,0.0,50.439543725885486,train
0.2267571188222451,0.4504857591581371,0.2276880281918322,0.0,0.0950690938277854,0.0,44.00368171302229,train
0.2267571188222451,0.4504857591581371,0.2276880281918322,0.0,0.0950690938277854,0.0,37.59704936495667,train
0.2267571188222451,0.4504857591581371,0.2276880281918322,0.0,0.0950690938277854,0.0,47.070238317049814,train
0.2267571188222451,0.4504857591581371,0.2276880281918322,0.0,0.0950690938277854,0.0,46.29347419441518,train
0.2267571188222451,0.4504857591581371,0.2276880281918322,0.0,0.0950690938277854,0.0,42.18054773598158,train
0.2267571188222451,0.4504857591581371,0.2276880281918322,0.0,0.0950690938277854,0.0,45.47121718391173,train
0.2267571188222451,0.4504857591581371,0.2276880281918322,0.0,0.0950690938277854,0.0,40.67686790509956,train
0.2267571188222451,0.4504857591581371,0.2276880281918322,0.0,0.0950690938277854,0.0,48.744548272691524,train
0.2267571188222451,0.4504857591581371,0.2276880281918322,0.0,0.0950690938277854,0.0,39.03423876333328,train
0.2267571188222451,0.4504857591581371,0.2276880281918322,0.0,0.0950690938277854,0.0,50.78173752876071,train
0.2267571188222451,0.4504857591581371,0.2276880281918322,0.0,0.0950690938277854,0.0,37.02250223598999,train
0.2267571188222451,0.4504857591581371,0.2276880281918322,0.0,0.0950690938277854,0.0,39.56209996338727,train
0.2267571188222451,0.4504857591581371,0.2276880281918322,0.0,0.0950690938277854,0.0,54.28848996475905,train
0.2267571188222451,0.4504857591581371,0.2276880281918322,0.0,0.0950690938277854,0.0,37.39448543027044,train
0.2267571188222451,0.4504857591581371,0.2276880281918322,0.0,0.0950690938277854,0.0,41.31564875024687,train
0.2267571188222451,0.4504857591581371,0.2276880281918322,0.0,0.0950690938277854,0.0,37.03044231081112,train
0.2267571188222451,0.4504857591581371,0.2276880281918322,0.0,0.0950690938277854,0.0,33.3579156724404,train
0.2267571188222451,0.4504857591581371,0.2276880281918322,0.0,0.0950690938277854,0.0,41.14840079977425,train
0.2267571188222451,0.4504857591581371,0.2276880281918322,0.0,0.0950690938277854,0.0,43.17571034376219,train
0.2267571188222451,0.4504857591581371,0.2276880281918322,0.0,0.0950690938277854,0.0,52.426875598016004,train
0.2267571188222451,0.4504857591581371,0.2276880281918322,0.0,0.0950690938277854,0.0,39.672066697861865,train
0.2267571188222451,0.4504857591581371,0.2276880281918322,0.0,0.0950690938277854,0.0,46.061838112750166,train
0.2267571188222451,0.4504857591581371,0.2276880281918322,0.0,0.0950690938277854,0.0,32.56772202191463,train
0.2267571188222451,0.4504857591581371,0.2276880281918322,0.0,0.0950690938277854,0.0,38.84082552221818,train
0.2267571188222451,0.4504857591581371,0.2276880281918322,0.0,0.0950690938277854,0.0,42.2672780181711,train
0.4505051665122059,0.3916595603371927,0.0869185273416835,0.0709167458089178,0.0,0.0,57.22333088687557,train
0.4505051665122059,0.3916595603371927,0.0869185273416835,0.0709167458089178,0.0,0.0,61.81384088454569,train
0.4505051665122059,0.3916595603371927,0.0869185273416835,0.0709167458089178,0.0,0.0,48.41278423118544,train
0.4505051665122059,0.3916595603371927,0.0869185273416835,0.0709167458089178,0.0,0.0,47.848609108298945,train
0.4505051665122059,0.3916595603371927,0.0869185273416835,0.0709167458089178,0.0,0.0,55.564783479790556,train
0.4505051665122059,0.3916595603371927,0.0869185273416835,0.0709167458089178,0.0,0.0,53.31626546059915,train
0.4505051665122059,0.3916595603371927,0.0869185273416835,0.0709167458089178,0.0,0.0,63.91862973468368,train
0.4505051665122059,0.3916595603371927,0.0869185273416835,0.0709167458089178,0.0,0.0,54.74769809166358,train
0.4505051665122059,0.3916595603371927,0.0869185273416835,0.0709167458089178,0.0,0.0,57.68521352264147,train
0.4505051665122059,0.3916595603371927,0.0869185273416835,0.0709167458089178,0.0,0.0,60.52218280969553,train
0.4505051665122059,0.3916595603371927,0.0869185273416835,0.0709167458089178,0.0,0.0,63.365952810418115,train
0.4505051665122059,0.3916595603371927,0.0869185273416835,0.0709167458089178,0.0,0.0,47.94197542088293,train
0.4505051665122059,0.3916595603371927,0.0869185273416835,0.0709167458089178,0.0,0.0,46.0088491178015,train
0.4505051665122059,0.3916595603371927,0.0869185273416835,0.0709167458089178,0.0,0.0,78.45769750843026,train
0.4505051665122059,0.3916595603371927,0.0869185273416835,0.0709167458089178,0.0,0.0,41.34505250039781,train
0.4505051665122059,0.3916595603371927,0.0869185273416835,0.0709167458089178,0.0,0.0,62.27852916603565,train
0.4505051665122059,0.3916595603371927,0.0869185273416835,0.0709167458089178,0.0,0.0,78.58097468977343,train
0.4505051665122059,0.3916595603371927,0.0869185273416835,0.0709167458089178,0.0,0.0,55.127580665585754,train
0.4505051665122059,0.3916595603371927,0.0869185273416835,0.0709167458089178,0.0,0.0,45.903098375677885,train
0.4505051665122059,0.3916595603371927,0.0869185273416835,0.0709167458089178,0.0,0.0,65.09664569947104,train
0.4505051665122059,0.3916595603371927,0.0869185273416835,0.0709167458089178,0.0,0.0,67.01786835920407,train
0.4505051665122059,0.3916595603371927,0.0869185273416835,0.0709167458089178,0.0,0.0,46.79108550907035,train
0.4505051665122059,0.3916595603371927,0.0869185273416835,0.0709167458089178,0.0,0.0,67.94193698376077,train
0.4505051665122059,0.3916595603371927,0.0869185273416835,0.0709167458089178,0.0,0.0,45.68663841069085,train
0.4505051665122059,0.3916595603371927,0.0869185273416835,0.0709167458089178,0.0,0.0,71.86336238504697,train
0.4505051665122059,0.3916595603371927,0.0869185273416835,0.0709167458089178,0.0,0.0,45.119225658758474,train
0.4505051665122059,0.3916595603371927,0.0869185273416835,0.0709167458089178,0.0,0.0,33.64561629560575,train
0.4505051665122059,0.3916595603371927,0.0869185273416835,0.0709167458089178,0.0,0.0,50.858716878789984,train
0.4505051665122059,0.3916595603371927,0.0869185273416835,0.0709167458089178,0.0,0.0,71.68980886284822,train
0.4505051665122059,0.3916595603371927,0.0869185273416835,0.0709167458089178,0.0,0.0,59.441817764804014,train
0.3437046228426227,0.4849985665669715,0.082943045489673,0.0883537651007328,0.0,0.0,17.21537174428227,train
0.3437046228426227,0.4849985665669715,0.082943045489673,0.0883537651007328,0.0,0.0,18.456726637677086,train
0.3437046228426227,0.4849985665669715,0.082943045489673,0.0883537651007328,0.0,0.0,17.048079283883187,train
0.3437046228426227,0.4849985665669715,0.082943045489673,0.0883537651007328,0.0,0.0,17.661472240735677,train
0.3437046228426227,0.4849985665669715,0.082943045489673,0.0883537651007328,0.0,0.0,19.228432679265595,train
0.3437046228426227,0.4849985665669715,0.082943045489673,0.0883537651007328,0.0,0.0,18.62817779806678,train
0.3437046228426227,0.4849985665669715,0.082943045489673,0.0883537651007328,0.0,0.0,17.737914726580932,train
0.3437046228426227,0.4849985665669715,0.082943045489673,0.0883537651007328,0.0,0.0,19.752917256406416,train
0.3437046228426227,0.4849985665669715,0.082943045489673,0.0883537651007328,0.0,0.0,19.328557173491202,train
0.3437046228426227,0.4849985665669715,0.082943045489673,0.0883537651007328,0.0,0.0,20.006114111751838,train
0.3437046228426227,0.4849985665669715,0.082943045489673,0.0883537651007328,0.0,0.0,17.152258429970153,train
0.3437046228426227,0.4849985665669715,0.082943045489673,0.0883537651007328,0.0,0.0,17.857105783777673,train
0.3437046228426227,0.4849985665669715,0.082943045489673,0.0883537651007328,0.0,0.0,17.607311233260322,train
0.3437046228426227,0.4849985665669715,0.082943045489673,0.0883537651007328,0.0,0.0,20.443008357383555,train
0.3437046228426227,0.4849985665669715,0.082943045489673,0.0883537651007328,0.0,0.0,20.63202701299022,train
0.3437046228426227,0.4849985665669715,0.082943045489673,0.0883537651007328,0.0,0.0,20.427082190008935,train
0.3437046228426227,0.4849985665669715,0.082943045489673,0.0883537651007328,0.0,0.0,18.338178613127873,train
0.3437046228426227,0.4849985665669715,0.082943045489673,0.0883537651007328,0.0,0.0,18.07554066579778,train
0.3437046228426227,0.4849985665669715,0.082943045489673,0.0883537651007328,0.0,0.0,18.538375777234165,train
0.3437046228426227,0.4849985665669715,0.082943045489673,0.0883537651007328,0.0,0.0,17.84359336791232,train
0.3437046228426227,0.4849985665669715,0.082943045489673,0.0883537651007328,0.0,0.0,20.874790623251464,train
0.3437046228426227,0.4849985665669715,0.082943045489673,0.0883537651007328,0.0,0.0,21.095596605993315,train
0.3437046228426227,0.4849985665669715,0.082943045489673,0.0883537651007328,0.0,0.0,14.68089240690188,train
0.3437046228426227,0.4849985665669715,0.082943045489673,0.0883537651007328,0.0,0.0,19.50147599037826,train
0.3437046228426227,0.4849985665669715,0.082943045489673,0.0883537651007328,0.0,0.0,18.706405217881244,train
0.3437046228426227,0.4849985665669715,0.082943045489673,0.0883537651007328,0.0,0.0,17.486485588014165,train
0.3437046228426227,0.4849985665669715,0.082943045489673,0.0883537651007328,0.0,0.0,16.03216682641173,train
0.3437046228426227,0.4849985665669715,0.082943045489673,0.0883537651007328,0.0,0.0,18.72452731307335,train
0.3437046228426227,0.4849985665669715,0.082943045489673,0.0883537651007328,0.0,0.0,20.009323172805686,train
0.3437046228426227,0.4849985665669715,0.082943045489673,0.0883537651007328,0.0,0.0,17.35686136219769,train
0.2428511021683609,0.5040798563280073,0.1867993563645744,0.0,0.0662696851390573,0.0,6.17368482186785,train
0.2428511021683609,0.5040798563280073,0.1867993563645744,0.0,0.0662696851390573,0.0,7.306116037231306,train
0.2428511021683609,0.5040798563280073,0.1867993563645744,0.0,0.0662696851390573,0.0,6.501961195165777,train
0.2428511021683609,0.5040798563280073,0.1867993563645744,0.0,0.0662696851390573,0.0,6.333124439198103,train
0.2428511021683609,0.5040798563280073,0.1867993563645744,0.0,0.0662696851390573,0.0,5.828376027873551,train
0.2428511021683609,0.5040798563280073,0.1867993563645744,0.0,0.0662696851390573,0.0,6.858429511147002,train
0.2428511021683609,0.5040798563280073,0.1867993563645744,0.0,0.0662696851390573,0.0,7.092685841504235,train
0.2428511021683609,0.5040798563280073,0.1867993563645744,0.0,0.0662696851390573,0.0,6.586432785719479,train
0.2428511021683609,0.5040798563280073,0.1867993563645744,0.0,0.0662696851390573,0.0,6.982745089959904,train
0.2428511021683609,0.5040798563280073,0.1867993563645744,0.0,0.0662696851390573,0.0,6.595911993224499,train
0.2428511021683609,0.5040798563280073,0.1867993563645744,0.0,0.0662696851390573,0.0,7.03160040971466,train
0.2428511021683609,0.5040798563280073,0.1867993563645744,0.0,0.0662696851390573,0.0,6.935962157261508,train
0.2428511021683609,0.5040798563280073,0.1867993563645744,0.0,0.0662696851390573,0.0,6.117431871729654,train
0.2428511021683609,0.5040798563280073,0.1867993563645744,0.0,0.0662696851390573,0.0,7.0203169864520625,train
0.2428511021683609,0.5040798563280073,0.1867993563645744,0.0,0.0662696851390573,0.0,6.513404102198321,train
0.2428511021683609,0.5040798563280073,0.1867993563645744,0.0,0.0662696851390573,0.0,6.797939044031642,train
0.2428511021683609,0.5040798563280073,0.1867993563645744,0.0,0.0662696851390573,0.0,7.071043825152188,train
0.2428511021683609,0.5040798563280073,0.1867993563645744,0.0,0.0662696851390573,0.0,7.04293135889049,train
0.2428511021683609,0.5040798563280073,0.1867993563645744,0.0,0.0662696851390573,0.0,7.572891388312856,train
0.2428511021683609,0.5040798563280073,0.1867993563645744,0.0,0.0662696851390573,0.0,7.2688118990673605,train
0.2428511021683609,0.5040798563280073,0.1867993563645744,0.0,0.0662696851390573,0.0,7.244150340184262,train
0.2428511021683609,0.5040798563280073,0.1867993563645744,0.0,0.0662696851390573,0.0,6.824565424858764,train
0.2428511021683609,0.5040798563280073,0.1867993563645744,0.0,0.0662696851390573,0.0,6.713243351609947,train
0.2428511021683609,0.5040798563280073,0.1867993563645744,0.0,0.0662696851390573,0.0,7.048345327605994,train
0.2428511021683609,0.5040798563280073,0.1867993563645744,0.0,0.0662696851390573,0.0,7.0991494799465995,train
0.2428511021683609,0.5040798563280073,0.1867993563645744,0.0,0.0662696851390573,0.0,5.659555430684076,train
0.2428511021683609,0.5040798563280073,0.1867993563645744,0.0,0.0662696851390573,0.0,6.444513941261027,train
0.2428511021683609,0.5040798563280073,0.1867993563645744,0.0,0.0662696851390573,0.0,6.862876777701985,train
0.2428511021683609,0.5040798563280073,0.1867993563645744,0.0,0.0662696851390573,0.0,6.883286260727988,train
0.2428511021683609,0.5040798563280073,0.1867993563645744,0.0,0.0662696851390573,0.0,6.737629213778101,train
0.3742481335670098,0.1988845785427616,0.4268672878902285,0.0,0.0,0.0,8.282103857494425,train
0.3742481335670098,0.1988845785427616,0.4268672878902285,0.0,0.0,0.0,8.608913189714682,train
0.3742481335670098,0.1988845785427616,0.4268672878902285,0.0,0.0,0.0,8.815279402059403,train
0.3742481335670098,0.1988845785427616,0.4268672878902285,0.0,0.0,0.0,9.231803008001938,train
0.3742481335670098,0.1988845785427616,0.4268672878902285,0.0,0.0,0.0,8.895506546887454,train
0.3742481335670098,0.1988845785427616,0.4268672878902285,0.0,0.0,0.0,8.44768188297976,train
0.3742481335670098,0.1988845785427616,0.4268672878902285,0.0,0.0,0.0,8.331385158238618,train
0.3742481335670098,0.1988845785427616,0.4268672878902285,0.0,0.0,0.0,9.51456888099234,train
0.3742481335670098,0.1988845785427616,0.4268672878902285,0.0,0.0,0.0,7.937763304872209,train
0.3742481335670098,0.1988845785427616,0.4268672878902285,0.0,0.0,0.0,8.846481482392518,train
0.3742481335670098,0.1988845785427616,0.4268672878902285,0.0,0.0,0.0,9.420329122457122,train
0.3742481335670098,0.1988845785427616,0.4268672878902285,0.0,0.0,0.0,10.086327401279727,train
0.3742481335670098,0.1988845785427616,0.4268672878902285,0.0,0.0,0.0,9.069248639780357,train
0.3742481335670098,0.1988845785427616,0.4268672878902285,0.0,0.0,0.0,9.892214059493053,train
0.3742481335670098,0.1988845785427616,0.4268672878902285,0.0,0.0,0.0,8.829171044088437,train
0.3742481335670098,0.1988845785427616,0.4268672878902285,0.0,0.0,0.0,9.393324907102203,train
0.3742481335670098,0.1988845785427616,0.4268672878902285,0.0,0.0,0.0,8.57854473752259,train
0.3742481335670098,0.1988845785427616,0.4268672878902285,0.0,0.0,0.0,7.980821751615538,train
0.3742481335670098,0.1988845785427616,0.4268672878902285,0.0,0.0,0.0,8.318645814635895,train
0.3742481335670098,0.1988845785427616,0.4268672878902285,0.0,0.0,0.0,8.06117097324487,train
0.3742481335670098,0.1988845785427616,0.4268672878902285,0.0,0.0,0.0,8.767774607948972,train
0.3742481335670098,0.1988845785427616,0.4268672878902285,0.0,0.0,0.0,8.781873208637688,train
0.3742481335670098,0.1988845785427616,0.4268672878902285,0.0,0.0,0.0,8.564336604252832,train
0.3742481335670098,0.1988845785427616,0.4268672878902285,0.0,0.0,0.0,8.396116021141376,train
0.3742481335670098,0.1988845785427616,0.4268672878902285,0.0,0.0,0.0,8.921593712290813,train
0.3742481335670098,0.1988845785427616,0.4268672878902285,0.0,0.0,0.0,8.283805270272655,train
0.3742481335670098,0.1988845785427616,0.4268672878902285,0.0,0.0,0.0,8.208317976414614,train
0.3742481335670098,0.1988845785427616,0.4268672878902285,0.0,0.0,0.0,8.839236420835281,train
0.3742481335670098,0.1988845785427616,0.4268672878902285,0.0,0.0,0.0,8.939794260088838,train
0.3742481335670098,0.1988845785427616,0.4268672878902285,0.0,0.0,0.0,9.545853824375012,train
0.5183817041192231,0.2109833677872132,0.1944658980206439,0.0761690300729196,0.0,0.0,91.69310186895598,train
0.5183817041192231,0.2109833677872132,0.1944658980206439,0.0761690300729196,0.0,0.0,94.2422382569235,train
0.5183817041192231,0.2109833677872132,0.1944658980206439,0.0761690300729196,0.0,0.0,83.84104189399652,train
0.5183817041192231,0.2109833677872132,0.1944658980206439,0.0761690300729196,0.0,0.0,76.63998726640187,train
0.5183817041192231,0.2109833677872132,0.1944658980206439,0.0761690300729196,0.0,0.0,88.85974158070334,train
0.5183817041192231,0.2109833677872132,0.1944658980206439,0.0761690300729196,0.0,0.0,69.17099374138803,train
0.5183817041192231,0.2109833677872132,0.1944658980206439,0.0761690300729196,0.0,0.0,90.00727522896395,train
0.5183817041192231,0.2109833677872132,0.1944658980206439,0.0761690300729196,0.0,0.0,75.6353409829329,train
0.5183817041192231,0.2109833677872132,0.1944658980206439,0.0761690300729196,0.0,0.0,77.47649476975904,train
0.5183817041192231,0.2109833677872132,0.1944658980206439,0.0761690300729196,0.0,0.0,84.94295994028228,train
0.5183817041192231,0.2109833677872132,0.1944658980206439,0.0761690300729196,0.0,0.0,85.72992225133744,train
0.5183817041192231,0.2109833677872132,0.1944658980206439,0.0761690300729196,0.0,0.0,95.96332246070405,train
0.5183817041192231,0.2109833677872132,0.1944658980206439,0.0761690300729196,0.0,0.0,76.49819105738791,train
0.5183817041192231,0.2109833677872132,0.1944658980206439,0.0761690300729196,0.0,0.0,94.65897006914352,train
0.5183817041192231,0.2109833677872132,0.1944658980206439,0.0761690300729196,0.0,0.0,89.71085081589948,train
0.5183817041192231,0.2109833677872132,0.1944658980206439,0.0761690300729196,0.0,0.0,93.60795116939791,train
0.5183817041192231,0.2109833677872132,0.1944658980206439,0.0761690300729196,0.0,0.0,89.41346767128825,train
0.5183817041192231,0.2109833677872132,0.1944658980206439,0.0761690300729196,0.0,0.0,82.79742210941025,train
0.5183817041192231,0.2109833677872132,0.1944658980206439,0.0761690300729196,0.0,0.0,78.09040796144633,train
0.5183817041192231,0.2109833677872132,0.1944658980206439,0.0761690300729196,0.0,0.0,86.9910492408525,train
0.5183817041192231,0.2109833677872132,0.1944658980206439,0.0761690300729196,0.0,0.0,88.79739043296539,train
0.5183817041192231,0.2109833677872132,0.1944658980206439,0.0761690300729196,0.0,0.0,90.74901955935066,train
0.5183817041192231,0.2109833677872132,0.1944658980206439,0.0761690300729196,0.0,0.0,78.36710201006817,train
0.5183817041192231,0.2109833677872132,0.1944658980206439,0.0761690300729196,0.0,0.0,89.04133025529764,train
0.5183817041192231,0.2109833677872132,0.1944658980206439,0.0761690300729196,0.0,0.0,89.58574120532617,train
0.5183817041192231,0.2109833677872132,0.1944658980206439,0.0761690300729196,0.0,0.0,101.33067219792599,train
0.5183817041192231,0.2109833677872132,0.1944658980206439,0.0761690300729196,0.0,0.0,83.14486062590572,train
0.5183817041192231,0.2109833677872132,0.1944658980206439,0.0761690300729196,0.0,0.0,97.00397353829084,train
0.5183817041192231,0.2109833677872132,0.1944658980206439,0.0761690300729196,0.0,0.0,96.06804194247844,train
0.5183817041192231,0.2109833677872132,0.1944658980206439,0.0761690300729196,0.0,0.0,88.45378050656227,train
0.4098362030923597,0.3276476957053602,0.1795187837810907,0.0829973174211893,0.0,0.0,94.50907410949574,train
0.4098362030923597,0.3276476957053602,0.1795187837810907,0.0829973174211893,0.0,0.0,70.6445009006255,train
0.4098362030923597,0.3276476957053602,0.1795187837810907,0.0829973174211893,0.0,0.0,77.08619076553914,train
0.4098362030923597,0.3276476957053602,0.1795187837810907,0.0829973174211893,0.0,0.0,90.97608625501663,train
0.4098362030923597,0.3276476957053602,0.1795187837810907,0.0829973174211893,0.0,0.0,68.65010165675321,train
0.4098362030923597,0.3276476957053602,0.1795187837810907,0.0829973174211893,0.0,0.0,68.55338877565313,train
0.4098362030923597,0.3276476957053602,0.1795187837810907,0.0829973174211893,0.0,0.0,92.38504913313403,train
0.4098362030923597,0.3276476957053602,0.1795187837810907,0.0829973174211893,0.0,0.0,90.70708281621432,train
0.4098362030923597,0.3276476957053602,0.1795187837810907,0.0829973174211893,0.0,0.0,80.5064175679439,train
0.4098362030923597,0.3276476957053602,0.1795187837810907,0.0829973174211893,0.0,0.0,76.54848307584577,train
0.4098362030923597,0.3276476957053602,0.1795187837810907,0.0829973174211893,0.0,0.0,73.19362852039951,train
0.4098362030923597,0.3276476957053602,0.1795187837810907,0.0829973174211893,0.0,0.0,30.604869264558573,train
0.4098362030923597,0.3276476957053602,0.1795187837810907,0.0829973174211893,0.0,0.0,60.1403267463885,train
0.4098362030923597,0.3276476957053602,0.1795187837810907,0.0829973174211893,0.0,0.0,69.7949709218143,train
0.4098362030923597,0.3276476957053602,0.1795187837810907,0.0829973174211893,0.0,0.0,70.24200413442439,train
0.4098362030923597,0.3276476957053602,0.1795187837810907,0.0829973174211893,0.0,0.0,67.57550750447167,train
0.4098362030923597,0.3276476957053602,0.1795187837810907,0.0829973174211893,0.0,0.0,85.84962738863116,train
0.4098362030923597,0.3276476957053602,0.1795187837810907,0.0829973174211893,0.0,0.0,76.5512322478811,train
0.4098362030923597,0.3276476957053602,0.1795187837810907,0.0829973174211893,0.0,0.0,57.22946288911171,train
0.4098362030923597,0.3276476957053602,0.1795187837810907,0.0829973174211893,0.0,0.0,54.19429570027181,train
0.4098362030923597,0.3276476957053602,0.1795187837810907,0.0829973174211893,0.0,0.0,60.61840615379323,train
0.4098362030923597,0.3276476957053602,0.1795187837810907,0.0829973174211893,0.0,0.0,43.69948533546791,train
0.4098362030923597,0.3276476957053602,0.1795187837810907,0.0829973174211893,0.0,0.0,99.09358565141888,train
0.4098362030923597,0.3276476957053602,0.1795187837810907,0.0829973174211893,0.0,0.0,70.65687072585322,train
0.4098362030923597,0.3276476957053602,0.1795187837810907,0.0829973174211893,0.0,0.0,71.65047327562436,train
0.4098362030923597,0.3276476957053602,0.1795187837810907,0.0829973174211893,0.0,0.0,66.0954281390005,train
0.4098362030923597,0.3276476957053602,0.1795187837810907,0.0829973174211893,0.0,0.0,73.28224251237867,train
0.4098362030923597,0.3276476957053602,0.1795187837810907,0.0829973174211893,0.0,0.0,50.812700726567904,train
0.4098362030923597,0.3276476957053602,0.1795187837810907,0.0829973174211893,0.0,0.0,82.96938136111832,train
0.4098362030923597,0.3276476957053602,0.1795187837810907,0.0829973174211893,0.0,0.0,81.89360494381316,train
0.5589341747767282,0.2817354392186882,0.0808711174785717,0.0784592685260116,0.0,0.0,43.545518056579674,train
0.5589341747767282,0.2817354392186882,0.0808711174785717,0.0784592685260116,0.0,0.0,41.43783352122866,train
0.5589341747767282,0.2817354392186882,0.0808711174785717,0.0784592685260116,0.0,0.0,36.98482209721967,train
0.5589341747767282,0.2817354392186882,0.0808711174785717,0.0784592685260116,0.0,0.0,33.675183632721044,train
0.5589341747767282,0.2817354392186882,0.0808711174785717,0.0784592685260116,0.0,0.0,35.674394745464646,train
0.5589341747767282,0.2817354392186882,0.0808711174785717,0.0784592685260116,0.0,0.0,36.401467404283544,train
0.5589341747767282,0.2817354392186882,0.0808711174785717,0.0784592685260116,0.0,0.0,39.40378413725567,train
0.5589341747767282,0.2817354392186882,0.0808711174785717,0.0784592685260116,0.0,0.0,35.08785756558943,train
0.5589341747767282,0.2817354392186882,0.0808711174785717,0.0784592685260116,0.0,0.0,40.39426777015194,train
0.5589341747767282,0.2817354392186882,0.0808711174785717,0.0784592685260116,0.0,0.0,32.05122891563455,train
0.5589341747767282,0.2817354392186882,0.0808711174785717,0.0784592685260116,0.0,0.0,39.737015907635424,train
0.5589341747767282,0.2817354392186882,0.0808711174785717,0.0784592685260116,0.0,0.0,35.52898179064803,train
0.5589341747767282,0.2817354392186882,0.0808711174785717,0.0784592685260116,0.0,0.0,34.88125015283076,train
0.5589341747767282,0.2817354392186882,0.0808711174785717,0.0784592685260116,0.0,0.0,35.66537318184352,train
0.5589341747767282,0.2817354392186882,0.0808711174785717,0.0784592685260116,0.0,0.0,37.04084579157268,train
0.5589341747767282,0.2817354392186882,0.0808711174785717,0.0784592685260116,0.0,0.0,41.42604587283829,train
0.5589341747767282,0.2817354392186882,0.0808711174785717,0.0784592685260116,0.0,0.0,44.572993423683016,train
0.5589341747767282,0.2817354392186882,0.0808711174785717,0.0784592685260116,0.0,0.0,38.49346350983694,train
0.5589341747767282,0.2817354392186882,0.0808711174785717,0.0784592685260116,0.0,0.0,33.53229042829057,train
0.5589341747767282,0.2817354392186882,0.0808711174785717,0.0784592685260116,0.0,0.0,40.55902180718695,train
0.5589341747767282,0.2817354392186882,0.0808711174785717,0.0784592685260116,0.0,0.0,39.80941850070864,train
0.5589341747767282,0.2817354392186882,0.0808711174785717,0.0784592685260116,0.0,0.0,41.00818135463648,train
0.5589341747767282,0.2817354392186882,0.0808711174785717,0.0784592685260116,0.0,0.0,40.047336518315205,train
0.5589341747767282,0.2817354392186882,0.0808711174785717,0.0784592685260116,0.0,0.0,37.84349547284707,train
0.5589341747767282,0.2817354392186882,0.0808711174785717,0.0784592685260116,0.0,0.0,39.82489880441152,train
0.5589341747767282,0.2817354392186882,0.0808711174785717,0.0784592685260116,0.0,0.0,35.13748391168776,train
0.5589341747767282,0.2817354392186882,0.0808711174785717,0.0784592685260116,0.0,0.0,35.61055546033177,train
0.5589341747767282,0.2817354392186882,0.0808711174785717,0.0784592685260116,0.0,0.0,38.35156114542181,train
0.5589341747767282,0.2817354392186882,0.0808711174785717,0.0784592685260116,0.0,0.0,34.76692332097305,train
0.5589341747767282,0.2817354392186882,0.0808711174785717,0.0784592685260116,0.0,0.0,35.964983704545155,train
0.4966725444662729,0.0791837467103281,0.2574839714789997,0.1666597373443991,0.0,0.0,6.542029716895048,train
0.4966725444662729,0.0791837467103281,0.2574839714789997,0.1666597373443991,0.0,0.0,7.920899751499577,train
0.4966725444662729,0.0791837467103281,0.2574839714789997,0.1666597373443991,0.0,0.0,7.803758612533509,train
0.4966725444662729,0.0791837467103281,0.2574839714789997,0.1666597373443991,0.0,0.0,7.69235364204426,train
0.4966725444662729,0.0791837467103281,0.2574839714789997,0.1666597373443991,0.0,0.0,7.257226357371855,train
0.4966725444662729,0.0791837467103281,0.2574839714789997,0.1666597373443991,0.0,0.0,8.596735189584031,train
0.4966725444662729,0.0791837467103281,0.2574839714789997,0.1666597373443991,0.0,0.0,8.578084502200356,train
0.4966725444662729,0.0791837467103281,0.2574839714789997,0.1666597373443991,0.0,0.0,8.294762187185125,train
0.4966725444662729,0.0791837467103281,0.2574839714789997,0.1666597373443991,0.0,0.0,7.4395386965895165,train
0.4966725444662729,0.0791837467103281,0.2574839714789997,0.1666597373443991,0.0,0.0,7.752190137531354,train
0.4966725444662729,0.0791837467103281,0.2574839714789997,0.1666597373443991,0.0,0.0,7.529675898683837,train
0.4966725444662729,0.0791837467103281,0.2574839714789997,0.1666597373443991,0.0,0.0,7.651814055036288,train
0.4966725444662729,0.0791837467103281,0.2574839714789997,0.1666597373443991,0.0,0.0,8.082125738336135,train
0.4966725444662729,0.0791837467103281,0.2574839714789997,0.1666597373443991,0.0,0.0,8.256358883647223,train
0.4966725444662729,0.0791837467103281,0.2574839714789997,0.1666597373443991,0.0,0.0,7.884925671509167,train
0.4966725444662729,0.0791837467103281,0.2574839714789997,0.1666597373443991,0.0,0.0,8.020853543202925,train
0.4966725444662729,0.0791837467103281,0.2574839714789997,0.1666597373443991,0.0,0.0,7.024823403373043,train
0.4966725444662729,0.0791837467103281,0.2574839714789997,0.1666597373443991,0.0,0.0,8.253804497334096,train
0.4966725444662729,0.0791837467103281,0.2574839714789997,0.1666597373443991,0.0,0.0,7.57406244216148,train
0.4966725444662729,0.0791837467103281,0.2574839714789997,0.1666597373443991,0.0,0.0,8.3764225294856,train
0.4966725444662729,0.0791837467103281,0.2574839714789997,0.1666597373443991,0.0,0.0,8.353148839830657,train
0.4966725444662729,0.0791837467103281,0.2574839714789997,0.1666597373443991,0.0,0.0,7.6239361295408585,train
0.4966725444662729,0.0791837467103281,0.2574839714789997,0.1666597373443991,0.0,0.0,8.572622372792738,train
0.4966725444662729,0.0791837467103281,0.2574839714789997,0.1666597373443991,0.0,0.0,7.662304666563379,train
0.4966725444662729,0.0791837467103281,0.2574839714789997,0.1666597373443991,0.0,0.0,7.252384398161794,train
0.4966725444662729,0.0791837467103281,0.2574839714789997,0.1666597373443991,0.0,0.0,7.357767246644863,train
0.4966725444662729,0.0791837467103281,0.2574839714789997,0.1666597373443991,0.0,0.0,7.815437945847484,train
0.4966725444662729,0.0791837467103281,0.2574839714789997,0.1666597373443991,0.0,0.0,8.245880471909947,train
0.4966725444662729,0.0791837467103281,0.2574839714789997,0.1666597373443991,0.0,0.0,7.801828809877616,train
0.4966725444662729,0.0791837467103281,0.2574839714789997,0.1666597373443991,0.0,0.0,7.442209022331382,train
0.4444433647189736,0.3930320061696908,0.0789246062816794,0.0836000228296561,0.0,0.0,31.52996691536443,train
0.4444433647189736,0.3930320061696908,0.0789246062816794,0.0836000228296561,0.0,0.0,21.777309650193686,train
0.4444433647189736,0.3930320061696908,0.0789246062816794,0.0836000228296561,0.0,0.0,26.02829677546881,train
0.4444433647189736,0.3930320061696908,0.0789246062816794,0.0836000228296561,0.0,0.0,27.292621001892197,train
0.4444433647189736,0.3930320061696908,0.0789246062816794,0.0836000228296561,0.0,0.0,36.2555972484424,train
0.4444433647189736,0.3930320061696908,0.0789246062816794,0.0836000228296561,0.0,0.0,36.91439097215243,train
0.4444433647189736,0.3930320061696908,0.0789246062816794,0.0836000228296561,0.0,0.0,26.966628009984078,train
0.4444433647189736,0.3930320061696908,0.0789246062816794,0.0836000228296561,0.0,0.0,32.80897692990392,train
0.4444433647189736,0.3930320061696908,0.0789246062816794,0.0836000228296561,0.0,0.0,31.945369691928285,train
0.4444433647189736,0.3930320061696908,0.0789246062816794,0.0836000228296561,0.0,0.0,31.58641925483452,train
0.4444433647189736,0.3930320061696908,0.0789246062816794,0.0836000228296561,0.0,0.0,27.329733449438095,train
0.4444433647189736,0.3930320061696908,0.0789246062816794,0.0836000228296561,0.0,0.0,35.38666990754769,train
0.4444433647189736,0.3930320061696908,0.0789246062816794,0.0836000228296561,0.0,0.0,33.93271619531658,train
0.4444433647189736,0.3930320061696908,0.0789246062816794,0.0836000228296561,0.0,0.0,27.898987097149163,train
0.4444433647189736,0.3930320061696908,0.0789246062816794,0.0836000228296561,0.0,0.0,33.04445356592405,train
0.4444433647189736,0.3930320061696908,0.0789246062816794,0.0836000228296561,0.0,0.0,43.906756530299994,train
0.4444433647189736,0.3930320061696908,0.0789246062816794,0.0836000228296561,0.0,0.0,36.0830123985354,train
0.4444433647189736,0.3930320061696908,0.0789246062816794,0.0836000228296561,0.0,0.0,25.067446270926883,train
0.4444433647189736,0.3930320061696908,0.0789246062816794,0.0836000228296561,0.0,0.0,32.196927604275,train
0.4444433647189736,0.3930320061696908,0.0789246062816794,0.0836000228296561,0.0,0.0,25.619296674623705,train
0.4444433647189736,0.3930320061696908,0.0789246062816794,0.0836000228296561,0.0,0.0,30.634452959612197,train
0.4444433647189736,0.3930320061696908,0.0789246062816794,0.0836000228296561,0.0,0.0,24.67999220439957,train
0.4444433647189736,0.3930320061696908,0.0789246062816794,0.0836000228296561,0.0,0.0,43.61357514377622,train
0.4444433647189736,0.3930320061696908,0.0789246062816794,0.0836000228296561,0.0,0.0,33.58846297801413,train
0.4444433647189736,0.3930320061696908,0.0789246062816794,0.0836000228296561,0.0,0.0,39.772018596536235,train
0.4444433647189736,0.3930320061696908,0.0789246062816794,0.0836000228296561,0.0,0.0,34.16905764129536,train
0.4444433647189736,0.3930320061696908,0.0789246062816794,0.0836000228296561,0.0,0.0,35.74725988956331,train
0.4444433647189736,0.3930320061696908,0.0789246062816794,0.0836000228296561,0.0,0.0,30.557767123922844,train
0.4444433647189736,0.3930320061696908,0.0789246062816794,0.0836000228296561,0.0,0.0,29.806423186968885,train
0.4444433647189736,0.3930320061696908,0.0789246062816794,0.0836000228296561,0.0,0.0,37.96448709045343,train
0.3933582226553189,0.4362951525852957,0.0918988371087606,0.0784477876506247,0.0,0.0,31.871648709069838,train
0.3933582226553189,0.4362951525852957,0.0918988371087606,0.0784477876506247,0.0,0.0,36.797842500506185,train
0.3933582226553189,0.4362951525852957,0.0918988371087606,0.0784477876506247,0.0,0.0,34.8663080503708,train
0.3933582226553189,0.4362951525852957,0.0918988371087606,0.0784477876506247,0.0,0.0,45.247599793082664,train
0.3933582226553189,0.4362951525852957,0.0918988371087606,0.0784477876506247,0.0,0.0,47.43808559295407,train
0.3933582226553189,0.4362951525852957,0.0918988371087606,0.0784477876506247,0.0,0.0,42.66461937058199,train
0.3933582226553189,0.4362951525852957,0.0918988371087606,0.0784477876506247,0.0,0.0,46.62671509718409,train
0.3933582226553189,0.4362951525852957,0.0918988371087606,0.0784477876506247,0.0,0.0,47.72600048276169,train
0.3933582226553189,0.4362951525852957,0.0918988371087606,0.0784477876506247,0.0,0.0,26.513271438601286,train
0.3933582226553189,0.4362951525852957,0.0918988371087606,0.0784477876506247,0.0,0.0,39.97468331998235,train
0.3933582226553189,0.4362951525852957,0.0918988371087606,0.0784477876506247,0.0,0.0,48.07057588792434,train
0.3933582226553189,0.4362951525852957,0.0918988371087606,0.0784477876506247,0.0,0.0,52.61498138813942,train
0.3933582226553189,0.4362951525852957,0.0918988371087606,0.0784477876506247,0.0,0.0,45.83594570464631,train
0.3933582226553189,0.4362951525852957,0.0918988371087606,0.0784477876506247,0.0,0.0,56.51346859718578,train
0.3933582226553189,0.4362951525852957,0.0918988371087606,0.0784477876506247,0.0,0.0,44.93358736353514,train
0.3933582226553189,0.4362951525852957,0.0918988371087606,0.0784477876506247,0.0,0.0,37.6280651264436,train
0.3933582226553189,0.4362951525852957,0.0918988371087606,0.0784477876506247,0.0,0.0,49.540856413873755,train
0.3933582226553189,0.4362951525852957,0.0918988371087606,0.0784477876506247,0.0,0.0,37.807151762004324,train
0.3933582226553189,0.4362951525852957,0.0918988371087606,0.0784477876506247,0.0,0.0,50.41521496947299,train
0.3933582226553189,0.4362951525852957,0.0918988371087606,0.0784477876506247,0.0,0.0,36.291920164340645,train
0.3933582226553189,0.4362951525852957,0.0918988371087606,0.0784477876506247,0.0,0.0,52.859619938421055,train
0.3933582226553189,0.4362951525852957,0.0918988371087606,0.0784477876506247,0.0,0.0,54.63823821240768,train
0.3933582226553189,0.4362951525852957,0.0918988371087606,0.0784477876506247,0.0,0.0,34.57962961286155,train
0.3933582226553189,0.4362951525852957,0.0918988371087606,0.0784477876506247,0.0,0.0,35.79500821994654,train
0.3933582226553189,0.4362951525852957,0.0918988371087606,0.0784477876506247,0.0,0.0,40.80656147572333,train
0.3933582226553189,0.4362951525852957,0.0918988371087606,0.0784477876506247,0.0,0.0,61.09480997059103,train
0.3933582226553189,0.4362951525852957,0.0918988371087606,0.0784477876506247,0.0,0.0,42.32893173632073,train
0.3933582226553189,0.4362951525852957,0.0918988371087606,0.0784477876506247,0.0,0.0,31.567964359897125,train
0.3933582226553189,0.4362951525852957,0.0918988371087606,0.0784477876506247,0.0,0.0,39.40848345410087,train
0.3933582226553189,0.4362951525852957,0.0918988371087606,0.0784477876506247,0.0,0.0,40.20576266470204,train
0.4417529062274012,0.1881052311546764,0.0,0.0,0.3701418626179222,0.0,3.081889990408441,train
0.4417529062274012,0.1881052311546764,0.0,0.0,0.3701418626179222,0.0,3.085622101928097,train
0.4417529062274012,0.1881052311546764,0.0,0.0,0.3701418626179222,0.0,3.0515352742974655,train
0.4417529062274012,0.1881052311546764,0.0,0.0,0.3701418626179222,0.0,3.2416295864471163,train
0.4417529062274012,0.1881052311546764,0.0,0.0,0.3701418626179222,0.0,3.1130292393695,train
0.4417529062274012,0.1881052311546764,0.0,0.0,0.3701418626179222,0.0,3.2753161215191553,train
0.4417529062274012,0.1881052311546764,0.0,0.0,0.3701418626179222,0.0,2.975478459126746,train
0.4417529062274012,0.1881052311546764,0.0,0.0,0.3701418626179222,0.0,3.422120981918618,train
0.4417529062274012,0.1881052311546764,0.0,0.0,0.3701418626179222,0.0,2.812754064353914,train
0.4417529062274012,0.1881052311546764,0.0,0.0,0.3701418626179222,0.0,3.387244162291018,train
0.4417529062274012,0.1881052311546764,0.0,0.0,0.3701418626179222,0.0,3.2345845607260517,train
0.4417529062274012,0.1881052311546764,0.0,0.0,0.3701418626179222,0.0,3.6431542685607687,train
0.4417529062274012,0.1881052311546764,0.0,0.0,0.3701418626179222,0.0,3.12490025086327,train
0.4417529062274012,0.1881052311546764,0.0,0.0,0.3701418626179222,0.0,3.0450618379002887,train
0.4417529062274012,0.1881052311546764,0.0,0.0,0.3701418626179222,0.0,3.404233274703187,train
0.4417529062274012,0.1881052311546764,0.0,0.0,0.3701418626179222,0.0,2.913978041973041,train
0.4417529062274012,0.1881052311546764,0.0,0.0,0.3701418626179222,0.0,3.095531671636529,train
0.4417529062274012,0.1881052311546764,0.0,0.0,0.3701418626179222,0.0,2.8590515739803877,train
0.4417529062274012,0.1881052311546764,0.0,0.0,0.3701418626179222,0.0,3.6658296939262183,train
0.4417529062274012,0.1881052311546764,0.0,0.0,0.3701418626179222,0.0,3.380761850774238,train
0.4417529062274012,0.1881052311546764,0.0,0.0,0.3701418626179222,0.0,3.0978079929248095,train
0.4417529062274012,0.1881052311546764,0.0,0.0,0.3701418626179222,0.0,2.8772242820581955,train
0.4417529062274012,0.1881052311546764,0.0,0.0,0.3701418626179222,0.0,3.0549952995494465,train
0.4417529062274012,0.1881052311546764,0.0,0.0,0.3701418626179222,0.0,3.3592324702603484,train
0.4417529062274012,0.1881052311546764,0.0,0.0,0.3701418626179222,0.0,3.322542415768729,train
0.4417529062274012,0.1881052311546764,0.0,0.0,0.3701418626179222,0.0,3.1232321368379052,train
0.4417529062274012,0.1881052311546764,0.0,0.0,0.3701418626179222,0.0,3.452037576397916,train
0.4417529062274012,0.1881052311546764,0.0,0.0,0.3701418626179222,0.0,3.1811131697293438,train
0.4417529062274012,0.1881052311546764,0.0,0.0,0.3701418626179222,0.0,3.218983201856391,train
0.4417529062274012,0.1881052311546764,0.0,0.0,0.3701418626179222,0.0,3.257692033135508,train
0.513202781935495,0.2206230410083316,0.0868602770529187,0.1793139000032546,0.0,0.0,21.763759506520266,train
0.513202781935495,0.2206230410083316,0.0868602770529187,0.1793139000032546,0.0,0.0,20.10362080506666,train
0.513202781935495,0.2206230410083316,0.0868602770529187,0.1793139000032546,0.0,0.0,22.479043411256114,train
0.513202781935495,0.2206230410083316,0.0868602770529187,0.1793139000032546,0.0,0.0,19.203455176831035,train
0.513202781935495,0.2206230410083316,0.0868602770529187,0.1793139000032546,0.0,0.0,20.650285623435106,train
0.513202781935495,0.2206230410083316,0.0868602770529187,0.1793139000032546,0.0,0.0,17.497880560872883,train
0.513202781935495,0.2206230410083316,0.0868602770529187,0.1793139000032546,0.0,0.0,19.51555398450534,train
0.513202781935495,0.2206230410083316,0.0868602770529187,0.1793139000032546,0.0,0.0,16.956802854733528,train
0.513202781935495,0.2206230410083316,0.0868602770529187,0.1793139000032546,0.0,0.0,20.076991855587444,train
0.513202781935495,0.2206230410083316,0.0868602770529187,0.1793139000032546,0.0,0.0,20.191543932151987,train
0.513202781935495,0.2206230410083316,0.0868602770529187,0.1793139000032546,0.0,0.0,20.185390188499927,train
0.513202781935495,0.2206230410083316,0.0868602770529187,0.1793139000032546,0.0,0.0,18.464308555697592,train
0.513202781935495,0.2206230410083316,0.0868602770529187,0.1793139000032546,0.0,0.0,21.21542711369259,train
0.513202781935495,0.2206230410083316,0.0868602770529187,0.1793139000032546,0.0,0.0,18.92277263365706,train
0.513202781935495,0.2206230410083316,0.0868602770529187,0.1793139000032546,0.0,0.0,21.44034123452787,train
0.513202781935495,0.2206230410083316,0.0868602770529187,0.1793139000032546,0.0,0.0,19.209231142567365,train
0.513202781935495,0.2206230410083316,0.0868602770529187,0.1793139000032546,0.0,0.0,22.59166129933936,train
0.513202781935495,0.2206230410083316,0.0868602770529187,0.1793139000032546,0.0,0.0,19.989828652441094,train
0.513202781935495,0.2206230410083316,0.0868602770529187,0.1793139000032546,0.0,0.0,17.459514421414347,train
0.513202781935495,0.2206230410083316,0.0868602770529187,0.1793139000032546,0.0,0.0,17.91700418287707,train
0.513202781935495,0.2206230410083316,0.0868602770529187,0.1793139000032546,0.0,0.0,18.85078105153129,train
0.513202781935495,0.2206230410083316,0.0868602770529187,0.1793139000032546,0.0,0.0,19.40640100426012,train
0.513202781935495,0.2206230410083316,0.0868602770529187,0.1793139000032546,0.0,0.0,18.41346339776543,train
0.513202781935495,0.2206230410083316,0.0868602770529187,0.1793139000032546,0.0,0.0,17.914101646718116,train
0.513202781935495,0.2206230410083316,0.0868602770529187,0.1793139000032546,0.0,0.0,23.21113099193571,train
0.513202781935495,0.2206230410083316,0.0868602770529187,0.1793139000032546,0.0,0.0,20.16172233125784,train
0.513202781935495,0.2206230410083316,0.0868602770529187,0.1793139000032546,0.0,0.0,19.333072854261573,train
0.513202781935495,0.2206230410083316,0.0868602770529187,0.1793139000032546,0.0,0.0,20.714180611945253,train
0.513202781935495,0.2206230410083316,0.0868602770529187,0.1793139000032546,0.0,0.0,19.779948466213497,train
0.513202781935495,0.2206230410083316,0.0868602770529187,0.1793139000032546,0.0,0.0,21.805314782430806,train
0.2258718451663616,0.4958855976162014,0.2071626348457056,0.0710799223717313,0.0,0.0,71.34206632699919,train
0.2258718451663616,0.4958855976162014,0.2071626348457056,0.0710799223717313,0.0,0.0,57.431396163567285,train
0.2258718451663616,0.4958855976162014,0.2071626348457056,0.0710799223717313,0.0,0.0,63.34342124582967,train
0.2258718451663616,0.4958855976162014,0.2071626348457056,0.0710799223717313,0.0,0.0,53.08944986459924,train
0.2258718451663616,0.4958855976162014,0.2071626348457056,0.0710799223717313,0.0,0.0,65.21163570230956,train
0.2258718451663616,0.4958855976162014,0.2071626348457056,0.0710799223717313,0.0,0.0,63.65467832384359,train
0.2258718451663616,0.4958855976162014,0.2071626348457056,0.0710799223717313,0.0,0.0,73.01151572215875,train
0.2258718451663616,0.4958855976162014,0.2071626348457056,0.0710799223717313,0.0,0.0,65.57361314790336,train
0.2258718451663616,0.4958855976162014,0.2071626348457056,0.0710799223717313,0.0,0.0,65.11726104063221,train
0.2258718451663616,0.4958855976162014,0.2071626348457056,0.0710799223717313,0.0,0.0,59.96850345774075,train
0.2258718451663616,0.4958855976162014,0.2071626348457056,0.0710799223717313,0.0,0.0,73.00136382720444,train
0.2258718451663616,0.4958855976162014,0.2071626348457056,0.0710799223717313,0.0,0.0,65.07450888057852,train
0.2258718451663616,0.4958855976162014,0.2071626348457056,0.0710799223717313,0.0,0.0,59.78036652834144,train
0.2258718451663616,0.4958855976162014,0.2071626348457056,0.0710799223717313,0.0,0.0,63.123472079289385,train
0.2258718451663616,0.4958855976162014,0.2071626348457056,0.0710799223717313,0.0,0.0,67.89633103154158,train
0.2258718451663616,0.4958855976162014,0.2071626348457056,0.0710799223717313,0.0,0.0,80.80377704261704,train
0.2258718451663616,0.4958855976162014,0.2071626348457056,0.0710799223717313,0.0,0.0,68.10042870047072,train
0.2258718451663616,0.4958855976162014,0.2071626348457056,0.0710799223717313,0.0,0.0,68.87605912877588,train
0.2258718451663616,0.4958855976162014,0.2071626348457056,0.0710799223717313,0.0,0.0,68.2786867892444,train
0.2258718451663616,0.4958855976162014,0.2071626348457056,0.0710799223717313,0.0,0.0,68.53243932889724,train
0.2258718451663616,0.4958855976162014,0.2071626348457056,0.0710799223717313,0.0,0.0,65.77971373920244,train
0.2258718451663616,0.4958855976162014,0.2071626348457056,0.0710799223717313,0.0,0.0,70.98009797124911,train
0.2258718451663616,0.4958855976162014,0.2071626348457056,0.0710799223717313,0.0,0.0,50.774473470137536,train
0.2258718451663616,0.4958855976162014,0.2071626348457056,0.0710799223717313,0.0,0.0,66.18275002346566,train
0.2258718451663616,0.4958855976162014,0.2071626348457056,0.0710799223717313,0.0,0.0,68.22120154285138,train
0.2258718451663616,0.4958855976162014,0.2071626348457056,0.0710799223717313,0.0,0.0,73.75063888099406,train
0.2258718451663616,0.4958855976162014,0.2071626348457056,0.0710799223717313,0.0,0.0,75.58765118627113,train
0.2258718451663616,0.4958855976162014,0.2071626348457056,0.0710799223717313,0.0,0.0,63.049584024233084,train
0.2258718451663616,0.4958855976162014,0.2071626348457056,0.0710799223717313,0.0,0.0,63.49101051135689,train
0.2258718451663616,0.4958855976162014,0.2071626348457056,0.0710799223717313,0.0,0.0,60.544803668477684,train
0.2066794121327825,0.5171093498812204,0.1968444839443768,0.0793667540416202,0.0,0.0,86.81059773093261,train
0.2066794121327825,0.5171093498812204,0.1968444839443768,0.0793667540416202,0.0,0.0,94.73199281885931,train
0.2066794121327825,0.5171093498812204,0.1968444839443768,0.0793667540416202,0.0,0.0,90.7448382059899,train
0.2066794121327825,0.5171093498812204,0.1968444839443768,0.0793667540416202,0.0,0.0,88.39132997726858,train
0.2066794121327825,0.5171093498812204,0.1968444839443768,0.0793667540416202,0.0,0.0,89.59898673494634,train
0.2066794121327825,0.5171093498812204,0.1968444839443768,0.0793667540416202,0.0,0.0,84.84524728899646,train
0.2066794121327825,0.5171093498812204,0.1968444839443768,0.0793667540416202,0.0,0.0,89.84927664173271,train
0.2066794121327825,0.5171093498812204,0.1968444839443768,0.0793667540416202,0.0,0.0,80.31081148287102,train
0.2066794121327825,0.5171093498812204,0.1968444839443768,0.0793667540416202,0.0,0.0,82.9899300873218,train
0.2066794121327825,0.5171093498812204,0.1968444839443768,0.0793667540416202,0.0,0.0,72.7448001230732,train
0.2066794121327825,0.5171093498812204,0.1968444839443768,0.0793667540416202,0.0,0.0,76.79657383269566,train
0.2066794121327825,0.5171093498812204,0.1968444839443768,0.0793667540416202,0.0,0.0,80.89410874015364,train
0.2066794121327825,0.5171093498812204,0.1968444839443768,0.0793667540416202,0.0,0.0,81.89733182113929,train
0.2066794121327825,0.5171093498812204,0.1968444839443768,0.0793667540416202,0.0,0.0,85.10874162735982,train
0.2066794121327825,0.5171093498812204,0.1968444839443768,0.0793667540416202,0.0,0.0,76.4100820082541,train
0.2066794121327825,0.5171093498812204,0.1968444839443768,0.0793667540416202,0.0,0.0,86.21523777497595,train
0.2066794121327825,0.5171093498812204,0.1968444839443768,0.0793667540416202,0.0,0.0,91.1637063808982,train
0.2066794121327825,0.5171093498812204,0.1968444839443768,0.0793667540416202,0.0,0.0,86.99150232997766,train
0.2066794121327825,0.5171093498812204,0.1968444839443768,0.0793667540416202,0.0,0.0,92.3325439977377,train
0.2066794121327825,0.5171093498812204,0.1968444839443768,0.0793667540416202,0.0,0.0,86.33570550762477,train
0.2066794121327825,0.5171093498812204,0.1968444839443768,0.0793667540416202,0.0,0.0,84.74652971507325,train
0.2066794121327825,0.5171093498812204,0.1968444839443768,0.0793667540416202,0.0,0.0,83.1056158493931,train
0.2066794121327825,0.5171093498812204,0.1968444839443768,0.0793667540416202,0.0,0.0,86.25111926233552,train
0.2066794121327825,0.5171093498812204,0.1968444839443768,0.0793667540416202,0.0,0.0,82.63796453480069,train
0.2066794121327825,0.5171093498812204,0.1968444839443768,0.0793667540416202,0.0,0.0,78.23092737456804,train
0.2066794121327825,0.5171093498812204,0.1968444839443768,0.0793667540416202,0.0,0.0,82.84033710012204,train
0.2066794121327825,0.5171093498812204,0.1968444839443768,0.0793667540416202,0.0,0.0,80.36683998127756,train
0.2066794121327825,0.5171093498812204,0.1968444839443768,0.0793667540416202,0.0,0.0,84.51761225442587,train
0.2066794121327825,0.5171093498812204,0.1968444839443768,0.0793667540416202,0.0,0.0,87.72469431069351,train
0.2066794121327825,0.5171093498812204,0.1968444839443768,0.0793667540416202,0.0,0.0,85.28316064722365,train
0.2240167888730342,0.5067747226184462,0.2022877800673352,0.0669207084411841,0.0,0.0,62.55488483623532,train
0.2240167888730342,0.5067747226184462,0.2022877800673352,0.0669207084411841,0.0,0.0,51.360115487630836,train
0.2240167888730342,0.5067747226184462,0.2022877800673352,0.0669207084411841,0.0,0.0,64.58221149120271,train
0.2240167888730342,0.5067747226184462,0.2022877800673352,0.0669207084411841,0.0,0.0,40.52443255219884,train
0.2240167888730342,0.5067747226184462,0.2022877800673352,0.0669207084411841,0.0,0.0,64.77667633982239,train
0.2240167888730342,0.5067747226184462,0.2022877800673352,0.0669207084411841,0.0,0.0,80.64810641963123,train
0.2240167888730342,0.5067747226184462,0.2022877800673352,0.0669207084411841,0.0,0.0,43.085438617321984,train
0.2240167888730342,0.5067747226184462,0.2022877800673352,0.0669207084411841,0.0,0.0,75.00515242709413,train
0.2240167888730342,0.5067747226184462,0.2022877800673352,0.0669207084411841,0.0,0.0,84.74632450492848,train
0.2240167888730342,0.5067747226184462,0.2022877800673352,0.0669207084411841,0.0,0.0,55.01917137909655,train
0.2240167888730342,0.5067747226184462,0.2022877800673352,0.0669207084411841,0.0,0.0,45.7371447667343,train
0.2240167888730342,0.5067747226184462,0.2022877800673352,0.0669207084411841,0.0,0.0,16.08302658738649,train
0.2240167888730342,0.5067747226184462,0.2022877800673352,0.0669207084411841,0.0,0.0,56.80832470824311,train
0.2240167888730342,0.5067747226184462,0.2022877800673352,0.0669207084411841,0.0,0.0,70.39120430094732,train
0.2240167888730342,0.5067747226184462,0.2022877800673352,0.0669207084411841,0.0,0.0,39.55487324498857,train
0.2240167888730342,0.5067747226184462,0.2022877800673352,0.0669207084411841,0.0,0.0,86.46603256880285,train
0.2240167888730342,0.5067747226184462,0.2022877800673352,0.0669207084411841,0.0,0.0,53.27675641632542,train
0.2240167888730342,0.5067747226184462,0.2022877800673352,0.0669207084411841,0.0,0.0,40.371533127093635,train
0.2240167888730342,0.5067747226184462,0.2022877800673352,0.0669207084411841,0.0,0.0,54.78482638187626,train
0.2240167888730342,0.5067747226184462,0.2022877800673352,0.0669207084411841,0.0,0.0,32.90500514939167,train
0.2240167888730342,0.5067747226184462,0.2022877800673352,0.0669207084411841,0.0,0.0,51.98418480518465,train
0.2240167888730342,0.5067747226184462,0.2022877800673352,0.0669207084411841,0.0,0.0,52.94358493171355,train
0.2240167888730342,0.5067747226184462,0.2022877800673352,0.0669207084411841,0.0,0.0,67.96480371779089,train
0.2240167888730342,0.5067747226184462,0.2022877800673352,0.0669207084411841,0.0,0.0,44.14312195839488,train
0.2240167888730342,0.5067747226184462,0.2022877800673352,0.0669207084411841,0.0,0.0,70.56725405188178,train
0.2240167888730342,0.5067747226184462,0.2022877800673352,0.0669207084411841,0.0,0.0,62.05136670618117,train
0.2240167888730342,0.5067747226184462,0.2022877800673352,0.0669207084411841,0.0,0.0,50.75592251125845,train
0.2240167888730342,0.5067747226184462,0.2022877800673352,0.0669207084411841,0.0,0.0,71.95890339469523,train
0.2240167888730342,0.5067747226184462,0.2022877800673352,0.0669207084411841,0.0,0.0,49.95257381266642,train
0.2240167888730342,0.5067747226184462,0.2022877800673352,0.0669207084411841,0.0,0.0,48.42826949553788,train
0.2413982495267024,0.4912548842322395,0.1801368302525322,0.0872100359885259,0.0,0.0,83.52761073611303,train
0.2413982495267024,0.4912548842322395,0.1801368302525322,0.0872100359885259,0.0,0.0,72.09437081213312,train
0.2413982495267024,0.4912548842322395,0.1801368302525322,0.0872100359885259,0.0,0.0,85.33279251123174,train
0.2413982495267024,0.4912548842322395,0.1801368302525322,0.0872100359885259,0.0,0.0,82.90839853438958,train
0.2413982495267024,0.4912548842322395,0.1801368302525322,0.0872100359885259,0.0,0.0,75.60199053191528,train
0.2413982495267024,0.4912548842322395,0.1801368302525322,0.0872100359885259,0.0,0.0,81.4559101232188,train
0.2413982495267024,0.4912548842322395,0.1801368302525322,0.0872100359885259,0.0,0.0,91.98690536607772,train
0.2413982495267024,0.4912548842322395,0.1801368302525322,0.0872100359885259,0.0,0.0,87.95225177310053,train
0.2413982495267024,0.4912548842322395,0.1801368302525322,0.0872100359885259,0.0,0.0,85.23792218928703,train
0.2413982495267024,0.4912548842322395,0.1801368302525322,0.0872100359885259,0.0,0.0,72.9795825206568,train
0.2413982495267024,0.4912548842322395,0.1801368302525322,0.0872100359885259,0.0,0.0,82.8695685613224,train
0.2413982495267024,0.4912548842322395,0.1801368302525322,0.0872100359885259,0.0,0.0,75.46680081812575,train
0.2413982495267024,0.4912548842322395,0.1801368302525322,0.0872100359885259,0.0,0.0,71.69253358801285,train
0.2413982495267024,0.4912548842322395,0.1801368302525322,0.0872100359885259,0.0,0.0,75.90736047349239,train
0.2413982495267024,0.4912548842322395,0.1801368302525322,0.0872100359885259,0.0,0.0,83.31752660527667,train
0.2413982495267024,0.4912548842322395,0.1801368302525322,0.0872100359885259,0.0,0.0,82.5995027470337,train
0.2413982495267024,0.4912548842322395,0.1801368302525322,0.0872100359885259,0.0,0.0,76.70653358070614,train
0.2413982495267024,0.4912548842322395,0.1801368302525322,0.0872100359885259,0.0,0.0,78.91276393846141,train
0.2413982495267024,0.4912548842322395,0.1801368302525322,0.0872100359885259,0.0,0.0,85.95491948875579,train
0.2413982495267024,0.4912548842322395,0.1801368302525322,0.0872100359885259,0.0,0.0,92.21296767832837,train
0.2413982495267024,0.4912548842322395,0.1801368302525322,0.0872100359885259,0.0,0.0,88.39168245016101,train
0.2413982495267024,0.4912548842322395,0.1801368302525322,0.0872100359885259,0.0,0.0,77.22289100180734,train
0.2413982495267024,0.4912548842322395,0.1801368302525322,0.0872100359885259,0.0,0.0,80.41513504774188,train
0.2413982495267024,0.4912548842322395,0.1801368302525322,0.0872100359885259,0.0,0.0,81.10704702859603,train
0.2413982495267024,0.4912548842322395,0.1801368302525322,0.0872100359885259,0.0,0.0,89.13802957324336,train
0.2413982495267024,0.4912548842322395,0.1801368302525322,0.0872100359885259,0.0,0.0,81.91089284118637,train
0.2413982495267024,0.4912548842322395,0.1801368302525322,0.0872100359885259,0.0,0.0,85.26237999561003,train
0.2413982495267024,0.4912548842322395,0.1801368302525322,0.0872100359885259,0.0,0.0,81.77782064153722,train
0.2413982495267024,0.4912548842322395,0.1801368302525322,0.0872100359885259,0.0,0.0,89.3826973256188,train
0.2413982495267024,0.4912548842322395,0.1801368302525322,0.0872100359885259,0.0,0.0,81.13766876128106,train
0.2914859983924214,0.3870320491126331,0.0,0.0453580621512788,0.2761238903436666,0.0,41.6345980242245,train
0.2914859983924214,0.3870320491126331,0.0,0.0453580621512788,0.2761238903436666,0.0,42.05888903615116,train
0.2914859983924214,0.3870320491126331,0.0,0.0453580621512788,0.2761238903436666,0.0,41.8350721528103,train
0.2914859983924214,0.3870320491126331,0.0,0.0453580621512788,0.2761238903436666,0.0,40.91232529295017,train
0.2914859983924214,0.3870320491126331,0.0,0.0453580621512788,0.2761238903436666,0.0,41.68416428379588,train
0.2914859983924214,0.3870320491126331,0.0,0.0453580621512788,0.2761238903436666,0.0,41.414639726328595,train
0.2914859983924214,0.3870320491126331,0.0,0.0453580621512788,0.2761238903436666,0.0,41.44726019201292,train
0.2914859983924214,0.3870320491126331,0.0,0.0453580621512788,0.2761238903436666,0.0,41.127193376819335,train
0.2914859983924214,0.3870320491126331,0.0,0.0453580621512788,0.2761238903436666,0.0,41.346072697851874,train
0.2914859983924214,0.3870320491126331,0.0,0.0453580621512788,0.2761238903436666,0.0,41.81095771463702,train
0.2914859983924214,0.3870320491126331,0.0,0.0453580621512788,0.2761238903436666,0.0,41.58801062799963,train
0.2914859983924214,0.3870320491126331,0.0,0.0453580621512788,0.2761238903436666,0.0,41.338756295509874,train
0.2914859983924214,0.3870320491126331,0.0,0.0453580621512788,0.2761238903436666,0.0,41.910886250777274,train
0.2914859983924214,0.3870320491126331,0.0,0.0453580621512788,0.2761238903436666,0.0,41.950128487785804,train
0.2914859983924214,0.3870320491126331,0.0,0.0453580621512788,0.2761238903436666,0.0,41.57401032464897,train
0.2914859983924214,0.3870320491126331,0.0,0.0453580621512788,0.2761238903436666,0.0,41.68495811870927,train
0.2914859983924214,0.3870320491126331,0.0,0.0453580621512788,0.2761238903436666,0.0,41.78761776373156,train
0.2914859983924214,0.3870320491126331,0.0,0.0453580621512788,0.2761238903436666,0.0,42.54889225143762,train
0.2914859983924214,0.3870320491126331,0.0,0.0453580621512788,0.2761238903436666,0.0,42.47919585677438,train
0.2914859983924214,0.3870320491126331,0.0,0.0453580621512788,0.2761238903436666,0.0,40.732656400815685,train
0.2914859983924214,0.3870320491126331,0.0,0.0453580621512788,0.2761238903436666,0.0,41.125573371481586,train
0.2914859983924214,0.3870320491126331,0.0,0.0453580621512788,0.2761238903436666,0.0,41.69798864001261,train
0.2914859983924214,0.3870320491126331,0.0,0.0453580621512788,0.2761238903436666,0.0,41.167092545068236,train
0.2914859983924214,0.3870320491126331,0.0,0.0453580621512788,0.2761238903436666,0.0,41.887802410738466,train
0.2914859983924214,0.3870320491126331,0.0,0.0453580621512788,0.2761238903436666,0.0,41.75958234714992,train
0.2914859983924214,0.3870320491126331,0.0,0.0453580621512788,0.2761238903436666,0.0,41.44949470730435,train
0.2914859983924214,0.3870320491126331,0.0,0.0453580621512788,0.2761238903436666,0.0,41.77578861129719,train
0.2914859983924214,0.3870320491126331,0.0,0.0453580621512788,0.2761238903436666,0.0,41.81695860530254,train
0.2914859983924214,0.3870320491126331,0.0,0.0453580621512788,0.2761238903436666,0.0,41.92399928003597,train
0.2914859983924214,0.3870320491126331,0.0,0.0453580621512788,0.2761238903436666,0.0,41.85747557440507,train
0.2691347579815879,0.0,0.0,0.3599359944079682,0.3709292476104439,0.0,1.4921995279183722,train
0.2691347579815879,0.0,0.0,0.3599359944079682,0.3709292476104439,0.0,1.572956876775975,train
0.2691347579815879,0.0,0.0,0.3599359944079682,0.3709292476104439,0.0,1.7379539427658075,train
0.2691347579815879,0.0,0.0,0.3599359944079682,0.3709292476104439,0.0,1.520458563211643,train
0.2691347579815879,0.0,0.0,0.3599359944079682,0.3709292476104439,0.0,1.6450706739021916,train
0.2691347579815879,0.0,0.0,0.3599359944079682,0.3709292476104439,0.0,1.7214586793181172,train
0.2691347579815879,0.0,0.0,0.3599359944079682,0.3709292476104439,0.0,1.645179570513628,train
0.2691347579815879,0.0,0.0,0.3599359944079682,0.3709292476104439,0.0,1.7366245647120708,train
0.2691347579815879,0.0,0.0,0.3599359944079682,0.3709292476104439,0.0,1.6660005539348592,train
0.2691347579815879,0.0,0.0,0.3599359944079682,0.3709292476104439,0.0,1.657144030340378,train
0.2691347579815879,0.0,0.0,0.3599359944079682,0.3709292476104439,0.0,1.6163288301534304,train
0.2691347579815879,0.0,0.0,0.3599359944079682,0.3709292476104439,0.0,1.5549870343315941,train
0.2691347579815879,0.0,0.0,0.3599359944079682,0.3709292476104439,0.0,1.9255306294262073,train
0.2691347579815879,0.0,0.0,0.3599359944079682,0.3709292476104439,0.0,1.9590118683481095,train
0.2691347579815879,0.0,0.0,0.3599359944079682,0.3709292476104439,0.0,1.6681595896004349,train
0.2691347579815879,0.0,0.0,0.3599359944079682,0.3709292476104439,0.0,1.848231537104814,train
0.2691347579815879,0.0,0.0,0.3599359944079682,0.3709292476104439,0.0,1.5612756666238576,train
0.2691347579815879,0.0,0.0,0.3599359944079682,0.3709292476104439,0.0,1.511721765432923,train
0.2691347579815879,0.0,0.0,0.3599359944079682,0.3709292476104439,0.0,1.7725587135220309,train
0.2691347579815879,0.0,0.0,0.3599359944079682,0.3709292476104439,0.0,1.5399620751585992,train
0.2691347579815879,0.0,0.0,0.3599359944079682,0.3709292476104439,0.0,1.7257078488849695,train
0.2691347579815879,0.0,0.0,0.3599359944079682,0.3709292476104439,0.0,1.667373307488831,train
0.2691347579815879,0.0,0.0,0.3599359944079682,0.3709292476104439,0.0,1.6117598065938274,train
0.2691347579815879,0.0,0.0,0.3599359944079682,0.3709292476104439,0.0,1.603649554017643,train
0.2691347579815879,0.0,0.0,0.3599359944079682,0.3709292476104439,0.0,1.6787495120884492,train
0.2691347579815879,0.0,0.0,0.3599359944079682,0.3709292476104439,0.0,1.7101621998156054,train
0.2691347579815879,0.0,0.0,0.3599359944079682,0.3709292476104439,0.0,1.691377200782449,train
0.2691347579815879,0.0,0.0,0.3599359944079682,0.3709292476104439,0.0,1.6618916678927265,train
0.2691347579815879,0.0,0.0,0.3599359944079682,0.3709292476104439,0.0,1.4812095555045184,train
0.2691347579815879,0.0,0.0,0.3599359944079682,0.3709292476104439,0.0,1.6975674119970225,train
0.1685187757696406,0.5414032568127677,0.0565583568164023,0.1504031681454657,0.0831164424557235,0.0,88.06429107520215,train
0.1685187757696406,0.5414032568127677,0.0565583568164023,0.1504031681454657,0.0831164424557235,0.0,76.79692323141818,train
0.1685187757696406,0.5414032568127677,0.0565583568164023,0.1504031681454657,0.0831164424557235,0.0,90.36539835083457,train
0.1685187757696406,0.5414032568127677,0.0565583568164023,0.1504031681454657,0.0831164424557235,0.0,66.38765726044909,train
0.1685187757696406,0.5414032568127677,0.0565583568164023,0.1504031681454657,0.0831164424557235,0.0,99.95605868799234,train
0.1685187757696406,0.5414032568127677,0.0565583568164023,0.1504031681454657,0.0831164424557235,0.0,73.36103204391164,train
0.1685187757696406,0.5414032568127677,0.0565583568164023,0.1504031681454657,0.0831164424557235,0.0,86.72183298950208,train
0.1685187757696406,0.5414032568127677,0.0565583568164023,0.1504031681454657,0.0831164424557235,0.0,97.03940976312236,train
0.1685187757696406,0.5414032568127677,0.0565583568164023,0.1504031681454657,0.0831164424557235,0.0,94.11234619986308,train
0.1685187757696406,0.5414032568127677,0.0565583568164023,0.1504031681454657,0.0831164424557235,0.0,80.96061628035575,train
0.1685187757696406,0.5414032568127677,0.0565583568164023,0.1504031681454657,0.0831164424557235,0.0,77.99720489060773,train
0.1685187757696406,0.5414032568127677,0.0565583568164023,0.1504031681454657,0.0831164424557235,0.0,77.97491163804459,train
0.1685187757696406,0.5414032568127677,0.0565583568164023,0.1504031681454657,0.0831164424557235,0.0,91.73497180447161,train
0.1685187757696406,0.5414032568127677,0.0565583568164023,0.1504031681454657,0.0831164424557235,0.0,80.194931719599,train
0.1685187757696406,0.5414032568127677,0.0565583568164023,0.1504031681454657,0.0831164424557235,0.0,74.43987725223005,train
0.1685187757696406,0.5414032568127677,0.0565583568164023,0.1504031681454657,0.0831164424557235,0.0,76.36971475875066,train
0.1685187757696406,0.5414032568127677,0.0565583568164023,0.1504031681454657,0.0831164424557235,0.0,70.90836261538011,train
0.1685187757696406,0.5414032568127677,0.0565583568164023,0.1504031681454657,0.0831164424557235,0.0,86.91905090568278,train
0.1685187757696406,0.5414032568127677,0.0565583568164023,0.1504031681454657,0.0831164424557235,0.0,80.1420413267019,train
0.1685187757696406,0.5414032568127677,0.0565583568164023,0.1504031681454657,0.0831164424557235,0.0,88.71457780085868,train
0.1685187757696406,0.5414032568127677,0.0565583568164023,0.1504031681454657,0.0831164424557235,0.0,82.20838886619575,train
0.1685187757696406,0.5414032568127677,0.0565583568164023,0.1504031681454657,0.0831164424557235,0.0,70.749011568692,train
0.1685187757696406,0.5414032568127677,0.0565583568164023,0.1504031681454657,0.0831164424557235,0.0,79.34843151608455,train
0.1685187757696406,0.5414032568127677,0.0565583568164023,0.1504031681454657,0.0831164424557235,0.0,89.6541964455176,train
0.1685187757696406,0.5414032568127677,0.0565583568164023,0.1504031681454657,0.0831164424557235,0.0,79.26443337285056,train
0.1685187757696406,0.5414032568127677,0.0565583568164023,0.1504031681454657,0.0831164424557235,0.0,84.52498858994129,train
0.1685187757696406,0.5414032568127677,0.0565583568164023,0.1504031681454657,0.0831164424557235,0.0,89.94630977101023,train
0.1685187757696406,0.5414032568127677,0.0565583568164023,0.1504031681454657,0.0831164424557235,0.0,89.07952317418274,train
0.1685187757696406,0.5414032568127677,0.0565583568164023,0.1504031681454657,0.0831164424557235,0.0,82.25572504810935,train
0.1685187757696406,0.5414032568127677,0.0565583568164023,0.1504031681454657,0.0831164424557235,0.0,74.2595455042794,train
0.3464926743248827,0.4771066025959439,0.0848341031808668,0.0915666198983066,0.0,0.0,89.29690576889391,train
0.3464926743248827,0.4771066025959439,0.0848341031808668,0.0915666198983066,0.0,0.0,67.74031382912672,train
0.3464926743248827,0.4771066025959439,0.0848341031808668,0.0915666198983066,0.0,0.0,94.13336968974768,train
0.3464926743248827,0.4771066025959439,0.0848341031808668,0.0915666198983066,0.0,0.0,120.45019383734584,train
0.3464926743248827,0.4771066025959439,0.0848341031808668,0.0915666198983066,0.0,0.0,95.62999848787949,train
0.3464926743248827,0.4771066025959439,0.0848341031808668,0.0915666198983066,0.0,0.0,64.59818530364039,train
0.3464926743248827,0.4771066025959439,0.0848341031808668,0.0915666198983066,0.0,0.0,111.32538025366483,train
0.3464926743248827,0.4771066025959439,0.0848341031808668,0.0915666198983066,0.0,0.0,120.12191787915631,train
0.3464926743248827,0.4771066025959439,0.0848341031808668,0.0915666198983066,0.0,0.0,96.04272763798888,train
0.3464926743248827,0.4771066025959439,0.0848341031808668,0.0915666198983066,0.0,0.0,83.26341694055155,train
0.3464926743248827,0.4771066025959439,0.0848341031808668,0.0915666198983066,0.0,0.0,94.49509169046323,train
0.3464926743248827,0.4771066025959439,0.0848341031808668,0.0915666198983066,0.0,0.0,95.79005148959521,train
0.3464926743248827,0.4771066025959439,0.0848341031808668,0.0915666198983066,0.0,0.0,99.1025029495787,train
0.3464926743248827,0.4771066025959439,0.0848341031808668,0.0915666198983066,0.0,0.0,66.56033724148824,train
0.3464926743248827,0.4771066025959439,0.0848341031808668,0.0915666198983066,0.0,0.0,76.17714960672053,train
0.3464926743248827,0.4771066025959439,0.0848341031808668,0.0915666198983066,0.0,0.0,120.66570382329009,train
0.3464926743248827,0.4771066025959439,0.0848341031808668,0.0915666198983066,0.0,0.0,104.91763937416297,train
0.3464926743248827,0.4771066025959439,0.0848341031808668,0.0915666198983066,0.0,0.0,94.51054307461017,train
0.3464926743248827,0.4771066025959439,0.0848341031808668,0.0915666198983066,0.0,0.0,75.92840461469619,train
0.3464926743248827,0.4771066025959439,0.0848341031808668,0.0915666198983066,0.0,0.0,77.55847623827108,train
0.3464926743248827,0.4771066025959439,0.0848341031808668,0.0915666198983066,0.0,0.0,88.7872681002664,train
0.3464926743248827,0.4771066025959439,0.0848341031808668,0.0915666198983066,0.0,0.0,69.70058250670536,train
0.3464926743248827,0.4771066025959439,0.0848341031808668,0.0915666198983066,0.0,0.0,96.39609844968149,train
0.3464926743248827,0.4771066025959439,0.0848341031808668,0.0915666198983066,0.0,0.0,90.34891866905203,train
0.3464926743248827,0.4771066025959439,0.0848341031808668,0.0915666198983066,0.0,0.0,60.406047682377405,train
0.3464926743248827,0.4771066025959439,0.0848341031808668,0.0915666198983066,0.0,0.0,84.79455920010979,train
0.3464926743248827,0.4771066025959439,0.0848341031808668,0.0915666198983066,0.0,0.0,95.24494221626776,train
0.3464926743248827,0.4771066025959439,0.0848341031808668,0.0915666198983066,0.0,0.0,98.9583976443816,train
0.3464926743248827,0.4771066025959439,0.0848341031808668,0.0915666198983066,0.0,0.0,101.11374932000054,train
0.3464926743248827,0.4771066025959439,0.0848341031808668,0.0915666198983066,0.0,0.0,92.12526297229472,train
0.3543430106171633,0.3997853657501841,0.1603165777007769,0.0855550459318757,0.0,0.0,35.28369569393311,train
0.3543430106171633,0.3997853657501841,0.1603165777007769,0.0855550459318757,0.0,0.0,28.86532371726622,train
0.3543430106171633,0.3997853657501841,0.1603165777007769,0.0855550459318757,0.0,0.0,19.76118390808152,train
0.3543430106171633,0.3997853657501841,0.1603165777007769,0.0855550459318757,0.0,0.0,46.18084636842042,train
0.3543430106171633,0.3997853657501841,0.1603165777007769,0.0855550459318757,0.0,0.0,38.11405532812614,train
0.3543430106171633,0.3997853657501841,0.1603165777007769,0.0855550459318757,0.0,0.0,20.945379940876144,train
0.3543430106171633,0.3997853657501841,0.1603165777007769,0.0855550459318757,0.0,0.0,43.765411924151245,train
0.3543430106171633,0.3997853657501841,0.1603165777007769,0.0855550459318757,0.0,0.0,44.59945641936089,train
0.3543430106171633,0.3997853657501841,0.1603165777007769,0.0855550459318757,0.0,0.0,48.067717968680306,train
0.3543430106171633,0.3997853657501841,0.1603165777007769,0.0855550459318757,0.0,0.0,28.729524689276545,train
0.3543430106171633,0.3997853657501841,0.1603165777007769,0.0855550459318757,0.0,0.0,50.53577327691083,train
0.3543430106171633,0.3997853657501841,0.1603165777007769,0.0855550459318757,0.0,0.0,27.79608711343874,train
0.3543430106171633,0.3997853657501841,0.1603165777007769,0.0855550459318757,0.0,0.0,18.13362455914269,train
0.3543430106171633,0.3997853657501841,0.1603165777007769,0.0855550459318757,0.0,0.0,34.272883851574086,train
0.3543430106171633,0.3997853657501841,0.1603165777007769,0.0855550459318757,0.0,0.0,22.651413594725017,train
0.3543430106171633,0.3997853657501841,0.1603165777007769,0.0855550459318757,0.0,0.0,12.942382858954563,train
0.3543430106171633,0.3997853657501841,0.1603165777007769,0.0855550459318757,0.0,0.0,24.678711708517334,train
0.3543430106171633,0.3997853657501841,0.1603165777007769,0.0855550459318757,0.0,0.0,48.032582776466384,train
0.3543430106171633,0.3997853657501841,0.1603165777007769,0.0855550459318757,0.0,0.0,64.93114934675488,train
0.3543430106171633,0.3997853657501841,0.1603165777007769,0.0855550459318757,0.0,0.0,45.33727081331942,train
0.3543430106171633,0.3997853657501841,0.1603165777007769,0.0855550459318757,0.0,0.0,6.175572507790925,train
0.3543430106171633,0.3997853657501841,0.1603165777007769,0.0855550459318757,0.0,0.0,41.41003955132469,train
0.3543430106171633,0.3997853657501841,0.1603165777007769,0.0855550459318757,0.0,0.0,28.69468663455355,train
0.3543430106171633,0.3997853657501841,0.1603165777007769,0.0855550459318757,0.0,0.0,20.834039882150762,train
0.3543430106171633,0.3997853657501841,0.1603165777007769,0.0855550459318757,0.0,0.0,26.644385888761725,train
0.3543430106171633,0.3997853657501841,0.1603165777007769,0.0855550459318757,0.0,0.0,17.710260484082326,train
0.3543430106171633,0.3997853657501841,0.1603165777007769,0.0855550459318757,0.0,0.0,38.06364820945256,train
0.3543430106171633,0.3997853657501841,0.1603165777007769,0.0855550459318757,0.0,0.0,27.881829344415873,train
0.3543430106171633,0.3997853657501841,0.1603165777007769,0.0855550459318757,0.0,0.0,54.65383638381266,train
0.3543430106171633,0.3997853657501841,0.1603165777007769,0.0855550459318757,0.0,0.0,29.51587704674887,train
0.4180970139520085,0.3863559855431532,0.1955470005048382,0.0,0.0,0.0,9.414362051658493,train
0.4180970139520085,0.3863559855431532,0.1955470005048382,0.0,0.0,0.0,9.385229036217718,train
0.4180970139520085,0.3863559855431532,0.1955470005048382,0.0,0.0,0.0,9.713057616502823,train
0.4180970139520085,0.3863559855431532,0.1955470005048382,0.0,0.0,0.0,9.647651700048046,train
0.4180970139520085,0.3863559855431532,0.1955470005048382,0.0,0.0,0.0,9.322065415245152,train
0.4180970139520085,0.3863559855431532,0.1955470005048382,0.0,0.0,0.0,9.643010664939732,train
0.4180970139520085,0.3863559855431532,0.1955470005048382,0.0,0.0,0.0,8.554223117856626,train
0.4180970139520085,0.3863559855431532,0.1955470005048382,0.0,0.0,0.0,8.837232033887961,train
0.4180970139520085,0.3863559855431532,0.1955470005048382,0.0,0.0,0.0,8.40458837645669,train
0.4180970139520085,0.3863559855431532,0.1955470005048382,0.0,0.0,0.0,9.88163166665945,train
0.4180970139520085,0.3863559855431532,0.1955470005048382,0.0,0.0,0.0,8.787970920697154,train
0.4180970139520085,0.3863559855431532,0.1955470005048382,0.0,0.0,0.0,8.686845319322764,train
0.4180970139520085,0.3863559855431532,0.1955470005048382,0.0,0.0,0.0,8.268375122764983,train
0.4180970139520085,0.3863559855431532,0.1955470005048382,0.0,0.0,0.0,8.186047642924352,train
0.4180970139520085,0.3863559855431532,0.1955470005048382,0.0,0.0,0.0,10.090036051609962,train
0.4180970139520085,0.3863559855431532,0.1955470005048382,0.0,0.0,0.0,8.161786531104887,train
0.4180970139520085,0.3863559855431532,0.1955470005048382,0.0,0.0,0.0,8.39675959171154,train
0.4180970139520085,0.3863559855431532,0.1955470005048382,0.0,0.0,0.0,9.331153831993857,train
0.4180970139520085,0.3863559855431532,0.1955470005048382,0.0,0.0,0.0,9.275513854778593,train
0.4180970139520085,0.3863559855431532,0.1955470005048382,0.0,0.0,0.0,10.23674395651293,train
0.4180970139520085,0.3863559855431532,0.1955470005048382,0.0,0.0,0.0,9.497129529531518,train
0.4180970139520085,0.3863559855431532,0.1955470005048382,0.0,0.0,0.0,9.220239623295011,train
0.4180970139520085,0.3863559855431532,0.1955470005048382,0.0,0.0,0.0,9.082365108444987,train
0.4180970139520085,0.3863559855431532,0.1955470005048382,0.0,0.0,0.0,9.671699377331459,train
0.4180970139520085,0.3863559855431532,0.1955470005048382,0.0,0.0,0.0,9.188148588509147,train
0.4180970139520085,0.3863559855431532,0.1955470005048382,0.0,0.0,0.0,8.45924139901378,train
0.4180970139520085,0.3863559855431532,0.1955470005048382,0.0,0.0,0.0,9.230151074554227,train
0.4180970139520085,0.3863559855431532,0.1955470005048382,0.0,0.0,0.0,7.872400541163508,train
0.4180970139520085,0.3863559855431532,0.1955470005048382,0.0,0.0,0.0,9.319301510170739,train
0.4180970139520085,0.3863559855431532,0.1955470005048382,0.0,0.0,0.0,9.454403349321469,train
0.4339469797211036,0.3236309305969088,0.1587265408399343,0.0836955488420533,0.0,0.0,80.99693222835415,train
0.4339469797211036,0.3236309305969088,0.1587265408399343,0.0836955488420533,0.0,0.0,74.04076975836158,train
0.4339469797211036,0.3236309305969088,0.1587265408399343,0.0836955488420533,0.0,0.0,78.02120229517638,train
0.4339469797211036,0.3236309305969088,0.1587265408399343,0.0836955488420533,0.0,0.0,74.952561844344,train
0.4339469797211036,0.3236309305969088,0.1587265408399343,0.0836955488420533,0.0,0.0,76.21476987945448,train
0.4339469797211036,0.3236309305969088,0.1587265408399343,0.0836955488420533,0.0,0.0,77.92080085749326,train
0.4339469797211036,0.3236309305969088,0.1587265408399343,0.0836955488420533,0.0,0.0,82.14793648235161,train
0.4339469797211036,0.3236309305969088,0.1587265408399343,0.0836955488420533,0.0,0.0,78.04730369223014,train
0.4339469797211036,0.3236309305969088,0.1587265408399343,0.0836955488420533,0.0,0.0,72.85472383952657,train
0.4339469797211036,0.3236309305969088,0.1587265408399343,0.0836955488420533,0.0,0.0,76.43407761761247,train
0.4339469797211036,0.3236309305969088,0.1587265408399343,0.0836955488420533,0.0,0.0,79.67119752926102,train
0.4339469797211036,0.3236309305969088,0.1587265408399343,0.0836955488420533,0.0,0.0,74.06571875094542,train
0.4339469797211036,0.3236309305969088,0.1587265408399343,0.0836955488420533,0.0,0.0,71.29666125088576,train
0.4339469797211036,0.3236309305969088,0.1587265408399343,0.0836955488420533,0.0,0.0,76.7395767860352,train
0.4339469797211036,0.3236309305969088,0.1587265408399343,0.0836955488420533,0.0,0.0,76.35259065693633,train
0.4339469797211036,0.3236309305969088,0.1587265408399343,0.0836955488420533,0.0,0.0,79.96898012545316,train
0.4339469797211036,0.3236309305969088,0.1587265408399343,0.0836955488420533,0.0,0.0,80.84412374325386,train
0.4339469797211036,0.3236309305969088,0.1587265408399343,0.0836955488420533,0.0,0.0,78.00110962377023,train
0.4339469797211036,0.3236309305969088,0.1587265408399343,0.0836955488420533,0.0,0.0,76.29870505625473,train
0.4339469797211036,0.3236309305969088,0.1587265408399343,0.0836955488420533,0.0,0.0,84.05526280406083,train
0.4339469797211036,0.3236309305969088,0.1587265408399343,0.0836955488420533,0.0,0.0,82.8376443436367,train
0.4339469797211036,0.3236309305969088,0.1587265408399343,0.0836955488420533,0.0,0.0,81.5823406314862,train
0.4339469797211036,0.3236309305969088,0.1587265408399343,0.0836955488420533,0.0,0.0,75.0207964814492,train
0.4339469797211036,0.3236309305969088,0.1587265408399343,0.0836955488420533,0.0,0.0,79.81267187597018,train
0.4339469797211036,0.3236309305969088,0.1587265408399343,0.0836955488420533,0.0,0.0,77.44378447844443,train
0.4339469797211036,0.3236309305969088,0.1587265408399343,0.0836955488420533,0.0,0.0,76.5729259434191,train
0.4339469797211036,0.3236309305969088,0.1587265408399343,0.0836955488420533,0.0,0.0,83.68764980567653,train
0.4339469797211036,0.3236309305969088,0.1587265408399343,0.0836955488420533,0.0,0.0,72.39019520614691,train
0.4339469797211036,0.3236309305969088,0.1587265408399343,0.0836955488420533,0.0,0.0,71.11404268013412,train
0.4339469797211036,0.3236309305969088,0.1587265408399343,0.0836955488420533,0.0,0.0,72.78306966127401,train
0.5388219292009537,0.3065859510632546,0.0785914419927621,0.0760006777430296,0.0,0.0,65.88034194585589,train
0.5388219292009537,0.3065859510632546,0.0785914419927621,0.0760006777430296,0.0,0.0,65.65821889096135,train
0.5388219292009537,0.3065859510632546,0.0785914419927621,0.0760006777430296,0.0,0.0,65.49673411550809,train
0.5388219292009537,0.3065859510632546,0.0785914419927621,0.0760006777430296,0.0,0.0,65.29044267766234,train
0.5388219292009537,0.3065859510632546,0.0785914419927621,0.0760006777430296,0.0,0.0,66.28143517447921,train
0.5388219292009537,0.3065859510632546,0.0785914419927621,0.0760006777430296,0.0,0.0,65.47601474461132,train
0.5388219292009537,0.3065859510632546,0.0785914419927621,0.0760006777430296,0.0,0.0,65.44112150577521,train
0.5388219292009537,0.3065859510632546,0.0785914419927621,0.0760006777430296,0.0,0.0,65.18191169231267,train
0.5388219292009537,0.3065859510632546,0.0785914419927621,0.0760006777430296,0.0,0.0,65.10448701183849,train
0.5388219292009537,0.3065859510632546,0.0785914419927621,0.0760006777430296,0.0,0.0,66.04748870334572,train
0.5388219292009537,0.3065859510632546,0.0785914419927621,0.0760006777430296,0.0,0.0,64.43186745175288,train
0.5388219292009537,0.3065859510632546,0.0785914419927621,0.0760006777430296,0.0,0.0,65.12673418679634,train
0.5388219292009537,0.3065859510632546,0.0785914419927621,0.0760006777430296,0.0,0.0,66.55849478513395,train
0.5388219292009537,0.3065859510632546,0.0785914419927621,0.0760006777430296,0.0,0.0,66.18616590100189,train
0.5388219292009537,0.3065859510632546,0.0785914419927621,0.0760006777430296,0.0,0.0,65.46373210399345,train
0.5388219292009537,0.3065859510632546,0.0785914419927621,0.0760006777430296,0.0,0.0,65.91813837231683,train
0.5388219292009537,0.3065859510632546,0.0785914419927621,0.0760006777430296,0.0,0.0,66.29923168832704,train
0.5388219292009537,0.3065859510632546,0.0785914419927621,0.0760006777430296,0.0,0.0,65.71383685457786,train
0.5388219292009537,0.3065859510632546,0.0785914419927621,0.0760006777430296,0.0,0.0,65.47809276930802,train
0.5388219292009537,0.3065859510632546,0.0785914419927621,0.0760006777430296,0.0,0.0,66.10376997584358,train
0.5388219292009537,0.3065859510632546,0.0785914419927621,0.0760006777430296,0.0,0.0,66.6149391188874,train
0.5388219292009537,0.3065859510632546,0.0785914419927621,0.0760006777430296,0.0,0.0,66.15790874495967,train
0.5388219292009537,0.3065859510632546,0.0785914419927621,0.0760006777430296,0.0,0.0,65.77018440043521,train
0.5388219292009537,0.3065859510632546,0.0785914419927621,0.0760006777430296,0.0,0.0,65.75734079990809,train
0.5388219292009537,0.3065859510632546,0.0785914419927621,0.0760006777430296,0.0,0.0,65.7171243438908,train
0.5388219292009537,0.3065859510632546,0.0785914419927621,0.0760006777430296,0.0,0.0,66.62928322924189,train
0.5388219292009537,0.3065859510632546,0.0785914419927621,0.0760006777430296,0.0,0.0,65.73263303530972,train
0.5388219292009537,0.3065859510632546,0.0785914419927621,0.0760006777430296,0.0,0.0,66.0323587160561,train
0.5388219292009537,0.3065859510632546,0.0785914419927621,0.0760006777430296,0.0,0.0,66.03623039492462,train
0.5388219292009537,0.3065859510632546,0.0785914419927621,0.0760006777430296,0.0,0.0,66.15923918269277,train
0.2137407019826582,0.0835478639564854,0.0,0.4838704830025248,0.2188409510583316,0.0,1.1785314062989627,train
0.2137407019826582,0.0835478639564854,0.0,0.4838704830025248,0.2188409510583316,0.0,1.1721112115761387,train
0.2137407019826582,0.0835478639564854,0.0,0.4838704830025248,0.2188409510583316,0.0,1.0750127397904543,train
0.2137407019826582,0.0835478639564854,0.0,0.4838704830025248,0.2188409510583316,0.0,1.2072187671347008,train
0.2137407019826582,0.0835478639564854,0.0,0.4838704830025248,0.2188409510583316,0.0,1.1986172996873445,train
0.2137407019826582,0.0835478639564854,0.0,0.4838704830025248,0.2188409510583316,0.0,1.1607991182782185,train
0.2137407019826582,0.0835478639564854,0.0,0.4838704830025248,0.2188409510583316,0.0,1.1999557195857884,train
0.2137407019826582,0.0835478639564854,0.0,0.4838704830025248,0.2188409510583316,0.0,1.150594032967834,train
0.2137407019826582,0.0835478639564854,0.0,0.4838704830025248,0.2188409510583316,0.0,1.153465245545109,train
0.2137407019826582,0.0835478639564854,0.0,0.4838704830025248,0.2188409510583316,0.0,1.1515328788932324,train
0.2137407019826582,0.0835478639564854,0.0,0.4838704830025248,0.2188409510583316,0.0,1.2295949709770402,train
0.2137407019826582,0.0835478639564854,0.0,0.4838704830025248,0.2188409510583316,0.0,1.0716358666738022,train
0.2137407019826582,0.0835478639564854,0.0,0.4838704830025248,0.2188409510583316,0.0,0.97394655241955,train
0.2137407019826582,0.0835478639564854,0.0,0.4838704830025248,0.2188409510583316,0.0,1.056475466164605,train
0.2137407019826582,0.0835478639564854,0.0,0.4838704830025248,0.2188409510583316,0.0,1.122634879328878,train
0.2137407019826582,0.0835478639564854,0.0,0.4838704830025248,0.2188409510583316,0.0,1.192754316581477,train
0.2137407019826582,0.0835478639564854,0.0,0.4838704830025248,0.2188409510583316,0.0,1.037520138733685,train
0.2137407019826582,0.0835478639564854,0.0,0.4838704830025248,0.2188409510583316,0.0,0.9560164682989928,train
0.2137407019826582,0.0835478639564854,0.0,0.4838704830025248,0.2188409510583316,0.0,1.1646604673596683,train
0.2137407019826582,0.0835478639564854,0.0,0.4838704830025248,0.2188409510583316,0.0,1.1866710225955392,train
0.2137407019826582,0.0835478639564854,0.0,0.4838704830025248,0.2188409510583316,0.0,1.0394925758297644,train
0.2137407019826582,0.0835478639564854,0.0,0.4838704830025248,0.2188409510583316,0.0,1.0588375624195367,train
0.2137407019826582,0.0835478639564854,0.0,0.4838704830025248,0.2188409510583316,0.0,1.238497579308673,train
0.2137407019826582,0.0835478639564854,0.0,0.4838704830025248,0.2188409510583316,0.0,1.0660450797423668,train
0.2137407019826582,0.0835478639564854,0.0,0.4838704830025248,0.2188409510583316,0.0,1.105691983111247,train
0.2137407019826582,0.0835478639564854,0.0,0.4838704830025248,0.2188409510583316,0.0,1.080955617115465,train
0.2137407019826582,0.0835478639564854,0.0,0.4838704830025248,0.2188409510583316,0.0,1.355371437699744,train
0.2137407019826582,0.0835478639564854,0.0,0.4838704830025248,0.2188409510583316,0.0,1.219420190335875,train
0.2137407019826582,0.0835478639564854,0.0,0.4838704830025248,0.2188409510583316,0.0,1.1181717491507084,train
0.2137407019826582,0.0835478639564854,0.0,0.4838704830025248,0.2188409510583316,0.0,1.1217940265229724,train
0.3484845061143105,0.1917958390476258,0.4597196548380637,0.0,0.0,0.0,3.2238432188635544,train
0.3484845061143105,0.1917958390476258,0.4597196548380637,0.0,0.0,0.0,3.349432620542168,train
0.3484845061143105,0.1917958390476258,0.4597196548380637,0.0,0.0,0.0,3.3421056509655562,train
0.3484845061143105,0.1917958390476258,0.4597196548380637,0.0,0.0,0.0,3.285403459586549,train
0.3484845061143105,0.1917958390476258,0.4597196548380637,0.0,0.0,0.0,3.2517714621833176,train
0.3484845061143105,0.1917958390476258,0.4597196548380637,0.0,0.0,0.0,3.292549060899541,train
0.3484845061143105,0.1917958390476258,0.4597196548380637,0.0,0.0,0.0,3.461667935529886,train
0.3484845061143105,0.1917958390476258,0.4597196548380637,0.0,0.0,0.0,3.2387242721553102,train
0.3484845061143105,0.1917958390476258,0.4597196548380637,0.0,0.0,0.0,3.4624248468787533,train
0.3484845061143105,0.1917958390476258,0.4597196548380637,0.0,0.0,0.0,3.221298362264158,train
0.3484845061143105,0.1917958390476258,0.4597196548380637,0.0,0.0,0.0,3.1733692518737118,train
0.3484845061143105,0.1917958390476258,0.4597196548380637,0.0,0.0,0.0,3.358222410169384,train
0.3484845061143105,0.1917958390476258,0.4597196548380637,0.0,0.0,0.0,3.591134354239349,train
0.3484845061143105,0.1917958390476258,0.4597196548380637,0.0,0.0,0.0,3.7058164880532027,train
0.3484845061143105,0.1917958390476258,0.4597196548380637,0.0,0.0,0.0,3.2623635570921636,train
0.3484845061143105,0.1917958390476258,0.4597196548380637,0.0,0.0,0.0,3.3979084521988243,train
0.3484845061143105,0.1917958390476258,0.4597196548380637,0.0,0.0,0.0,3.500089397109587,train
0.3484845061143105,0.1917958390476258,0.4597196548380637,0.0,0.0,0.0,3.6313162125631853,train
0.3484845061143105,0.1917958390476258,0.4597196548380637,0.0,0.0,0.0,3.6894277687874846,train
0.3484845061143105,0.1917958390476258,0.4597196548380637,0.0,0.0,0.0,3.3542522009330082,train
0.3484845061143105,0.1917958390476258,0.4597196548380637,0.0,0.0,0.0,3.5011377842485185,train
0.3484845061143105,0.1917958390476258,0.4597196548380637,0.0,0.0,0.0,3.512384395942192,train
0.3484845061143105,0.1917958390476258,0.4597196548380637,0.0,0.0,0.0,3.5019522212107588,train
0.3484845061143105,0.1917958390476258,0.4597196548380637,0.0,0.0,0.0,3.2503037686647405,train
0.3484845061143105,0.1917958390476258,0.4597196548380637,0.0,0.0,0.0,3.621120859215106,train
0.3484845061143105,0.1917958390476258,0.4597196548380637,0.0,0.0,0.0,3.635093648254821,train
0.3484845061143105,0.1917958390476258,0.4597196548380637,0.0,0.0,0.0,3.619186450413203,train
0.3484845061143105,0.1917958390476258,0.4597196548380637,0.0,0.0,0.0,3.2882759966336703,train
0.3484845061143105,0.1917958390476258,0.4597196548380637,0.0,0.0,0.0,3.76989697497961,train
0.3484845061143105,0.1917958390476258,0.4597196548380637,0.0,0.0,0.0,3.4122844417452707,train
0.4169362380890351,0.3946959991673768,0.1883677627435879,0.0,0.0,0.0,3.7742842853846037,train
0.4169362380890351,0.3946959991673768,0.1883677627435879,0.0,0.0,0.0,4.0190843598016,train
0.4169362380890351,0.3946959991673768,0.1883677627435879,0.0,0.0,0.0,4.210601890419884,train
0.4169362380890351,0.3946959991673768,0.1883677627435879,0.0,0.0,0.0,4.68976013402995,train
0.4169362380890351,0.3946959991673768,0.1883677627435879,0.0,0.0,0.0,4.0390644546672405,train
0.4169362380890351,0.3946959991673768,0.1883677627435879,0.0,0.0,0.0,4.546445915592909,train
0.4169362380890351,0.3946959991673768,0.1883677627435879,0.0,0.0,0.0,4.801080695296571,train
0.4169362380890351,0.3946959991673768,0.1883677627435879,0.0,0.0,0.0,4.708174385823109,train
0.4169362380890351,0.3946959991673768,0.1883677627435879,0.0,0.0,0.0,4.476095752758818,train
0.4169362380890351,0.3946959991673768,0.1883677627435879,0.0,0.0,0.0,4.228634338711321,train
0.4169362380890351,0.3946959991673768,0.1883677627435879,0.0,0.0,0.0,4.342601192456205,train
0.4169362380890351,0.3946959991673768,0.1883677627435879,0.0,0.0,0.0,4.25165543574889,train
0.4169362380890351,0.3946959991673768,0.1883677627435879,0.0,0.0,0.0,4.537279236723323,train
0.4169362380890351,0.3946959991673768,0.1883677627435879,0.0,0.0,0.0,4.294924367757817,train
0.4169362380890351,0.3946959991673768,0.1883677627435879,0.0,0.0,0.0,4.456927221026101,train
0.4169362380890351,0.3946959991673768,0.1883677627435879,0.0,0.0,0.0,5.0816945588047195,train
0.4169362380890351,0.3946959991673768,0.1883677627435879,0.0,0.0,0.0,5.266663083524752,train
0.4169362380890351,0.3946959991673768,0.1883677627435879,0.0,0.0,0.0,4.100807540559749,train
0.4169362380890351,0.3946959991673768,0.1883677627435879,0.0,0.0,0.0,4.735595542663721,train
0.4169362380890351,0.3946959991673768,0.1883677627435879,0.0,0.0,0.0,4.3782888264005,train
0.4169362380890351,0.3946959991673768,0.1883677627435879,0.0,0.0,0.0,4.427146927220594,train
0.4169362380890351,0.3946959991673768,0.1883677627435879,0.0,0.0,0.0,5.009974473790571,train
0.4169362380890351,0.3946959991673768,0.1883677627435879,0.0,0.0,0.0,4.884877688801724,train
0.4169362380890351,0.3946959991673768,0.1883677627435879,0.0,0.0,0.0,4.228603708727234,train
0.4169362380890351,0.3946959991673768,0.1883677627435879,0.0,0.0,0.0,5.008173696424395,train
0.4169362380890351,0.3946959991673768,0.1883677627435879,0.0,0.0,0.0,5.165912043004906,train
0.4169362380890351,0.3946959991673768,0.1883677627435879,0.0,0.0,0.0,4.724642172246448,train
0.4169362380890351,0.3946959991673768,0.1883677627435879,0.0,0.0,0.0,4.415129221908311,train
0.4169362380890351,0.3946959991673768,0.1883677627435879,0.0,0.0,0.0,4.2477431582565846,train
0.4169362380890351,0.3946959991673768,0.1883677627435879,0.0,0.0,0.0,5.23478159359843,train
0.449147875117309,0.2830243237946198,0.1843485858418549,0.0834792152462161,0.0,0.0,21.49007001778888,train
0.449147875117309,0.2830243237946198,0.1843485858418549,0.0834792152462161,0.0,0.0,20.105422299651472,train
0.449147875117309,0.2830243237946198,0.1843485858418549,0.0834792152462161,0.0,0.0,21.71315959380521,train
0.449147875117309,0.2830243237946198,0.1843485858418549,0.0834792152462161,0.0,0.0,23.05921755712436,train
0.449147875117309,0.2830243237946198,0.1843485858418549,0.0834792152462161,0.0,0.0,22.219635652876857,train
0.449147875117309,0.2830243237946198,0.1843485858418549,0.0834792152462161,0.0,0.0,21.15493780157707,train
0.449147875117309,0.2830243237946198,0.1843485858418549,0.0834792152462161,0.0,0.0,20.517374682957634,train
0.449147875117309,0.2830243237946198,0.1843485858418549,0.0834792152462161,0.0,0.0,21.78294758294267,train
0.449147875117309,0.2830243237946198,0.1843485858418549,0.0834792152462161,0.0,0.0,20.65031345775389,train
0.449147875117309,0.2830243237946198,0.1843485858418549,0.0834792152462161,0.0,0.0,20.848525736805176,train
0.449147875117309,0.2830243237946198,0.1843485858418549,0.0834792152462161,0.0,0.0,21.277780483541676,train
0.449147875117309,0.2830243237946198,0.1843485858418549,0.0834792152462161,0.0,0.0,21.47040667312725,train
0.449147875117309,0.2830243237946198,0.1843485858418549,0.0834792152462161,0.0,0.0,20.35359252371502,train
0.449147875117309,0.2830243237946198,0.1843485858418549,0.0834792152462161,0.0,0.0,21.53949465588295,train
0.449147875117309,0.2830243237946198,0.1843485858418549,0.0834792152462161,0.0,0.0,20.657060207335594,train
0.449147875117309,0.2830243237946198,0.1843485858418549,0.0834792152462161,0.0,0.0,23.49027806808222,train
0.449147875117309,0.2830243237946198,0.1843485858418549,0.0834792152462161,0.0,0.0,23.33444800334698,train
0.449147875117309,0.2830243237946198,0.1843485858418549,0.0834792152462161,0.0,0.0,20.815356930996025,train
0.449147875117309,0.2830243237946198,0.1843485858418549,0.0834792152462161,0.0,0.0,22.472677489023845,train
0.449147875117309,0.2830243237946198,0.1843485858418549,0.0834792152462161,0.0,0.0,20.82921205685705,train
0.449147875117309,0.2830243237946198,0.1843485858418549,0.0834792152462161,0.0,0.0,21.245983121598062,train
0.449147875117309,0.2830243237946198,0.1843485858418549,0.0834792152462161,0.0,0.0,22.206805983372014,train
0.449147875117309,0.2830243237946198,0.1843485858418549,0.0834792152462161,0.0,0.0,21.83402323263329,train
0.449147875117309,0.2830243237946198,0.1843485858418549,0.0834792152462161,0.0,0.0,23.136831371646437,train
0.449147875117309,0.2830243237946198,0.1843485858418549,0.0834792152462161,0.0,0.0,21.143965065277904,train
0.449147875117309,0.2830243237946198,0.1843485858418549,0.0834792152462161,0.0,0.0,20.40838599149658,train
0.449147875117309,0.2830243237946198,0.1843485858418549,0.0834792152462161,0.0,0.0,21.45558467225037,train
0.449147875117309,0.2830243237946198,0.1843485858418549,0.0834792152462161,0.0,0.0,23.00444640075763,train
0.449147875117309,0.2830243237946198,0.1843485858418549,0.0834792152462161,0.0,0.0,21.636161232346932,train
0.449147875117309,0.2830243237946198,0.1843485858418549,0.0834792152462161,0.0,0.0,23.39687663407638,train
0.4122866879712421,0.3041081777443921,0.0872551031322954,0.1963500311520702,0.0,0.0,24.283238663129968,train
0.4122866879712421,0.3041081777443921,0.0872551031322954,0.1963500311520702,0.0,0.0,22.177893277067124,train
0.4122866879712421,0.3041081777443921,0.0872551031322954,0.1963500311520702,0.0,0.0,22.22803120290869,train
0.4122866879712421,0.3041081777443921,0.0872551031322954,0.1963500311520702,0.0,0.0,21.880623917977683,train
0.4122866879712421,0.3041081777443921,0.0872551031322954,0.1963500311520702,0.0,0.0,21.691014919457785,train
0.4122866879712421,0.3041081777443921,0.0872551031322954,0.1963500311520702,0.0,0.0,22.243510793423695,train
0.4122866879712421,0.3041081777443921,0.0872551031322954,0.1963500311520702,0.0,0.0,22.987761471823095,train
0.4122866879712421,0.3041081777443921,0.0872551031322954,0.1963500311520702,0.0,0.0,22.503405073944396,train
0.4122866879712421,0.3041081777443921,0.0872551031322954,0.1963500311520702,0.0,0.0,21.642754683177067,train
0.4122866879712421,0.3041081777443921,0.0872551031322954,0.1963500311520702,0.0,0.0,22.519434400226395,train
0.4122866879712421,0.3041081777443921,0.0872551031322954,0.1963500311520702,0.0,0.0,22.116110946961143,train
0.4122866879712421,0.3041081777443921,0.0872551031322954,0.1963500311520702,0.0,0.0,22.89449489708453,train
0.4122866879712421,0.3041081777443921,0.0872551031322954,0.1963500311520702,0.0,0.0,23.72663022888859,train
0.4122866879712421,0.3041081777443921,0.0872551031322954,0.1963500311520702,0.0,0.0,21.87818317265336,train
0.4122866879712421,0.3041081777443921,0.0872551031322954,0.1963500311520702,0.0,0.0,22.460653623807488,train
0.4122866879712421,0.3041081777443921,0.0872551031322954,0.1963500311520702,0.0,0.0,21.273574444210755,train
0.4122866879712421,0.3041081777443921,0.0872551031322954,0.1963500311520702,0.0,0.0,20.833921795919938,train
0.4122866879712421,0.3041081777443921,0.0872551031322954,0.1963500311520702,0.0,0.0,22.786902728606144,train
0.4122866879712421,0.3041081777443921,0.0872551031322954,0.1963500311520702,0.0,0.0,22.609117496759616,train
0.4122866879712421,0.3041081777443921,0.0872551031322954,0.1963500311520702,0.0,0.0,22.51513019056622,train
0.4122866879712421,0.3041081777443921,0.0872551031322954,0.1963500311520702,0.0,0.0,22.209352870430894,train
0.4122866879712421,0.3041081777443921,0.0872551031322954,0.1963500311520702,0.0,0.0,22.15607772213647,train
0.4122866879712421,0.3041081777443921,0.0872551031322954,0.1963500311520702,0.0,0.0,22.008440062819677,train
0.4122866879712421,0.3041081777443921,0.0872551031322954,0.1963500311520702,0.0,0.0,20.789336424908413,train
0.4122866879712421,0.3041081777443921,0.0872551031322954,0.1963500311520702,0.0,0.0,23.16259061099136,train
0.4122866879712421,0.3041081777443921,0.0872551031322954,0.1963500311520702,0.0,0.0,21.74626628404134,train
0.4122866879712421,0.3041081777443921,0.0872551031322954,0.1963500311520702,0.0,0.0,22.69493597552985,train
0.4122866879712421,0.3041081777443921,0.0872551031322954,0.1963500311520702,0.0,0.0,22.732246136501328,train
0.4122866879712421,0.3041081777443921,0.0872551031322954,0.1963500311520702,0.0,0.0,20.845153925264725,train
0.4122866879712421,0.3041081777443921,0.0872551031322954,0.1963500311520702,0.0,0.0,23.108138869713663,train
0.5176079541122226,0.2007162125269858,0.0952263340018166,0.1864494993589749,0.0,0.0,11.836650913374408,train
0.5176079541122226,0.2007162125269858,0.0952263340018166,0.1864494993589749,0.0,0.0,11.488103765531344,train
0.5176079541122226,0.2007162125269858,0.0952263340018166,0.1864494993589749,0.0,0.0,11.195067490145059,train
0.5176079541122226,0.2007162125269858,0.0952263340018166,0.1864494993589749,0.0,0.0,10.362485558273272,train
0.5176079541122226,0.2007162125269858,0.0952263340018166,0.1864494993589749,0.0,0.0,9.633838527296637,train
0.5176079541122226,0.2007162125269858,0.0952263340018166,0.1864494993589749,0.0,0.0,10.839775642195903,train
0.5176079541122226,0.2007162125269858,0.0952263340018166,0.1864494993589749,0.0,0.0,10.4750678944327,train
0.5176079541122226,0.2007162125269858,0.0952263340018166,0.1864494993589749,0.0,0.0,11.392989045792461,train
0.5176079541122226,0.2007162125269858,0.0952263340018166,0.1864494993589749,0.0,0.0,11.9316274135655,train
0.5176079541122226,0.2007162125269858,0.0952263340018166,0.1864494993589749,0.0,0.0,10.49769451670795,train
0.5176079541122226,0.2007162125269858,0.0952263340018166,0.1864494993589749,0.0,0.0,11.52217669835674,train
0.5176079541122226,0.2007162125269858,0.0952263340018166,0.1864494993589749,0.0,0.0,11.829333306051353,train
0.5176079541122226,0.2007162125269858,0.0952263340018166,0.1864494993589749,0.0,0.0,10.971195936438948,train
0.5176079541122226,0.2007162125269858,0.0952263340018166,0.1864494993589749,0.0,0.0,12.289432257193923,train
0.5176079541122226,0.2007162125269858,0.0952263340018166,0.1864494993589749,0.0,0.0,11.19309390263644,train
0.5176079541122226,0.2007162125269858,0.0952263340018166,0.1864494993589749,0.0,0.0,11.646607534139788,train
0.5176079541122226,0.2007162125269858,0.0952263340018166,0.1864494993589749,0.0,0.0,12.497785755062234,train
0.5176079541122226,0.2007162125269858,0.0952263340018166,0.1864494993589749,0.0,0.0,11.72636281139323,train
0.5176079541122226,0.2007162125269858,0.0952263340018166,0.1864494993589749,0.0,0.0,9.940059968459893,train
0.5176079541122226,0.2007162125269858,0.0952263340018166,0.1864494993589749,0.0,0.0,10.53817253654649,train
0.5176079541122226,0.2007162125269858,0.0952263340018166,0.1864494993589749,0.0,0.0,9.568146368440948,train
0.5176079541122226,0.2007162125269858,0.0952263340018166,0.1864494993589749,0.0,0.0,9.949563910545859,train
0.5176079541122226,0.2007162125269858,0.0952263340018166,0.1864494993589749,0.0,0.0,11.627760379496824,train
0.5176079541122226,0.2007162125269858,0.0952263340018166,0.1864494993589749,0.0,0.0,11.985849837917286,train
0.5176079541122226,0.2007162125269858,0.0952263340018166,0.1864494993589749,0.0,0.0,10.141117163808499,train
0.5176079541122226,0.2007162125269858,0.0952263340018166,0.1864494993589749,0.0,0.0,11.28367599664465,train
0.5176079541122226,0.2007162125269858,0.0952263340018166,0.1864494993589749,0.0,0.0,12.578954779528525,train
0.5176079541122226,0.2007162125269858,0.0952263340018166,0.1864494993589749,0.0,0.0,10.135602254232786,train
0.5176079541122226,0.2007162125269858,0.0952263340018166,0.1864494993589749,0.0,0.0,11.285140748127091,train
0.5176079541122226,0.2007162125269858,0.0952263340018166,0.1864494993589749,0.0,0.0,11.019308680522503,train
0.358555631943661,0.3954265408546047,0.2460178272017343,0.0,0.0,0.0,4.564633590932619,train
0.358555631943661,0.3954265408546047,0.2460178272017343,0.0,0.0,0.0,5.129361421211375,train
0.358555631943661,0.3954265408546047,0.2460178272017343,0.0,0.0,0.0,4.6407108080130515,train
0.358555631943661,0.3954265408546047,0.2460178272017343,0.0,0.0,0.0,5.145951187278493,train
0.358555631943661,0.3954265408546047,0.2460178272017343,0.0,0.0,0.0,4.83014703531481,train
0.358555631943661,0.3954265408546047,0.2460178272017343,0.0,0.0,0.0,4.767735255910393,train
0.358555631943661,0.3954265408546047,0.2460178272017343,0.0,0.0,0.0,4.629751333696066,train
0.358555631943661,0.3954265408546047,0.2460178272017343,0.0,0.0,0.0,4.931079864029978,train
0.358555631943661,0.3954265408546047,0.2460178272017343,0.0,0.0,0.0,4.424138850136459,train
0.358555631943661,0.3954265408546047,0.2460178272017343,0.0,0.0,0.0,4.90352470454006,train
0.358555631943661,0.3954265408546047,0.2460178272017343,0.0,0.0,0.0,4.720552839576512,train
0.358555631943661,0.3954265408546047,0.2460178272017343,0.0,0.0,0.0,5.645481765546312,train
0.358555631943661,0.3954265408546047,0.2460178272017343,0.0,0.0,0.0,4.545721229541843,train
0.358555631943661,0.3954265408546047,0.2460178272017343,0.0,0.0,0.0,4.524783411808565,train
0.358555631943661,0.3954265408546047,0.2460178272017343,0.0,0.0,0.0,5.257462734989828,train
0.358555631943661,0.3954265408546047,0.2460178272017343,0.0,0.0,0.0,4.027004518185947,train
0.358555631943661,0.3954265408546047,0.2460178272017343,0.0,0.0,0.0,4.218897963996722,train
0.358555631943661,0.3954265408546047,0.2460178272017343,0.0,0.0,0.0,5.1848317439474005,train
0.358555631943661,0.3954265408546047,0.2460178272017343,0.0,0.0,0.0,4.874129599016645,train
0.358555631943661,0.3954265408546047,0.2460178272017343,0.0,0.0,0.0,4.930637653213037,train
0.358555631943661,0.3954265408546047,0.2460178272017343,0.0,0.0,0.0,4.666135487596866,train
0.358555631943661,0.3954265408546047,0.2460178272017343,0.0,0.0,0.0,5.267058393804849,train
0.358555631943661,0.3954265408546047,0.2460178272017343,0.0,0.0,0.0,4.4497980528310945,train
0.358555631943661,0.3954265408546047,0.2460178272017343,0.0,0.0,0.0,4.904542567392539,train
0.358555631943661,0.3954265408546047,0.2460178272017343,0.0,0.0,0.0,4.846340154916034,train
0.358555631943661,0.3954265408546047,0.2460178272017343,0.0,0.0,0.0,4.814830234698325,train
0.358555631943661,0.3954265408546047,0.2460178272017343,0.0,0.0,0.0,4.8800047314929875,train
0.358555631943661,0.3954265408546047,0.2460178272017343,0.0,0.0,0.0,4.549264645609433,train
0.358555631943661,0.3954265408546047,0.2460178272017343,0.0,0.0,0.0,4.432734058647232,train
0.358555631943661,0.3954265408546047,0.2460178272017343,0.0,0.0,0.0,4.79046778656041,train
0.2441852418214639,0.3695582317714596,0.3862565264070765,0.0,0.0,0.0,8.31260217022616,train
0.2441852418214639,0.3695582317714596,0.3862565264070765,0.0,0.0,0.0,9.015824878282366,train
0.2441852418214639,0.3695582317714596,0.3862565264070765,0.0,0.0,0.0,8.910283448879316,train
0.2441852418214639,0.3695582317714596,0.3862565264070765,0.0,0.0,0.0,7.8101891513782,train
0.2441852418214639,0.3695582317714596,0.3862565264070765,0.0,0.0,0.0,7.180490469611968,train
0.2441852418214639,0.3695582317714596,0.3862565264070765,0.0,0.0,0.0,8.09697372214529,train
0.2441852418214639,0.3695582317714596,0.3862565264070765,0.0,0.0,0.0,10.166192318690932,train
0.2441852418214639,0.3695582317714596,0.3862565264070765,0.0,0.0,0.0,8.821975315630361,train
0.2441852418214639,0.3695582317714596,0.3862565264070765,0.0,0.0,0.0,8.826999138084144,train
0.2441852418214639,0.3695582317714596,0.3862565264070765,0.0,0.0,0.0,8.069169246231167,train
0.2441852418214639,0.3695582317714596,0.3862565264070765,0.0,0.0,0.0,9.30189992137849,train
0.2441852418214639,0.3695582317714596,0.3862565264070765,0.0,0.0,0.0,8.074943922981952,train
0.2441852418214639,0.3695582317714596,0.3862565264070765,0.0,0.0,0.0,6.897049704396231,train
0.2441852418214639,0.3695582317714596,0.3862565264070765,0.0,0.0,0.0,8.969275661948702,train
0.2441852418214639,0.3695582317714596,0.3862565264070765,0.0,0.0,0.0,9.04489133718047,train
0.2441852418214639,0.3695582317714596,0.3862565264070765,0.0,0.0,0.0,8.767248543482687,train
0.2441852418214639,0.3695582317714596,0.3862565264070765,0.0,0.0,0.0,7.957025404866448,train
0.2441852418214639,0.3695582317714596,0.3862565264070765,0.0,0.0,0.0,8.66606129024775,train
0.2441852418214639,0.3695582317714596,0.3862565264070765,0.0,0.0,0.0,9.239107359983748,train
0.2441852418214639,0.3695582317714596,0.3862565264070765,0.0,0.0,0.0,9.084992371206441,train
0.2441852418214639,0.3695582317714596,0.3862565264070765,0.0,0.0,0.0,8.165234928832005,train
0.2441852418214639,0.3695582317714596,0.3862565264070765,0.0,0.0,0.0,9.158085988589002,train
0.2441852418214639,0.3695582317714596,0.3862565264070765,0.0,0.0,0.0,8.688769847976562,train
0.2441852418214639,0.3695582317714596,0.3862565264070765,0.0,0.0,0.0,8.834281855701548,train
0.2441852418214639,0.3695582317714596,0.3862565264070765,0.0,0.0,0.0,9.10251261519818,train
0.2441852418214639,0.3695582317714596,0.3862565264070765,0.0,0.0,0.0,8.734959345167635,train
0.2441852418214639,0.3695582317714596,0.3862565264070765,0.0,0.0,0.0,8.89556020225702,train
0.2441852418214639,0.3695582317714596,0.3862565264070765,0.0,0.0,0.0,9.599905138644786,train
0.2441852418214639,0.3695582317714596,0.3862565264070765,0.0,0.0,0.0,8.904455119092914,train
0.2441852418214639,0.3695582317714596,0.3862565264070765,0.0,0.0,0.0,9.565015004263769,train
0.1287229907102454,0.6289206218140555,0.1173978677014844,0.0671955638870217,0.057762955887193,0.0,86.96142425249815,train
0.1287229907102454,0.6289206218140555,0.1173978677014844,0.0671955638870217,0.057762955887193,0.0,82.84393374199875,train
0.1287229907102454,0.6289206218140555,0.1173978677014844,0.0671955638870217,0.057762955887193,0.0,85.261153031919,train
0.1287229907102454,0.6289206218140555,0.1173978677014844,0.0671955638870217,0.057762955887193,0.0,70.14305445354806,train
0.1287229907102454,0.6289206218140555,0.1173978677014844,0.0671955638870217,0.057762955887193,0.0,70.90818951947601,train
0.1287229907102454,0.6289206218140555,0.1173978677014844,0.0671955638870217,0.057762955887193,0.0,80.4558221412434,train
0.1287229907102454,0.6289206218140555,0.1173978677014844,0.0671955638870217,0.057762955887193,0.0,76.8974421387962,train
0.1287229907102454,0.6289206218140555,0.1173978677014844,0.0671955638870217,0.057762955887193,0.0,80.17230890815536,train
0.1287229907102454,0.6289206218140555,0.1173978677014844,0.0671955638870217,0.057762955887193,0.0,78.18658560799858,train
0.1287229907102454,0.6289206218140555,0.1173978677014844,0.0671955638870217,0.057762955887193,0.0,69.48125888798393,train
0.1287229907102454,0.6289206218140555,0.1173978677014844,0.0671955638870217,0.057762955887193,0.0,77.17429166878844,train
0.1287229907102454,0.6289206218140555,0.1173978677014844,0.0671955638870217,0.057762955887193,0.0,68.16711817236948,train
0.1287229907102454,0.6289206218140555,0.1173978677014844,0.0671955638870217,0.057762955887193,0.0,66.67006703686648,train
0.1287229907102454,0.6289206218140555,0.1173978677014844,0.0671955638870217,0.057762955887193,0.0,76.12937593626613,train
0.1287229907102454,0.6289206218140555,0.1173978677014844,0.0671955638870217,0.057762955887193,0.0,79.64579999767867,train
0.1287229907102454,0.6289206218140555,0.1173978677014844,0.0671955638870217,0.057762955887193,0.0,83.90662954371365,train
0.1287229907102454,0.6289206218140555,0.1173978677014844,0.0671955638870217,0.057762955887193,0.0,74.52319287295153,train
0.1287229907102454,0.6289206218140555,0.1173978677014844,0.0671955638870217,0.057762955887193,0.0,84.33744008575316,train
0.1287229907102454,0.6289206218140555,0.1173978677014844,0.0671955638870217,0.057762955887193,0.0,98.39592800566322,train
0.1287229907102454,0.6289206218140555,0.1173978677014844,0.0671955638870217,0.057762955887193,0.0,73.51870159565185,train
0.1287229907102454,0.6289206218140555,0.1173978677014844,0.0671955638870217,0.057762955887193,0.0,72.61737904354916,train
0.1287229907102454,0.6289206218140555,0.1173978677014844,0.0671955638870217,0.057762955887193,0.0,87.9597021679451,train
0.1287229907102454,0.6289206218140555,0.1173978677014844,0.0671955638870217,0.057762955887193,0.0,81.09592006737763,train
0.1287229907102454,0.6289206218140555,0.1173978677014844,0.0671955638870217,0.057762955887193,0.0,78.13716351704097,train
0.1287229907102454,0.6289206218140555,0.1173978677014844,0.0671955638870217,0.057762955887193,0.0,84.79166475203654,train
0.1287229907102454,0.6289206218140555,0.1173978677014844,0.0671955638870217,0.057762955887193,0.0,79.6169826141774,train
0.1287229907102454,0.6289206218140555,0.1173978677014844,0.0671955638870217,0.057762955887193,0.0,82.91020603597153,train
0.1287229907102454,0.6289206218140555,0.1173978677014844,0.0671955638870217,0.057762955887193,0.0,80.94170642601495,train
0.1287229907102454,0.6289206218140555,0.1173978677014844,0.0671955638870217,0.057762955887193,0.0,90.98824941011755,train
0.1287229907102454,0.6289206218140555,0.1173978677014844,0.0671955638870217,0.057762955887193,0.0,71.90233553681736,train
0.2080873365854623,0.5495224707418892,0.1788723259225166,0.0635178667501317,0.0,0.0,85.85993267799579,train
0.2080873365854623,0.5495224707418892,0.1788723259225166,0.0635178667501317,0.0,0.0,84.40496699650548,train
0.2080873365854623,0.5495224707418892,0.1788723259225166,0.0635178667501317,0.0,0.0,83.91802187417161,train
0.2080873365854623,0.5495224707418892,0.1788723259225166,0.0635178667501317,0.0,0.0,83.33682823354887,train
0.2080873365854623,0.5495224707418892,0.1788723259225166,0.0635178667501317,0.0,0.0,81.3442671496094,train
0.2080873365854623,0.5495224707418892,0.1788723259225166,0.0635178667501317,0.0,0.0,84.28426176671677,train
0.2080873365854623,0.5495224707418892,0.1788723259225166,0.0635178667501317,0.0,0.0,83.30275662826308,train
0.2080873365854623,0.5495224707418892,0.1788723259225166,0.0635178667501317,0.0,0.0,83.1264666088822,train
0.2080873365854623,0.5495224707418892,0.1788723259225166,0.0635178667501317,0.0,0.0,82.25422575119048,train
0.2080873365854623,0.5495224707418892,0.1788723259225166,0.0635178667501317,0.0,0.0,84.58677857183257,train
0.2080873365854623,0.5495224707418892,0.1788723259225166,0.0635178667501317,0.0,0.0,84.42981380845892,train
0.2080873365854623,0.5495224707418892,0.1788723259225166,0.0635178667501317,0.0,0.0,85.0987748309681,train
0.2080873365854623,0.5495224707418892,0.1788723259225166,0.0635178667501317,0.0,0.0,83.92545924989938,train
0.2080873365854623,0.5495224707418892,0.1788723259225166,0.0635178667501317,0.0,0.0,86.0119186905883,train
0.2080873365854623,0.5495224707418892,0.1788723259225166,0.0635178667501317,0.0,0.0,84.7420896284474,train
0.2080873365854623,0.5495224707418892,0.1788723259225166,0.0635178667501317,0.0,0.0,84.33100832815704,train
0.2080873365854623,0.5495224707418892,0.1788723259225166,0.0635178667501317,0.0,0.0,84.7641518203061,train
0.2080873365854623,0.5495224707418892,0.1788723259225166,0.0635178667501317,0.0,0.0,83.75539495019095,train
0.2080873365854623,0.5495224707418892,0.1788723259225166,0.0635178667501317,0.0,0.0,84.83904659030199,train
0.2080873365854623,0.5495224707418892,0.1788723259225166,0.0635178667501317,0.0,0.0,86.66358678460429,train
0.2080873365854623,0.5495224707418892,0.1788723259225166,0.0635178667501317,0.0,0.0,81.61208045936503,train
0.2080873365854623,0.5495224707418892,0.1788723259225166,0.0635178667501317,0.0,0.0,84.67477968239223,train
0.2080873365854623,0.5495224707418892,0.1788723259225166,0.0635178667501317,0.0,0.0,85.18203500211192,train
0.2080873365854623,0.5495224707418892,0.1788723259225166,0.0635178667501317,0.0,0.0,82.65680179780583,train
0.2080873365854623,0.5495224707418892,0.1788723259225166,0.0635178667501317,0.0,0.0,84.15791915103736,train
0.2080873365854623,0.5495224707418892,0.1788723259225166,0.0635178667501317,0.0,0.0,85.71438243898044,train
0.2080873365854623,0.5495224707418892,0.1788723259225166,0.0635178667501317,0.0,0.0,84.9789905801473,train
0.2080873365854623,0.5495224707418892,0.1788723259225166,0.0635178667501317,0.0,0.0,81.87079597270277,train
0.2080873365854623,0.5495224707418892,0.1788723259225166,0.0635178667501317,0.0,0.0,85.31750503979981,train
0.2080873365854623,0.5495224707418892,0.1788723259225166,0.0635178667501317,0.0,0.0,85.37506843552748,train
0.4085284499924518,0.2190337820389672,0.0918104217261668,0.2806273462424141,0.0,0.0,1.3456729087363508,train
0.4085284499924518,0.2190337820389672,0.0918104217261668,0.2806273462424141,0.0,0.0,1.3644434385500617,train
0.4085284499924518,0.2190337820389672,0.0918104217261668,0.2806273462424141,0.0,0.0,1.3751804060158084,train
0.4085284499924518,0.2190337820389672,0.0918104217261668,0.2806273462424141,0.0,0.0,1.4521425274003572,train
0.4085284499924518,0.2190337820389672,0.0918104217261668,0.2806273462424141,0.0,0.0,1.2691387570593609,train
0.4085284499924518,0.2190337820389672,0.0918104217261668,0.2806273462424141,0.0,0.0,1.3221153390643483,train
0.4085284499924518,0.2190337820389672,0.0918104217261668,0.2806273462424141,0.0,0.0,1.3557452056228496,train
0.4085284499924518,0.2190337820389672,0.0918104217261668,0.2806273462424141,0.0,0.0,1.3066145501035804,train
0.4085284499924518,0.2190337820389672,0.0918104217261668,0.2806273462424141,0.0,0.0,1.3664728172643537,train
0.4085284499924518,0.2190337820389672,0.0918104217261668,0.2806273462424141,0.0,0.0,1.349049382742241,train
0.4085284499924518,0.2190337820389672,0.0918104217261668,0.2806273462424141,0.0,0.0,1.375580987356652,train
0.4085284499924518,0.2190337820389672,0.0918104217261668,0.2806273462424141,0.0,0.0,1.207488107530819,train
0.4085284499924518,0.2190337820389672,0.0918104217261668,0.2806273462424141,0.0,0.0,1.424945654742226,train
0.4085284499924518,0.2190337820389672,0.0918104217261668,0.2806273462424141,0.0,0.0,1.397676834279508,train
0.4085284499924518,0.2190337820389672,0.0918104217261668,0.2806273462424141,0.0,0.0,1.4071944523963777,train
0.4085284499924518,0.2190337820389672,0.0918104217261668,0.2806273462424141,0.0,0.0,1.390730147686927,train
0.4085284499924518,0.2190337820389672,0.0918104217261668,0.2806273462424141,0.0,0.0,1.3387555599535108,train
0.4085284499924518,0.2190337820389672,0.0918104217261668,0.2806273462424141,0.0,0.0,1.4365691869130837,train
0.4085284499924518,0.2190337820389672,0.0918104217261668,0.2806273462424141,0.0,0.0,1.370477014143332,train
0.4085284499924518,0.2190337820389672,0.0918104217261668,0.2806273462424141,0.0,0.0,1.4278046044730808,train
0.4085284499924518,0.2190337820389672,0.0918104217261668,0.2806273462424141,0.0,0.0,1.425748543906766,train
0.4085284499924518,0.2190337820389672,0.0918104217261668,0.2806273462424141,0.0,0.0,1.2821818178142086,train
0.4085284499924518,0.2190337820389672,0.0918104217261668,0.2806273462424141,0.0,0.0,1.2689301518123461,train
0.4085284499924518,0.2190337820389672,0.0918104217261668,0.2806273462424141,0.0,0.0,1.5123954925398895,train
0.4085284499924518,0.2190337820389672,0.0918104217261668,0.2806273462424141,0.0,0.0,1.3333185961355667,train
0.4085284499924518,0.2190337820389672,0.0918104217261668,0.2806273462424141,0.0,0.0,1.534607607998307,train
0.4085284499924518,0.2190337820389672,0.0918104217261668,0.2806273462424141,0.0,0.0,1.4182237948153025,train
0.4085284499924518,0.2190337820389672,0.0918104217261668,0.2806273462424141,0.0,0.0,1.4127117369345994,train
0.4085284499924518,0.2190337820389672,0.0918104217261668,0.2806273462424141,0.0,0.0,1.3125921131148477,train
0.4085284499924518,0.2190337820389672,0.0918104217261668,0.2806273462424141,0.0,0.0,1.3386026301066234,train
0.548229643012718,0.1217877963172761,0.1698268712453154,0.1601556894246904,0.0,0.0,3.3014262638705594,train
0.548229643012718,0.1217877963172761,0.1698268712453154,0.1601556894246904,0.0,0.0,3.543089816325092,train
0.548229643012718,0.1217877963172761,0.1698268712453154,0.1601556894246904,0.0,0.0,3.2157439869692865,train
0.548229643012718,0.1217877963172761,0.1698268712453154,0.1601556894246904,0.0,0.0,3.567578459046813,train
0.548229643012718,0.1217877963172761,0.1698268712453154,0.1601556894246904,0.0,0.0,3.411237677390996,train
0.548229643012718,0.1217877963172761,0.1698268712453154,0.1601556894246904,0.0,0.0,3.1705364446019173,train
0.548229643012718,0.1217877963172761,0.1698268712453154,0.1601556894246904,0.0,0.0,2.9401220897718825,train
0.548229643012718,0.1217877963172761,0.1698268712453154,0.1601556894246904,0.0,0.0,3.372379974984606,train
0.548229643012718,0.1217877963172761,0.1698268712453154,0.1601556894246904,0.0,0.0,3.4452720380547825,train
0.548229643012718,0.1217877963172761,0.1698268712453154,0.1601556894246904,0.0,0.0,3.494663697777115,train
0.548229643012718,0.1217877963172761,0.1698268712453154,0.1601556894246904,0.0,0.0,3.272298876573906,train
0.548229643012718,0.1217877963172761,0.1698268712453154,0.1601556894246904,0.0,0.0,2.9301451648366545,train
0.548229643012718,0.1217877963172761,0.1698268712453154,0.1601556894246904,0.0,0.0,3.6919366820934023,train
0.548229643012718,0.1217877963172761,0.1698268712453154,0.1601556894246904,0.0,0.0,3.4655115393498908,train
0.548229643012718,0.1217877963172761,0.1698268712453154,0.1601556894246904,0.0,0.0,3.2327992189650403,train
0.548229643012718,0.1217877963172761,0.1698268712453154,0.1601556894246904,0.0,0.0,3.2578196148757828,train
0.548229643012718,0.1217877963172761,0.1698268712453154,0.1601556894246904,0.0,0.0,2.9920938315627508,train
0.548229643012718,0.1217877963172761,0.1698268712453154,0.1601556894246904,0.0,0.0,3.4074720876948734,train
0.548229643012718,0.1217877963172761,0.1698268712453154,0.1601556894246904,0.0,0.0,3.382263970562248,train
0.548229643012718,0.1217877963172761,0.1698268712453154,0.1601556894246904,0.0,0.0,3.331153868937643,train
0.548229643012718,0.1217877963172761,0.1698268712453154,0.1601556894246904,0.0,0.0,3.226678618242068,train
0.548229643012718,0.1217877963172761,0.1698268712453154,0.1601556894246904,0.0,0.0,3.645060304488608,train
0.548229643012718,0.1217877963172761,0.1698268712453154,0.1601556894246904,0.0,0.0,2.9104926201478443,train
0.548229643012718,0.1217877963172761,0.1698268712453154,0.1601556894246904,0.0,0.0,3.7434753688469717,train
0.548229643012718,0.1217877963172761,0.1698268712453154,0.1601556894246904,0.0,0.0,2.771127654380795,train
0.548229643012718,0.1217877963172761,0.1698268712453154,0.1601556894246904,0.0,0.0,3.666557981473785,train
0.548229643012718,0.1217877963172761,0.1698268712453154,0.1601556894246904,0.0,0.0,3.304037850355645,train
0.548229643012718,0.1217877963172761,0.1698268712453154,0.1601556894246904,0.0,0.0,3.381324891801259,train
0.548229643012718,0.1217877963172761,0.1698268712453154,0.1601556894246904,0.0,0.0,3.309366221049755,train
0.548229643012718,0.1217877963172761,0.1698268712453154,0.1601556894246904,0.0,0.0,2.9679672214683945,train
0.545599273454816,0.2092037755739086,0.1745359526726472,0.0706609982986281,0.0,0.0,28.048842877559313,train
0.545599273454816,0.2092037755739086,0.1745359526726472,0.0706609982986281,0.0,0.0,51.709022634876625,train
0.545599273454816,0.2092037755739086,0.1745359526726472,0.0706609982986281,0.0,0.0,34.14448846188412,train
0.545599273454816,0.2092037755739086,0.1745359526726472,0.0706609982986281,0.0,0.0,39.931745731174686,train
0.545599273454816,0.2092037755739086,0.1745359526726472,0.0706609982986281,0.0,0.0,38.34706409545123,train
0.545599273454816,0.2092037755739086,0.1745359526726472,0.0706609982986281,0.0,0.0,62.85071408082037,train
0.545599273454816,0.2092037755739086,0.1745359526726472,0.0706609982986281,0.0,0.0,42.66123474877855,train
0.545599273454816,0.2092037755739086,0.1745359526726472,0.0706609982986281,0.0,0.0,33.50786404173215,train
0.545599273454816,0.2092037755739086,0.1745359526726472,0.0706609982986281,0.0,0.0,45.28816706317069,train
0.545599273454816,0.2092037755739086,0.1745359526726472,0.0706609982986281,0.0,0.0,36.45123081872285,train
0.545599273454816,0.2092037755739086,0.1745359526726472,0.0706609982986281,0.0,0.0,31.945324451250762,train
0.545599273454816,0.2092037755739086,0.1745359526726472,0.0706609982986281,0.0,0.0,46.35324086762472,train
0.545599273454816,0.2092037755739086,0.1745359526726472,0.0706609982986281,0.0,0.0,32.636762601146124,train
0.545599273454816,0.2092037755739086,0.1745359526726472,0.0706609982986281,0.0,0.0,46.246604227899056,train
0.545599273454816,0.2092037755739086,0.1745359526726472,0.0706609982986281,0.0,0.0,59.365724895096406,train
0.545599273454816,0.2092037755739086,0.1745359526726472,0.0706609982986281,0.0,0.0,29.942337066467495,train
0.545599273454816,0.2092037755739086,0.1745359526726472,0.0706609982986281,0.0,0.0,57.0468783962947,train
0.545599273454816,0.2092037755739086,0.1745359526726472,0.0706609982986281,0.0,0.0,36.865944864764636,train
0.545599273454816,0.2092037755739086,0.1745359526726472,0.0706609982986281,0.0,0.0,43.47378735099593,train
0.545599273454816,0.2092037755739086,0.1745359526726472,0.0706609982986281,0.0,0.0,51.906056399781946,train
0.545599273454816,0.2092037755739086,0.1745359526726472,0.0706609982986281,0.0,0.0,51.30607200907302,train
0.545599273454816,0.2092037755739086,0.1745359526726472,0.0706609982986281,0.0,0.0,47.957558918498464,train
0.545599273454816,0.2092037755739086,0.1745359526726472,0.0706609982986281,0.0,0.0,36.689410825651194,train
0.545599273454816,0.2092037755739086,0.1745359526726472,0.0706609982986281,0.0,0.0,33.588890087632585,train
0.545599273454816,0.2092037755739086,0.1745359526726472,0.0706609982986281,0.0,0.0,40.19526405164528,train
0.545599273454816,0.2092037755739086,0.1745359526726472,0.0706609982986281,0.0,0.0,40.47567938761388,train
0.545599273454816,0.2092037755739086,0.1745359526726472,0.0706609982986281,0.0,0.0,35.87811301103739,train
0.545599273454816,0.2092037755739086,0.1745359526726472,0.0706609982986281,0.0,0.0,23.21041861505192,train
0.545599273454816,0.2092037755739086,0.1745359526726472,0.0706609982986281,0.0,0.0,44.002804464292154,train
0.545599273454816,0.2092037755739086,0.1745359526726472,0.0706609982986281,0.0,0.0,29.456693323689414,train
0.0861850092371505,0.487932462164809,0.2080392860392073,0.217843242558833,0.0,0.0,59.40909724288817,train
0.0861850092371505,0.487932462164809,0.2080392860392073,0.217843242558833,0.0,0.0,58.06853268915223,train
0.0861850092371505,0.487932462164809,0.2080392860392073,0.217843242558833,0.0,0.0,65.25621066634194,train
0.0861850092371505,0.487932462164809,0.2080392860392073,0.217843242558833,0.0,0.0,62.92989006491187,train
0.0861850092371505,0.487932462164809,0.2080392860392073,0.217843242558833,0.0,0.0,62.50074356278775,train
0.0861850092371505,0.487932462164809,0.2080392860392073,0.217843242558833,0.0,0.0,66.07136658262613,train
0.0861850092371505,0.487932462164809,0.2080392860392073,0.217843242558833,0.0,0.0,63.70800188548337,train
0.0861850092371505,0.487932462164809,0.2080392860392073,0.217843242558833,0.0,0.0,67.24554182451827,train
0.0861850092371505,0.487932462164809,0.2080392860392073,0.217843242558833,0.0,0.0,59.32408246107724,train
0.0861850092371505,0.487932462164809,0.2080392860392073,0.217843242558833,0.0,0.0,68.68833440419267,train
0.0861850092371505,0.487932462164809,0.2080392860392073,0.217843242558833,0.0,0.0,67.46703810678743,train
0.0861850092371505,0.487932462164809,0.2080392860392073,0.217843242558833,0.0,0.0,73.71329174876762,train
0.0861850092371505,0.487932462164809,0.2080392860392073,0.217843242558833,0.0,0.0,63.990121125573125,train
0.0861850092371505,0.487932462164809,0.2080392860392073,0.217843242558833,0.0,0.0,53.61610618763658,train
0.0861850092371505,0.487932462164809,0.2080392860392073,0.217843242558833,0.0,0.0,66.68227754461465,train
0.0861850092371505,0.487932462164809,0.2080392860392073,0.217843242558833,0.0,0.0,61.848018200013506,train
0.0861850092371505,0.487932462164809,0.2080392860392073,0.217843242558833,0.0,0.0,58.79363928500341,train
0.0861850092371505,0.487932462164809,0.2080392860392073,0.217843242558833,0.0,0.0,71.22270976395437,train
0.0861850092371505,0.487932462164809,0.2080392860392073,0.217843242558833,0.0,0.0,57.271131281271344,train
0.0861850092371505,0.487932462164809,0.2080392860392073,0.217843242558833,0.0,0.0,70.5040706645467,train
0.0861850092371505,0.487932462164809,0.2080392860392073,0.217843242558833,0.0,0.0,68.91597449670705,train
0.0861850092371505,0.487932462164809,0.2080392860392073,0.217843242558833,0.0,0.0,59.79332779406573,train
0.0861850092371505,0.487932462164809,0.2080392860392073,0.217843242558833,0.0,0.0,63.25376312280149,train
0.0861850092371505,0.487932462164809,0.2080392860392073,0.217843242558833,0.0,0.0,65.17002766388018,train
0.0861850092371505,0.487932462164809,0.2080392860392073,0.217843242558833,0.0,0.0,59.734214266733424,train
0.0861850092371505,0.487932462164809,0.2080392860392073,0.217843242558833,0.0,0.0,59.48000314073189,train
0.0861850092371505,0.487932462164809,0.2080392860392073,0.217843242558833,0.0,0.0,66.42224316480448,train
0.0861850092371505,0.487932462164809,0.2080392860392073,0.217843242558833,0.0,0.0,60.36554197180874,train
0.0861850092371505,0.487932462164809,0.2080392860392073,0.217843242558833,0.0,0.0,53.84807635448903,train
0.0861850092371505,0.487932462164809,0.2080392860392073,0.217843242558833,0.0,0.0,61.82492040168116,train
0.1239180877907843,0.5832265544377092,0.1085078526819685,0.1205353325694135,0.0638121725201243,0.0,93.53818637436602,train
0.1239180877907843,0.5832265544377092,0.1085078526819685,0.1205353325694135,0.0638121725201243,0.0,92.39247049191052,train
0.1239180877907843,0.5832265544377092,0.1085078526819685,0.1205353325694135,0.0638121725201243,0.0,94.36059761259799,train
0.1239180877907843,0.5832265544377092,0.1085078526819685,0.1205353325694135,0.0638121725201243,0.0,95.91621903863232,train
0.1239180877907843,0.5832265544377092,0.1085078526819685,0.1205353325694135,0.0638121725201243,0.0,94.50583104678415,train
0.1239180877907843,0.5832265544377092,0.1085078526819685,0.1205353325694135,0.0638121725201243,0.0,101.73339853514378,train
0.1239180877907843,0.5832265544377092,0.1085078526819685,0.1205353325694135,0.0638121725201243,0.0,94.791821658213,train
0.1239180877907843,0.5832265544377092,0.1085078526819685,0.1205353325694135,0.0638121725201243,0.0,90.0190072252268,train
0.1239180877907843,0.5832265544377092,0.1085078526819685,0.1205353325694135,0.0638121725201243,0.0,96.95276969215084,train
0.1239180877907843,0.5832265544377092,0.1085078526819685,0.1205353325694135,0.0638121725201243,0.0,96.6047873184944,train
0.1239180877907843,0.5832265544377092,0.1085078526819685,0.1205353325694135,0.0638121725201243,0.0,96.98096899067367,train
0.1239180877907843,0.5832265544377092,0.1085078526819685,0.1205353325694135,0.0638121725201243,0.0,96.30712292227079,train
0.1239180877907843,0.5832265544377092,0.1085078526819685,0.1205353325694135,0.0638121725201243,0.0,91.11845966702585,train
0.1239180877907843,0.5832265544377092,0.1085078526819685,0.1205353325694135,0.0638121725201243,0.0,90.94419507471352,train
0.1239180877907843,0.5832265544377092,0.1085078526819685,0.1205353325694135,0.0638121725201243,0.0,95.06844525856178,train
0.1239180877907843,0.5832265544377092,0.1085078526819685,0.1205353325694135,0.0638121725201243,0.0,96.77403262751497,train
0.1239180877907843,0.5832265544377092,0.1085078526819685,0.1205353325694135,0.0638121725201243,0.0,96.03133740703322,train
0.1239180877907843,0.5832265544377092,0.1085078526819685,0.1205353325694135,0.0638121725201243,0.0,93.35335582824702,train
0.1239180877907843,0.5832265544377092,0.1085078526819685,0.1205353325694135,0.0638121725201243,0.0,95.65625849730182,train
0.1239180877907843,0.5832265544377092,0.1085078526819685,0.1205353325694135,0.0638121725201243,0.0,93.31942157501179,train
0.1239180877907843,0.5832265544377092,0.1085078526819685,0.1205353325694135,0.0638121725201243,0.0,98.03883835391257,train
0.1239180877907843,0.5832265544377092,0.1085078526819685,0.1205353325694135,0.0638121725201243,0.0,95.84628288788227,train
0.1239180877907843,0.5832265544377092,0.1085078526819685,0.1205353325694135,0.0638121725201243,0.0,97.28138121018517,train
0.1239180877907843,0.5832265544377092,0.1085078526819685,0.1205353325694135,0.0638121725201243,0.0,95.88588693855112,train
0.1239180877907843,0.5832265544377092,0.1085078526819685,0.1205353325694135,0.0638121725201243,0.0,95.86354408226529,train
0.1239180877907843,0.5832265544377092,0.1085078526819685,0.1205353325694135,0.0638121725201243,0.0,94.5258554483437,train
0.1239180877907843,0.5832265544377092,0.1085078526819685,0.1205353325694135,0.0638121725201243,0.0,95.17431263315866,train
0.1239180877907843,0.5832265544377092,0.1085078526819685,0.1205353325694135,0.0638121725201243,0.0,95.06088552810004,train
0.1239180877907843,0.5832265544377092,0.1085078526819685,0.1205353325694135,0.0638121725201243,0.0,95.59249690335405,train
0.1239180877907843,0.5832265544377092,0.1085078526819685,0.1205353325694135,0.0638121725201243,0.0,92.20558443381942,train
0.1133004046490285,0.4047711891410334,0.1958491379789338,0.2108876369761775,0.0751916312548266,0.0,82.64761969022798,train
0.1133004046490285,0.4047711891410334,0.1958491379789338,0.2108876369761775,0.0751916312548266,0.0,78.59125779668584,train
0.1133004046490285,0.4047711891410334,0.1958491379789338,0.2108876369761775,0.0751916312548266,0.0,77.87386187742415,train
0.1133004046490285,0.4047711891410334,0.1958491379789338,0.2108876369761775,0.0751916312548266,0.0,78.36233969202887,train
0.1133004046490285,0.4047711891410334,0.1958491379789338,0.2108876369761775,0.0751916312548266,0.0,77.17713325636616,train
0.1133004046490285,0.4047711891410334,0.1958491379789338,0.2108876369761775,0.0751916312548266,0.0,77.25381534977014,train
0.1133004046490285,0.4047711891410334,0.1958491379789338,0.2108876369761775,0.0751916312548266,0.0,80.94381415750813,train
0.1133004046490285,0.4047711891410334,0.1958491379789338,0.2108876369761775,0.0751916312548266,0.0,79.44053040062524,train
0.1133004046490285,0.4047711891410334,0.1958491379789338,0.2108876369761775,0.0751916312548266,0.0,81.33653493780173,train
0.1133004046490285,0.4047711891410334,0.1958491379789338,0.2108876369761775,0.0751916312548266,0.0,80.68133805266595,train
0.1133004046490285,0.4047711891410334,0.1958491379789338,0.2108876369761775,0.0751916312548266,0.0,82.72194233055966,train
0.1133004046490285,0.4047711891410334,0.1958491379789338,0.2108876369761775,0.0751916312548266,0.0,78.14057280302883,train
0.1133004046490285,0.4047711891410334,0.1958491379789338,0.2108876369761775,0.0751916312548266,0.0,79.08312524897555,train
0.1133004046490285,0.4047711891410334,0.1958491379789338,0.2108876369761775,0.0751916312548266,0.0,79.0436678195187,train
0.1133004046490285,0.4047711891410334,0.1958491379789338,0.2108876369761775,0.0751916312548266,0.0,76.33573361957374,train
0.1133004046490285,0.4047711891410334,0.1958491379789338,0.2108876369761775,0.0751916312548266,0.0,82.92864931756408,train
0.1133004046490285,0.4047711891410334,0.1958491379789338,0.2108876369761775,0.0751916312548266,0.0,83.25469482757049,train
0.1133004046490285,0.4047711891410334,0.1958491379789338,0.2108876369761775,0.0751916312548266,0.0,83.42133162030981,train
0.1133004046490285,0.4047711891410334,0.1958491379789338,0.2108876369761775,0.0751916312548266,0.0,84.7397124199432,train
0.1133004046490285,0.4047711891410334,0.1958491379789338,0.2108876369761775,0.0751916312548266,0.0,90.32257675051618,train
0.1133004046490285,0.4047711891410334,0.1958491379789338,0.2108876369761775,0.0751916312548266,0.0,79.98553797984852,train
0.1133004046490285,0.4047711891410334,0.1958491379789338,0.2108876369761775,0.0751916312548266,0.0,81.31318155321682,train
0.1133004046490285,0.4047711891410334,0.1958491379789338,0.2108876369761775,0.0751916312548266,0.0,83.30419684652456,train
0.1133004046490285,0.4047711891410334,0.1958491379789338,0.2108876369761775,0.0751916312548266,0.0,83.58517883513628,train
0.1133004046490285,0.4047711891410334,0.1958491379789338,0.2108876369761775,0.0751916312548266,0.0,81.13356608253278,train
0.1133004046490285,0.4047711891410334,0.1958491379789338,0.2108876369761775,0.0751916312548266,0.0,79.46528995550594,train
0.1133004046490285,0.4047711891410334,0.1958491379789338,0.2108876369761775,0.0751916312548266,0.0,79.81469630549542,train
0.1133004046490285,0.4047711891410334,0.1958491379789338,0.2108876369761775,0.0751916312548266,0.0,81.15859105551024,train
0.1133004046490285,0.4047711891410334,0.1958491379789338,0.2108876369761775,0.0751916312548266,0.0,78.92800280581032,train
0.1133004046490285,0.4047711891410334,0.1958491379789338,0.2108876369761775,0.0751916312548266,0.0,76.5729313146471,train
0.131538401514298,0.585805341416514,0.0934697952937294,0.0923148899906853,0.0968715717847732,0.0,116.38577609413612,train
0.131538401514298,0.585805341416514,0.0934697952937294,0.0923148899906853,0.0968715717847732,0.0,102.26490121198044,train
0.131538401514298,0.585805341416514,0.0934697952937294,0.0923148899906853,0.0968715717847732,0.0,100.94240888076145,train
0.131538401514298,0.585805341416514,0.0934697952937294,0.0923148899906853,0.0968715717847732,0.0,123.97822315053921,train
0.131538401514298,0.585805341416514,0.0934697952937294,0.0923148899906853,0.0968715717847732,0.0,112.93326205662432,train
0.131538401514298,0.585805341416514,0.0934697952937294,0.0923148899906853,0.0968715717847732,0.0,118.62018620789695,train
0.131538401514298,0.585805341416514,0.0934697952937294,0.0923148899906853,0.0968715717847732,0.0,96.58061168652502,train
0.131538401514298,0.585805341416514,0.0934697952937294,0.0923148899906853,0.0968715717847732,0.0,146.69971408315348,train
0.131538401514298,0.585805341416514,0.0934697952937294,0.0923148899906853,0.0968715717847732,0.0,126.6342800051851,train
0.131538401514298,0.585805341416514,0.0934697952937294,0.0923148899906853,0.0968715717847732,0.0,131.86102100509805,train
0.131538401514298,0.585805341416514,0.0934697952937294,0.0923148899906853,0.0968715717847732,0.0,120.06034784557866,train
0.131538401514298,0.585805341416514,0.0934697952937294,0.0923148899906853,0.0968715717847732,0.0,96.2886667046698,train
0.131538401514298,0.585805341416514,0.0934697952937294,0.0923148899906853,0.0968715717847732,0.0,120.01133815855049,train
0.131538401514298,0.585805341416514,0.0934697952937294,0.0923148899906853,0.0968715717847732,0.0,119.6051228105498,train
0.131538401514298,0.585805341416514,0.0934697952937294,0.0923148899906853,0.0968715717847732,0.0,149.99517430437393,train
0.131538401514298,0.585805341416514,0.0934697952937294,0.0923148899906853,0.0968715717847732,0.0,107.9507826290509,train
0.131538401514298,0.585805341416514,0.0934697952937294,0.0923148899906853,0.0968715717847732,0.0,140.67162071604366,train
0.131538401514298,0.585805341416514,0.0934697952937294,0.0923148899906853,0.0968715717847732,0.0,110.53148048428733,train
0.131538401514298,0.585805341416514,0.0934697952937294,0.0923148899906853,0.0968715717847732,0.0,76.05509010485673,train
0.131538401514298,0.585805341416514,0.0934697952937294,0.0923148899906853,0.0968715717847732,0.0,124.93600714819085,train
0.131538401514298,0.585805341416514,0.0934697952937294,0.0923148899906853,0.0968715717847732,0.0,137.77786142353187,train
0.131538401514298,0.585805341416514,0.0934697952937294,0.0923148899906853,0.0968715717847732,0.0,115.85807101979536,train
0.131538401514298,0.585805341416514,0.0934697952937294,0.0923148899906853,0.0968715717847732,0.0,94.85045905195369,train
0.131538401514298,0.585805341416514,0.0934697952937294,0.0923148899906853,0.0968715717847732,0.0,119.7869271623628,train
0.131538401514298,0.585805341416514,0.0934697952937294,0.0923148899906853,0.0968715717847732,0.0,96.08506095644788,train
0.131538401514298,0.585805341416514,0.0934697952937294,0.0923148899906853,0.0968715717847732,0.0,109.1541498064925,train
0.131538401514298,0.585805341416514,0.0934697952937294,0.0923148899906853,0.0968715717847732,0.0,101.21412207755523,train
0.131538401514298,0.585805341416514,0.0934697952937294,0.0923148899906853,0.0968715717847732,0.0,113.05078618983127,train
0.131538401514298,0.585805341416514,0.0934697952937294,0.0923148899906853,0.0968715717847732,0.0,68.55019383704428,train
0.131538401514298,0.585805341416514,0.0934697952937294,0.0923148899906853,0.0968715717847732,0.0,114.29435218662287,train
0.1213176513312086,0.5865106499216102,0.0957316675710326,0.1073491419927575,0.0890908891833911,0.0,100.88212305140718,train
0.1213176513312086,0.5865106499216102,0.0957316675710326,0.1073491419927575,0.0890908891833911,0.0,98.52949622288685,train
0.1213176513312086,0.5865106499216102,0.0957316675710326,0.1073491419927575,0.0890908891833911,0.0,92.14768842632509,train
0.1213176513312086,0.5865106499216102,0.0957316675710326,0.1073491419927575,0.0890908891833911,0.0,103.24489398363177,train
0.1213176513312086,0.5865106499216102,0.0957316675710326,0.1073491419927575,0.0890908891833911,0.0,113.88486721087855,train
0.1213176513312086,0.5865106499216102,0.0957316675710326,0.1073491419927575,0.0890908891833911,0.0,107.04172302967743,train
0.1213176513312086,0.5865106499216102,0.0957316675710326,0.1073491419927575,0.0890908891833911,0.0,109.12414233351895,train
0.1213176513312086,0.5865106499216102,0.0957316675710326,0.1073491419927575,0.0890908891833911,0.0,99.79979083563575,train
0.1213176513312086,0.5865106499216102,0.0957316675710326,0.1073491419927575,0.0890908891833911,0.0,106.37203472844271,train
0.1213176513312086,0.5865106499216102,0.0957316675710326,0.1073491419927575,0.0890908891833911,0.0,100.67776400804833,train
0.1213176513312086,0.5865106499216102,0.0957316675710326,0.1073491419927575,0.0890908891833911,0.0,101.79085904626147,train
0.1213176513312086,0.5865106499216102,0.0957316675710326,0.1073491419927575,0.0890908891833911,0.0,94.91671075085898,train
0.1213176513312086,0.5865106499216102,0.0957316675710326,0.1073491419927575,0.0890908891833911,0.0,92.32755314895326,train
0.1213176513312086,0.5865106499216102,0.0957316675710326,0.1073491419927575,0.0890908891833911,0.0,109.90908795046138,train
0.1213176513312086,0.5865106499216102,0.0957316675710326,0.1073491419927575,0.0890908891833911,0.0,90.189377211542,train
0.1213176513312086,0.5865106499216102,0.0957316675710326,0.1073491419927575,0.0890908891833911,0.0,108.20388122966591,train
0.1213176513312086,0.5865106499216102,0.0957316675710326,0.1073491419927575,0.0890908891833911,0.0,100.45960242845095,train
0.1213176513312086,0.5865106499216102,0.0957316675710326,0.1073491419927575,0.0890908891833911,0.0,99.10131054006453,train
0.1213176513312086,0.5865106499216102,0.0957316675710326,0.1073491419927575,0.0890908891833911,0.0,92.9336656903116,train
0.1213176513312086,0.5865106499216102,0.0957316675710326,0.1073491419927575,0.0890908891833911,0.0,108.89637405078912,train
0.1213176513312086,0.5865106499216102,0.0957316675710326,0.1073491419927575,0.0890908891833911,0.0,104.57441523799545,train
0.1213176513312086,0.5865106499216102,0.0957316675710326,0.1073491419927575,0.0890908891833911,0.0,103.86889649375192,train
0.1213176513312086,0.5865106499216102,0.0957316675710326,0.1073491419927575,0.0890908891833911,0.0,89.8111306042562,train
0.1213176513312086,0.5865106499216102,0.0957316675710326,0.1073491419927575,0.0890908891833911,0.0,92.503183260397,train
0.1213176513312086,0.5865106499216102,0.0957316675710326,0.1073491419927575,0.0890908891833911,0.0,100.95917911961381,train
0.1213176513312086,0.5865106499216102,0.0957316675710326,0.1073491419927575,0.0890908891833911,0.0,105.06290602123786,train
0.1213176513312086,0.5865106499216102,0.0957316675710326,0.1073491419927575,0.0890908891833911,0.0,83.29287330781655,train
0.1213176513312086,0.5865106499216102,0.0957316675710326,0.1073491419927575,0.0890908891833911,0.0,104.23129110547448,train
0.1213176513312086,0.5865106499216102,0.0957316675710326,0.1073491419927575,0.0890908891833911,0.0,103.566015680931,train
0.1213176513312086,0.5865106499216102,0.0957316675710326,0.1073491419927575,0.0890908891833911,0.0,95.92268600335785,train
0.1201214214149237,0.3980324902961269,0.192678325577721,0.1976933737665334,0.091474388944695,0.0,78.26455765450066,train
0.1201214214149237,0.3980324902961269,0.192678325577721,0.1976933737665334,0.091474388944695,0.0,72.00842307460904,train
0.1201214214149237,0.3980324902961269,0.192678325577721,0.1976933737665334,0.091474388944695,0.0,76.4970866740456,train
0.1201214214149237,0.3980324902961269,0.192678325577721,0.1976933737665334,0.091474388944695,0.0,73.31723691318321,train
0.1201214214149237,0.3980324902961269,0.192678325577721,0.1976933737665334,0.091474388944695,0.0,74.23377306333792,train
0.1201214214149237,0.3980324902961269,0.192678325577721,0.1976933737665334,0.091474388944695,0.0,77.1096891480307,train
0.1201214214149237,0.3980324902961269,0.192678325577721,0.1976933737665334,0.091474388944695,0.0,72.9889935385624,train
0.1201214214149237,0.3980324902961269,0.192678325577721,0.1976933737665334,0.091474388944695,0.0,76.1713031559192,train
0.1201214214149237,0.3980324902961269,0.192678325577721,0.1976933737665334,0.091474388944695,0.0,73.22921806550885,train
0.1201214214149237,0.3980324902961269,0.192678325577721,0.1976933737665334,0.091474388944695,0.0,74.88150830432788,train
0.1201214214149237,0.3980324902961269,0.192678325577721,0.1976933737665334,0.091474388944695,0.0,73.32545613681178,train
0.1201214214149237,0.3980324902961269,0.192678325577721,0.1976933737665334,0.091474388944695,0.0,75.82876278363227,train
0.1201214214149237,0.3980324902961269,0.192678325577721,0.1976933737665334,0.091474388944695,0.0,71.1158857600328,train
0.1201214214149237,0.3980324902961269,0.192678325577721,0.1976933737665334,0.091474388944695,0.0,73.01422806624919,train
0.1201214214149237,0.3980324902961269,0.192678325577721,0.1976933737665334,0.091474388944695,0.0,72.43827706613136,train
0.1201214214149237,0.3980324902961269,0.192678325577721,0.1976933737665334,0.091474388944695,0.0,74.84601779853065,train
0.1201214214149237,0.3980324902961269,0.192678325577721,0.1976933737665334,0.091474388944695,0.0,76.5355673390167,train
0.1201214214149237,0.3980324902961269,0.192678325577721,0.1976933737665334,0.091474388944695,0.0,76.49900375345992,train
0.1201214214149237,0.3980324902961269,0.192678325577721,0.1976933737665334,0.091474388944695,0.0,78.09729832261596,train
0.1201214214149237,0.3980324902961269,0.192678325577721,0.1976933737665334,0.091474388944695,0.0,73.5610774028036,train
0.1201214214149237,0.3980324902961269,0.192678325577721,0.1976933737665334,0.091474388944695,0.0,74.12172342857563,train
0.1201214214149237,0.3980324902961269,0.192678325577721,0.1976933737665334,0.091474388944695,0.0,74.06015995438793,train
0.1201214214149237,0.3980324902961269,0.192678325577721,0.1976933737665334,0.091474388944695,0.0,78.65367570865288,train
0.1201214214149237,0.3980324902961269,0.192678325577721,0.1976933737665334,0.091474388944695,0.0,77.22835935265906,train
0.1201214214149237,0.3980324902961269,0.192678325577721,0.1976933737665334,0.091474388944695,0.0,73.38579848047091,train
0.1201214214149237,0.3980324902961269,0.192678325577721,0.1976933737665334,0.091474388944695,0.0,72.84025109065918,train
0.1201214214149237,0.3980324902961269,0.192678325577721,0.1976933737665334,0.091474388944695,0.0,74.91072953633515,train
0.1201214214149237,0.3980324902961269,0.192678325577721,0.1976933737665334,0.091474388944695,0.0,77.56012894829689,train
0.1201214214149237,0.3980324902961269,0.192678325577721,0.1976933737665334,0.091474388944695,0.0,77.35188314862101,train
0.1201214214149237,0.3980324902961269,0.192678325577721,0.1976933737665334,0.091474388944695,0.0,77.51479286715295,train
0.2345760655408179,0.4938766423590441,0.1785339376587476,0.0930133544413904,0.0,0.0,68.28341688302746,train
0.2345760655408179,0.4938766423590441,0.1785339376587476,0.0930133544413904,0.0,0.0,73.27130678988797,train
0.2345760655408179,0.4938766423590441,0.1785339376587476,0.0930133544413904,0.0,0.0,60.848989248789515,train
0.2345760655408179,0.4938766423590441,0.1785339376587476,0.0930133544413904,0.0,0.0,67.99041461009317,train
0.2345760655408179,0.4938766423590441,0.1785339376587476,0.0930133544413904,0.0,0.0,64.30678537550102,train
0.2345760655408179,0.4938766423590441,0.1785339376587476,0.0930133544413904,0.0,0.0,62.1831617986925,train
0.2345760655408179,0.4938766423590441,0.1785339376587476,0.0930133544413904,0.0,0.0,71.74149982550176,train
0.2345760655408179,0.4938766423590441,0.1785339376587476,0.0930133544413904,0.0,0.0,66.12169533442406,train
0.2345760655408179,0.4938766423590441,0.1785339376587476,0.0930133544413904,0.0,0.0,68.74894327632592,train
0.2345760655408179,0.4938766423590441,0.1785339376587476,0.0930133544413904,0.0,0.0,67.1157526678692,train
0.2345760655408179,0.4938766423590441,0.1785339376587476,0.0930133544413904,0.0,0.0,60.40334112551875,train
0.2345760655408179,0.4938766423590441,0.1785339376587476,0.0930133544413904,0.0,0.0,71.41628798599153,train
0.2345760655408179,0.4938766423590441,0.1785339376587476,0.0930133544413904,0.0,0.0,70.81853161385222,train
0.2345760655408179,0.4938766423590441,0.1785339376587476,0.0930133544413904,0.0,0.0,65.71009284493614,train
0.2345760655408179,0.4938766423590441,0.1785339376587476,0.0930133544413904,0.0,0.0,73.94505441774058,train
0.2345760655408179,0.4938766423590441,0.1785339376587476,0.0930133544413904,0.0,0.0,69.64634831795348,train
0.2345760655408179,0.4938766423590441,0.1785339376587476,0.0930133544413904,0.0,0.0,70.2229066196655,train
0.2345760655408179,0.4938766423590441,0.1785339376587476,0.0930133544413904,0.0,0.0,63.46363396200519,train
0.2345760655408179,0.4938766423590441,0.1785339376587476,0.0930133544413904,0.0,0.0,69.52918902147645,train
0.2345760655408179,0.4938766423590441,0.1785339376587476,0.0930133544413904,0.0,0.0,68.31824820199799,train
0.2345760655408179,0.4938766423590441,0.1785339376587476,0.0930133544413904,0.0,0.0,60.37033618374746,train
0.2345760655408179,0.4938766423590441,0.1785339376587476,0.0930133544413904,0.0,0.0,68.71230209756467,train
0.2345760655408179,0.4938766423590441,0.1785339376587476,0.0930133544413904,0.0,0.0,63.29444095279921,train
0.2345760655408179,0.4938766423590441,0.1785339376587476,0.0930133544413904,0.0,0.0,55.76067614688378,train
0.2345760655408179,0.4938766423590441,0.1785339376587476,0.0930133544413904,0.0,0.0,69.13623367716224,train
0.2345760655408179,0.4938766423590441,0.1785339376587476,0.0930133544413904,0.0,0.0,66.92859761049496,train
0.2345760655408179,0.4938766423590441,0.1785339376587476,0.0930133544413904,0.0,0.0,67.66172126817261,train
0.2345760655408179,0.4938766423590441,0.1785339376587476,0.0930133544413904,0.0,0.0,62.04229924518778,train
0.2345760655408179,0.4938766423590441,0.1785339376587476,0.0930133544413904,0.0,0.0,66.87348256777976,train
0.2345760655408179,0.4938766423590441,0.1785339376587476,0.0930133544413904,0.0,0.0,70.35488659970497,train
0.2226101706878228,0.49919322346473,0.1924483476994424,0.0857482581480046,0.0,0.0,74.73999851481449,train
0.2226101706878228,0.49919322346473,0.1924483476994424,0.0857482581480046,0.0,0.0,76.70220143794988,train
0.2226101706878228,0.49919322346473,0.1924483476994424,0.0857482581480046,0.0,0.0,76.09214428257872,train
0.2226101706878228,0.49919322346473,0.1924483476994424,0.0857482581480046,0.0,0.0,77.00351140806663,train
0.2226101706878228,0.49919322346473,0.1924483476994424,0.0857482581480046,0.0,0.0,77.07958980276587,train
0.2226101706878228,0.49919322346473,0.1924483476994424,0.0857482581480046,0.0,0.0,76.34439448191426,train
0.2226101706878228,0.49919322346473,0.1924483476994424,0.0857482581480046,0.0,0.0,77.08579657635808,train
0.2226101706878228,0.49919322346473,0.1924483476994424,0.0857482581480046,0.0,0.0,77.58335980035964,train
0.2226101706878228,0.49919322346473,0.1924483476994424,0.0857482581480046,0.0,0.0,73.88417074947492,train
0.2226101706878228,0.49919322346473,0.1924483476994424,0.0857482581480046,0.0,0.0,75.60298955716698,train
0.2226101706878228,0.49919322346473,0.1924483476994424,0.0857482581480046,0.0,0.0,75.54762106390157,train
0.2226101706878228,0.49919322346473,0.1924483476994424,0.0857482581480046,0.0,0.0,75.69424877897116,train
0.2226101706878228,0.49919322346473,0.1924483476994424,0.0857482581480046,0.0,0.0,77.15796270135685,train
0.2226101706878228,0.49919322346473,0.1924483476994424,0.0857482581480046,0.0,0.0,73.93036852865559,train
0.2226101706878228,0.49919322346473,0.1924483476994424,0.0857482581480046,0.0,0.0,75.27910355048354,train
0.2226101706878228,0.49919322346473,0.1924483476994424,0.0857482581480046,0.0,0.0,75.97404790888825,train
0.2226101706878228,0.49919322346473,0.1924483476994424,0.0857482581480046,0.0,0.0,73.58259537215316,train
0.2226101706878228,0.49919322346473,0.1924483476994424,0.0857482581480046,0.0,0.0,76.75643523057097,train
0.2226101706878228,0.49919322346473,0.1924483476994424,0.0857482581480046,0.0,0.0,74.81303798407461,train
0.2226101706878228,0.49919322346473,0.1924483476994424,0.0857482581480046,0.0,0.0,74.43513764105562,train
0.2226101706878228,0.49919322346473,0.1924483476994424,0.0857482581480046,0.0,0.0,75.69861189484328,train
0.2226101706878228,0.49919322346473,0.1924483476994424,0.0857482581480046,0.0,0.0,74.66415515367838,train
0.2226101706878228,0.49919322346473,0.1924483476994424,0.0857482581480046,0.0,0.0,75.22097071860435,train
0.2226101706878228,0.49919322346473,0.1924483476994424,0.0857482581480046,0.0,0.0,76.04827024289355,train
0.2226101706878228,0.49919322346473,0.1924483476994424,0.0857482581480046,0.0,0.0,73.69187042427792,train
0.2226101706878228,0.49919322346473,0.1924483476994424,0.0857482581480046,0.0,0.0,77.03550025535448,train
0.2226101706878228,0.49919322346473,0.1924483476994424,0.0857482581480046,0.0,0.0,74.3543024286551,train
0.2226101706878228,0.49919322346473,0.1924483476994424,0.0857482581480046,0.0,0.0,74.53104385345333,train
0.2226101706878228,0.49919322346473,0.1924483476994424,0.0857482581480046,0.0,0.0,74.47425319253607,train
0.2226101706878228,0.49919322346473,0.1924483476994424,0.0857482581480046,0.0,0.0,74.7822728620527,train
0.2434153578038421,0.4853372979708185,0.1699709861723643,0.1012763580529751,0.0,0.0,100.22657708086685,train
0.2434153578038421,0.4853372979708185,0.1699709861723643,0.1012763580529751,0.0,0.0,76.97907564368607,train
0.2434153578038421,0.4853372979708185,0.1699709861723643,0.1012763580529751,0.0,0.0,87.10251889189297,train
0.2434153578038421,0.4853372979708185,0.1699709861723643,0.1012763580529751,0.0,0.0,88.50369367048907,train
0.2434153578038421,0.4853372979708185,0.1699709861723643,0.1012763580529751,0.0,0.0,85.91669341681371,train
0.2434153578038421,0.4853372979708185,0.1699709861723643,0.1012763580529751,0.0,0.0,94.1134615896087,train
0.2434153578038421,0.4853372979708185,0.1699709861723643,0.1012763580529751,0.0,0.0,90.73965605737119,train
0.2434153578038421,0.4853372979708185,0.1699709861723643,0.1012763580529751,0.0,0.0,85.58944535995586,train
0.2434153578038421,0.4853372979708185,0.1699709861723643,0.1012763580529751,0.0,0.0,91.88029807067893,train
0.2434153578038421,0.4853372979708185,0.1699709861723643,0.1012763580529751,0.0,0.0,85.93753248129488,train
0.2434153578038421,0.4853372979708185,0.1699709861723643,0.1012763580529751,0.0,0.0,95.1341947689813,train
0.2434153578038421,0.4853372979708185,0.1699709861723643,0.1012763580529751,0.0,0.0,88.83298517243352,train
0.2434153578038421,0.4853372979708185,0.1699709861723643,0.1012763580529751,0.0,0.0,84.00110033332803,train
0.2434153578038421,0.4853372979708185,0.1699709861723643,0.1012763580529751,0.0,0.0,92.59558201672534,train
0.2434153578038421,0.4853372979708185,0.1699709861723643,0.1012763580529751,0.0,0.0,89.38613147628233,train
0.2434153578038421,0.4853372979708185,0.1699709861723643,0.1012763580529751,0.0,0.0,88.01000534253876,train
0.2434153578038421,0.4853372979708185,0.1699709861723643,0.1012763580529751,0.0,0.0,84.44796090134236,train
0.2434153578038421,0.4853372979708185,0.1699709861723643,0.1012763580529751,0.0,0.0,81.39318238504553,train
0.2434153578038421,0.4853372979708185,0.1699709861723643,0.1012763580529751,0.0,0.0,92.51459906162299,train
0.2434153578038421,0.4853372979708185,0.1699709861723643,0.1012763580529751,0.0,0.0,73.02005789547108,train
0.2434153578038421,0.4853372979708185,0.1699709861723643,0.1012763580529751,0.0,0.0,90.46389502483812,train
0.2434153578038421,0.4853372979708185,0.1699709861723643,0.1012763580529751,0.0,0.0,85.97712052434467,train
0.2434153578038421,0.4853372979708185,0.1699709861723643,0.1012763580529751,0.0,0.0,90.07871602621853,train
0.2434153578038421,0.4853372979708185,0.1699709861723643,0.1012763580529751,0.0,0.0,74.2192810935328,train
0.2434153578038421,0.4853372979708185,0.1699709861723643,0.1012763580529751,0.0,0.0,89.64859490192521,train
0.2434153578038421,0.4853372979708185,0.1699709861723643,0.1012763580529751,0.0,0.0,82.91684525129067,train
0.2434153578038421,0.4853372979708185,0.1699709861723643,0.1012763580529751,0.0,0.0,87.37158198094477,train
0.2434153578038421,0.4853372979708185,0.1699709861723643,0.1012763580529751,0.0,0.0,87.02447035338673,train
0.2434153578038421,0.4853372979708185,0.1699709861723643,0.1012763580529751,0.0,0.0,91.60899701568587,train
0.2434153578038421,0.4853372979708185,0.1699709861723643,0.1012763580529751,0.0,0.0,90.49986450865597,train
0.5391860316789622,0.3096191503436502,0.0721623012293025,0.0,0.0790325167480851,0.0,7.851962378463262,train
0.5391860316789622,0.3096191503436502,0.0721623012293025,0.0,0.0790325167480851,0.0,7.185740720570354,train
0.5391860316789622,0.3096191503436502,0.0721623012293025,0.0,0.0790325167480851,0.0,7.055349024197212,train
0.5391860316789622,0.3096191503436502,0.0721623012293025,0.0,0.0790325167480851,0.0,6.945233425377247,train
0.5391860316789622,0.3096191503436502,0.0721623012293025,0.0,0.0790325167480851,0.0,6.968750679219126,train
0.5391860316789622,0.3096191503436502,0.0721623012293025,0.0,0.0790325167480851,0.0,6.726662456829005,train
0.5391860316789622,0.3096191503436502,0.0721623012293025,0.0,0.0790325167480851,0.0,7.280028106628756,train
0.5391860316789622,0.3096191503436502,0.0721623012293025,0.0,0.0790325167480851,0.0,7.243896327957668,train
0.5391860316789622,0.3096191503436502,0.0721623012293025,0.0,0.0790325167480851,0.0,6.324351497733758,train
0.5391860316789622,0.3096191503436502,0.0721623012293025,0.0,0.0790325167480851,0.0,7.301978428751099,train
0.5391860316789622,0.3096191503436502,0.0721623012293025,0.0,0.0790325167480851,0.0,6.617366545152441,train
0.5391860316789622,0.3096191503436502,0.0721623012293025,0.0,0.0790325167480851,0.0,6.487797844244351,train
0.5391860316789622,0.3096191503436502,0.0721623012293025,0.0,0.0790325167480851,0.0,6.268958347692367,train
0.5391860316789622,0.3096191503436502,0.0721623012293025,0.0,0.0790325167480851,0.0,6.686189295828667,train
0.5391860316789622,0.3096191503436502,0.0721623012293025,0.0,0.0790325167480851,0.0,6.815959560590577,train
0.5391860316789622,0.3096191503436502,0.0721623012293025,0.0,0.0790325167480851,0.0,6.169988274988657,train
0.5391860316789622,0.3096191503436502,0.0721623012293025,0.0,0.0790325167480851,0.0,7.439779432405551,train
0.5391860316789622,0.3096191503436502,0.0721623012293025,0.0,0.0790325167480851,0.0,6.831879267589696,train
0.5391860316789622,0.3096191503436502,0.0721623012293025,0.0,0.0790325167480851,0.0,6.731652917838533,train
0.5391860316789622,0.3096191503436502,0.0721623012293025,0.0,0.0790325167480851,0.0,7.571352435213157,train
0.5391860316789622,0.3096191503436502,0.0721623012293025,0.0,0.0790325167480851,0.0,6.317555258856962,train
0.5391860316789622,0.3096191503436502,0.0721623012293025,0.0,0.0790325167480851,0.0,6.444143302985555,train
0.5391860316789622,0.3096191503436502,0.0721623012293025,0.0,0.0790325167480851,0.0,6.887043982230803,train
0.5391860316789622,0.3096191503436502,0.0721623012293025,0.0,0.0790325167480851,0.0,6.746598085276794,train
0.5391860316789622,0.3096191503436502,0.0721623012293025,0.0,0.0790325167480851,0.0,7.383208384627235,train
0.5391860316789622,0.3096191503436502,0.0721623012293025,0.0,0.0790325167480851,0.0,7.4077644352537595,train
0.5391860316789622,0.3096191503436502,0.0721623012293025,0.0,0.0790325167480851,0.0,6.5385766472601,train
0.5391860316789622,0.3096191503436502,0.0721623012293025,0.0,0.0790325167480851,0.0,6.389634598423505,train
0.5391860316789622,0.3096191503436502,0.0721623012293025,0.0,0.0790325167480851,0.0,7.213407524964451,train
0.5391860316789622,0.3096191503436502,0.0721623012293025,0.0,0.0790325167480851,0.0,7.164129594743659,train
0.3742508141566523,0.3997226662994385,0.0708302144937722,0.0837005633712088,0.0714957416789279,0.0,35.20795783836669,train
0.3742508141566523,0.3997226662994385,0.0708302144937722,0.0837005633712088,0.0714957416789279,0.0,33.90327139125947,train
0.3742508141566523,0.3997226662994385,0.0708302144937722,0.0837005633712088,0.0714957416789279,0.0,29.148079020678324,train
0.3742508141566523,0.3997226662994385,0.0708302144937722,0.0837005633712088,0.0714957416789279,0.0,40.614872296307695,train
0.3742508141566523,0.3997226662994385,0.0708302144937722,0.0837005633712088,0.0714957416789279,0.0,34.8642986017879,train
0.3742508141566523,0.3997226662994385,0.0708302144937722,0.0837005633712088,0.0714957416789279,0.0,27.94075447553402,train
0.3742508141566523,0.3997226662994385,0.0708302144937722,0.0837005633712088,0.0714957416789279,0.0,38.71463186654542,train
0.3742508141566523,0.3997226662994385,0.0708302144937722,0.0837005633712088,0.0714957416789279,0.0,39.75535530600549,train
0.3742508141566523,0.3997226662994385,0.0708302144937722,0.0837005633712088,0.0714957416789279,0.0,23.135087359366192,train
0.3742508141566523,0.3997226662994385,0.0708302144937722,0.0837005633712088,0.0714957416789279,0.0,34.8125963026191,train
0.3742508141566523,0.3997226662994385,0.0708302144937722,0.0837005633712088,0.0714957416789279,0.0,39.46790275152855,train
0.3742508141566523,0.3997226662994385,0.0708302144937722,0.0837005633712088,0.0714957416789279,0.0,35.048769519745306,train
0.3742508141566523,0.3997226662994385,0.0708302144937722,0.0837005633712088,0.0714957416789279,0.0,26.0481647707559,train
0.3742508141566523,0.3997226662994385,0.0708302144937722,0.0837005633712088,0.0714957416789279,0.0,26.9615733903938,train
0.3742508141566523,0.3997226662994385,0.0708302144937722,0.0837005633712088,0.0714957416789279,0.0,39.346971160440916,train
0.3742508141566523,0.3997226662994385,0.0708302144937722,0.0837005633712088,0.0714957416789279,0.0,32.622156063956176,train
0.3742508141566523,0.3997226662994385,0.0708302144937722,0.0837005633712088,0.0714957416789279,0.0,38.81740487250673,train
0.3742508141566523,0.3997226662994385,0.0708302144937722,0.0837005633712088,0.0714957416789279,0.0,27.413104103547887,train
0.3742508141566523,0.3997226662994385,0.0708302144937722,0.0837005633712088,0.0714957416789279,0.0,31.32666119128853,train
0.3742508141566523,0.3997226662994385,0.0708302144937722,0.0837005633712088,0.0714957416789279,0.0,29.047192313036902,train
0.3742508141566523,0.3997226662994385,0.0708302144937722,0.0837005633712088,0.0714957416789279,0.0,15.756049097940828,train
0.3742508141566523,0.3997226662994385,0.0708302144937722,0.0837005633712088,0.0714957416789279,0.0,39.11594952892354,train
0.3742508141566523,0.3997226662994385,0.0708302144937722,0.0837005633712088,0.0714957416789279,0.0,34.798475433410275,train
0.3742508141566523,0.3997226662994385,0.0708302144937722,0.0837005633712088,0.0714957416789279,0.0,38.481421640348465,train
0.3742508141566523,0.3997226662994385,0.0708302144937722,0.0837005633712088,0.0714957416789279,0.0,32.41830140716484,train
0.3742508141566523,0.3997226662994385,0.0708302144937722,0.0837005633712088,0.0714957416789279,0.0,26.52138632355138,train
0.3742508141566523,0.3997226662994385,0.0708302144937722,0.0837005633712088,0.0714957416789279,0.0,34.340116386686205,train
0.3742508141566523,0.3997226662994385,0.0708302144937722,0.0837005633712088,0.0714957416789279,0.0,21.97341612615015,train
0.3742508141566523,0.3997226662994385,0.0708302144937722,0.0837005633712088,0.0714957416789279,0.0,26.973960022894108,train
0.3742508141566523,0.3997226662994385,0.0708302144937722,0.0837005633712088,0.0714957416789279,0.0,24.769740794033673,train
0.4910678828200969,0.368296126992844,0.0,0.1406359901870591,0.0,0.0,63.91565722515696,train
0.4910678828200969,0.368296126992844,0.0,0.1406359901870591,0.0,0.0,62.59105038659318,train
0.4910678828200969,0.368296126992844,0.0,0.1406359901870591,0.0,0.0,56.753955044262014,train
0.4910678828200969,0.368296126992844,0.0,0.1406359901870591,0.0,0.0,62.10168970949099,train
0.4910678828200969,0.368296126992844,0.0,0.1406359901870591,0.0,0.0,56.754369114659,train
0.4910678828200969,0.368296126992844,0.0,0.1406359901870591,0.0,0.0,60.28680943656121,train
0.4910678828200969,0.368296126992844,0.0,0.1406359901870591,0.0,0.0,62.34125807671503,train
0.4910678828200969,0.368296126992844,0.0,0.1406359901870591,0.0,0.0,60.404343934255486,train
0.4910678828200969,0.368296126992844,0.0,0.1406359901870591,0.0,0.0,64.50001295749298,train
0.4910678828200969,0.368296126992844,0.0,0.1406359901870591,0.0,0.0,60.29054906133003,train
0.4910678828200969,0.368296126992844,0.0,0.1406359901870591,0.0,0.0,60.68809727913973,train
0.4910678828200969,0.368296126992844,0.0,0.1406359901870591,0.0,0.0,62.741233308038034,train
0.4910678828200969,0.368296126992844,0.0,0.1406359901870591,0.0,0.0,57.98454627819575,train
0.4910678828200969,0.368296126992844,0.0,0.1406359901870591,0.0,0.0,57.83685337462836,train
0.4910678828200969,0.368296126992844,0.0,0.1406359901870591,0.0,0.0,59.746756838361264,train
0.4910678828200969,0.368296126992844,0.0,0.1406359901870591,0.0,0.0,62.424135757942366,train
0.4910678828200969,0.368296126992844,0.0,0.1406359901870591,0.0,0.0,59.83856605417308,train
0.4910678828200969,0.368296126992844,0.0,0.1406359901870591,0.0,0.0,58.95411857433955,train
0.4910678828200969,0.368296126992844,0.0,0.1406359901870591,0.0,0.0,60.37287599289942,train
0.4910678828200969,0.368296126992844,0.0,0.1406359901870591,0.0,0.0,60.13073936813974,train
0.4910678828200969,0.368296126992844,0.0,0.1406359901870591,0.0,0.0,57.15447078762506,train
0.4910678828200969,0.368296126992844,0.0,0.1406359901870591,0.0,0.0,60.36604821201369,train
0.4910678828200969,0.368296126992844,0.0,0.1406359901870591,0.0,0.0,61.70766896008332,train
0.4910678828200969,0.368296126992844,0.0,0.1406359901870591,0.0,0.0,59.63625712911271,train
0.4910678828200969,0.368296126992844,0.0,0.1406359901870591,0.0,0.0,60.89219460044737,train
0.4910678828200969,0.368296126992844,0.0,0.1406359901870591,0.0,0.0,61.56158240101618,train
0.4910678828200969,0.368296126992844,0.0,0.1406359901870591,0.0,0.0,55.97063305949852,train
0.4910678828200969,0.368296126992844,0.0,0.1406359901870591,0.0,0.0,57.20414695090868,train
0.4910678828200969,0.368296126992844,0.0,0.1406359901870591,0.0,0.0,62.397162205824024,train
0.4910678828200969,0.368296126992844,0.0,0.1406359901870591,0.0,0.0,63.08742842096203,train
0.5612664153634275,0.2932010982387127,0.0704130155260431,0.0,0.0751194708718163,0.0,13.528532627726953,train
0.5612664153634275,0.2932010982387127,0.0704130155260431,0.0,0.0751194708718163,0.0,14.226382649266798,train
0.5612664153634275,0.2932010982387127,0.0704130155260431,0.0,0.0751194708718163,0.0,15.727034526050797,train
0.5612664153634275,0.2932010982387127,0.0704130155260431,0.0,0.0751194708718163,0.0,15.945683071504714,train
0.5612664153634275,0.2932010982387127,0.0704130155260431,0.0,0.0751194708718163,0.0,12.983016829683063,train
0.5612664153634275,0.2932010982387127,0.0704130155260431,0.0,0.0751194708718163,0.0,13.309869455748219,train
0.5612664153634275,0.2932010982387127,0.0704130155260431,0.0,0.0751194708718163,0.0,14.39512762863037,train
0.5612664153634275,0.2932010982387127,0.0704130155260431,0.0,0.0751194708718163,0.0,14.802863756270776,train
0.5612664153634275,0.2932010982387127,0.0704130155260431,0.0,0.0751194708718163,0.0,13.12066653387829,train
0.5612664153634275,0.2932010982387127,0.0704130155260431,0.0,0.0751194708718163,0.0,14.088685626137586,train
0.5612664153634275,0.2932010982387127,0.0704130155260431,0.0,0.0751194708718163,0.0,14.552700430927505,train
0.5612664153634275,0.2932010982387127,0.0704130155260431,0.0,0.0751194708718163,0.0,14.971603230955806,train
0.5612664153634275,0.2932010982387127,0.0704130155260431,0.0,0.0751194708718163,0.0,16.150284215446266,train
0.5612664153634275,0.2932010982387127,0.0704130155260431,0.0,0.0751194708718163,0.0,13.650628533048174,train
0.5612664153634275,0.2932010982387127,0.0704130155260431,0.0,0.0751194708718163,0.0,14.285784216613987,train
0.5612664153634275,0.2932010982387127,0.0704130155260431,0.0,0.0751194708718163,0.0,15.75802950573606,train
0.5612664153634275,0.2932010982387127,0.0704130155260431,0.0,0.0751194708718163,0.0,13.839336698405154,train
0.5612664153634275,0.2932010982387127,0.0704130155260431,0.0,0.0751194708718163,0.0,15.087476320955586,train
0.5612664153634275,0.2932010982387127,0.0704130155260431,0.0,0.0751194708718163,0.0,15.48710774468068,train
0.5612664153634275,0.2932010982387127,0.0704130155260431,0.0,0.0751194708718163,0.0,13.665507155023809,train
0.5612664153634275,0.2932010982387127,0.0704130155260431,0.0,0.0751194708718163,0.0,12.87884044349487,train
0.5612664153634275,0.2932010982387127,0.0704130155260431,0.0,0.0751194708718163,0.0,14.780820851241234,train
0.5612664153634275,0.2932010982387127,0.0704130155260431,0.0,0.0751194708718163,0.0,14.007037499510332,train
0.5612664153634275,0.2932010982387127,0.0704130155260431,0.0,0.0751194708718163,0.0,14.352857608021582,train
0.5612664153634275,0.2932010982387127,0.0704130155260431,0.0,0.0751194708718163,0.0,13.283807670434454,train
0.5612664153634275,0.2932010982387127,0.0704130155260431,0.0,0.0751194708718163,0.0,13.91074859531082,train
0.5612664153634275,0.2932010982387127,0.0704130155260431,0.0,0.0751194708718163,0.0,14.212274758680154,train
0.5612664153634275,0.2932010982387127,0.0704130155260431,0.0,0.0751194708718163,0.0,14.115366924407503,train
0.5612664153634275,0.2932010982387127,0.0704130155260431,0.0,0.0751194708718163,0.0,13.111393686495932,train
0.5612664153634275,0.2932010982387127,0.0704130155260431,0.0,0.0751194708718163,0.0,15.659953280250967,train
0.1326629891273065,0.3953751691915643,0.2049975765373193,0.17088059166273,0.09608367348108,0.0,73.43984167906996,train
0.1326629891273065,0.3953751691915643,0.2049975765373193,0.17088059166273,0.09608367348108,0.0,82.20017482140543,train
0.1326629891273065,0.3953751691915643,0.2049975765373193,0.17088059166273,0.09608367348108,0.0,62.19182663380824,train
0.1326629891273065,0.3953751691915643,0.2049975765373193,0.17088059166273,0.09608367348108,0.0,90.4625255388095,train
0.1326629891273065,0.3953751691915643,0.2049975765373193,0.17088059166273,0.09608367348108,0.0,63.22843459199694,train
0.1326629891273065,0.3953751691915643,0.2049975765373193,0.17088059166273,0.09608367348108,0.0,73.85642191779401,train
0.1326629891273065,0.3953751691915643,0.2049975765373193,0.17088059166273,0.09608367348108,0.0,76.81225442089294,train
0.1326629891273065,0.3953751691915643,0.2049975765373193,0.17088059166273,0.09608367348108,0.0,57.25608778448617,train
0.1326629891273065,0.3953751691915643,0.2049975765373193,0.17088059166273,0.09608367348108,0.0,65.83305337375847,train
0.1326629891273065,0.3953751691915643,0.2049975765373193,0.17088059166273,0.09608367348108,0.0,76.66809019615201,train
0.1326629891273065,0.3953751691915643,0.2049975765373193,0.17088059166273,0.09608367348108,0.0,89.8620391989671,train
0.1326629891273065,0.3953751691915643,0.2049975765373193,0.17088059166273,0.09608367348108,0.0,68.0529048396095,train
0.1326629891273065,0.3953751691915643,0.2049975765373193,0.17088059166273,0.09608367348108,0.0,55.90133588510447,train
0.1326629891273065,0.3953751691915643,0.2049975765373193,0.17088059166273,0.09608367348108,0.0,74.93215338508728,train
0.1326629891273065,0.3953751691915643,0.2049975765373193,0.17088059166273,0.09608367348108,0.0,59.45924557124745,train
0.1326629891273065,0.3953751691915643,0.2049975765373193,0.17088059166273,0.09608367348108,0.0,58.37109686431263,train
0.1326629891273065,0.3953751691915643,0.2049975765373193,0.17088059166273,0.09608367348108,0.0,71.8066826151052,train
0.1326629891273065,0.3953751691915643,0.2049975765373193,0.17088059166273,0.09608367348108,0.0,52.54841116967064,train
0.1326629891273065,0.3953751691915643,0.2049975765373193,0.17088059166273,0.09608367348108,0.0,65.68547480658951,train
0.1326629891273065,0.3953751691915643,0.2049975765373193,0.17088059166273,0.09608367348108,0.0,48.599624211948424,train
0.1326629891273065,0.3953751691915643,0.2049975765373193,0.17088059166273,0.09608367348108,0.0,86.67525970800372,train
0.1326629891273065,0.3953751691915643,0.2049975765373193,0.17088059166273,0.09608367348108,0.0,59.644684984808244,train
0.1326629891273065,0.3953751691915643,0.2049975765373193,0.17088059166273,0.09608367348108,0.0,101.22055721101816,train
0.1326629891273065,0.3953751691915643,0.2049975765373193,0.17088059166273,0.09608367348108,0.0,80.85460430632389,train
0.1326629891273065,0.3953751691915643,0.2049975765373193,0.17088059166273,0.09608367348108,0.0,62.531247060855996,train
0.1326629891273065,0.3953751691915643,0.2049975765373193,0.17088059166273,0.09608367348108,0.0,47.88408694209642,train
0.1326629891273065,0.3953751691915643,0.2049975765373193,0.17088059166273,0.09608367348108,0.0,66.68795347702437,train
0.1326629891273065,0.3953751691915643,0.2049975765373193,0.17088059166273,0.09608367348108,0.0,69.16242556495537,train
0.1326629891273065,0.3953751691915643,0.2049975765373193,0.17088059166273,0.09608367348108,0.0,76.91543278334116,train
0.1326629891273065,0.3953751691915643,0.2049975765373193,0.17088059166273,0.09608367348108,0.0,56.39279914960399,train
0.2266879595062238,0.50214097356411,0.1753172477562139,0.0958538191734521,0.0,0.0,52.546683784066055,train
0.2266879595062238,0.50214097356411,0.1753172477562139,0.0958538191734521,0.0,0.0,48.39949991129526,train
0.2266879595062238,0.50214097356411,0.1753172477562139,0.0958538191734521,0.0,0.0,50.34400395289433,train
0.2266879595062238,0.50214097356411,0.1753172477562139,0.0958538191734521,0.0,0.0,54.29560128080115,train
0.2266879595062238,0.50214097356411,0.1753172477562139,0.0958538191734521,0.0,0.0,59.815696174855745,train
0.2266879595062238,0.50214097356411,0.1753172477562139,0.0958538191734521,0.0,0.0,60.66691668855091,train
0.2266879595062238,0.50214097356411,0.1753172477562139,0.0958538191734521,0.0,0.0,60.05287691959791,train
0.2266879595062238,0.50214097356411,0.1753172477562139,0.0958538191734521,0.0,0.0,53.70300465429889,train
0.2266879595062238,0.50214097356411,0.1753172477562139,0.0958538191734521,0.0,0.0,48.64051179050802,train
0.2266879595062238,0.50214097356411,0.1753172477562139,0.0958538191734521,0.0,0.0,60.95165059830556,train
0.2266879595062238,0.50214097356411,0.1753172477562139,0.0958538191734521,0.0,0.0,55.95960966695365,train
0.2266879595062238,0.50214097356411,0.1753172477562139,0.0958538191734521,0.0,0.0,58.329796936744565,train
0.2266879595062238,0.50214097356411,0.1753172477562139,0.0958538191734521,0.0,0.0,50.896404954793056,train
0.2266879595062238,0.50214097356411,0.1753172477562139,0.0958538191734521,0.0,0.0,49.93120814563372,train
0.2266879595062238,0.50214097356411,0.1753172477562139,0.0958538191734521,0.0,0.0,62.62988439648826,train
0.2266879595062238,0.50214097356411,0.1753172477562139,0.0958538191734521,0.0,0.0,58.999067810765055,train
0.2266879595062238,0.50214097356411,0.1753172477562139,0.0958538191734521,0.0,0.0,53.594946986698396,train
0.2266879595062238,0.50214097356411,0.1753172477562139,0.0958538191734521,0.0,0.0,53.45009920650864,train
0.2266879595062238,0.50214097356411,0.1753172477562139,0.0958538191734521,0.0,0.0,57.76294429430231,train
0.2266879595062238,0.50214097356411,0.1753172477562139,0.0958538191734521,0.0,0.0,51.034873317649705,train
0.2266879595062238,0.50214097356411,0.1753172477562139,0.0958538191734521,0.0,0.0,53.192111805916625,train
0.2266879595062238,0.50214097356411,0.1753172477562139,0.0958538191734521,0.0,0.0,51.71370472749609,train
0.2266879595062238,0.50214097356411,0.1753172477562139,0.0958538191734521,0.0,0.0,63.07703226992961,train
0.2266879595062238,0.50214097356411,0.1753172477562139,0.0958538191734521,0.0,0.0,55.50142552967485,train
0.2266879595062238,0.50214097356411,0.1753172477562139,0.0958538191734521,0.0,0.0,57.588042415260034,train
0.2266879595062238,0.50214097356411,0.1753172477562139,0.0958538191734521,0.0,0.0,57.66247195495234,train
0.2266879595062238,0.50214097356411,0.1753172477562139,0.0958538191734521,0.0,0.0,60.58364093307176,train
0.2266879595062238,0.50214097356411,0.1753172477562139,0.0958538191734521,0.0,0.0,60.94391363815045,train
0.2266879595062238,0.50214097356411,0.1753172477562139,0.0958538191734521,0.0,0.0,52.875814838072394,train
0.2266879595062238,0.50214097356411,0.1753172477562139,0.0958538191734521,0.0,0.0,60.471007069382594,train
0.5156267545493285,0.2998039317620829,0.0974082244367624,0.0871610892518262,0.0,0.0,19.903187873381313,train
0.5156267545493285,0.2998039317620829,0.0974082244367624,0.0871610892518262,0.0,0.0,20.615042792600153,train
0.5156267545493285,0.2998039317620829,0.0974082244367624,0.0871610892518262,0.0,0.0,19.757961426904156,train
0.5156267545493285,0.2998039317620829,0.0974082244367624,0.0871610892518262,0.0,0.0,22.20383938930592,train
0.5156267545493285,0.2998039317620829,0.0974082244367624,0.0871610892518262,0.0,0.0,24.38630599310671,train
0.5156267545493285,0.2998039317620829,0.0974082244367624,0.0871610892518262,0.0,0.0,21.088694825640825,train
0.5156267545493285,0.2998039317620829,0.0974082244367624,0.0871610892518262,0.0,0.0,20.28584440006285,train
0.5156267545493285,0.2998039317620829,0.0974082244367624,0.0871610892518262,0.0,0.0,18.259547620541195,train
0.5156267545493285,0.2998039317620829,0.0974082244367624,0.0871610892518262,0.0,0.0,19.155404022715913,train
0.5156267545493285,0.2998039317620829,0.0974082244367624,0.0871610892518262,0.0,0.0,22.774970054518104,train
0.5156267545493285,0.2998039317620829,0.0974082244367624,0.0871610892518262,0.0,0.0,20.472514679385213,train
0.5156267545493285,0.2998039317620829,0.0974082244367624,0.0871610892518262,0.0,0.0,21.47590211513645,train
0.5156267545493285,0.2998039317620829,0.0974082244367624,0.0871610892518262,0.0,0.0,20.37117506141802,train
0.5156267545493285,0.2998039317620829,0.0974082244367624,0.0871610892518262,0.0,0.0,19.081146062116417,train
0.5156267545493285,0.2998039317620829,0.0974082244367624,0.0871610892518262,0.0,0.0,21.52803265940382,train
0.5156267545493285,0.2998039317620829,0.0974082244367624,0.0871610892518262,0.0,0.0,19.69638409165311,train
0.5156267545493285,0.2998039317620829,0.0974082244367624,0.0871610892518262,0.0,0.0,20.114523783200962,train
0.5156267545493285,0.2998039317620829,0.0974082244367624,0.0871610892518262,0.0,0.0,17.666856563763428,train
0.5156267545493285,0.2998039317620829,0.0974082244367624,0.0871610892518262,0.0,0.0,20.99650244550599,train
0.5156267545493285,0.2998039317620829,0.0974082244367624,0.0871610892518262,0.0,0.0,19.323373881050777,train
0.5156267545493285,0.2998039317620829,0.0974082244367624,0.0871610892518262,0.0,0.0,23.423998372179184,train
0.5156267545493285,0.2998039317620829,0.0974082244367624,0.0871610892518262,0.0,0.0,17.740250810756457,train
0.5156267545493285,0.2998039317620829,0.0974082244367624,0.0871610892518262,0.0,0.0,19.447714225551714,train
0.5156267545493285,0.2998039317620829,0.0974082244367624,0.0871610892518262,0.0,0.0,21.17689652682111,train
0.5156267545493285,0.2998039317620829,0.0974082244367624,0.0871610892518262,0.0,0.0,17.147577563985262,train
0.5156267545493285,0.2998039317620829,0.0974082244367624,0.0871610892518262,0.0,0.0,20.8776093058593,train
0.5156267545493285,0.2998039317620829,0.0974082244367624,0.0871610892518262,0.0,0.0,18.29073649573716,train
0.5156267545493285,0.2998039317620829,0.0974082244367624,0.0871610892518262,0.0,0.0,20.750014191827642,train
0.5156267545493285,0.2998039317620829,0.0974082244367624,0.0871610892518262,0.0,0.0,20.75819234977503,train
0.5156267545493285,0.2998039317620829,0.0974082244367624,0.0871610892518262,0.0,0.0,21.61002383664622,train
0.2871380480524351,0.192074421880364,0.0,0.2993727645967755,0.2214147654704252,0.0,44.1742515070641,train
0.2871380480524351,0.192074421880364,0.0,0.2993727645967755,0.2214147654704252,0.0,40.865009439477106,train
0.2871380480524351,0.192074421880364,0.0,0.2993727645967755,0.2214147654704252,0.0,41.1821020676796,train
0.2871380480524351,0.192074421880364,0.0,0.2993727645967755,0.2214147654704252,0.0,43.68538285517991,train
0.2871380480524351,0.192074421880364,0.0,0.2993727645967755,0.2214147654704252,0.0,44.703057483769626,train
0.2871380480524351,0.192074421880364,0.0,0.2993727645967755,0.2214147654704252,0.0,38.368939882310286,train
0.2871380480524351,0.192074421880364,0.0,0.2993727645967755,0.2214147654704252,0.0,39.53674275047021,train
0.2871380480524351,0.192074421880364,0.0,0.2993727645967755,0.2214147654704252,0.0,39.28595670085823,train
0.2871380480524351,0.192074421880364,0.0,0.2993727645967755,0.2214147654704252,0.0,41.119676014169094,train
0.2871380480524351,0.192074421880364,0.0,0.2993727645967755,0.2214147654704252,0.0,37.986076763942336,train
0.2871380480524351,0.192074421880364,0.0,0.2993727645967755,0.2214147654704252,0.0,35.35900064279038,train
0.2871380480524351,0.192074421880364,0.0,0.2993727645967755,0.2214147654704252,0.0,40.86368937187013,train
0.2871380480524351,0.192074421880364,0.0,0.2993727645967755,0.2214147654704252,0.0,37.61362066435573,train
0.2871380480524351,0.192074421880364,0.0,0.2993727645967755,0.2214147654704252,0.0,45.264048218317164,train
0.2871380480524351,0.192074421880364,0.0,0.2993727645967755,0.2214147654704252,0.0,41.86497869459667,train
0.2871380480524351,0.192074421880364,0.0,0.2993727645967755,0.2214147654704252,0.0,40.8085669013716,train
0.2871380480524351,0.192074421880364,0.0,0.2993727645967755,0.2214147654704252,0.0,39.681837146590134,train
0.2871380480524351,0.192074421880364,0.0,0.2993727645967755,0.2214147654704252,0.0,42.377543420312534,train
0.2871380480524351,0.192074421880364,0.0,0.2993727645967755,0.2214147654704252,0.0,46.035875226540256,train
0.2871380480524351,0.192074421880364,0.0,0.2993727645967755,0.2214147654704252,0.0,43.85914251353109,train
0.2871380480524351,0.192074421880364,0.0,0.2993727645967755,0.2214147654704252,0.0,45.45834067062229,train
0.2871380480524351,0.192074421880364,0.0,0.2993727645967755,0.2214147654704252,0.0,37.11922473904387,train
0.2871380480524351,0.192074421880364,0.0,0.2993727645967755,0.2214147654704252,0.0,38.43844687956172,train
0.2871380480524351,0.192074421880364,0.0,0.2993727645967755,0.2214147654704252,0.0,40.590248765589756,train
0.2871380480524351,0.192074421880364,0.0,0.2993727645967755,0.2214147654704252,0.0,37.20149446386394,train
0.2871380480524351,0.192074421880364,0.0,0.2993727645967755,0.2214147654704252,0.0,45.535664046637706,train
0.2871380480524351,0.192074421880364,0.0,0.2993727645967755,0.2214147654704252,0.0,44.849598788846535,train
0.2871380480524351,0.192074421880364,0.0,0.2993727645967755,0.2214147654704252,0.0,39.01690470165017,train
0.2871380480524351,0.192074421880364,0.0,0.2993727645967755,0.2214147654704252,0.0,37.24256467544874,train
0.2871380480524351,0.192074421880364,0.0,0.2993727645967755,0.2214147654704252,0.0,39.94347522779816,train
0.4175129487435258,0.3986614659407441,0.0959258092610319,0.0,0.0878997760546981,0.0,13.573073941945545,train
0.4175129487435258,0.3986614659407441,0.0959258092610319,0.0,0.0878997760546981,0.0,12.436175155470044,train
0.4175129487435258,0.3986614659407441,0.0959258092610319,0.0,0.0878997760546981,0.0,10.933259557632445,train
0.4175129487435258,0.3986614659407441,0.0959258092610319,0.0,0.0878997760546981,0.0,12.29739052106759,train
0.4175129487435258,0.3986614659407441,0.0959258092610319,0.0,0.0878997760546981,0.0,12.252303011190998,train
0.4175129487435258,0.3986614659407441,0.0959258092610319,0.0,0.0878997760546981,0.0,12.027315929101192,train
0.4175129487435258,0.3986614659407441,0.0959258092610319,0.0,0.0878997760546981,0.0,11.205471010860455,train
0.4175129487435258,0.3986614659407441,0.0959258092610319,0.0,0.0878997760546981,0.0,11.295179160617716,train
0.4175129487435258,0.3986614659407441,0.0959258092610319,0.0,0.0878997760546981,0.0,13.362136877651572,train
0.4175129487435258,0.3986614659407441,0.0959258092610319,0.0,0.0878997760546981,0.0,11.333886465739413,train
0.4175129487435258,0.3986614659407441,0.0959258092610319,0.0,0.0878997760546981,0.0,12.35511304702367,train
0.4175129487435258,0.3986614659407441,0.0959258092610319,0.0,0.0878997760546981,0.0,12.172799398157268,train
0.4175129487435258,0.3986614659407441,0.0959258092610319,0.0,0.0878997760546981,0.0,10.872686518462826,train
0.4175129487435258,0.3986614659407441,0.0959258092610319,0.0,0.0878997760546981,0.0,12.453486290478796,train
0.4175129487435258,0.3986614659407441,0.0959258092610319,0.0,0.0878997760546981,0.0,11.58294774123907,train
0.4175129487435258,0.3986614659407441,0.0959258092610319,0.0,0.0878997760546981,0.0,13.070152528611793,train
0.4175129487435258,0.3986614659407441,0.0959258092610319,0.0,0.0878997760546981,0.0,11.242160271332558,train
0.4175129487435258,0.3986614659407441,0.0959258092610319,0.0,0.0878997760546981,0.0,12.003522791804656,train
0.4175129487435258,0.3986614659407441,0.0959258092610319,0.0,0.0878997760546981,0.0,11.613451028556202,train
0.4175129487435258,0.3986614659407441,0.0959258092610319,0.0,0.0878997760546981,0.0,12.495368427337546,train
0.4175129487435258,0.3986614659407441,0.0959258092610319,0.0,0.0878997760546981,0.0,12.177760258097965,train
0.4175129487435258,0.3986614659407441,0.0959258092610319,0.0,0.0878997760546981,0.0,11.2341803815277,train
0.4175129487435258,0.3986614659407441,0.0959258092610319,0.0,0.0878997760546981,0.0,12.802555665609624,train
0.4175129487435258,0.3986614659407441,0.0959258092610319,0.0,0.0878997760546981,0.0,11.952367849193738,train
0.4175129487435258,0.3986614659407441,0.0959258092610319,0.0,0.0878997760546981,0.0,11.824343841175239,train
0.4175129487435258,0.3986614659407441,0.0959258092610319,0.0,0.0878997760546981,0.0,10.917045817962652,train
0.4175129487435258,0.3986614659407441,0.0959258092610319,0.0,0.0878997760546981,0.0,11.995790862896305,train
0.4175129487435258,0.3986614659407441,0.0959258092610319,0.0,0.0878997760546981,0.0,10.59545655722328,train
0.4175129487435258,0.3986614659407441,0.0959258092610319,0.0,0.0878997760546981,0.0,11.299738104528,train
0.4175129487435258,0.3986614659407441,0.0959258092610319,0.0,0.0878997760546981,0.0,11.883344446537219,train
0.5408646164606482,0.294425191956869,0.085301671347515,0.0,0.0794085202349678,0.0,18.92924767354973,train
0.5408646164606482,0.294425191956869,0.085301671347515,0.0,0.0794085202349678,0.0,16.20109961480524,train
0.5408646164606482,0.294425191956869,0.085301671347515,0.0,0.0794085202349678,0.0,15.184352375082145,train
0.5408646164606482,0.294425191956869,0.085301671347515,0.0,0.0794085202349678,0.0,16.420866922449285,train
0.5408646164606482,0.294425191956869,0.085301671347515,0.0,0.0794085202349678,0.0,18.155951485386375,train
0.5408646164606482,0.294425191956869,0.085301671347515,0.0,0.0794085202349678,0.0,15.431592368359313,train
0.5408646164606482,0.294425191956869,0.085301671347515,0.0,0.0794085202349678,0.0,16.76266194586886,train
0.5408646164606482,0.294425191956869,0.085301671347515,0.0,0.0794085202349678,0.0,17.985017459392335,train
0.5408646164606482,0.294425191956869,0.085301671347515,0.0,0.0794085202349678,0.0,18.077373049299716,train
0.5408646164606482,0.294425191956869,0.085301671347515,0.0,0.0794085202349678,0.0,17.773660490106234,train
0.5408646164606482,0.294425191956869,0.085301671347515,0.0,0.0794085202349678,0.0,15.563107130831701,train
0.5408646164606482,0.294425191956869,0.085301671347515,0.0,0.0794085202349678,0.0,18.428720286549126,train
0.5408646164606482,0.294425191956869,0.085301671347515,0.0,0.0794085202349678,0.0,14.502072032417358,train
0.5408646164606482,0.294425191956869,0.085301671347515,0.0,0.0794085202349678,0.0,17.206128573179196,train
0.5408646164606482,0.294425191956869,0.085301671347515,0.0,0.0794085202349678,0.0,18.20910983471372,train
0.5408646164606482,0.294425191956869,0.085301671347515,0.0,0.0794085202349678,0.0,19.308997672999812,train
0.5408646164606482,0.294425191956869,0.085301671347515,0.0,0.0794085202349678,0.0,18.41983376464602,train
0.5408646164606482,0.294425191956869,0.085301671347515,0.0,0.0794085202349678,0.0,17.314619840793245,train
0.5408646164606482,0.294425191956869,0.085301671347515,0.0,0.0794085202349678,0.0,16.073079338961325,train
0.5408646164606482,0.294425191956869,0.085301671347515,0.0,0.0794085202349678,0.0,16.603491552865485,train
0.5408646164606482,0.294425191956869,0.085301671347515,0.0,0.0794085202349678,0.0,16.417244429453568,train
0.5408646164606482,0.294425191956869,0.085301671347515,0.0,0.0794085202349678,0.0,18.851047632198142,train
0.5408646164606482,0.294425191956869,0.085301671347515,0.0,0.0794085202349678,0.0,16.292442454908237,train
0.5408646164606482,0.294425191956869,0.085301671347515,0.0,0.0794085202349678,0.0,16.771718933741184,train
0.5408646164606482,0.294425191956869,0.085301671347515,0.0,0.0794085202349678,0.0,17.60850418373075,train
0.5408646164606482,0.294425191956869,0.085301671347515,0.0,0.0794085202349678,0.0,18.35810180663739,train
0.5408646164606482,0.294425191956869,0.085301671347515,0.0,0.0794085202349678,0.0,18.08409264701019,train
0.5408646164606482,0.294425191956869,0.085301671347515,0.0,0.0794085202349678,0.0,19.2299928919146,train
0.5408646164606482,0.294425191956869,0.085301671347515,0.0,0.0794085202349678,0.0,17.98672143908036,train
0.5408646164606482,0.294425191956869,0.085301671347515,0.0,0.0794085202349678,0.0,16.513360903250515,train
0.5080259931748321,0.3026422519273172,0.1020930928430099,0.0872386620548406,0.0,0.0,22.254167197810514,train
0.5080259931748321,0.3026422519273172,0.1020930928430099,0.0872386620548406,0.0,0.0,11.336249388523639,train
0.5080259931748321,0.3026422519273172,0.1020930928430099,0.0872386620548406,0.0,0.0,17.88220162410052,train
0.5080259931748321,0.3026422519273172,0.1020930928430099,0.0872386620548406,0.0,0.0,22.700352264429032,train
0.5080259931748321,0.3026422519273172,0.1020930928430099,0.0872386620548406,0.0,0.0,27.79778547858964,train
0.5080259931748321,0.3026422519273172,0.1020930928430099,0.0872386620548406,0.0,0.0,14.171532862855496,train
0.5080259931748321,0.3026422519273172,0.1020930928430099,0.0872386620548406,0.0,0.0,20.469079687718605,train
0.5080259931748321,0.3026422519273172,0.1020930928430099,0.0872386620548406,0.0,0.0,12.824745163026517,train
0.5080259931748321,0.3026422519273172,0.1020930928430099,0.0872386620548406,0.0,0.0,12.954506834775028,train
0.5080259931748321,0.3026422519273172,0.1020930928430099,0.0872386620548406,0.0,0.0,14.324260651517417,train
0.5080259931748321,0.3026422519273172,0.1020930928430099,0.0872386620548406,0.0,0.0,10.136062769164221,train
0.5080259931748321,0.3026422519273172,0.1020930928430099,0.0872386620548406,0.0,0.0,26.68722235021933,train
0.5080259931748321,0.3026422519273172,0.1020930928430099,0.0872386620548406,0.0,0.0,27.152649884278677,train
0.5080259931748321,0.3026422519273172,0.1020930928430099,0.0872386620548406,0.0,0.0,13.948176458437484,train
0.5080259931748321,0.3026422519273172,0.1020930928430099,0.0872386620548406,0.0,0.0,19.879262328120088,train
0.5080259931748321,0.3026422519273172,0.1020930928430099,0.0872386620548406,0.0,0.0,15.235277849634913,train
0.5080259931748321,0.3026422519273172,0.1020930928430099,0.0872386620548406,0.0,0.0,21.259842900455133,train
0.5080259931748321,0.3026422519273172,0.1020930928430099,0.0872386620548406,0.0,0.0,26.275074487839305,train
0.5080259931748321,0.3026422519273172,0.1020930928430099,0.0872386620548406,0.0,0.0,24.588747983017317,train
0.5080259931748321,0.3026422519273172,0.1020930928430099,0.0872386620548406,0.0,0.0,7.98576644572735,train
0.5080259931748321,0.3026422519273172,0.1020930928430099,0.0872386620548406,0.0,0.0,15.078596731912008,train
0.5080259931748321,0.3026422519273172,0.1020930928430099,0.0872386620548406,0.0,0.0,16.61180333419398,train
0.5080259931748321,0.3026422519273172,0.1020930928430099,0.0872386620548406,0.0,0.0,14.997653607461725,train
0.5080259931748321,0.3026422519273172,0.1020930928430099,0.0872386620548406,0.0,0.0,19.008963692581908,train
0.5080259931748321,0.3026422519273172,0.1020930928430099,0.0872386620548406,0.0,0.0,18.702497755219245,train
0.5080259931748321,0.3026422519273172,0.1020930928430099,0.0872386620548406,0.0,0.0,19.351461546764448,train
0.5080259931748321,0.3026422519273172,0.1020930928430099,0.0872386620548406,0.0,0.0,12.179651813819047,train
0.5080259931748321,0.3026422519273172,0.1020930928430099,0.0872386620548406,0.0,0.0,17.15577695778425,train
0.5080259931748321,0.3026422519273172,0.1020930928430099,0.0872386620548406,0.0,0.0,13.097096704903215,train
0.5080259931748321,0.3026422519273172,0.1020930928430099,0.0872386620548406,0.0,0.0,16.94541296956472,train
0.0835772967148137,0.4195096527875123,0.202057375761216,0.2137416387847204,0.0811140359517373,0.0,66.00541949851365,train
0.0835772967148137,0.4195096527875123,0.202057375761216,0.2137416387847204,0.0811140359517373,0.0,65.90898684658482,train
0.0835772967148137,0.4195096527875123,0.202057375761216,0.2137416387847204,0.0811140359517373,0.0,67.65656096107645,train
0.0835772967148137,0.4195096527875123,0.202057375761216,0.2137416387847204,0.0811140359517373,0.0,66.53158116258723,train
0.0835772967148137,0.4195096527875123,0.202057375761216,0.2137416387847204,0.0811140359517373,0.0,62.55833637038714,train
0.0835772967148137,0.4195096527875123,0.202057375761216,0.2137416387847204,0.0811140359517373,0.0,71.32405292224334,train
0.0835772967148137,0.4195096527875123,0.202057375761216,0.2137416387847204,0.0811140359517373,0.0,67.94964702550031,train
0.0835772967148137,0.4195096527875123,0.202057375761216,0.2137416387847204,0.0811140359517373,0.0,67.51033530180831,train
0.0835772967148137,0.4195096527875123,0.202057375761216,0.2137416387847204,0.0811140359517373,0.0,66.07180715573365,train
0.0835772967148137,0.4195096527875123,0.202057375761216,0.2137416387847204,0.0811140359517373,0.0,72.28718383938933,train
0.0835772967148137,0.4195096527875123,0.202057375761216,0.2137416387847204,0.0811140359517373,0.0,68.70637708656615,train
0.0835772967148137,0.4195096527875123,0.202057375761216,0.2137416387847204,0.0811140359517373,0.0,64.53693606674464,train
0.0835772967148137,0.4195096527875123,0.202057375761216,0.2137416387847204,0.0811140359517373,0.0,66.09279676186509,train
0.0835772967148137,0.4195096527875123,0.202057375761216,0.2137416387847204,0.0811140359517373,0.0,67.70952047278743,train
0.0835772967148137,0.4195096527875123,0.202057375761216,0.2137416387847204,0.0811140359517373,0.0,65.75408013964464,train
0.0835772967148137,0.4195096527875123,0.202057375761216,0.2137416387847204,0.0811140359517373,0.0,64.92826815140451,train
0.0835772967148137,0.4195096527875123,0.202057375761216,0.2137416387847204,0.0811140359517373,0.0,67.1064993353797,train
0.0835772967148137,0.4195096527875123,0.202057375761216,0.2137416387847204,0.0811140359517373,0.0,64.34068940661068,train
0.0835772967148137,0.4195096527875123,0.202057375761216,0.2137416387847204,0.0811140359517373,0.0,63.01358365164382,train
0.0835772967148137,0.4195096527875123,0.202057375761216,0.2137416387847204,0.0811140359517373,0.0,68.1791473330853,train
0.0835772967148137,0.4195096527875123,0.202057375761216,0.2137416387847204,0.0811140359517373,0.0,67.33210290341131,train
0.0835772967148137,0.4195096527875123,0.202057375761216,0.2137416387847204,0.0811140359517373,0.0,64.60190864785756,train
0.0835772967148137,0.4195096527875123,0.202057375761216,0.2137416387847204,0.0811140359517373,0.0,66.88450189317368,train
0.0835772967148137,0.4195096527875123,0.202057375761216,0.2137416387847204,0.0811140359517373,0.0,71.68108165197597,train
0.0835772967148137,0.4195096527875123,0.202057375761216,0.2137416387847204,0.0811140359517373,0.0,65.30933130529787,train
0.0835772967148137,0.4195096527875123,0.202057375761216,0.2137416387847204,0.0811140359517373,0.0,66.1979191395637,train
0.0835772967148137,0.4195096527875123,0.202057375761216,0.2137416387847204,0.0811140359517373,0.0,66.24701782082695,train
0.0835772967148137,0.4195096527875123,0.202057375761216,0.2137416387847204,0.0811140359517373,0.0,67.28750049073462,train
0.0835772967148137,0.4195096527875123,0.202057375761216,0.2137416387847204,0.0811140359517373,0.0,65.92448373780303,train
0.0835772967148137,0.4195096527875123,0.202057375761216,0.2137416387847204,0.0811140359517373,0.0,65.71454241886431,train
0.0909284179783143,0.495840373158557,0.2084804128839522,0.2047507959791764,0.0,0.0,79.99584742016721,train
0.0909284179783143,0.495840373158557,0.2084804128839522,0.2047507959791764,0.0,0.0,79.08750701419571,train
0.0909284179783143,0.495840373158557,0.2084804128839522,0.2047507959791764,0.0,0.0,75.1914720067987,train
0.0909284179783143,0.495840373158557,0.2084804128839522,0.2047507959791764,0.0,0.0,80.8780704659399,train
0.0909284179783143,0.495840373158557,0.2084804128839522,0.2047507959791764,0.0,0.0,73.01958366015879,train
0.0909284179783143,0.495840373158557,0.2084804128839522,0.2047507959791764,0.0,0.0,74.67181781933044,train
0.0909284179783143,0.495840373158557,0.2084804128839522,0.2047507959791764,0.0,0.0,75.24742035121638,train
0.0909284179783143,0.495840373158557,0.2084804128839522,0.2047507959791764,0.0,0.0,69.99007360737242,train
0.0909284179783143,0.495840373158557,0.2084804128839522,0.2047507959791764,0.0,0.0,69.99082399679855,train
0.0909284179783143,0.495840373158557,0.2084804128839522,0.2047507959791764,0.0,0.0,66.37851051504731,train
0.0909284179783143,0.495840373158557,0.2084804128839522,0.2047507959791764,0.0,0.0,68.53270735055975,train
0.0909284179783143,0.495840373158557,0.2084804128839522,0.2047507959791764,0.0,0.0,73.17787151666634,train
0.0909284179783143,0.495840373158557,0.2084804128839522,0.2047507959791764,0.0,0.0,66.89574391079877,train
0.0909284179783143,0.495840373158557,0.2084804128839522,0.2047507959791764,0.0,0.0,85.00491338615036,train
0.0909284179783143,0.495840373158557,0.2084804128839522,0.2047507959791764,0.0,0.0,77.65810595991034,train
0.0909284179783143,0.495840373158557,0.2084804128839522,0.2047507959791764,0.0,0.0,74.08234889263154,train
0.0909284179783143,0.495840373158557,0.2084804128839522,0.2047507959791764,0.0,0.0,86.24575298812138,train
0.0909284179783143,0.495840373158557,0.2084804128839522,0.2047507959791764,0.0,0.0,65.70568984314289,train
0.0909284179783143,0.495840373158557,0.2084804128839522,0.2047507959791764,0.0,0.0,68.57498334270278,train
0.0909284179783143,0.495840373158557,0.2084804128839522,0.2047507959791764,0.0,0.0,66.85714047597261,train
0.0909284179783143,0.495840373158557,0.2084804128839522,0.2047507959791764,0.0,0.0,74.94551003299104,train
0.0909284179783143,0.495840373158557,0.2084804128839522,0.2047507959791764,0.0,0.0,87.43395654195162,train
0.0909284179783143,0.495840373158557,0.2084804128839522,0.2047507959791764,0.0,0.0,81.49903729914786,train
0.0909284179783143,0.495840373158557,0.2084804128839522,0.2047507959791764,0.0,0.0,71.8159783746499,train
0.0909284179783143,0.495840373158557,0.2084804128839522,0.2047507959791764,0.0,0.0,75.69419022062421,train
0.0909284179783143,0.495840373158557,0.2084804128839522,0.2047507959791764,0.0,0.0,74.36791793613189,train
0.0909284179783143,0.495840373158557,0.2084804128839522,0.2047507959791764,0.0,0.0,73.06618904982277,train
0.0909284179783143,0.495840373158557,0.2084804128839522,0.2047507959791764,0.0,0.0,82.60746443337055,train
0.0909284179783143,0.495840373158557,0.2084804128839522,0.2047507959791764,0.0,0.0,65.46864453284796,train
0.0909284179783143,0.495840373158557,0.2084804128839522,0.2047507959791764,0.0,0.0,92.14267998855875,train
0.2895698111353848,0.087110895244893,0.0,0.2247654199661169,0.3985538736536052,0.0,67.5914866220261,train
0.2895698111353848,0.087110895244893,0.0,0.2247654199661169,0.3985538736536052,0.0,69.7307335513188,train
0.2895698111353848,0.087110895244893,0.0,0.2247654199661169,0.3985538736536052,0.0,69.3957118560743,train
0.2895698111353848,0.087110895244893,0.0,0.2247654199661169,0.3985538736536052,0.0,68.27328797964975,train
0.2895698111353848,0.087110895244893,0.0,0.2247654199661169,0.3985538736536052,0.0,68.66632094321433,train
0.2895698111353848,0.087110895244893,0.0,0.2247654199661169,0.3985538736536052,0.0,69.76226271078524,train
0.2895698111353848,0.087110895244893,0.0,0.2247654199661169,0.3985538736536052,0.0,69.40561128614718,train
0.2895698111353848,0.087110895244893,0.0,0.2247654199661169,0.3985538736536052,0.0,70.14586033375201,train
0.2895698111353848,0.087110895244893,0.0,0.2247654199661169,0.3985538736536052,0.0,68.205553985643,train
0.2895698111353848,0.087110895244893,0.0,0.2247654199661169,0.3985538736536052,0.0,68.16606633806528,train
0.2895698111353848,0.087110895244893,0.0,0.2247654199661169,0.3985538736536052,0.0,72.41459572623782,train
0.2895698111353848,0.087110895244893,0.0,0.2247654199661169,0.3985538736536052,0.0,72.25245426917738,train
0.2895698111353848,0.087110895244893,0.0,0.2247654199661169,0.3985538736536052,0.0,73.17306098672309,train
0.2895698111353848,0.087110895244893,0.0,0.2247654199661169,0.3985538736536052,0.0,69.39017729757767,train
0.2895698111353848,0.087110895244893,0.0,0.2247654199661169,0.3985538736536052,0.0,70.05249685507155,train
0.2895698111353848,0.087110895244893,0.0,0.2247654199661169,0.3985538736536052,0.0,68.2069237508072,train
0.2895698111353848,0.087110895244893,0.0,0.2247654199661169,0.3985538736536052,0.0,67.89860780819043,train
0.2895698111353848,0.087110895244893,0.0,0.2247654199661169,0.3985538736536052,0.0,71.12681561933721,train
0.2895698111353848,0.087110895244893,0.0,0.2247654199661169,0.3985538736536052,0.0,68.14139457414238,train
0.2895698111353848,0.087110895244893,0.0,0.2247654199661169,0.3985538736536052,0.0,70.77128320303515,train
0.2895698111353848,0.087110895244893,0.0,0.2247654199661169,0.3985538736536052,0.0,67.71168955001912,train
0.2895698111353848,0.087110895244893,0.0,0.2247654199661169,0.3985538736536052,0.0,69.93978799581993,train
0.2895698111353848,0.087110895244893,0.0,0.2247654199661169,0.3985538736536052,0.0,71.49870025358636,train
0.2895698111353848,0.087110895244893,0.0,0.2247654199661169,0.3985538736536052,0.0,67.42197116203795,train
0.2895698111353848,0.087110895244893,0.0,0.2247654199661169,0.3985538736536052,0.0,69.2811602727274,train
0.2895698111353848,0.087110895244893,0.0,0.2247654199661169,0.3985538736536052,0.0,70.51708397955517,train
0.2895698111353848,0.087110895244893,0.0,0.2247654199661169,0.3985538736536052,0.0,68.07016566562012,train
0.2895698111353848,0.087110895244893,0.0,0.2247654199661169,0.3985538736536052,0.0,68.63130843197703,train
0.2895698111353848,0.087110895244893,0.0,0.2247654199661169,0.3985538736536052,0.0,68.69392446471736,train
0.2895698111353848,0.087110895244893,0.0,0.2247654199661169,0.3985538736536052,0.0,69.53948481599791,train
0.4710710104952066,0.3528100777574069,0.1761189117473862,0.0,0.0,0.0,3.7293380054841077,train
0.4710710104952066,0.3528100777574069,0.1761189117473862,0.0,0.0,0.0,3.9098597571130047,train
0.4710710104952066,0.3528100777574069,0.1761189117473862,0.0,0.0,0.0,4.141756411735988,train
0.4710710104952066,0.3528100777574069,0.1761189117473862,0.0,0.0,0.0,4.206172340041213,train
0.4710710104952066,0.3528100777574069,0.1761189117473862,0.0,0.0,0.0,3.44143979051391,train
0.4710710104952066,0.3528100777574069,0.1761189117473862,0.0,0.0,0.0,3.6472670074573696,train
0.4710710104952066,0.3528100777574069,0.1761189117473862,0.0,0.0,0.0,3.964889778792281,train
0.4710710104952066,0.3528100777574069,0.1761189117473862,0.0,0.0,0.0,3.7312079663063598,train
0.4710710104952066,0.3528100777574069,0.1761189117473862,0.0,0.0,0.0,3.8944931629071218,train
0.4710710104952066,0.3528100777574069,0.1761189117473862,0.0,0.0,0.0,3.502400736358761,train
0.4710710104952066,0.3528100777574069,0.1761189117473862,0.0,0.0,0.0,3.6048458176708404,train
0.4710710104952066,0.3528100777574069,0.1761189117473862,0.0,0.0,0.0,3.4230305779165957,train
0.4710710104952066,0.3528100777574069,0.1761189117473862,0.0,0.0,0.0,3.912842903312444,train
0.4710710104952066,0.3528100777574069,0.1761189117473862,0.0,0.0,0.0,4.1353774109603565,train
0.4710710104952066,0.3528100777574069,0.1761189117473862,0.0,0.0,0.0,4.304395622371325,train
0.4710710104952066,0.3528100777574069,0.1761189117473862,0.0,0.0,0.0,3.948308231300066,train
0.4710710104952066,0.3528100777574069,0.1761189117473862,0.0,0.0,0.0,3.9903164830833626,train
0.4710710104952066,0.3528100777574069,0.1761189117473862,0.0,0.0,0.0,3.9907750249597966,train
0.4710710104952066,0.3528100777574069,0.1761189117473862,0.0,0.0,0.0,3.8880125639294207,train
0.4710710104952066,0.3528100777574069,0.1761189117473862,0.0,0.0,0.0,4.118281340325524,train
0.4710710104952066,0.3528100777574069,0.1761189117473862,0.0,0.0,0.0,4.139777505192058,train
0.4710710104952066,0.3528100777574069,0.1761189117473862,0.0,0.0,0.0,3.944639888931122,train
0.4710710104952066,0.3528100777574069,0.1761189117473862,0.0,0.0,0.0,4.399033499523835,train
0.4710710104952066,0.3528100777574069,0.1761189117473862,0.0,0.0,0.0,4.623433837074798,train
0.4710710104952066,0.3528100777574069,0.1761189117473862,0.0,0.0,0.0,4.086467432085839,train
0.4710710104952066,0.3528100777574069,0.1761189117473862,0.0,0.0,0.0,3.5991141075065434,train
0.4710710104952066,0.3528100777574069,0.1761189117473862,0.0,0.0,0.0,3.6429709581799496,train
0.4710710104952066,0.3528100777574069,0.1761189117473862,0.0,0.0,0.0,3.843679714278223,train
0.4710710104952066,0.3528100777574069,0.1761189117473862,0.0,0.0,0.0,3.8815640622567584,train
0.4710710104952066,0.3528100777574069,0.1761189117473862,0.0,0.0,0.0,3.6541461391447654,train
0.2216847076110502,0.3125026638555888,0.3927299729220467,0.0,0.0730826556113141,0.0,14.194163963457093,train
0.2216847076110502,0.3125026638555888,0.3927299729220467,0.0,0.0730826556113141,0.0,13.234099746942448,train
0.2216847076110502,0.3125026638555888,0.3927299729220467,0.0,0.0730826556113141,0.0,13.530713360746569,train
0.2216847076110502,0.3125026638555888,0.3927299729220467,0.0,0.0730826556113141,0.0,17.281893459071917,train
0.2216847076110502,0.3125026638555888,0.3927299729220467,0.0,0.0730826556113141,0.0,15.942675782639979,train
0.2216847076110502,0.3125026638555888,0.3927299729220467,0.0,0.0730826556113141,0.0,13.7977909328446,train
0.2216847076110502,0.3125026638555888,0.3927299729220467,0.0,0.0730826556113141,0.0,15.057833289340667,train
0.2216847076110502,0.3125026638555888,0.3927299729220467,0.0,0.0730826556113141,0.0,15.966196469543638,train
0.2216847076110502,0.3125026638555888,0.3927299729220467,0.0,0.0730826556113141,0.0,14.739703921816485,train
0.2216847076110502,0.3125026638555888,0.3927299729220467,0.0,0.0730826556113141,0.0,16.406432534981988,train
0.2216847076110502,0.3125026638555888,0.3927299729220467,0.0,0.0730826556113141,0.0,16.160837184757046,train
0.2216847076110502,0.3125026638555888,0.3927299729220467,0.0,0.0730826556113141,0.0,14.568506016913885,train
0.2216847076110502,0.3125026638555888,0.3927299729220467,0.0,0.0730826556113141,0.0,16.030724479344048,train
0.2216847076110502,0.3125026638555888,0.3927299729220467,0.0,0.0730826556113141,0.0,16.740112105707013,train
0.2216847076110502,0.3125026638555888,0.3927299729220467,0.0,0.0730826556113141,0.0,15.723547205199303,train
0.2216847076110502,0.3125026638555888,0.3927299729220467,0.0,0.0730826556113141,0.0,14.43460227003775,train
0.2216847076110502,0.3125026638555888,0.3927299729220467,0.0,0.0730826556113141,0.0,13.100274461852475,train
0.2216847076110502,0.3125026638555888,0.3927299729220467,0.0,0.0730826556113141,0.0,15.996518885701652,train
0.2216847076110502,0.3125026638555888,0.3927299729220467,0.0,0.0730826556113141,0.0,13.917629904592788,train
0.2216847076110502,0.3125026638555888,0.3927299729220467,0.0,0.0730826556113141,0.0,14.253387265397153,train
0.2216847076110502,0.3125026638555888,0.3927299729220467,0.0,0.0730826556113141,0.0,14.23348416466958,train
0.2216847076110502,0.3125026638555888,0.3927299729220467,0.0,0.0730826556113141,0.0,15.104438140543545,train
0.2216847076110502,0.3125026638555888,0.3927299729220467,0.0,0.0730826556113141,0.0,15.707350945240588,train
0.2216847076110502,0.3125026638555888,0.3927299729220467,0.0,0.0730826556113141,0.0,16.645609945790245,train
0.2216847076110502,0.3125026638555888,0.3927299729220467,0.0,0.0730826556113141,0.0,14.295828519014048,train
0.2216847076110502,0.3125026638555888,0.3927299729220467,0.0,0.0730826556113141,0.0,15.614398603671608,train
0.2216847076110502,0.3125026638555888,0.3927299729220467,0.0,0.0730826556113141,0.0,15.543732648979137,train
0.2216847076110502,0.3125026638555888,0.3927299729220467,0.0,0.0730826556113141,0.0,14.322280132261577,train
0.2216847076110502,0.3125026638555888,0.3927299729220467,0.0,0.0730826556113141,0.0,16.052427007973133,train
0.2216847076110502,0.3125026638555888,0.3927299729220467,0.0,0.0730826556113141,0.0,15.0649704264056,train
0.2970570517312756,0.2423714738957985,0.3859430070370206,0.0,0.0746284673359051,0.0,1.864281304697203,train
0.2970570517312756,0.2423714738957985,0.3859430070370206,0.0,0.0746284673359051,0.0,1.7826387268151203,train
0.2970570517312756,0.2423714738957985,0.3859430070370206,0.0,0.0746284673359051,0.0,1.7116079653356686,train
0.2970570517312756,0.2423714738957985,0.3859430070370206,0.0,0.0746284673359051,0.0,1.760800035850646,train
0.2970570517312756,0.2423714738957985,0.3859430070370206,0.0,0.0746284673359051,0.0,1.8379532625334303,train
0.2970570517312756,0.2423714738957985,0.3859430070370206,0.0,0.0746284673359051,0.0,1.9754951231755216,train
0.2970570517312756,0.2423714738957985,0.3859430070370206,0.0,0.0746284673359051,0.0,1.5759177651800629,train
0.2970570517312756,0.2423714738957985,0.3859430070370206,0.0,0.0746284673359051,0.0,1.8204104098331606,train
0.2970570517312756,0.2423714738957985,0.3859430070370206,0.0,0.0746284673359051,0.0,1.7090677363720377,train
0.2970570517312756,0.2423714738957985,0.3859430070370206,0.0,0.0746284673359051,0.0,1.9038224575686034,train
0.2970570517312756,0.2423714738957985,0.3859430070370206,0.0,0.0746284673359051,0.0,1.67859974062199,train
0.2970570517312756,0.2423714738957985,0.3859430070370206,0.0,0.0746284673359051,0.0,1.8902370542068683,train
0.2970570517312756,0.2423714738957985,0.3859430070370206,0.0,0.0746284673359051,0.0,1.8169115988532454,train
0.2970570517312756,0.2423714738957985,0.3859430070370206,0.0,0.0746284673359051,0.0,1.6798486011313118,train
0.2970570517312756,0.2423714738957985,0.3859430070370206,0.0,0.0746284673359051,0.0,1.905640610106094,train
0.2970570517312756,0.2423714738957985,0.3859430070370206,0.0,0.0746284673359051,0.0,1.757785025630914,train
0.2970570517312756,0.2423714738957985,0.3859430070370206,0.0,0.0746284673359051,0.0,1.7995261345606983,train
0.2970570517312756,0.2423714738957985,0.3859430070370206,0.0,0.0746284673359051,0.0,1.9261888799572242,train
0.2970570517312756,0.2423714738957985,0.3859430070370206,0.0,0.0746284673359051,0.0,1.4943675331951631,train
0.2970570517312756,0.2423714738957985,0.3859430070370206,0.0,0.0746284673359051,0.0,2.043133347849471,train
0.2970570517312756,0.2423714738957985,0.3859430070370206,0.0,0.0746284673359051,0.0,1.8929251077113516,train
0.2970570517312756,0.2423714738957985,0.3859430070370206,0.0,0.0746284673359051,0.0,2.0795931158106757,train
0.2970570517312756,0.2423714738957985,0.3859430070370206,0.0,0.0746284673359051,0.0,1.730509470127859,train
0.2970570517312756,0.2423714738957985,0.3859430070370206,0.0,0.0746284673359051,0.0,1.8979686723411278,train
0.2970570517312756,0.2423714738957985,0.3859430070370206,0.0,0.0746284673359051,0.0,1.99367486791942,train
0.2970570517312756,0.2423714738957985,0.3859430070370206,0.0,0.0746284673359051,0.0,1.7357921979314377,train
0.2970570517312756,0.2423714738957985,0.3859430070370206,0.0,0.0746284673359051,0.0,1.8140112301315794,train
0.2970570517312756,0.2423714738957985,0.3859430070370206,0.0,0.0746284673359051,0.0,1.9187157542028372,train
0.2970570517312756,0.2423714738957985,0.3859430070370206,0.0,0.0746284673359051,0.0,1.906040147536671,train
0.2970570517312756,0.2423714738957985,0.3859430070370206,0.0,0.0746284673359051,0.0,1.8481262857063618,train
0.276485301440791,0.0823966189092439,0.0,0.2199275355272614,0.4211905441227038,0.0,78.9388535273743,train
0.276485301440791,0.0823966189092439,0.0,0.2199275355272614,0.4211905441227038,0.0,70.67450001841065,train
0.276485301440791,0.0823966189092439,0.0,0.2199275355272614,0.4211905441227038,0.0,76.2180045969208,train
0.276485301440791,0.0823966189092439,0.0,0.2199275355272614,0.4211905441227038,0.0,77.51161237775868,train
0.276485301440791,0.0823966189092439,0.0,0.2199275355272614,0.4211905441227038,0.0,77.63911749756909,train
0.276485301440791,0.0823966189092439,0.0,0.2199275355272614,0.4211905441227038,0.0,70.99714875679679,train
0.276485301440791,0.0823966189092439,0.0,0.2199275355272614,0.4211905441227038,0.0,80.07305514508093,train
0.276485301440791,0.0823966189092439,0.0,0.2199275355272614,0.4211905441227038,0.0,77.9782301209445,train
0.276485301440791,0.0823966189092439,0.0,0.2199275355272614,0.4211905441227038,0.0,74.56768592116387,train
0.276485301440791,0.0823966189092439,0.0,0.2199275355272614,0.4211905441227038,0.0,76.28098266608517,train
0.276485301440791,0.0823966189092439,0.0,0.2199275355272614,0.4211905441227038,0.0,61.38898129910713,train
0.276485301440791,0.0823966189092439,0.0,0.2199275355272614,0.4211905441227038,0.0,75.31208486397352,train
0.276485301440791,0.0823966189092439,0.0,0.2199275355272614,0.4211905441227038,0.0,70.9646227960746,train
0.276485301440791,0.0823966189092439,0.0,0.2199275355272614,0.4211905441227038,0.0,72.62643311766797,train
0.276485301440791,0.0823966189092439,0.0,0.2199275355272614,0.4211905441227038,0.0,81.91395983285994,train
0.276485301440791,0.0823966189092439,0.0,0.2199275355272614,0.4211905441227038,0.0,81.83113767108442,train
0.276485301440791,0.0823966189092439,0.0,0.2199275355272614,0.4211905441227038,0.0,71.8419414575633,train
0.276485301440791,0.0823966189092439,0.0,0.2199275355272614,0.4211905441227038,0.0,70.82168696231307,train
0.276485301440791,0.0823966189092439,0.0,0.2199275355272614,0.4211905441227038,0.0,84.52297410409855,train
0.276485301440791,0.0823966189092439,0.0,0.2199275355272614,0.4211905441227038,0.0,67.66123278266627,train
0.276485301440791,0.0823966189092439,0.0,0.2199275355272614,0.4211905441227038,0.0,76.64705212329238,train
0.276485301440791,0.0823966189092439,0.0,0.2199275355272614,0.4211905441227038,0.0,81.50847033775236,train
0.276485301440791,0.0823966189092439,0.0,0.2199275355272614,0.4211905441227038,0.0,78.88483561586148,train
0.276485301440791,0.0823966189092439,0.0,0.2199275355272614,0.4211905441227038,0.0,63.15704389598968,train
0.276485301440791,0.0823966189092439,0.0,0.2199275355272614,0.4211905441227038,0.0,66.4928163142037,train
0.276485301440791,0.0823966189092439,0.0,0.2199275355272614,0.4211905441227038,0.0,69.97546857077215,train
0.276485301440791,0.0823966189092439,0.0,0.2199275355272614,0.4211905441227038,0.0,81.05343472245589,train
0.276485301440791,0.0823966189092439,0.0,0.2199275355272614,0.4211905441227038,0.0,76.47001663395761,train
0.276485301440791,0.0823966189092439,0.0,0.2199275355272614,0.4211905441227038,0.0,71.97259198711102,train
0.276485301440791,0.0823966189092439,0.0,0.2199275355272614,0.4211905441227038,0.0,75.19493940763199,train
0.2116436099970779,0.4025153430264303,0.0928750192206686,0.1012985286370764,0.0910910485503355,0.100576450568411,93.31438027909503,train
0.2116436099970779,0.4025153430264303,0.0928750192206686,0.1012985286370764,0.0910910485503355,0.100576450568411,98.58953128395954,train
0.2116436099970779,0.4025153430264303,0.0928750192206686,0.1012985286370764,0.0910910485503355,0.100576450568411,94.88411912778449,train
0.2116436099970779,0.4025153430264303,0.0928750192206686,0.1012985286370764,0.0910910485503355,0.100576450568411,97.50456570352928,train
0.2116436099970779,0.4025153430264303,0.0928750192206686,0.1012985286370764,0.0910910485503355,0.100576450568411,92.33436156734916,train
0.2116436099970779,0.4025153430264303,0.0928750192206686,0.1012985286370764,0.0910910485503355,0.100576450568411,89.97127415796187,train
0.2116436099970779,0.4025153430264303,0.0928750192206686,0.1012985286370764,0.0910910485503355,0.100576450568411,92.72447658201679,train
0.2116436099970779,0.4025153430264303,0.0928750192206686,0.1012985286370764,0.0910910485503355,0.100576450568411,84.46525728869227,train
0.2116436099970779,0.4025153430264303,0.0928750192206686,0.1012985286370764,0.0910910485503355,0.100576450568411,90.91873420406782,train
0.2116436099970779,0.4025153430264303,0.0928750192206686,0.1012985286370764,0.0910910485503355,0.100576450568411,97.05019697925071,train
0.2116436099970779,0.4025153430264303,0.0928750192206686,0.1012985286370764,0.0910910485503355,0.100576450568411,85.50019143853596,train
0.2116436099970779,0.4025153430264303,0.0928750192206686,0.1012985286370764,0.0910910485503355,0.100576450568411,87.46852964117454,train
0.2116436099970779,0.4025153430264303,0.0928750192206686,0.1012985286370764,0.0910910485503355,0.100576450568411,83.7177347541526,train
0.2116436099970779,0.4025153430264303,0.0928750192206686,0.1012985286370764,0.0910910485503355,0.100576450568411,85.92085376345995,train
0.2116436099970779,0.4025153430264303,0.0928750192206686,0.1012985286370764,0.0910910485503355,0.100576450568411,89.11946588138838,train
0.2116436099970779,0.4025153430264303,0.0928750192206686,0.1012985286370764,0.0910910485503355,0.100576450568411,96.82720276943266,train
0.2116436099970779,0.4025153430264303,0.0928750192206686,0.1012985286370764,0.0910910485503355,0.100576450568411,87.01659924159867,train
0.2116436099970779,0.4025153430264303,0.0928750192206686,0.1012985286370764,0.0910910485503355,0.100576450568411,92.26329230929831,train
0.2116436099970779,0.4025153430264303,0.0928750192206686,0.1012985286370764,0.0910910485503355,0.100576450568411,87.62613051645745,train
0.2116436099970779,0.4025153430264303,0.0928750192206686,0.1012985286370764,0.0910910485503355,0.100576450568411,86.11392376186767,train
0.2116436099970779,0.4025153430264303,0.0928750192206686,0.1012985286370764,0.0910910485503355,0.100576450568411,94.11576892422106,train
0.2116436099970779,0.4025153430264303,0.0928750192206686,0.1012985286370764,0.0910910485503355,0.100576450568411,93.4913122125417,train
0.2116436099970779,0.4025153430264303,0.0928750192206686,0.1012985286370764,0.0910910485503355,0.100576450568411,90.99075324367121,train
0.2116436099970779,0.4025153430264303,0.0928750192206686,0.1012985286370764,0.0910910485503355,0.100576450568411,87.12703136656913,train
0.2116436099970779,0.4025153430264303,0.0928750192206686,0.1012985286370764,0.0910910485503355,0.100576450568411,96.37376045579899,train
0.2116436099970779,0.4025153430264303,0.0928750192206686,0.1012985286370764,0.0910910485503355,0.100576450568411,86.67969166919859,train
0.2116436099970779,0.4025153430264303,0.0928750192206686,0.1012985286370764,0.0910910485503355,0.100576450568411,89.30534317613892,train
0.2116436099970779,0.4025153430264303,0.0928750192206686,0.1012985286370764,0.0910910485503355,0.100576450568411,80.89117206511722,train
0.2116436099970779,0.4025153430264303,0.0928750192206686,0.1012985286370764,0.0910910485503355,0.100576450568411,92.72464924797399,train
0.2116436099970779,0.4025153430264303,0.0928750192206686,0.1012985286370764,0.0910910485503355,0.100576450568411,84.77511332566773,train
0.2403848050703154,0.4190266636623315,0.1617487501120729,0.091520768060897,0.0,0.0873190130943828,97.18425445041197,train
0.2403848050703154,0.4190266636623315,0.1617487501120729,0.091520768060897,0.0,0.0873190130943828,56.41254577071576,train
0.2403848050703154,0.4190266636623315,0.1617487501120729,0.091520768060897,0.0,0.0873190130943828,82.87958940530301,train
0.2403848050703154,0.4190266636623315,0.1617487501120729,0.091520768060897,0.0,0.0873190130943828,60.86765753249159,train
0.2403848050703154,0.4190266636623315,0.1617487501120729,0.091520768060897,0.0,0.0873190130943828,84.38961731379806,train
0.2403848050703154,0.4190266636623315,0.1617487501120729,0.091520768060897,0.0,0.0873190130943828,72.89130757667577,train
0.2403848050703154,0.4190266636623315,0.1617487501120729,0.091520768060897,0.0,0.0873190130943828,78.77378895725391,train
0.2403848050703154,0.4190266636623315,0.1617487501120729,0.091520768060897,0.0,0.0873190130943828,91.39374222044177,train
0.2403848050703154,0.4190266636623315,0.1617487501120729,0.091520768060897,0.0,0.0873190130943828,90.01010832719957,train
0.2403848050703154,0.4190266636623315,0.1617487501120729,0.091520768060897,0.0,0.0873190130943828,73.79311217089341,train
0.2403848050703154,0.4190266636623315,0.1617487501120729,0.091520768060897,0.0,0.0873190130943828,86.32156660993928,train
0.2403848050703154,0.4190266636623315,0.1617487501120729,0.091520768060897,0.0,0.0873190130943828,57.85657759024207,train
0.2403848050703154,0.4190266636623315,0.1617487501120729,0.091520768060897,0.0,0.0873190130943828,95.23486695986111,train
0.2403848050703154,0.4190266636623315,0.1617487501120729,0.091520768060897,0.0,0.0873190130943828,61.61498911472863,train
0.2403848050703154,0.4190266636623315,0.1617487501120729,0.091520768060897,0.0,0.0873190130943828,75.48834462811067,train
0.2403848050703154,0.4190266636623315,0.1617487501120729,0.091520768060897,0.0,0.0873190130943828,68.75803453813538,train
0.2403848050703154,0.4190266636623315,0.1617487501120729,0.091520768060897,0.0,0.0873190130943828,106.94315940450383,train
0.2403848050703154,0.4190266636623315,0.1617487501120729,0.091520768060897,0.0,0.0873190130943828,63.75351245153358,train
0.2403848050703154,0.4190266636623315,0.1617487501120729,0.091520768060897,0.0,0.0873190130943828,95.23098204124575,train
0.2403848050703154,0.4190266636623315,0.1617487501120729,0.091520768060897,0.0,0.0873190130943828,64.32576847681555,train
0.2403848050703154,0.4190266636623315,0.1617487501120729,0.091520768060897,0.0,0.0873190130943828,74.29221549465296,train
0.2403848050703154,0.4190266636623315,0.1617487501120729,0.091520768060897,0.0,0.0873190130943828,91.10171213592058,train
0.2403848050703154,0.4190266636623315,0.1617487501120729,0.091520768060897,0.0,0.0873190130943828,72.32528691737141,train
0.2403848050703154,0.4190266636623315,0.1617487501120729,0.091520768060897,0.0,0.0873190130943828,90.27296213872586,train
0.2403848050703154,0.4190266636623315,0.1617487501120729,0.091520768060897,0.0,0.0873190130943828,112.4109505039074,train
0.2403848050703154,0.4190266636623315,0.1617487501120729,0.091520768060897,0.0,0.0873190130943828,89.16379397022504,train
0.2403848050703154,0.4190266636623315,0.1617487501120729,0.091520768060897,0.0,0.0873190130943828,55.03555280188164,train
0.2403848050703154,0.4190266636623315,0.1617487501120729,0.091520768060897,0.0,0.0873190130943828,79.57879897210428,train
0.2403848050703154,0.4190266636623315,0.1617487501120729,0.091520768060897,0.0,0.0873190130943828,98.01707855650858,train
0.2403848050703154,0.4190266636623315,0.1617487501120729,0.091520768060897,0.0,0.0873190130943828,67.83430511864648,train
0.1045587612072121,0.4094284402235343,0.1865955895641306,0.2050489884191995,0.0,0.0943682205859234,76.27530359003902,train
0.1045587612072121,0.4094284402235343,0.1865955895641306,0.2050489884191995,0.0,0.0943682205859234,76.37133225097716,train
0.1045587612072121,0.4094284402235343,0.1865955895641306,0.2050489884191995,0.0,0.0943682205859234,75.55533918592258,train
0.1045587612072121,0.4094284402235343,0.1865955895641306,0.2050489884191995,0.0,0.0943682205859234,81.43313267571553,train
0.1045587612072121,0.4094284402235343,0.1865955895641306,0.2050489884191995,0.0,0.0943682205859234,63.73945050292494,train
0.1045587612072121,0.4094284402235343,0.1865955895641306,0.2050489884191995,0.0,0.0943682205859234,70.85789269581444,train
0.1045587612072121,0.4094284402235343,0.1865955895641306,0.2050489884191995,0.0,0.0943682205859234,86.92211480874349,train
0.1045587612072121,0.4094284402235343,0.1865955895641306,0.2050489884191995,0.0,0.0943682205859234,59.493054915280894,train
0.1045587612072121,0.4094284402235343,0.1865955895641306,0.2050489884191995,0.0,0.0943682205859234,83.47904776311992,train
0.1045587612072121,0.4094284402235343,0.1865955895641306,0.2050489884191995,0.0,0.0943682205859234,58.323445524326004,train
0.1045587612072121,0.4094284402235343,0.1865955895641306,0.2050489884191995,0.0,0.0943682205859234,71.4779477275652,train
0.1045587612072121,0.4094284402235343,0.1865955895641306,0.2050489884191995,0.0,0.0943682205859234,84.38581890898797,train
0.1045587612072121,0.4094284402235343,0.1865955895641306,0.2050489884191995,0.0,0.0943682205859234,79.1289760495213,train
0.1045587612072121,0.4094284402235343,0.1865955895641306,0.2050489884191995,0.0,0.0943682205859234,112.430862588731,train
0.1045587612072121,0.4094284402235343,0.1865955895641306,0.2050489884191995,0.0,0.0943682205859234,82.7555565282713,train
0.1045587612072121,0.4094284402235343,0.1865955895641306,0.2050489884191995,0.0,0.0943682205859234,69.51755208114828,train
0.1045587612072121,0.4094284402235343,0.1865955895641306,0.2050489884191995,0.0,0.0943682205859234,75.95418650652162,train
0.1045587612072121,0.4094284402235343,0.1865955895641306,0.2050489884191995,0.0,0.0943682205859234,49.106742905694276,train
0.1045587612072121,0.4094284402235343,0.1865955895641306,0.2050489884191995,0.0,0.0943682205859234,81.6915880925157,train
0.1045587612072121,0.4094284402235343,0.1865955895641306,0.2050489884191995,0.0,0.0943682205859234,90.91391279167865,train
0.1045587612072121,0.4094284402235343,0.1865955895641306,0.2050489884191995,0.0,0.0943682205859234,85.27000312839786,train
0.1045587612072121,0.4094284402235343,0.1865955895641306,0.2050489884191995,0.0,0.0943682205859234,80.54428648293641,train
0.1045587612072121,0.4094284402235343,0.1865955895641306,0.2050489884191995,0.0,0.0943682205859234,73.37526643592349,train
0.1045587612072121,0.4094284402235343,0.1865955895641306,0.2050489884191995,0.0,0.0943682205859234,92.87445941228628,train
0.1045587612072121,0.4094284402235343,0.1865955895641306,0.2050489884191995,0.0,0.0943682205859234,65.78997178096849,train
0.1045587612072121,0.4094284402235343,0.1865955895641306,0.2050489884191995,0.0,0.0943682205859234,53.044795382191346,train
0.1045587612072121,0.4094284402235343,0.1865955895641306,0.2050489884191995,0.0,0.0943682205859234,75.68008322054695,train
0.1045587612072121,0.4094284402235343,0.1865955895641306,0.2050489884191995,0.0,0.0943682205859234,50.66923846595674,train
0.1045587612072121,0.4094284402235343,0.1865955895641306,0.2050489884191995,0.0,0.0943682205859234,86.15273004253035,train
0.1045587612072121,0.4094284402235343,0.1865955895641306,0.2050489884191995,0.0,0.0943682205859234,46.536944385348605,train
0.1995118705557905,0.3408425136489475,0.3696209576458605,0.0,0.0,0.0900246581494013,10.357924051007009,train
0.1995118705557905,0.3408425136489475,0.3696209576458605,0.0,0.0,0.0900246581494013,10.076488595898722,train
0.1995118705557905,0.3408425136489475,0.3696209576458605,0.0,0.0,0.0900246581494013,11.289919983062921,train
0.1995118705557905,0.3408425136489475,0.3696209576458605,0.0,0.0,0.0900246581494013,11.38322958083621,train
0.1995118705557905,0.3408425136489475,0.3696209576458605,0.0,0.0,0.0900246581494013,10.632266533747991,train
0.1995118705557905,0.3408425136489475,0.3696209576458605,0.0,0.0,0.0900246581494013,11.286854297816664,train
0.1995118705557905,0.3408425136489475,0.3696209576458605,0.0,0.0,0.0900246581494013,10.825538669625548,train
0.1995118705557905,0.3408425136489475,0.3696209576458605,0.0,0.0,0.0900246581494013,9.648147684777955,train
0.1995118705557905,0.3408425136489475,0.3696209576458605,0.0,0.0,0.0900246581494013,10.091483857623409,train
0.1995118705557905,0.3408425136489475,0.3696209576458605,0.0,0.0,0.0900246581494013,11.027377461716567,train
0.1995118705557905,0.3408425136489475,0.3696209576458605,0.0,0.0,0.0900246581494013,9.753202460794949,train
0.1995118705557905,0.3408425136489475,0.3696209576458605,0.0,0.0,0.0900246581494013,11.64788474610679,train
0.1995118705557905,0.3408425136489475,0.3696209576458605,0.0,0.0,0.0900246581494013,10.889126724799773,train
0.1995118705557905,0.3408425136489475,0.3696209576458605,0.0,0.0,0.0900246581494013,10.123993629905486,train
0.1995118705557905,0.3408425136489475,0.3696209576458605,0.0,0.0,0.0900246581494013,10.981049437111283,train
0.1995118705557905,0.3408425136489475,0.3696209576458605,0.0,0.0,0.0900246581494013,9.82400297747091,train
0.1995118705557905,0.3408425136489475,0.3696209576458605,0.0,0.0,0.0900246581494013,10.598478331426872,train
0.1995118705557905,0.3408425136489475,0.3696209576458605,0.0,0.0,0.0900246581494013,9.74284664010538,train
0.1995118705557905,0.3408425136489475,0.3696209576458605,0.0,0.0,0.0900246581494013,10.718983346456827,train
0.1995118705557905,0.3408425136489475,0.3696209576458605,0.0,0.0,0.0900246581494013,10.295194083231696,train
0.1995118705557905,0.3408425136489475,0.3696209576458605,0.0,0.0,0.0900246581494013,9.50717444760203,train
0.1995118705557905,0.3408425136489475,0.3696209576458605,0.0,0.0,0.0900246581494013,11.190397680610385,train
0.1995118705557905,0.3408425136489475,0.3696209576458605,0.0,0.0,0.0900246581494013,9.465166182989012,train
0.1995118705557905,0.3408425136489475,0.3696209576458605,0.0,0.0,0.0900246581494013,10.6150230036928,train
0.1995118705557905,0.3408425136489475,0.3696209576458605,0.0,0.0,0.0900246581494013,10.827814205639571,train
0.1995118705557905,0.3408425136489475,0.3696209576458605,0.0,0.0,0.0900246581494013,11.8861736757211,train
0.1995118705557905,0.3408425136489475,0.3696209576458605,0.0,0.0,0.0900246581494013,9.575449260611181,train
0.1995118705557905,0.3408425136489475,0.3696209576458605,0.0,0.0,0.0900246581494013,10.598392033586324,train
0.1995118705557905,0.3408425136489475,0.3696209576458605,0.0,0.0,0.0900246581494013,10.171680933563193,train
0.1995118705557905,0.3408425136489475,0.3696209576458605,0.0,0.0,0.0900246581494013,10.716365482568234,train
0.6551647897877959,0.0816903801891596,0.0866126018914333,0.0,0.0862799066416453,0.0902523214899657,11.782510673343406,train
0.6551647897877959,0.0816903801891596,0.0866126018914333,0.0,0.0862799066416453,0.0902523214899657,10.740321820117671,train
0.6551647897877959,0.0816903801891596,0.0866126018914333,0.0,0.0862799066416453,0.0902523214899657,10.141872744979288,train
0.6551647897877959,0.0816903801891596,0.0866126018914333,0.0,0.0862799066416453,0.0902523214899657,9.996378189033026,train
0.6551647897877959,0.0816903801891596,0.0866126018914333,0.0,0.0862799066416453,0.0902523214899657,10.634124559843013,train
0.6551647897877959,0.0816903801891596,0.0866126018914333,0.0,0.0862799066416453,0.0902523214899657,10.928210321345059,train
0.6551647897877959,0.0816903801891596,0.0866126018914333,0.0,0.0862799066416453,0.0902523214899657,11.102132109928561,train
0.6551647897877959,0.0816903801891596,0.0866126018914333,0.0,0.0862799066416453,0.0902523214899657,10.114933149727223,train
0.6551647897877959,0.0816903801891596,0.0866126018914333,0.0,0.0862799066416453,0.0902523214899657,10.559443663204494,train
0.6551647897877959,0.0816903801891596,0.0866126018914333,0.0,0.0862799066416453,0.0902523214899657,11.262632736886399,train
0.6551647897877959,0.0816903801891596,0.0866126018914333,0.0,0.0862799066416453,0.0902523214899657,10.759665374084962,train
0.6551647897877959,0.0816903801891596,0.0866126018914333,0.0,0.0862799066416453,0.0902523214899657,10.289278050924112,train
0.6551647897877959,0.0816903801891596,0.0866126018914333,0.0,0.0862799066416453,0.0902523214899657,11.434986806847762,train
0.6551647897877959,0.0816903801891596,0.0866126018914333,0.0,0.0862799066416453,0.0902523214899657,10.91705688332256,train
0.6551647897877959,0.0816903801891596,0.0866126018914333,0.0,0.0862799066416453,0.0902523214899657,11.21186899132963,train
0.6551647897877959,0.0816903801891596,0.0866126018914333,0.0,0.0862799066416453,0.0902523214899657,11.156924240094016,train
0.6551647897877959,0.0816903801891596,0.0866126018914333,0.0,0.0862799066416453,0.0902523214899657,10.085981073975749,train
0.6551647897877959,0.0816903801891596,0.0866126018914333,0.0,0.0862799066416453,0.0902523214899657,10.074033116304848,train
0.6551647897877959,0.0816903801891596,0.0866126018914333,0.0,0.0862799066416453,0.0902523214899657,11.211159666409566,train
0.6551647897877959,0.0816903801891596,0.0866126018914333,0.0,0.0862799066416453,0.0902523214899657,10.589262037196708,train
0.6551647897877959,0.0816903801891596,0.0866126018914333,0.0,0.0862799066416453,0.0902523214899657,10.526793224095094,train
0.6551647897877959,0.0816903801891596,0.0866126018914333,0.0,0.0862799066416453,0.0902523214899657,11.172588907218433,train
0.6551647897877959,0.0816903801891596,0.0866126018914333,0.0,0.0862799066416453,0.0902523214899657,12.18382582940768,train
0.6551647897877959,0.0816903801891596,0.0866126018914333,0.0,0.0862799066416453,0.0902523214899657,11.497445728753387,train
0.6551647897877959,0.0816903801891596,0.0866126018914333,0.0,0.0862799066416453,0.0902523214899657,12.178961669449265,train
0.6551647897877959,0.0816903801891596,0.0866126018914333,0.0,0.0862799066416453,0.0902523214899657,10.538558248476724,train
0.6551647897877959,0.0816903801891596,0.0866126018914333,0.0,0.0862799066416453,0.0902523214899657,12.249857630218287,train
0.6551647897877959,0.0816903801891596,0.0866126018914333,0.0,0.0862799066416453,0.0902523214899657,9.770461455131741,train
0.6551647897877959,0.0816903801891596,0.0866126018914333,0.0,0.0862799066416453,0.0902523214899657,11.101006470670782,train
0.6551647897877959,0.0816903801891596,0.0866126018914333,0.0,0.0862799066416453,0.0902523214899657,10.13170832058023,train
0.5680881880046112,0.277493134908946,0.0831537432184559,0.0,0.0,0.0712649338679867,14.281422152647453,train
0.5680881880046112,0.277493134908946,0.0831537432184559,0.0,0.0,0.0712649338679867,14.291222585791482,train
0.5680881880046112,0.277493134908946,0.0831537432184559,0.0,0.0,0.0712649338679867,14.144818734480893,train
0.5680881880046112,0.277493134908946,0.0831537432184559,0.0,0.0,0.0712649338679867,14.574420189230855,train
0.5680881880046112,0.277493134908946,0.0831537432184559,0.0,0.0,0.0712649338679867,14.237024889758333,train
0.5680881880046112,0.277493134908946,0.0831537432184559,0.0,0.0,0.0712649338679867,14.835603566306997,train
0.5680881880046112,0.277493134908946,0.0831537432184559,0.0,0.0,0.0712649338679867,15.378600898302345,train
0.5680881880046112,0.277493134908946,0.0831537432184559,0.0,0.0,0.0712649338679867,14.17477238866911,train
0.5680881880046112,0.277493134908946,0.0831537432184559,0.0,0.0,0.0712649338679867,12.831112657881851,train
0.5680881880046112,0.277493134908946,0.0831537432184559,0.0,0.0,0.0712649338679867,14.384517857215963,train
0.5680881880046112,0.277493134908946,0.0831537432184559,0.0,0.0,0.0712649338679867,14.967078098602714,train
0.5680881880046112,0.277493134908946,0.0831537432184559,0.0,0.0,0.0712649338679867,14.18775946537983,train
0.5680881880046112,0.277493134908946,0.0831537432184559,0.0,0.0,0.0712649338679867,14.938646787570827,train
0.5680881880046112,0.277493134908946,0.0831537432184559,0.0,0.0,0.0712649338679867,12.674500221275618,train
0.5680881880046112,0.277493134908946,0.0831537432184559,0.0,0.0,0.0712649338679867,15.485612787534677,train
0.5680881880046112,0.277493134908946,0.0831537432184559,0.0,0.0,0.0712649338679867,14.8285309237926,train
0.5680881880046112,0.277493134908946,0.0831537432184559,0.0,0.0,0.0712649338679867,14.13835121153046,train
0.5680881880046112,0.277493134908946,0.0831537432184559,0.0,0.0,0.0712649338679867,13.193778176852005,train
0.5680881880046112,0.277493134908946,0.0831537432184559,0.0,0.0,0.0712649338679867,14.700033929745643,train
0.5680881880046112,0.277493134908946,0.0831537432184559,0.0,0.0,0.0712649338679867,15.836569178703758,train
0.5680881880046112,0.277493134908946,0.0831537432184559,0.0,0.0,0.0712649338679867,14.055306162906236,train
0.5680881880046112,0.277493134908946,0.0831537432184559,0.0,0.0,0.0712649338679867,13.840087882143358,train
0.5680881880046112,0.277493134908946,0.0831537432184559,0.0,0.0,0.0712649338679867,13.50751600273019,train
0.5680881880046112,0.277493134908946,0.0831537432184559,0.0,0.0,0.0712649338679867,12.304942987646163,train
0.5680881880046112,0.277493134908946,0.0831537432184559,0.0,0.0,0.0712649338679867,13.86235014401696,train
0.5680881880046112,0.277493134908946,0.0831537432184559,0.0,0.0,0.0712649338679867,14.899639599898947,train
0.5680881880046112,0.277493134908946,0.0831537432184559,0.0,0.0,0.0712649338679867,15.64837431440957,train
0.5680881880046112,0.277493134908946,0.0831537432184559,0.0,0.0,0.0712649338679867,14.07537729414999,train
0.5680881880046112,0.277493134908946,0.0831537432184559,0.0,0.0,0.0712649338679867,13.981544193921938,train
0.5680881880046112,0.277493134908946,0.0831537432184559,0.0,0.0,0.0712649338679867,13.178798844215827,train
0.1373172597438097,0.5708618210544056,0.1071007309389887,0.0,0.0853366626463129,0.0993835256164829,32.30081180458837,train
0.1373172597438097,0.5708618210544056,0.1071007309389887,0.0,0.0853366626463129,0.0993835256164829,32.878976439583774,train
0.1373172597438097,0.5708618210544056,0.1071007309389887,0.0,0.0853366626463129,0.0993835256164829,35.06858603323729,train
0.1373172597438097,0.5708618210544056,0.1071007309389887,0.0,0.0853366626463129,0.0993835256164829,33.597143042895375,train
0.1373172597438097,0.5708618210544056,0.1071007309389887,0.0,0.0853366626463129,0.0993835256164829,30.886999811753316,train
0.1373172597438097,0.5708618210544056,0.1071007309389887,0.0,0.0853366626463129,0.0993835256164829,34.82213897799146,train
0.1373172597438097,0.5708618210544056,0.1071007309389887,0.0,0.0853366626463129,0.0993835256164829,27.120752270301704,train
0.1373172597438097,0.5708618210544056,0.1071007309389887,0.0,0.0853366626463129,0.0993835256164829,30.186576904522376,train
0.1373172597438097,0.5708618210544056,0.1071007309389887,0.0,0.0853366626463129,0.0993835256164829,30.06682073854447,train
0.1373172597438097,0.5708618210544056,0.1071007309389887,0.0,0.0853366626463129,0.0993835256164829,35.9795095118744,train
0.1373172597438097,0.5708618210544056,0.1071007309389887,0.0,0.0853366626463129,0.0993835256164829,32.78225806390231,train
0.1373172597438097,0.5708618210544056,0.1071007309389887,0.0,0.0853366626463129,0.0993835256164829,32.780783975441494,train
0.1373172597438097,0.5708618210544056,0.1071007309389887,0.0,0.0853366626463129,0.0993835256164829,26.81911064042282,train
0.1373172597438097,0.5708618210544056,0.1071007309389887,0.0,0.0853366626463129,0.0993835256164829,33.75302178468264,train
0.1373172597438097,0.5708618210544056,0.1071007309389887,0.0,0.0853366626463129,0.0993835256164829,30.47130814341707,train
0.1373172597438097,0.5708618210544056,0.1071007309389887,0.0,0.0853366626463129,0.0993835256164829,29.210769520013166,train
0.1373172597438097,0.5708618210544056,0.1071007309389887,0.0,0.0853366626463129,0.0993835256164829,34.10407194645947,train
0.1373172597438097,0.5708618210544056,0.1071007309389887,0.0,0.0853366626463129,0.0993835256164829,31.936524292792896,train
0.1373172597438097,0.5708618210544056,0.1071007309389887,0.0,0.0853366626463129,0.0993835256164829,32.81843233934357,train
0.1373172597438097,0.5708618210544056,0.1071007309389887,0.0,0.0853366626463129,0.0993835256164829,31.697473000631103,train
0.1373172597438097,0.5708618210544056,0.1071007309389887,0.0,0.0853366626463129,0.0993835256164829,28.90454492413847,train
0.1373172597438097,0.5708618210544056,0.1071007309389887,0.0,0.0853366626463129,0.0993835256164829,29.209158334705247,train
0.1373172597438097,0.5708618210544056,0.1071007309389887,0.0,0.0853366626463129,0.0993835256164829,33.22870701168363,train
0.1373172597438097,0.5708618210544056,0.1071007309389887,0.0,0.0853366626463129,0.0993835256164829,27.460147765484788,train
0.1373172597438097,0.5708618210544056,0.1071007309389887,0.0,0.0853366626463129,0.0993835256164829,24.416698909611522,train
0.1373172597438097,0.5708618210544056,0.1071007309389887,0.0,0.0853366626463129,0.0993835256164829,32.581230174076175,train
0.1373172597438097,0.5708618210544056,0.1071007309389887,0.0,0.0853366626463129,0.0993835256164829,33.972274347568394,train
0.1373172597438097,0.5708618210544056,0.1071007309389887,0.0,0.0853366626463129,0.0993835256164829,29.966436987541766,train
0.1373172597438097,0.5708618210544056,0.1071007309389887,0.0,0.0853366626463129,0.0993835256164829,31.43393732503858,train
0.1373172597438097,0.5708618210544056,0.1071007309389887,0.0,0.0853366626463129,0.0993835256164829,32.241898657509495,train
0.505868351494165,0.3036287389107112,0.1298983627848172,0.0,0.0,0.0606045468103065,16.631423608544885,train
0.505868351494165,0.3036287389107112,0.1298983627848172,0.0,0.0,0.0606045468103065,15.716555935521297,train
0.505868351494165,0.3036287389107112,0.1298983627848172,0.0,0.0,0.0606045468103065,14.50428318334357,train
0.505868351494165,0.3036287389107112,0.1298983627848172,0.0,0.0,0.0606045468103065,14.92945387388402,train
0.505868351494165,0.3036287389107112,0.1298983627848172,0.0,0.0,0.0606045468103065,17.82869788854259,train
0.505868351494165,0.3036287389107112,0.1298983627848172,0.0,0.0,0.0606045468103065,17.11194013302005,train
0.505868351494165,0.3036287389107112,0.1298983627848172,0.0,0.0,0.0606045468103065,17.97716609076606,train
0.505868351494165,0.3036287389107112,0.1298983627848172,0.0,0.0,0.0606045468103065,14.548173371498269,train
0.505868351494165,0.3036287389107112,0.1298983627848172,0.0,0.0,0.0606045468103065,16.586267505217656,train
0.505868351494165,0.3036287389107112,0.1298983627848172,0.0,0.0,0.0606045468103065,17.540863680562698,train
0.505868351494165,0.3036287389107112,0.1298983627848172,0.0,0.0,0.0606045468103065,17.07274439591099,train
0.505868351494165,0.3036287389107112,0.1298983627848172,0.0,0.0,0.0606045468103065,16.175029663013206,train
0.505868351494165,0.3036287389107112,0.1298983627848172,0.0,0.0,0.0606045468103065,15.787431963698161,train
0.505868351494165,0.3036287389107112,0.1298983627848172,0.0,0.0,0.0606045468103065,15.297512250715199,train
0.505868351494165,0.3036287389107112,0.1298983627848172,0.0,0.0,0.0606045468103065,15.40025164456559,train
0.505868351494165,0.3036287389107112,0.1298983627848172,0.0,0.0,0.0606045468103065,16.385390159401705,train
0.505868351494165,0.3036287389107112,0.1298983627848172,0.0,0.0,0.0606045468103065,14.480572097098417,train
0.505868351494165,0.3036287389107112,0.1298983627848172,0.0,0.0,0.0606045468103065,14.399166734077998,train
0.505868351494165,0.3036287389107112,0.1298983627848172,0.0,0.0,0.0606045468103065,17.357334436475387,train
0.505868351494165,0.3036287389107112,0.1298983627848172,0.0,0.0,0.0606045468103065,16.47174291264586,train
0.505868351494165,0.3036287389107112,0.1298983627848172,0.0,0.0,0.0606045468103065,17.446453861205995,train
0.505868351494165,0.3036287389107112,0.1298983627848172,0.0,0.0,0.0606045468103065,16.977277193603857,train
0.505868351494165,0.3036287389107112,0.1298983627848172,0.0,0.0,0.0606045468103065,16.217164493806216,train
0.505868351494165,0.3036287389107112,0.1298983627848172,0.0,0.0,0.0606045468103065,16.90810331182039,train
0.505868351494165,0.3036287389107112,0.1298983627848172,0.0,0.0,0.0606045468103065,14.607480268865086,train
0.505868351494165,0.3036287389107112,0.1298983627848172,0.0,0.0,0.0606045468103065,15.813715140094555,train
0.505868351494165,0.3036287389107112,0.1298983627848172,0.0,0.0,0.0606045468103065,16.97696860692072,train
0.505868351494165,0.3036287389107112,0.1298983627848172,0.0,0.0,0.0606045468103065,17.77900980453466,train
0.505868351494165,0.3036287389107112,0.1298983627848172,0.0,0.0,0.0606045468103065,17.034316954314033,train
0.505868351494165,0.3036287389107112,0.1298983627848172,0.0,0.0,0.0606045468103065,17.88559891247529,train
0.4576373913880984,0.4139434472619493,0.0661684469045616,0.0,0.0,0.0622507144453907,16.255797279680223,train
0.4576373913880984,0.4139434472619493,0.0661684469045616,0.0,0.0,0.0622507144453907,14.117154755449734,train
0.4576373913880984,0.4139434472619493,0.0661684469045616,0.0,0.0,0.0622507144453907,15.151030524446808,train
0.4576373913880984,0.4139434472619493,0.0661684469045616,0.0,0.0,0.0622507144453907,13.7502879241298,train
0.4576373913880984,0.4139434472619493,0.0661684469045616,0.0,0.0,0.0622507144453907,14.5791501709973,train
0.4576373913880984,0.4139434472619493,0.0661684469045616,0.0,0.0,0.0622507144453907,15.113251452002167,train
0.4576373913880984,0.4139434472619493,0.0661684469045616,0.0,0.0,0.0622507144453907,13.97198909035295,train
0.4576373913880984,0.4139434472619493,0.0661684469045616,0.0,0.0,0.0622507144453907,15.22332137824657,train
0.4576373913880984,0.4139434472619493,0.0661684469045616,0.0,0.0,0.0622507144453907,13.594395152047252,train
0.4576373913880984,0.4139434472619493,0.0661684469045616,0.0,0.0,0.0622507144453907,13.966296408295316,train
0.4576373913880984,0.4139434472619493,0.0661684469045616,0.0,0.0,0.0622507144453907,15.04545557817455,train
0.4576373913880984,0.4139434472619493,0.0661684469045616,0.0,0.0,0.0622507144453907,14.861123616659675,train
0.4576373913880984,0.4139434472619493,0.0661684469045616,0.0,0.0,0.0622507144453907,14.306527330942634,train
0.4576373913880984,0.4139434472619493,0.0661684469045616,0.0,0.0,0.0622507144453907,14.500772221885889,train
0.4576373913880984,0.4139434472619493,0.0661684469045616,0.0,0.0,0.0622507144453907,15.685271863108104,train
0.4576373913880984,0.4139434472619493,0.0661684469045616,0.0,0.0,0.0622507144453907,13.052535830754934,train
0.4576373913880984,0.4139434472619493,0.0661684469045616,0.0,0.0,0.0622507144453907,14.983156697591202,train
0.4576373913880984,0.4139434472619493,0.0661684469045616,0.0,0.0,0.0622507144453907,14.289766280240894,train
0.4576373913880984,0.4139434472619493,0.0661684469045616,0.0,0.0,0.0622507144453907,12.469143478436564,train
0.4576373913880984,0.4139434472619493,0.0661684469045616,0.0,0.0,0.0622507144453907,14.022224328629061,train
0.4576373913880984,0.4139434472619493,0.0661684469045616,0.0,0.0,0.0622507144453907,13.864806021284922,train
0.4576373913880984,0.4139434472619493,0.0661684469045616,0.0,0.0,0.0622507144453907,14.260432599294978,train
0.4576373913880984,0.4139434472619493,0.0661684469045616,0.0,0.0,0.0622507144453907,14.621262315440095,train
0.4576373913880984,0.4139434472619493,0.0661684469045616,0.0,0.0,0.0622507144453907,15.226154697221878,train
0.4576373913880984,0.4139434472619493,0.0661684469045616,0.0,0.0,0.0622507144453907,12.788418469479872,train
0.4576373913880984,0.4139434472619493,0.0661684469045616,0.0,0.0,0.0622507144453907,14.57603142176447,train
0.4576373913880984,0.4139434472619493,0.0661684469045616,0.0,0.0,0.0622507144453907,13.845409266811854,train
0.4576373913880984,0.4139434472619493,0.0661684469045616,0.0,0.0,0.0622507144453907,14.052927464913813,train
0.4576373913880984,0.4139434472619493,0.0661684469045616,0.0,0.0,0.0622507144453907,14.556567466964877,train
0.4576373913880984,0.4139434472619493,0.0661684469045616,0.0,0.0,0.0622507144453907,14.813946353124514,train
0.1101228408944177,0.4301319058361455,0.1834409369974908,0.1874293983291789,0.0,0.0888749179427669,85.70951676802012,train
0.1101228408944177,0.4301319058361455,0.1834409369974908,0.1874293983291789,0.0,0.0888749179427669,80.00519192760657,train
0.1101228408944177,0.4301319058361455,0.1834409369974908,0.1874293983291789,0.0,0.0888749179427669,79.00849217282698,train
0.1101228408944177,0.4301319058361455,0.1834409369974908,0.1874293983291789,0.0,0.0888749179427669,81.0238536682638,train
0.1101228408944177,0.4301319058361455,0.1834409369974908,0.1874293983291789,0.0,0.0888749179427669,83.64387394672585,train
0.1101228408944177,0.4301319058361455,0.1834409369974908,0.1874293983291789,0.0,0.0888749179427669,81.32808326358871,train
0.1101228408944177,0.4301319058361455,0.1834409369974908,0.1874293983291789,0.0,0.0888749179427669,79.34266275857225,train
0.1101228408944177,0.4301319058361455,0.1834409369974908,0.1874293983291789,0.0,0.0888749179427669,80.9607526534238,train
0.1101228408944177,0.4301319058361455,0.1834409369974908,0.1874293983291789,0.0,0.0888749179427669,85.13924007716241,train
0.1101228408944177,0.4301319058361455,0.1834409369974908,0.1874293983291789,0.0,0.0888749179427669,85.58939743561837,train
0.1101228408944177,0.4301319058361455,0.1834409369974908,0.1874293983291789,0.0,0.0888749179427669,80.97413607449677,train
0.1101228408944177,0.4301319058361455,0.1834409369974908,0.1874293983291789,0.0,0.0888749179427669,79.51304466317194,train
0.1101228408944177,0.4301319058361455,0.1834409369974908,0.1874293983291789,0.0,0.0888749179427669,79.59614147249052,train
0.1101228408944177,0.4301319058361455,0.1834409369974908,0.1874293983291789,0.0,0.0888749179427669,82.75830011367859,train
0.1101228408944177,0.4301319058361455,0.1834409369974908,0.1874293983291789,0.0,0.0888749179427669,78.52460813958662,train
0.1101228408944177,0.4301319058361455,0.1834409369974908,0.1874293983291789,0.0,0.0888749179427669,84.1153304775856,train
0.1101228408944177,0.4301319058361455,0.1834409369974908,0.1874293983291789,0.0,0.0888749179427669,85.53986932062162,train
0.1101228408944177,0.4301319058361455,0.1834409369974908,0.1874293983291789,0.0,0.0888749179427669,84.7282233838862,train
0.1101228408944177,0.4301319058361455,0.1834409369974908,0.1874293983291789,0.0,0.0888749179427669,82.0016909750445,train
0.1101228408944177,0.4301319058361455,0.1834409369974908,0.1874293983291789,0.0,0.0888749179427669,82.61609648621157,train
0.1101228408944177,0.4301319058361455,0.1834409369974908,0.1874293983291789,0.0,0.0888749179427669,82.32123878005027,train
0.1101228408944177,0.4301319058361455,0.1834409369974908,0.1874293983291789,0.0,0.0888749179427669,79.71186305912708,train
0.1101228408944177,0.4301319058361455,0.1834409369974908,0.1874293983291789,0.0,0.0888749179427669,77.18145974582555,train
0.1101228408944177,0.4301319058361455,0.1834409369974908,0.1874293983291789,0.0,0.0888749179427669,84.55169915718726,train
0.1101228408944177,0.4301319058361455,0.1834409369974908,0.1874293983291789,0.0,0.0888749179427669,81.01829145279167,train
0.1101228408944177,0.4301319058361455,0.1834409369974908,0.1874293983291789,0.0,0.0888749179427669,76.22485491410119,train
0.1101228408944177,0.4301319058361455,0.1834409369974908,0.1874293983291789,0.0,0.0888749179427669,83.32010709821832,train
0.1101228408944177,0.4301319058361455,0.1834409369974908,0.1874293983291789,0.0,0.0888749179427669,81.06109366126049,train
0.1101228408944177,0.4301319058361455,0.1834409369974908,0.1874293983291789,0.0,0.0888749179427669,78.71138498643272,train
0.1101228408944177,0.4301319058361455,0.1834409369974908,0.1874293983291789,0.0,0.0888749179427669,80.80696389291089,train
0.6503990972192661,0.0989080354059315,0.0733819155041828,0.07661330018219,0.0,0.1006976516884296,23.122335923518353,train
0.6503990972192661,0.0989080354059315,0.0733819155041828,0.07661330018219,0.0,0.1006976516884296,22.690323019770414,train
0.6503990972192661,0.0989080354059315,0.0733819155041828,0.07661330018219,0.0,0.1006976516884296,23.599788438143868,train
0.6503990972192661,0.0989080354059315,0.0733819155041828,0.07661330018219,0.0,0.1006976516884296,23.045098658135206,train
0.6503990972192661,0.0989080354059315,0.0733819155041828,0.07661330018219,0.0,0.1006976516884296,22.98079551941356,train
0.6503990972192661,0.0989080354059315,0.0733819155041828,0.07661330018219,0.0,0.1006976516884296,20.314146736054433,train
0.6503990972192661,0.0989080354059315,0.0733819155041828,0.07661330018219,0.0,0.1006976516884296,21.800865828429796,train
0.6503990972192661,0.0989080354059315,0.0733819155041828,0.07661330018219,0.0,0.1006976516884296,23.27878544570781,train
0.6503990972192661,0.0989080354059315,0.0733819155041828,0.07661330018219,0.0,0.1006976516884296,20.183668788503034,train
0.6503990972192661,0.0989080354059315,0.0733819155041828,0.07661330018219,0.0,0.1006976516884296,24.564912734782183,train
0.6503990972192661,0.0989080354059315,0.0733819155041828,0.07661330018219,0.0,0.1006976516884296,22.766713670597962,train
0.6503990972192661,0.0989080354059315,0.0733819155041828,0.07661330018219,0.0,0.1006976516884296,25.81757211471873,train
0.6503990972192661,0.0989080354059315,0.0733819155041828,0.07661330018219,0.0,0.1006976516884296,22.94172280148045,train
0.6503990972192661,0.0989080354059315,0.0733819155041828,0.07661330018219,0.0,0.1006976516884296,22.43093362469979,train
0.6503990972192661,0.0989080354059315,0.0733819155041828,0.07661330018219,0.0,0.1006976516884296,23.295720954087383,train
0.6503990972192661,0.0989080354059315,0.0733819155041828,0.07661330018219,0.0,0.1006976516884296,22.816403599462582,train
0.6503990972192661,0.0989080354059315,0.0733819155041828,0.07661330018219,0.0,0.1006976516884296,24.318072930404078,train
0.6503990972192661,0.0989080354059315,0.0733819155041828,0.07661330018219,0.0,0.1006976516884296,24.9420727639923,train
0.6503990972192661,0.0989080354059315,0.0733819155041828,0.07661330018219,0.0,0.1006976516884296,27.462371316194353,train
0.6503990972192661,0.0989080354059315,0.0733819155041828,0.07661330018219,0.0,0.1006976516884296,23.93789142009785,train
0.6503990972192661,0.0989080354059315,0.0733819155041828,0.07661330018219,0.0,0.1006976516884296,25.067763521085272,train
0.6503990972192661,0.0989080354059315,0.0733819155041828,0.07661330018219,0.0,0.1006976516884296,25.905080768161493,train
0.6503990972192661,0.0989080354059315,0.0733819155041828,0.07661330018219,0.0,0.1006976516884296,24.29038949999753,train
0.6503990972192661,0.0989080354059315,0.0733819155041828,0.07661330018219,0.0,0.1006976516884296,25.1852178308324,train
0.6503990972192661,0.0989080354059315,0.0733819155041828,0.07661330018219,0.0,0.1006976516884296,26.63695630791475,train
0.6503990972192661,0.0989080354059315,0.0733819155041828,0.07661330018219,0.0,0.1006976516884296,25.999501534118373,train
0.6503990972192661,0.0989080354059315,0.0733819155041828,0.07661330018219,0.0,0.1006976516884296,23.25827598366551,train
0.6503990972192661,0.0989080354059315,0.0733819155041828,0.07661330018219,0.0,0.1006976516884296,27.13974731817855,train
0.6503990972192661,0.0989080354059315,0.0733819155041828,0.07661330018219,0.0,0.1006976516884296,25.29623909397404,train
0.6503990972192661,0.0989080354059315,0.0733819155041828,0.07661330018219,0.0,0.1006976516884296,27.68964826824126,train
0.6345624607699576,0.1185382848352657,0.0949857649775591,0.0,0.0763811988365528,0.0755322905806646,14.809513351331905,train
0.6345624607699576,0.1185382848352657,0.0949857649775591,0.0,0.0763811988365528,0.0755322905806646,13.570820410067547,train
0.6345624607699576,0.1185382848352657,0.0949857649775591,0.0,0.0763811988365528,0.0755322905806646,16.631640836204333,train
0.6345624607699576,0.1185382848352657,0.0949857649775591,0.0,0.0763811988365528,0.0755322905806646,14.292052544511275,train
0.6345624607699576,0.1185382848352657,0.0949857649775591,0.0,0.0763811988365528,0.0755322905806646,13.959439935236013,train
0.6345624607699576,0.1185382848352657,0.0949857649775591,0.0,0.0763811988365528,0.0755322905806646,14.24619019628048,train
0.6345624607699576,0.1185382848352657,0.0949857649775591,0.0,0.0763811988365528,0.0755322905806646,15.908731333625994,train
0.6345624607699576,0.1185382848352657,0.0949857649775591,0.0,0.0763811988365528,0.0755322905806646,15.48919806741651,train
0.6345624607699576,0.1185382848352657,0.0949857649775591,0.0,0.0763811988365528,0.0755322905806646,16.203644175512295,train
0.6345624607699576,0.1185382848352657,0.0949857649775591,0.0,0.0763811988365528,0.0755322905806646,16.10976508666428,train
0.6345624607699576,0.1185382848352657,0.0949857649775591,0.0,0.0763811988365528,0.0755322905806646,12.92450678461094,train
0.6345624607699576,0.1185382848352657,0.0949857649775591,0.0,0.0763811988365528,0.0755322905806646,13.012459396658702,train
0.6345624607699576,0.1185382848352657,0.0949857649775591,0.0,0.0763811988365528,0.0755322905806646,13.725508080147023,train
0.6345624607699576,0.1185382848352657,0.0949857649775591,0.0,0.0763811988365528,0.0755322905806646,14.579057911227808,train
0.6345624607699576,0.1185382848352657,0.0949857649775591,0.0,0.0763811988365528,0.0755322905806646,14.103847406575362,train
0.6345624607699576,0.1185382848352657,0.0949857649775591,0.0,0.0763811988365528,0.0755322905806646,14.012964693111968,train
0.6345624607699576,0.1185382848352657,0.0949857649775591,0.0,0.0763811988365528,0.0755322905806646,15.469762015862823,train
0.6345624607699576,0.1185382848352657,0.0949857649775591,0.0,0.0763811988365528,0.0755322905806646,15.291077079896361,train
0.6345624607699576,0.1185382848352657,0.0949857649775591,0.0,0.0763811988365528,0.0755322905806646,16.417560284069744,train
0.6345624607699576,0.1185382848352657,0.0949857649775591,0.0,0.0763811988365528,0.0755322905806646,14.637166465750928,train
0.6345624607699576,0.1185382848352657,0.0949857649775591,0.0,0.0763811988365528,0.0755322905806646,14.194427092976325,train
0.6345624607699576,0.1185382848352657,0.0949857649775591,0.0,0.0763811988365528,0.0755322905806646,14.187337373096051,train
0.6345624607699576,0.1185382848352657,0.0949857649775591,0.0,0.0763811988365528,0.0755322905806646,14.871512478275033,train
0.6345624607699576,0.1185382848352657,0.0949857649775591,0.0,0.0763811988365528,0.0755322905806646,15.33547082271901,train
0.6345624607699576,0.1185382848352657,0.0949857649775591,0.0,0.0763811988365528,0.0755322905806646,16.415178318501823,train
0.6345624607699576,0.1185382848352657,0.0949857649775591,0.0,0.0763811988365528,0.0755322905806646,14.563861961085252,train
0.6345624607699576,0.1185382848352657,0.0949857649775591,0.0,0.0763811988365528,0.0755322905806646,16.938753647201874,train
0.6345624607699576,0.1185382848352657,0.0949857649775591,0.0,0.0763811988365528,0.0755322905806646,14.64692302534657,train
0.6345624607699576,0.1185382848352657,0.0949857649775591,0.0,0.0763811988365528,0.0755322905806646,13.458605218672737,train
0.6345624607699576,0.1185382848352657,0.0949857649775591,0.0,0.0763811988365528,0.0755322905806646,13.708527724571201,train
0.1624946687307538,0.575870681244267,0.1038209193654809,0.0880457707024232,0.0,0.0697679599570751,94.3338859342912,train
0.1624946687307538,0.575870681244267,0.1038209193654809,0.0880457707024232,0.0,0.0697679599570751,77.6533169426755,train
0.1624946687307538,0.575870681244267,0.1038209193654809,0.0880457707024232,0.0,0.0697679599570751,78.61141090337046,train
0.1624946687307538,0.575870681244267,0.1038209193654809,0.0880457707024232,0.0,0.0697679599570751,84.47000181820002,train
0.1624946687307538,0.575870681244267,0.1038209193654809,0.0880457707024232,0.0,0.0697679599570751,94.0148804066044,train
0.1624946687307538,0.575870681244267,0.1038209193654809,0.0880457707024232,0.0,0.0697679599570751,81.1258004522499,train
0.1624946687307538,0.575870681244267,0.1038209193654809,0.0880457707024232,0.0,0.0697679599570751,69.11190092667394,train
0.1624946687307538,0.575870681244267,0.1038209193654809,0.0880457707024232,0.0,0.0697679599570751,97.51375716605652,train
0.1624946687307538,0.575870681244267,0.1038209193654809,0.0880457707024232,0.0,0.0697679599570751,96.8491380350414,train
0.1624946687307538,0.575870681244267,0.1038209193654809,0.0880457707024232,0.0,0.0697679599570751,114.84433385711016,train
0.1624946687307538,0.575870681244267,0.1038209193654809,0.0880457707024232,0.0,0.0697679599570751,86.92253783822602,train
0.1624946687307538,0.575870681244267,0.1038209193654809,0.0880457707024232,0.0,0.0697679599570751,104.51058074638968,train
0.1624946687307538,0.575870681244267,0.1038209193654809,0.0880457707024232,0.0,0.0697679599570751,99.69730085653703,train
0.1624946687307538,0.575870681244267,0.1038209193654809,0.0880457707024232,0.0,0.0697679599570751,109.84314725445753,train
0.1624946687307538,0.575870681244267,0.1038209193654809,0.0880457707024232,0.0,0.0697679599570751,96.02789510459007,train
0.1624946687307538,0.575870681244267,0.1038209193654809,0.0880457707024232,0.0,0.0697679599570751,97.44654351947258,train
0.1624946687307538,0.575870681244267,0.1038209193654809,0.0880457707024232,0.0,0.0697679599570751,88.18700375888066,train
0.1624946687307538,0.575870681244267,0.1038209193654809,0.0880457707024232,0.0,0.0697679599570751,95.08689527954459,train
0.1624946687307538,0.575870681244267,0.1038209193654809,0.0880457707024232,0.0,0.0697679599570751,104.4663676305575,train
0.1624946687307538,0.575870681244267,0.1038209193654809,0.0880457707024232,0.0,0.0697679599570751,121.25752544180023,train
0.1624946687307538,0.575870681244267,0.1038209193654809,0.0880457707024232,0.0,0.0697679599570751,85.0501955718527,train
0.1624946687307538,0.575870681244267,0.1038209193654809,0.0880457707024232,0.0,0.0697679599570751,93.01033793300458,train
0.1624946687307538,0.575870681244267,0.1038209193654809,0.0880457707024232,0.0,0.0697679599570751,102.02653029271988,train
0.1624946687307538,0.575870681244267,0.1038209193654809,0.0880457707024232,0.0,0.0697679599570751,101.27568052798644,train
0.1624946687307538,0.575870681244267,0.1038209193654809,0.0880457707024232,0.0,0.0697679599570751,113.66407812911973,train
0.1624946687307538,0.575870681244267,0.1038209193654809,0.0880457707024232,0.0,0.0697679599570751,94.15701944931517,train
0.1624946687307538,0.575870681244267,0.1038209193654809,0.0880457707024232,0.0,0.0697679599570751,97.33933555407111,train
0.1624946687307538,0.575870681244267,0.1038209193654809,0.0880457707024232,0.0,0.0697679599570751,88.40972148174895,train
0.1624946687307538,0.575870681244267,0.1038209193654809,0.0880457707024232,0.0,0.0697679599570751,92.82130283337494,train
0.1624946687307538,0.575870681244267,0.1038209193654809,0.0880457707024232,0.0,0.0697679599570751,94.21285645858606,train
0.3876382754320898,0.3407972176833833,0.1727752937140062,0.0,0.0,0.0987892131705205,11.702006234075583,train
0.3876382754320898,0.3407972176833833,0.1727752937140062,0.0,0.0,0.0987892131705205,14.77059697722149,train
0.3876382754320898,0.3407972176833833,0.1727752937140062,0.0,0.0,0.0987892131705205,14.349826894946801,train
0.3876382754320898,0.3407972176833833,0.1727752937140062,0.0,0.0,0.0987892131705205,13.946835755780912,train
0.3876382754320898,0.3407972176833833,0.1727752937140062,0.0,0.0,0.0987892131705205,14.615125796958937,train
0.3876382754320898,0.3407972176833833,0.1727752937140062,0.0,0.0,0.0987892131705205,15.580692127868515,train
0.3876382754320898,0.3407972176833833,0.1727752937140062,0.0,0.0,0.0987892131705205,14.320693041722736,train
0.3876382754320898,0.3407972176833833,0.1727752937140062,0.0,0.0,0.0987892131705205,15.58132047573174,train
0.3876382754320898,0.3407972176833833,0.1727752937140062,0.0,0.0,0.0987892131705205,14.531106302786457,train
0.3876382754320898,0.3407972176833833,0.1727752937140062,0.0,0.0,0.0987892131705205,15.352524245130269,train
0.3876382754320898,0.3407972176833833,0.1727752937140062,0.0,0.0,0.0987892131705205,16.07046190297757,train
0.3876382754320898,0.3407972176833833,0.1727752937140062,0.0,0.0,0.0987892131705205,15.087985101605994,train
0.3876382754320898,0.3407972176833833,0.1727752937140062,0.0,0.0,0.0987892131705205,12.728226448649735,train
0.3876382754320898,0.3407972176833833,0.1727752937140062,0.0,0.0,0.0987892131705205,15.354300548442893,train
0.3876382754320898,0.3407972176833833,0.1727752937140062,0.0,0.0,0.0987892131705205,15.138893486984628,train
0.3876382754320898,0.3407972176833833,0.1727752937140062,0.0,0.0,0.0987892131705205,13.48332600861942,train
0.3876382754320898,0.3407972176833833,0.1727752937140062,0.0,0.0,0.0987892131705205,15.227153337819301,train
0.3876382754320898,0.3407972176833833,0.1727752937140062,0.0,0.0,0.0987892131705205,14.911230183144669,train
0.3876382754320898,0.3407972176833833,0.1727752937140062,0.0,0.0,0.0987892131705205,15.862272508933218,train
0.3876382754320898,0.3407972176833833,0.1727752937140062,0.0,0.0,0.0987892131705205,15.214475648575966,train
0.3876382754320898,0.3407972176833833,0.1727752937140062,0.0,0.0,0.0987892131705205,15.942196817151471,train
0.3876382754320898,0.3407972176833833,0.1727752937140062,0.0,0.0,0.0987892131705205,14.759609944268501,train
0.3876382754320898,0.3407972176833833,0.1727752937140062,0.0,0.0,0.0987892131705205,15.701255272889309,train
0.3876382754320898,0.3407972176833833,0.1727752937140062,0.0,0.0,0.0987892131705205,14.230982632924515,train
0.3876382754320898,0.3407972176833833,0.1727752937140062,0.0,0.0,0.0987892131705205,13.691909404294034,train
0.3876382754320898,0.3407972176833833,0.1727752937140062,0.0,0.0,0.0987892131705205,13.668518721124228,train
0.3876382754320898,0.3407972176833833,0.1727752937140062,0.0,0.0,0.0987892131705205,14.104696159751933,train
0.3876382754320898,0.3407972176833833,0.1727752937140062,0.0,0.0,0.0987892131705205,14.660959886541564,train
0.3876382754320898,0.3407972176833833,0.1727752937140062,0.0,0.0,0.0987892131705205,13.97022862888743,train
0.3876382754320898,0.3407972176833833,0.1727752937140062,0.0,0.0,0.0987892131705205,13.372416835289227,train
0.6309308234278235,0.1366208732337461,0.085435414692371,0.0789061624737801,0.0,0.0681067261722789,36.57646211244017,train
0.6309308234278235,0.1366208732337461,0.085435414692371,0.0789061624737801,0.0,0.0681067261722789,36.93148595126662,train
0.6309308234278235,0.1366208732337461,0.085435414692371,0.0789061624737801,0.0,0.0681067261722789,36.392254742532565,train
0.6309308234278235,0.1366208732337461,0.085435414692371,0.0789061624737801,0.0,0.0681067261722789,36.92255795180904,train
0.6309308234278235,0.1366208732337461,0.085435414692371,0.0789061624737801,0.0,0.0681067261722789,37.35208322792522,train
0.6309308234278235,0.1366208732337461,0.085435414692371,0.0789061624737801,0.0,0.0681067261722789,37.119043846081375,train
0.6309308234278235,0.1366208732337461,0.085435414692371,0.0789061624737801,0.0,0.0681067261722789,37.13408758387567,train
0.6309308234278235,0.1366208732337461,0.085435414692371,0.0789061624737801,0.0,0.0681067261722789,36.317297499573336,train
0.6309308234278235,0.1366208732337461,0.085435414692371,0.0789061624737801,0.0,0.0681067261722789,35.94625249577075,train
0.6309308234278235,0.1366208732337461,0.085435414692371,0.0789061624737801,0.0,0.0681067261722789,37.72578101329754,train
0.6309308234278235,0.1366208732337461,0.085435414692371,0.0789061624737801,0.0,0.0681067261722789,38.30601247405957,train
0.6309308234278235,0.1366208732337461,0.085435414692371,0.0789061624737801,0.0,0.0681067261722789,36.897774534645,train
0.6309308234278235,0.1366208732337461,0.085435414692371,0.0789061624737801,0.0,0.0681067261722789,36.42703704979765,train
0.6309308234278235,0.1366208732337461,0.085435414692371,0.0789061624737801,0.0,0.0681067261722789,36.80763346584252,train
0.6309308234278235,0.1366208732337461,0.085435414692371,0.0789061624737801,0.0,0.0681067261722789,37.54438394960431,train
0.6309308234278235,0.1366208732337461,0.085435414692371,0.0789061624737801,0.0,0.0681067261722789,37.23189622700947,train
0.6309308234278235,0.1366208732337461,0.085435414692371,0.0789061624737801,0.0,0.0681067261722789,36.24474545964116,train
0.6309308234278235,0.1366208732337461,0.085435414692371,0.0789061624737801,0.0,0.0681067261722789,37.09622343801527,train
0.6309308234278235,0.1366208732337461,0.085435414692371,0.0789061624737801,0.0,0.0681067261722789,36.945804124548154,train
0.6309308234278235,0.1366208732337461,0.085435414692371,0.0789061624737801,0.0,0.0681067261722789,37.23887148876125,train
0.6309308234278235,0.1366208732337461,0.085435414692371,0.0789061624737801,0.0,0.0681067261722789,37.66094341997972,train
0.6309308234278235,0.1366208732337461,0.085435414692371,0.0789061624737801,0.0,0.0681067261722789,37.17345234039557,train
0.6309308234278235,0.1366208732337461,0.085435414692371,0.0789061624737801,0.0,0.0681067261722789,36.80009682154267,train
0.6309308234278235,0.1366208732337461,0.085435414692371,0.0789061624737801,0.0,0.0681067261722789,37.234929268863574,train
0.6309308234278235,0.1366208732337461,0.085435414692371,0.0789061624737801,0.0,0.0681067261722789,36.63596576872012,train
0.6309308234278235,0.1366208732337461,0.085435414692371,0.0789061624737801,0.0,0.0681067261722789,36.78819859527055,train
0.6309308234278235,0.1366208732337461,0.085435414692371,0.0789061624737801,0.0,0.0681067261722789,35.84436370757631,train
0.6309308234278235,0.1366208732337461,0.085435414692371,0.0789061624737801,0.0,0.0681067261722789,36.91745015341639,train
0.6309308234278235,0.1366208732337461,0.085435414692371,0.0789061624737801,0.0,0.0681067261722789,36.94587720320321,train
0.6309308234278235,0.1366208732337461,0.085435414692371,0.0789061624737801,0.0,0.0681067261722789,36.72659149836574,train
0.4662692902189215,0.2054803643612447,0.274251059388884,0.0,0.0,0.0539992860309497,4.260895166441623,train
0.4662692902189215,0.2054803643612447,0.274251059388884,0.0,0.0,0.0539992860309497,3.97943515493338,train
0.4662692902189215,0.2054803643612447,0.274251059388884,0.0,0.0,0.0539992860309497,3.9144553780413855,train
0.4662692902189215,0.2054803643612447,0.274251059388884,0.0,0.0,0.0539992860309497,4.230871306587718,train
0.4662692902189215,0.2054803643612447,0.274251059388884,0.0,0.0,0.0539992860309497,4.439351203007402,train
0.4662692902189215,0.2054803643612447,0.274251059388884,0.0,0.0,0.0539992860309497,4.212076414891822,train
0.4662692902189215,0.2054803643612447,0.274251059388884,0.0,0.0,0.0539992860309497,4.03515139882099,train
0.4662692902189215,0.2054803643612447,0.274251059388884,0.0,0.0,0.0539992860309497,4.43689984586696,train
0.4662692902189215,0.2054803643612447,0.274251059388884,0.0,0.0,0.0539992860309497,4.427911052075259,train
0.4662692902189215,0.2054803643612447,0.274251059388884,0.0,0.0,0.0539992860309497,4.029839840771238,train
0.4662692902189215,0.2054803643612447,0.274251059388884,0.0,0.0,0.0539992860309497,4.207098622336483,train
0.4662692902189215,0.2054803643612447,0.274251059388884,0.0,0.0,0.0539992860309497,4.194600755637973,train
0.4662692902189215,0.2054803643612447,0.274251059388884,0.0,0.0,0.0539992860309497,4.722630840900319,train
0.4662692902189215,0.2054803643612447,0.274251059388884,0.0,0.0,0.0539992860309497,4.691790423481392,train
0.4662692902189215,0.2054803643612447,0.274251059388884,0.0,0.0,0.0539992860309497,4.680744680219808,train
0.4662692902189215,0.2054803643612447,0.274251059388884,0.0,0.0,0.0539992860309497,3.8450314245121975,train
0.4662692902189215,0.2054803643612447,0.274251059388884,0.0,0.0,0.0539992860309497,4.016041949586412,train
0.4662692902189215,0.2054803643612447,0.274251059388884,0.0,0.0,0.0539992860309497,4.5524752437683285,train
0.4662692902189215,0.2054803643612447,0.274251059388884,0.0,0.0,0.0539992860309497,4.665463756192592,train
0.4662692902189215,0.2054803643612447,0.274251059388884,0.0,0.0,0.0539992860309497,4.338437523820571,train
0.4662692902189215,0.2054803643612447,0.274251059388884,0.0,0.0,0.0539992860309497,4.341301838103463,train
0.4662692902189215,0.2054803643612447,0.274251059388884,0.0,0.0,0.0539992860309497,4.2908779981603695,train
0.4662692902189215,0.2054803643612447,0.274251059388884,0.0,0.0,0.0539992860309497,4.041530022348201,train
0.4662692902189215,0.2054803643612447,0.274251059388884,0.0,0.0,0.0539992860309497,4.594778863995424,train
0.4662692902189215,0.2054803643612447,0.274251059388884,0.0,0.0,0.0539992860309497,3.842895441491617,train
0.4662692902189215,0.2054803643612447,0.274251059388884,0.0,0.0,0.0539992860309497,4.146425977855404,train
0.4662692902189215,0.2054803643612447,0.274251059388884,0.0,0.0,0.0539992860309497,4.484635619971088,train
0.4662692902189215,0.2054803643612447,0.274251059388884,0.0,0.0,0.0539992860309497,3.927024871079696,train
0.4662692902189215,0.2054803643612447,0.274251059388884,0.0,0.0,0.0539992860309497,3.9923167010564,train
0.4662692902189215,0.2054803643612447,0.274251059388884,0.0,0.0,0.0539992860309497,4.492395202217076,train
0.328617269983455,0.4282228614351946,0.0815479304772417,0.0,0.073811905249264,0.0878000328548444,20.249538602488776,train
0.328617269983455,0.4282228614351946,0.0815479304772417,0.0,0.073811905249264,0.0878000328548444,17.778308097745132,train
0.328617269983455,0.4282228614351946,0.0815479304772417,0.0,0.073811905249264,0.0878000328548444,18.15905224745412,train
0.328617269983455,0.4282228614351946,0.0815479304772417,0.0,0.073811905249264,0.0878000328548444,18.7965873322598,train
0.328617269983455,0.4282228614351946,0.0815479304772417,0.0,0.073811905249264,0.0878000328548444,20.63881309102181,train
0.328617269983455,0.4282228614351946,0.0815479304772417,0.0,0.073811905249264,0.0878000328548444,17.48166515532597,train
0.328617269983455,0.4282228614351946,0.0815479304772417,0.0,0.073811905249264,0.0878000328548444,17.674965722973983,train
0.328617269983455,0.4282228614351946,0.0815479304772417,0.0,0.073811905249264,0.0878000328548444,16.531596160446483,train
0.328617269983455,0.4282228614351946,0.0815479304772417,0.0,0.073811905249264,0.0878000328548444,16.956850579472714,train
0.328617269983455,0.4282228614351946,0.0815479304772417,0.0,0.073811905249264,0.0878000328548444,19.472412863522663,train
0.328617269983455,0.4282228614351946,0.0815479304772417,0.0,0.073811905249264,0.0878000328548444,17.3952316279293,train
0.328617269983455,0.4282228614351946,0.0815479304772417,0.0,0.073811905249264,0.0878000328548444,17.625032600320747,train
0.328617269983455,0.4282228614351946,0.0815479304772417,0.0,0.073811905249264,0.0878000328548444,17.290044688819517,train
0.328617269983455,0.4282228614351946,0.0815479304772417,0.0,0.073811905249264,0.0878000328548444,17.24956928513702,train
0.328617269983455,0.4282228614351946,0.0815479304772417,0.0,0.073811905249264,0.0878000328548444,15.562824497525146,train
0.328617269983455,0.4282228614351946,0.0815479304772417,0.0,0.073811905249264,0.0878000328548444,15.713925046312916,train
0.328617269983455,0.4282228614351946,0.0815479304772417,0.0,0.073811905249264,0.0878000328548444,19.40008784937469,train
0.328617269983455,0.4282228614351946,0.0815479304772417,0.0,0.073811905249264,0.0878000328548444,15.700035438634956,train
0.328617269983455,0.4282228614351946,0.0815479304772417,0.0,0.073811905249264,0.0878000328548444,18.03902807720645,train
0.328617269983455,0.4282228614351946,0.0815479304772417,0.0,0.073811905249264,0.0878000328548444,19.92107695749816,train
0.328617269983455,0.4282228614351946,0.0815479304772417,0.0,0.073811905249264,0.0878000328548444,17.140314699611842,train
0.328617269983455,0.4282228614351946,0.0815479304772417,0.0,0.073811905249264,0.0878000328548444,17.689446540698064,train
0.328617269983455,0.4282228614351946,0.0815479304772417,0.0,0.073811905249264,0.0878000328548444,16.717794089987997,train
0.328617269983455,0.4282228614351946,0.0815479304772417,0.0,0.073811905249264,0.0878000328548444,15.401765036195364,train
0.328617269983455,0.4282228614351946,0.0815479304772417,0.0,0.073811905249264,0.0878000328548444,17.95354530337814,train
0.328617269983455,0.4282228614351946,0.0815479304772417,0.0,0.073811905249264,0.0878000328548444,18.266114159905953,train
0.328617269983455,0.4282228614351946,0.0815479304772417,0.0,0.073811905249264,0.0878000328548444,17.95079313540434,train
0.328617269983455,0.4282228614351946,0.0815479304772417,0.0,0.073811905249264,0.0878000328548444,16.450373938035284,train
0.328617269983455,0.4282228614351946,0.0815479304772417,0.0,0.073811905249264,0.0878000328548444,17.33489689735611,train
0.328617269983455,0.4282228614351946,0.0815479304772417,0.0,0.073811905249264,0.0878000328548444,15.29879322723113,train
0.340612637209585,0.5183737552721069,0.0635304808887282,0.0,0.0,0.0774831266295796,12.524659629438965,train
0.340612637209585,0.5183737552721069,0.0635304808887282,0.0,0.0,0.0774831266295796,12.035957173079808,train
0.340612637209585,0.5183737552721069,0.0635304808887282,0.0,0.0,0.0774831266295796,11.773731479278322,train
0.340612637209585,0.5183737552721069,0.0635304808887282,0.0,0.0,0.0774831266295796,11.850778437735514,train
0.340612637209585,0.5183737552721069,0.0635304808887282,0.0,0.0,0.0774831266295796,11.500279973123673,train
0.340612637209585,0.5183737552721069,0.0635304808887282,0.0,0.0,0.0774831266295796,12.012876439731356,train
0.340612637209585,0.5183737552721069,0.0635304808887282,0.0,0.0,0.0774831266295796,13.145003833421425,train
0.340612637209585,0.5183737552721069,0.0635304808887282,0.0,0.0,0.0774831266295796,11.941602999412419,train
0.340612637209585,0.5183737552721069,0.0635304808887282,0.0,0.0,0.0774831266295796,11.77795487771691,train
0.340612637209585,0.5183737552721069,0.0635304808887282,0.0,0.0,0.0774831266295796,12.310891362452113,train
0.340612637209585,0.5183737552721069,0.0635304808887282,0.0,0.0,0.0774831266295796,12.018239403008893,train
0.340612637209585,0.5183737552721069,0.0635304808887282,0.0,0.0,0.0774831266295796,12.084984064970188,train
0.340612637209585,0.5183737552721069,0.0635304808887282,0.0,0.0,0.0774831266295796,10.20807798109903,train
0.340612637209585,0.5183737552721069,0.0635304808887282,0.0,0.0,0.0774831266295796,12.566259634801371,train
0.340612637209585,0.5183737552721069,0.0635304808887282,0.0,0.0,0.0774831266295796,10.56867386420946,train
0.340612637209585,0.5183737552721069,0.0635304808887282,0.0,0.0,0.0774831266295796,10.739364588730123,train
0.340612637209585,0.5183737552721069,0.0635304808887282,0.0,0.0,0.0774831266295796,9.960375254727063,train
0.340612637209585,0.5183737552721069,0.0635304808887282,0.0,0.0,0.0774831266295796,12.058272784749825,train
0.340612637209585,0.5183737552721069,0.0635304808887282,0.0,0.0,0.0774831266295796,10.809182412071024,train
0.340612637209585,0.5183737552721069,0.0635304808887282,0.0,0.0,0.0774831266295796,11.292303330484298,train
0.340612637209585,0.5183737552721069,0.0635304808887282,0.0,0.0,0.0774831266295796,11.823603986551257,train
0.340612637209585,0.5183737552721069,0.0635304808887282,0.0,0.0,0.0774831266295796,9.906682911194707,train
0.340612637209585,0.5183737552721069,0.0635304808887282,0.0,0.0,0.0774831266295796,11.378556046168928,train
0.340612637209585,0.5183737552721069,0.0635304808887282,0.0,0.0,0.0774831266295796,12.378146925121785,train
0.340612637209585,0.5183737552721069,0.0635304808887282,0.0,0.0,0.0774831266295796,10.138450565575466,train
0.340612637209585,0.5183737552721069,0.0635304808887282,0.0,0.0,0.0774831266295796,12.788093648684772,train
0.340612637209585,0.5183737552721069,0.0635304808887282,0.0,0.0,0.0774831266295796,10.216366884742548,train
0.340612637209585,0.5183737552721069,0.0635304808887282,0.0,0.0,0.0774831266295796,12.905747825190371,train
0.340612637209585,0.5183737552721069,0.0635304808887282,0.0,0.0,0.0774831266295796,11.335300251719435,train
0.340612637209585,0.5183737552721069,0.0635304808887282,0.0,0.0,0.0774831266295796,10.36534047520053,train
0.4685729616022154,0.3605452089200998,0.0,0.0,0.0,0.1708818294776847,11.8916847907708,train
0.4685729616022154,0.3605452089200998,0.0,0.0,0.0,0.1708818294776847,11.080418512865815,train
0.4685729616022154,0.3605452089200998,0.0,0.0,0.0,0.1708818294776847,12.712449711398317,train
0.4685729616022154,0.3605452089200998,0.0,0.0,0.0,0.1708818294776847,12.897613283415357,train
0.4685729616022154,0.3605452089200998,0.0,0.0,0.0,0.1708818294776847,13.009944770633204,train
0.4685729616022154,0.3605452089200998,0.0,0.0,0.0,0.1708818294776847,14.521141608078693,train
0.4685729616022154,0.3605452089200998,0.0,0.0,0.0,0.1708818294776847,11.120516573233607,train
0.4685729616022154,0.3605452089200998,0.0,0.0,0.0,0.1708818294776847,13.831709143465144,train
0.4685729616022154,0.3605452089200998,0.0,0.0,0.0,0.1708818294776847,13.103663096592987,train
0.4685729616022154,0.3605452089200998,0.0,0.0,0.0,0.1708818294776847,11.82946745602545,train
0.4685729616022154,0.3605452089200998,0.0,0.0,0.0,0.1708818294776847,11.6451886270326,train
0.4685729616022154,0.3605452089200998,0.0,0.0,0.0,0.1708818294776847,11.940193321634652,train
0.4685729616022154,0.3605452089200998,0.0,0.0,0.0,0.1708818294776847,13.063446679950001,train
0.4685729616022154,0.3605452089200998,0.0,0.0,0.0,0.1708818294776847,12.48702218370072,train
0.4685729616022154,0.3605452089200998,0.0,0.0,0.0,0.1708818294776847,11.653114394835917,train
0.4685729616022154,0.3605452089200998,0.0,0.0,0.0,0.1708818294776847,13.787959388044602,train
0.4685729616022154,0.3605452089200998,0.0,0.0,0.0,0.1708818294776847,11.78156645835302,train
0.4685729616022154,0.3605452089200998,0.0,0.0,0.0,0.1708818294776847,11.654153770963312,train
0.4685729616022154,0.3605452089200998,0.0,0.0,0.0,0.1708818294776847,14.487360339175002,train
0.4685729616022154,0.3605452089200998,0.0,0.0,0.0,0.1708818294776847,14.870766789250968,train
0.4685729616022154,0.3605452089200998,0.0,0.0,0.0,0.1708818294776847,13.111621739855128,train
0.4685729616022154,0.3605452089200998,0.0,0.0,0.0,0.1708818294776847,13.505941320185505,train
0.4685729616022154,0.3605452089200998,0.0,0.0,0.0,0.1708818294776847,13.382252957057892,train
0.4685729616022154,0.3605452089200998,0.0,0.0,0.0,0.1708818294776847,12.28064201509887,train
0.4685729616022154,0.3605452089200998,0.0,0.0,0.0,0.1708818294776847,11.356409319798455,train
0.4685729616022154,0.3605452089200998,0.0,0.0,0.0,0.1708818294776847,13.415917836857611,train
0.4685729616022154,0.3605452089200998,0.0,0.0,0.0,0.1708818294776847,14.182922943611581,train
0.4685729616022154,0.3605452089200998,0.0,0.0,0.0,0.1708818294776847,11.464844638246017,train
0.4685729616022154,0.3605452089200998,0.0,0.0,0.0,0.1708818294776847,11.60964184599383,train
0.4685729616022154,0.3605452089200998,0.0,0.0,0.0,0.1708818294776847,11.188322188515759,train
0.5408159565311154,0.2718028093252027,0.1038211793272858,0.0,0.0,0.0835600548163961,13.4484871388875,train
0.5408159565311154,0.2718028093252027,0.1038211793272858,0.0,0.0,0.0835600548163961,15.558615165960488,train
0.5408159565311154,0.2718028093252027,0.1038211793272858,0.0,0.0,0.0835600548163961,15.550120354004816,train
0.5408159565311154,0.2718028093252027,0.1038211793272858,0.0,0.0,0.0835600548163961,15.227300294850911,train
0.5408159565311154,0.2718028093252027,0.1038211793272858,0.0,0.0,0.0835600548163961,15.569363753981118,train
0.5408159565311154,0.2718028093252027,0.1038211793272858,0.0,0.0,0.0835600548163961,14.21986861573528,train
0.5408159565311154,0.2718028093252027,0.1038211793272858,0.0,0.0,0.0835600548163961,14.356657955565304,train
0.5408159565311154,0.2718028093252027,0.1038211793272858,0.0,0.0,0.0835600548163961,17.863734153429203,train
0.5408159565311154,0.2718028093252027,0.1038211793272858,0.0,0.0,0.0835600548163961,16.59113737154964,train
0.5408159565311154,0.2718028093252027,0.1038211793272858,0.0,0.0,0.0835600548163961,15.3072872344407,train
0.5408159565311154,0.2718028093252027,0.1038211793272858,0.0,0.0,0.0835600548163961,17.071372518310678,train
0.5408159565311154,0.2718028093252027,0.1038211793272858,0.0,0.0,0.0835600548163961,14.871974921846983,train
0.5408159565311154,0.2718028093252027,0.1038211793272858,0.0,0.0,0.0835600548163961,17.444588680919754,train
0.5408159565311154,0.2718028093252027,0.1038211793272858,0.0,0.0,0.0835600548163961,15.165759396265877,train
0.5408159565311154,0.2718028093252027,0.1038211793272858,0.0,0.0,0.0835600548163961,15.715931651191816,train
0.5408159565311154,0.2718028093252027,0.1038211793272858,0.0,0.0,0.0835600548163961,16.075068329268646,train
0.5408159565311154,0.2718028093252027,0.1038211793272858,0.0,0.0,0.0835600548163961,17.441921749235878,train
0.5408159565311154,0.2718028093252027,0.1038211793272858,0.0,0.0,0.0835600548163961,13.732062245781295,train
0.5408159565311154,0.2718028093252027,0.1038211793272858,0.0,0.0,0.0835600548163961,16.54929869944175,train
0.5408159565311154,0.2718028093252027,0.1038211793272858,0.0,0.0,0.0835600548163961,17.021878142074016,train
0.5408159565311154,0.2718028093252027,0.1038211793272858,0.0,0.0,0.0835600548163961,13.525997624604129,train
0.5408159565311154,0.2718028093252027,0.1038211793272858,0.0,0.0,0.0835600548163961,13.609352529268698,train
0.5408159565311154,0.2718028093252027,0.1038211793272858,0.0,0.0,0.0835600548163961,13.65881075578681,train
0.5408159565311154,0.2718028093252027,0.1038211793272858,0.0,0.0,0.0835600548163961,15.798807258306566,train
0.5408159565311154,0.2718028093252027,0.1038211793272858,0.0,0.0,0.0835600548163961,16.793060599299217,train
0.5408159565311154,0.2718028093252027,0.1038211793272858,0.0,0.0,0.0835600548163961,15.646538079739424,train
0.5408159565311154,0.2718028093252027,0.1038211793272858,0.0,0.0,0.0835600548163961,14.542810785402636,train
0.5408159565311154,0.2718028093252027,0.1038211793272858,0.0,0.0,0.0835600548163961,17.49868699575172,train
0.5408159565311154,0.2718028093252027,0.1038211793272858,0.0,0.0,0.0835600548163961,15.977733569038977,train
0.5408159565311154,0.2718028093252027,0.1038211793272858,0.0,0.0,0.0835600548163961,15.549783706523693,train
0.101069566190779,0.4174877052359685,0.2002927491265373,0.2004098991077906,0.0,0.0807400803389243,83.05103040280532,train
0.101069566190779,0.4174877052359685,0.2002927491265373,0.2004098991077906,0.0,0.0807400803389243,88.90306589025961,train
0.101069566190779,0.4174877052359685,0.2002927491265373,0.2004098991077906,0.0,0.0807400803389243,76.5330483762254,train
0.101069566190779,0.4174877052359685,0.2002927491265373,0.2004098991077906,0.0,0.0807400803389243,85.57198788663403,train
0.101069566190779,0.4174877052359685,0.2002927491265373,0.2004098991077906,0.0,0.0807400803389243,86.09610906770226,train
0.101069566190779,0.4174877052359685,0.2002927491265373,0.2004098991077906,0.0,0.0807400803389243,93.05952698397996,train
0.101069566190779,0.4174877052359685,0.2002927491265373,0.2004098991077906,0.0,0.0807400803389243,95.63444265657176,train
0.101069566190779,0.4174877052359685,0.2002927491265373,0.2004098991077906,0.0,0.0807400803389243,88.20202444522496,train
0.101069566190779,0.4174877052359685,0.2002927491265373,0.2004098991077906,0.0,0.0807400803389243,84.67420450349967,train
0.101069566190779,0.4174877052359685,0.2002927491265373,0.2004098991077906,0.0,0.0807400803389243,85.54933889681345,train
0.101069566190779,0.4174877052359685,0.2002927491265373,0.2004098991077906,0.0,0.0807400803389243,81.94789850558243,train
0.101069566190779,0.4174877052359685,0.2002927491265373,0.2004098991077906,0.0,0.0807400803389243,86.68235255415269,train
0.101069566190779,0.4174877052359685,0.2002927491265373,0.2004098991077906,0.0,0.0807400803389243,84.07750234001958,train
0.101069566190779,0.4174877052359685,0.2002927491265373,0.2004098991077906,0.0,0.0807400803389243,90.58075672702792,train
0.101069566190779,0.4174877052359685,0.2002927491265373,0.2004098991077906,0.0,0.0807400803389243,83.59696358247942,train
0.101069566190779,0.4174877052359685,0.2002927491265373,0.2004098991077906,0.0,0.0807400803389243,100.14424815381273,train
0.101069566190779,0.4174877052359685,0.2002927491265373,0.2004098991077906,0.0,0.0807400803389243,83.42886751602477,train
0.101069566190779,0.4174877052359685,0.2002927491265373,0.2004098991077906,0.0,0.0807400803389243,82.26932106108183,train
0.101069566190779,0.4174877052359685,0.2002927491265373,0.2004098991077906,0.0,0.0807400803389243,80.94076018366368,train
0.101069566190779,0.4174877052359685,0.2002927491265373,0.2004098991077906,0.0,0.0807400803389243,77.38608623756582,train
0.101069566190779,0.4174877052359685,0.2002927491265373,0.2004098991077906,0.0,0.0807400803389243,84.64042175655774,train
0.101069566190779,0.4174877052359685,0.2002927491265373,0.2004098991077906,0.0,0.0807400803389243,84.09449128247856,train
0.101069566190779,0.4174877052359685,0.2002927491265373,0.2004098991077906,0.0,0.0807400803389243,84.42027503555681,train
0.101069566190779,0.4174877052359685,0.2002927491265373,0.2004098991077906,0.0,0.0807400803389243,77.55259867009161,train
0.101069566190779,0.4174877052359685,0.2002927491265373,0.2004098991077906,0.0,0.0807400803389243,81.36062873005882,train
0.101069566190779,0.4174877052359685,0.2002927491265373,0.2004098991077906,0.0,0.0807400803389243,86.71505213338449,train
0.101069566190779,0.4174877052359685,0.2002927491265373,0.2004098991077906,0.0,0.0807400803389243,83.56121021556366,train
0.101069566190779,0.4174877052359685,0.2002927491265373,0.2004098991077906,0.0,0.0807400803389243,90.49748904429714,train
0.101069566190779,0.4174877052359685,0.2002927491265373,0.2004098991077906,0.0,0.0807400803389243,85.45798100001622,train
0.101069566190779,0.4174877052359685,0.2002927491265373,0.2004098991077906,0.0,0.0807400803389243,82.18665084411529,train
0.131829130017724,0.5795522916729042,0.1177844702812793,0.0768439255908862,0.0,0.0939901824372061,96.19695789580902,train
0.131829130017724,0.5795522916729042,0.1177844702812793,0.0768439255908862,0.0,0.0939901824372061,98.12076406093594,train
0.131829130017724,0.5795522916729042,0.1177844702812793,0.0768439255908862,0.0,0.0939901824372061,94.81811131130613,train
0.131829130017724,0.5795522916729042,0.1177844702812793,0.0768439255908862,0.0,0.0939901824372061,104.9231724387554,train
0.131829130017724,0.5795522916729042,0.1177844702812793,0.0768439255908862,0.0,0.0939901824372061,98.07051229927708,train
0.131829130017724,0.5795522916729042,0.1177844702812793,0.0768439255908862,0.0,0.0939901824372061,108.58184677211602,train
0.131829130017724,0.5795522916729042,0.1177844702812793,0.0768439255908862,0.0,0.0939901824372061,104.37506424525952,train
0.131829130017724,0.5795522916729042,0.1177844702812793,0.0768439255908862,0.0,0.0939901824372061,99.99511317567094,train
0.131829130017724,0.5795522916729042,0.1177844702812793,0.0768439255908862,0.0,0.0939901824372061,76.03855636405561,train
0.131829130017724,0.5795522916729042,0.1177844702812793,0.0768439255908862,0.0,0.0939901824372061,93.51327981589556,train
0.131829130017724,0.5795522916729042,0.1177844702812793,0.0768439255908862,0.0,0.0939901824372061,110.33990158634137,train
0.131829130017724,0.5795522916729042,0.1177844702812793,0.0768439255908862,0.0,0.0939901824372061,78.86340073697079,train
0.131829130017724,0.5795522916729042,0.1177844702812793,0.0768439255908862,0.0,0.0939901824372061,95.10486438351039,train
0.131829130017724,0.5795522916729042,0.1177844702812793,0.0768439255908862,0.0,0.0939901824372061,75.20404825245099,train
0.131829130017724,0.5795522916729042,0.1177844702812793,0.0768439255908862,0.0,0.0939901824372061,91.33475630653459,train
0.131829130017724,0.5795522916729042,0.1177844702812793,0.0768439255908862,0.0,0.0939901824372061,98.32932315154501,train
0.131829130017724,0.5795522916729042,0.1177844702812793,0.0768439255908862,0.0,0.0939901824372061,116.89486616687984,train
0.131829130017724,0.5795522916729042,0.1177844702812793,0.0768439255908862,0.0,0.0939901824372061,106.60132881099642,train
0.131829130017724,0.5795522916729042,0.1177844702812793,0.0768439255908862,0.0,0.0939901824372061,104.9707467322045,train
0.131829130017724,0.5795522916729042,0.1177844702812793,0.0768439255908862,0.0,0.0939901824372061,111.00173130411548,train
0.131829130017724,0.5795522916729042,0.1177844702812793,0.0768439255908862,0.0,0.0939901824372061,115.86509704374654,train
0.131829130017724,0.5795522916729042,0.1177844702812793,0.0768439255908862,0.0,0.0939901824372061,110.98464865762264,train
0.131829130017724,0.5795522916729042,0.1177844702812793,0.0768439255908862,0.0,0.0939901824372061,101.22045253091335,train
0.131829130017724,0.5795522916729042,0.1177844702812793,0.0768439255908862,0.0,0.0939901824372061,85.71201286264304,train
0.131829130017724,0.5795522916729042,0.1177844702812793,0.0768439255908862,0.0,0.0939901824372061,106.5928200638523,train
0.131829130017724,0.5795522916729042,0.1177844702812793,0.0768439255908862,0.0,0.0939901824372061,83.94291618517022,train
0.131829130017724,0.5795522916729042,0.1177844702812793,0.0768439255908862,0.0,0.0939901824372061,96.92712211710888,train
0.131829130017724,0.5795522916729042,0.1177844702812793,0.0768439255908862,0.0,0.0939901824372061,117.21061319404569,train
0.131829130017724,0.5795522916729042,0.1177844702812793,0.0768439255908862,0.0,0.0939901824372061,91.24059887840795,train
0.131829130017724,0.5795522916729042,0.1177844702812793,0.0768439255908862,0.0,0.0939901824372061,93.55159328649626,train
0.5655275912572929,0.1962820385397028,0.1577673843598085,0.0,0.0,0.0804229858431956,7.000973941165448,train
0.5655275912572929,0.1962820385397028,0.1577673843598085,0.0,0.0,0.0804229858431956,6.808438057298467,train
0.5655275912572929,0.1962820385397028,0.1577673843598085,0.0,0.0,0.0804229858431956,7.00950974482682,train
0.5655275912572929,0.1962820385397028,0.1577673843598085,0.0,0.0,0.0804229858431956,7.343272487343272,train
0.5655275912572929,0.1962820385397028,0.1577673843598085,0.0,0.0,0.0804229858431956,7.809770860909731,train
0.5655275912572929,0.1962820385397028,0.1577673843598085,0.0,0.0,0.0804229858431956,7.437451541775991,train
0.5655275912572929,0.1962820385397028,0.1577673843598085,0.0,0.0,0.0804229858431956,7.043620262450763,train
0.5655275912572929,0.1962820385397028,0.1577673843598085,0.0,0.0,0.0804229858431956,6.380727310197786,train
0.5655275912572929,0.1962820385397028,0.1577673843598085,0.0,0.0,0.0804229858431956,7.000909840774484,train
0.5655275912572929,0.1962820385397028,0.1577673843598085,0.0,0.0,0.0804229858431956,6.944802631229338,train
0.5655275912572929,0.1962820385397028,0.1577673843598085,0.0,0.0,0.0804229858431956,7.56175789283684,train
0.5655275912572929,0.1962820385397028,0.1577673843598085,0.0,0.0,0.0804229858431956,7.265654187310929,train
0.5655275912572929,0.1962820385397028,0.1577673843598085,0.0,0.0,0.0804229858431956,7.011842470590804,train
0.5655275912572929,0.1962820385397028,0.1577673843598085,0.0,0.0,0.0804229858431956,7.572038107599338,train
0.5655275912572929,0.1962820385397028,0.1577673843598085,0.0,0.0,0.0804229858431956,7.359658831010674,train
0.5655275912572929,0.1962820385397028,0.1577673843598085,0.0,0.0,0.0804229858431956,6.674575921373779,train
0.5655275912572929,0.1962820385397028,0.1577673843598085,0.0,0.0,0.0804229858431956,7.15936623632106,train
0.5655275912572929,0.1962820385397028,0.1577673843598085,0.0,0.0,0.0804229858431956,7.944370197439705,train
0.5655275912572929,0.1962820385397028,0.1577673843598085,0.0,0.0,0.0804229858431956,7.040844074999857,train
0.5655275912572929,0.1962820385397028,0.1577673843598085,0.0,0.0,0.0804229858431956,7.055804694587808,train
0.5655275912572929,0.1962820385397028,0.1577673843598085,0.0,0.0,0.0804229858431956,7.238419841913992,train
0.5655275912572929,0.1962820385397028,0.1577673843598085,0.0,0.0,0.0804229858431956,7.182452522159976,train
0.5655275912572929,0.1962820385397028,0.1577673843598085,0.0,0.0,0.0804229858431956,7.265331271359295,train
0.5655275912572929,0.1962820385397028,0.1577673843598085,0.0,0.0,0.0804229858431956,6.908651871994533,train
0.5655275912572929,0.1962820385397028,0.1577673843598085,0.0,0.0,0.0804229858431956,7.053539847516466,train
0.5655275912572929,0.1962820385397028,0.1577673843598085,0.0,0.0,0.0804229858431956,7.242006457894727,train
0.5655275912572929,0.1962820385397028,0.1577673843598085,0.0,0.0,0.0804229858431956,7.275845622060502,train
0.5655275912572929,0.1962820385397028,0.1577673843598085,0.0,0.0,0.0804229858431956,8.247897774903215,train
0.5655275912572929,0.1962820385397028,0.1577673843598085,0.0,0.0,0.0804229858431956,7.512339536477836,train
0.5655275912572929,0.1962820385397028,0.1577673843598085,0.0,0.0,0.0804229858431956,7.327459115532908,train
0.221317709979232,0.4070039162248873,0.0859797612436589,0.0,0.0898458515122745,0.1958527610399472,19.25141533188823,train
0.221317709979232,0.4070039162248873,0.0859797612436589,0.0,0.0898458515122745,0.1958527610399472,18.417222275167887,train
0.221317709979232,0.4070039162248873,0.0859797612436589,0.0,0.0898458515122745,0.1958527610399472,17.03885250298075,train
0.221317709979232,0.4070039162248873,0.0859797612436589,0.0,0.0898458515122745,0.1958527610399472,19.644996140497913,train
0.221317709979232,0.4070039162248873,0.0859797612436589,0.0,0.0898458515122745,0.1958527610399472,21.10354331301883,train
0.221317709979232,0.4070039162248873,0.0859797612436589,0.0,0.0898458515122745,0.1958527610399472,17.81001968065533,train
0.221317709979232,0.4070039162248873,0.0859797612436589,0.0,0.0898458515122745,0.1958527610399472,19.71169899624561,train
0.221317709979232,0.4070039162248873,0.0859797612436589,0.0,0.0898458515122745,0.1958527610399472,20.372457820976074,train
0.221317709979232,0.4070039162248873,0.0859797612436589,0.0,0.0898458515122745,0.1958527610399472,18.07728435998605,train
0.221317709979232,0.4070039162248873,0.0859797612436589,0.0,0.0898458515122745,0.1958527610399472,19.879486868327525,train
0.221317709979232,0.4070039162248873,0.0859797612436589,0.0,0.0898458515122745,0.1958527610399472,21.050848402402234,train
0.221317709979232,0.4070039162248873,0.0859797612436589,0.0,0.0898458515122745,0.1958527610399472,21.174865512191303,train
0.221317709979232,0.4070039162248873,0.0859797612436589,0.0,0.0898458515122745,0.1958527610399472,21.66981907438087,train
0.221317709979232,0.4070039162248873,0.0859797612436589,0.0,0.0898458515122745,0.1958527610399472,20.82373783002481,train
0.221317709979232,0.4070039162248873,0.0859797612436589,0.0,0.0898458515122745,0.1958527610399472,17.3424894032292,train
0.221317709979232,0.4070039162248873,0.0859797612436589,0.0,0.0898458515122745,0.1958527610399472,20.188720512897337,train
0.221317709979232,0.4070039162248873,0.0859797612436589,0.0,0.0898458515122745,0.1958527610399472,20.72801745019572,train
0.221317709979232,0.4070039162248873,0.0859797612436589,0.0,0.0898458515122745,0.1958527610399472,20.97415773474978,train
0.221317709979232,0.4070039162248873,0.0859797612436589,0.0,0.0898458515122745,0.1958527610399472,19.928310873797447,train
0.221317709979232,0.4070039162248873,0.0859797612436589,0.0,0.0898458515122745,0.1958527610399472,19.337351809888386,train
0.221317709979232,0.4070039162248873,0.0859797612436589,0.0,0.0898458515122745,0.1958527610399472,18.995589532642516,train
0.221317709979232,0.4070039162248873,0.0859797612436589,0.0,0.0898458515122745,0.1958527610399472,17.765442467708038,train
0.221317709979232,0.4070039162248873,0.0859797612436589,0.0,0.0898458515122745,0.1958527610399472,20.13705995698094,train
0.221317709979232,0.4070039162248873,0.0859797612436589,0.0,0.0898458515122745,0.1958527610399472,18.31627733306186,train
0.221317709979232,0.4070039162248873,0.0859797612436589,0.0,0.0898458515122745,0.1958527610399472,16.704389298524067,train
0.221317709979232,0.4070039162248873,0.0859797612436589,0.0,0.0898458515122745,0.1958527610399472,18.519363904825294,train
0.221317709979232,0.4070039162248873,0.0859797612436589,0.0,0.0898458515122745,0.1958527610399472,19.074689374334202,train
0.221317709979232,0.4070039162248873,0.0859797612436589,0.0,0.0898458515122745,0.1958527610399472,20.419312575557356,train
0.221317709979232,0.4070039162248873,0.0859797612436589,0.0,0.0898458515122745,0.1958527610399472,20.12753070549862,train
0.221317709979232,0.4070039162248873,0.0859797612436589,0.0,0.0898458515122745,0.1958527610399472,18.830890569668906,train
0.159769802160694,0.4419800110877564,0.1296050496910115,0.1227807323134574,0.0,0.1458644047470805,90.78583507419592,train
0.159769802160694,0.4419800110877564,0.1296050496910115,0.1227807323134574,0.0,0.1458644047470805,90.40856174994965,train
0.159769802160694,0.4419800110877564,0.1296050496910115,0.1227807323134574,0.0,0.1458644047470805,96.9612240011799,train
0.159769802160694,0.4419800110877564,0.1296050496910115,0.1227807323134574,0.0,0.1458644047470805,90.94199677065345,train
0.159769802160694,0.4419800110877564,0.1296050496910115,0.1227807323134574,0.0,0.1458644047470805,102.11417948244699,train
0.159769802160694,0.4419800110877564,0.1296050496910115,0.1227807323134574,0.0,0.1458644047470805,91.99949795106266,train
0.159769802160694,0.4419800110877564,0.1296050496910115,0.1227807323134574,0.0,0.1458644047470805,90.5154221235366,train
0.159769802160694,0.4419800110877564,0.1296050496910115,0.1227807323134574,0.0,0.1458644047470805,91.36837200256335,train
0.159769802160694,0.4419800110877564,0.1296050496910115,0.1227807323134574,0.0,0.1458644047470805,91.14233771414268,train
0.159769802160694,0.4419800110877564,0.1296050496910115,0.1227807323134574,0.0,0.1458644047470805,91.21528137656183,train
0.159769802160694,0.4419800110877564,0.1296050496910115,0.1227807323134574,0.0,0.1458644047470805,87.22032135342799,train
0.159769802160694,0.4419800110877564,0.1296050496910115,0.1227807323134574,0.0,0.1458644047470805,86.6447886579411,train
0.159769802160694,0.4419800110877564,0.1296050496910115,0.1227807323134574,0.0,0.1458644047470805,95.32872872076527,train
0.159769802160694,0.4419800110877564,0.1296050496910115,0.1227807323134574,0.0,0.1458644047470805,92.78950773838689,train
0.159769802160694,0.4419800110877564,0.1296050496910115,0.1227807323134574,0.0,0.1458644047470805,94.3169797577947,train
0.159769802160694,0.4419800110877564,0.1296050496910115,0.1227807323134574,0.0,0.1458644047470805,90.7972377293795,train
0.159769802160694,0.4419800110877564,0.1296050496910115,0.1227807323134574,0.0,0.1458644047470805,97.49425969410294,train
0.159769802160694,0.4419800110877564,0.1296050496910115,0.1227807323134574,0.0,0.1458644047470805,89.07756050590281,train
0.159769802160694,0.4419800110877564,0.1296050496910115,0.1227807323134574,0.0,0.1458644047470805,89.7828415320812,train
0.159769802160694,0.4419800110877564,0.1296050496910115,0.1227807323134574,0.0,0.1458644047470805,95.76119832066838,train
0.159769802160694,0.4419800110877564,0.1296050496910115,0.1227807323134574,0.0,0.1458644047470805,95.0364793627812,train
0.159769802160694,0.4419800110877564,0.1296050496910115,0.1227807323134574,0.0,0.1458644047470805,97.5824535375021,train
0.159769802160694,0.4419800110877564,0.1296050496910115,0.1227807323134574,0.0,0.1458644047470805,93.27998037413869,train
0.159769802160694,0.4419800110877564,0.1296050496910115,0.1227807323134574,0.0,0.1458644047470805,99.9731692408033,train
0.159769802160694,0.4419800110877564,0.1296050496910115,0.1227807323134574,0.0,0.1458644047470805,90.33066413684172,train
0.159769802160694,0.4419800110877564,0.1296050496910115,0.1227807323134574,0.0,0.1458644047470805,93.18790394772593,train
0.159769802160694,0.4419800110877564,0.1296050496910115,0.1227807323134574,0.0,0.1458644047470805,93.31809895626515,train
0.159769802160694,0.4419800110877564,0.1296050496910115,0.1227807323134574,0.0,0.1458644047470805,87.7963472209457,train
0.159769802160694,0.4419800110877564,0.1296050496910115,0.1227807323134574,0.0,0.1458644047470805,100.22944784785251,train
0.159769802160694,0.4419800110877564,0.1296050496910115,0.1227807323134574,0.0,0.1458644047470805,91.23890386125161,train
0.2109621697167597,0.4002201405866712,0.2141441400764116,0.0,0.0821738545007615,0.0924996951193958,8.742475922872218,train
0.2109621697167597,0.4002201405866712,0.2141441400764116,0.0,0.0821738545007615,0.0924996951193958,8.230667769658831,train
0.2109621697167597,0.4002201405866712,0.2141441400764116,0.0,0.0821738545007615,0.0924996951193958,8.977443685800004,train
0.2109621697167597,0.4002201405866712,0.2141441400764116,0.0,0.0821738545007615,0.0924996951193958,8.370397012872685,train
0.2109621697167597,0.4002201405866712,0.2141441400764116,0.0,0.0821738545007615,0.0924996951193958,8.267241170355504,train
0.2109621697167597,0.4002201405866712,0.2141441400764116,0.0,0.0821738545007615,0.0924996951193958,8.114210880436605,train
0.2109621697167597,0.4002201405866712,0.2141441400764116,0.0,0.0821738545007615,0.0924996951193958,8.962556763241606,train
0.2109621697167597,0.4002201405866712,0.2141441400764116,0.0,0.0821738545007615,0.0924996951193958,7.838849161328551,train
0.2109621697167597,0.4002201405866712,0.2141441400764116,0.0,0.0821738545007615,0.0924996951193958,8.342780912294229,train
0.2109621697167597,0.4002201405866712,0.2141441400764116,0.0,0.0821738545007615,0.0924996951193958,8.14230867943827,train
0.2109621697167597,0.4002201405866712,0.2141441400764116,0.0,0.0821738545007615,0.0924996951193958,9.422586317043908,train
0.2109621697167597,0.4002201405866712,0.2141441400764116,0.0,0.0821738545007615,0.0924996951193958,8.094591944616084,train
0.2109621697167597,0.4002201405866712,0.2141441400764116,0.0,0.0821738545007615,0.0924996951193958,7.727934763124278,train
0.2109621697167597,0.4002201405866712,0.2141441400764116,0.0,0.0821738545007615,0.0924996951193958,9.075306595646822,train
0.2109621697167597,0.4002201405866712,0.2141441400764116,0.0,0.0821738545007615,0.0924996951193958,9.144401059491083,train
0.2109621697167597,0.4002201405866712,0.2141441400764116,0.0,0.0821738545007615,0.0924996951193958,8.66004396726298,train
0.2109621697167597,0.4002201405866712,0.2141441400764116,0.0,0.0821738545007615,0.0924996951193958,8.99819527235668,train
0.2109621697167597,0.4002201405866712,0.2141441400764116,0.0,0.0821738545007615,0.0924996951193958,9.655155184530587,train
0.2109621697167597,0.4002201405866712,0.2141441400764116,0.0,0.0821738545007615,0.0924996951193958,9.324863341211026,train
0.2109621697167597,0.4002201405866712,0.2141441400764116,0.0,0.0821738545007615,0.0924996951193958,8.385313115348081,train
0.2109621697167597,0.4002201405866712,0.2141441400764116,0.0,0.0821738545007615,0.0924996951193958,9.214589265970236,train
0.2109621697167597,0.4002201405866712,0.2141441400764116,0.0,0.0821738545007615,0.0924996951193958,9.960777659912116,train
0.2109621697167597,0.4002201405866712,0.2141441400764116,0.0,0.0821738545007615,0.0924996951193958,8.414257438504304,train
0.2109621697167597,0.4002201405866712,0.2141441400764116,0.0,0.0821738545007615,0.0924996951193958,7.610404561912468,train
0.2109621697167597,0.4002201405866712,0.2141441400764116,0.0,0.0821738545007615,0.0924996951193958,8.476868604392628,train
0.2109621697167597,0.4002201405866712,0.2141441400764116,0.0,0.0821738545007615,0.0924996951193958,8.296493113722434,train
0.2109621697167597,0.4002201405866712,0.2141441400764116,0.0,0.0821738545007615,0.0924996951193958,7.936709804584618,train
0.2109621697167597,0.4002201405866712,0.2141441400764116,0.0,0.0821738545007615,0.0924996951193958,7.84350337480039,train
0.2109621697167597,0.4002201405866712,0.2141441400764116,0.0,0.0821738545007615,0.0924996951193958,7.625182453016395,train
0.2109621697167597,0.4002201405866712,0.2141441400764116,0.0,0.0821738545007615,0.0924996951193958,9.182201209707744,train
0.2628950117951479,0.4991987321272498,0.1646469149194859,0.0,0.0,0.0732593411581164,11.414335627180526,train
0.2628950117951479,0.4991987321272498,0.1646469149194859,0.0,0.0,0.0732593411581164,12.883745595588296,train
0.2628950117951479,0.4991987321272498,0.1646469149194859,0.0,0.0,0.0732593411581164,12.105616736025462,train
0.2628950117951479,0.4991987321272498,0.1646469149194859,0.0,0.0,0.0732593411581164,14.582480161685575,train
0.2628950117951479,0.4991987321272498,0.1646469149194859,0.0,0.0,0.0732593411581164,11.658941584354931,train
0.2628950117951479,0.4991987321272498,0.1646469149194859,0.0,0.0,0.0732593411581164,12.08558470619724,train
0.2628950117951479,0.4991987321272498,0.1646469149194859,0.0,0.0,0.0732593411581164,12.860221719354861,train
0.2628950117951479,0.4991987321272498,0.1646469149194859,0.0,0.0,0.0732593411581164,13.761265770849281,train
0.2628950117951479,0.4991987321272498,0.1646469149194859,0.0,0.0,0.0732593411581164,13.28245687337598,train
0.2628950117951479,0.4991987321272498,0.1646469149194859,0.0,0.0,0.0732593411581164,13.831644148303845,train
0.2628950117951479,0.4991987321272498,0.1646469149194859,0.0,0.0,0.0732593411581164,12.604043914938902,train
0.2628950117951479,0.4991987321272498,0.1646469149194859,0.0,0.0,0.0732593411581164,12.874780300570887,train
0.2628950117951479,0.4991987321272498,0.1646469149194859,0.0,0.0,0.0732593411581164,13.308790405875788,train
0.2628950117951479,0.4991987321272498,0.1646469149194859,0.0,0.0,0.0732593411581164,14.167191739879941,train
0.2628950117951479,0.4991987321272498,0.1646469149194859,0.0,0.0,0.0732593411581164,14.428012299356954,train
0.2628950117951479,0.4991987321272498,0.1646469149194859,0.0,0.0,0.0732593411581164,12.435433641812605,train
0.2628950117951479,0.4991987321272498,0.1646469149194859,0.0,0.0,0.0732593411581164,13.125798410683483,train
0.2628950117951479,0.4991987321272498,0.1646469149194859,0.0,0.0,0.0732593411581164,11.28723530222068,train
0.2628950117951479,0.4991987321272498,0.1646469149194859,0.0,0.0,0.0732593411581164,13.509162123774317,train
0.2628950117951479,0.4991987321272498,0.1646469149194859,0.0,0.0,0.0732593411581164,12.003114878647345,train
0.2628950117951479,0.4991987321272498,0.1646469149194859,0.0,0.0,0.0732593411581164,12.22492525285153,train
0.2628950117951479,0.4991987321272498,0.1646469149194859,0.0,0.0,0.0732593411581164,13.611510239772095,train
0.2628950117951479,0.4991987321272498,0.1646469149194859,0.0,0.0,0.0732593411581164,11.474996366224044,train
0.2628950117951479,0.4991987321272498,0.1646469149194859,0.0,0.0,0.0732593411581164,13.468243251022413,train
0.2628950117951479,0.4991987321272498,0.1646469149194859,0.0,0.0,0.0732593411581164,13.533518117220087,train
0.2628950117951479,0.4991987321272498,0.1646469149194859,0.0,0.0,0.0732593411581164,11.626545891448478,train
0.2628950117951479,0.4991987321272498,0.1646469149194859,0.0,0.0,0.0732593411581164,12.763380921100657,train
0.2628950117951479,0.4991987321272498,0.1646469149194859,0.0,0.0,0.0732593411581164,13.997651146155453,train
0.2628950117951479,0.4991987321272498,0.1646469149194859,0.0,0.0,0.0732593411581164,11.677540212572207,train
0.2628950117951479,0.4991987321272498,0.1646469149194859,0.0,0.0,0.0732593411581164,13.629907096550633,train
0.5308109599307134,0.3008694423191962,0.0,0.0857600083005031,0.0,0.0825595894495872,49.637001082670636,train
0.5308109599307134,0.3008694423191962,0.0,0.0857600083005031,0.0,0.0825595894495872,49.25012837331186,train
0.5308109599307134,0.3008694423191962,0.0,0.0857600083005031,0.0,0.0825595894495872,83.63863635006786,train
0.5308109599307134,0.3008694423191962,0.0,0.0857600083005031,0.0,0.0825595894495872,26.864221421409468,train
0.5308109599307134,0.3008694423191962,0.0,0.0857600083005031,0.0,0.0825595894495872,51.178060239681564,train
0.5308109599307134,0.3008694423191962,0.0,0.0857600083005031,0.0,0.0825595894495872,52.93145003254527,train
0.5308109599307134,0.3008694423191962,0.0,0.0857600083005031,0.0,0.0825595894495872,40.32492551735785,train
0.5308109599307134,0.3008694423191962,0.0,0.0857600083005031,0.0,0.0825595894495872,46.81552846628409,train
0.5308109599307134,0.3008694423191962,0.0,0.0857600083005031,0.0,0.0825595894495872,67.32156575002638,train
0.5308109599307134,0.3008694423191962,0.0,0.0857600083005031,0.0,0.0825595894495872,64.31367461824621,train
0.5308109599307134,0.3008694423191962,0.0,0.0857600083005031,0.0,0.0825595894495872,53.2185285807855,train
0.5308109599307134,0.3008694423191962,0.0,0.0857600083005031,0.0,0.0825595894495872,58.52505274541516,train
0.5308109599307134,0.3008694423191962,0.0,0.0857600083005031,0.0,0.0825595894495872,76.96434478830949,train
0.5308109599307134,0.3008694423191962,0.0,0.0857600083005031,0.0,0.0825595894495872,49.973092529227024,train
0.5308109599307134,0.3008694423191962,0.0,0.0857600083005031,0.0,0.0825595894495872,58.90881660239303,train
0.5308109599307134,0.3008694423191962,0.0,0.0857600083005031,0.0,0.0825595894495872,66.48961796408952,train
0.5308109599307134,0.3008694423191962,0.0,0.0857600083005031,0.0,0.0825595894495872,54.27595612322129,train
0.5308109599307134,0.3008694423191962,0.0,0.0857600083005031,0.0,0.0825595894495872,51.16478405251922,train
0.5308109599307134,0.3008694423191962,0.0,0.0857600083005031,0.0,0.0825595894495872,57.11385649079228,train
0.5308109599307134,0.3008694423191962,0.0,0.0857600083005031,0.0,0.0825595894495872,56.546679932422336,train
0.5308109599307134,0.3008694423191962,0.0,0.0857600083005031,0.0,0.0825595894495872,47.638548579226324,train
0.5308109599307134,0.3008694423191962,0.0,0.0857600083005031,0.0,0.0825595894495872,33.07106953788336,train
0.5308109599307134,0.3008694423191962,0.0,0.0857600083005031,0.0,0.0825595894495872,57.45418328128095,train
0.5308109599307134,0.3008694423191962,0.0,0.0857600083005031,0.0,0.0825595894495872,52.07837335521797,train
0.5308109599307134,0.3008694423191962,0.0,0.0857600083005031,0.0,0.0825595894495872,36.051341127335874,train
0.5308109599307134,0.3008694423191962,0.0,0.0857600083005031,0.0,0.0825595894495872,57.335494271408116,train
0.5308109599307134,0.3008694423191962,0.0,0.0857600083005031,0.0,0.0825595894495872,35.978546250932695,train
0.5308109599307134,0.3008694423191962,0.0,0.0857600083005031,0.0,0.0825595894495872,61.27111326696702,train
0.5308109599307134,0.3008694423191962,0.0,0.0857600083005031,0.0,0.0825595894495872,51.28679414604343,train
0.5308109599307134,0.3008694423191962,0.0,0.0857600083005031,0.0,0.0825595894495872,30.353569866253203,train
0.5593263594284578,0.1968846926557987,0.1626077395468457,0.0,0.0,0.0811812083688977,2.6493958263056436,train
0.5593263594284578,0.1968846926557987,0.1626077395468457,0.0,0.0,0.0811812083688977,1.7461382599237658,train
0.5593263594284578,0.1968846926557987,0.1626077395468457,0.0,0.0,0.0811812083688977,1.235801868657881,train
0.5593263594284578,0.1968846926557987,0.1626077395468457,0.0,0.0,0.0811812083688977,1.4470906887951611,train
0.5593263594284578,0.1968846926557987,0.1626077395468457,0.0,0.0,0.0811812083688977,2.0395458550520074,train
0.5593263594284578,0.1968846926557987,0.1626077395468457,0.0,0.0,0.0811812083688977,2.536534142285907,train
0.5593263594284578,0.1968846926557987,0.1626077395468457,0.0,0.0,0.0811812083688977,1.9294331427770104,train
0.5593263594284578,0.1968846926557987,0.1626077395468457,0.0,0.0,0.0811812083688977,2.898895366435492,train
0.5593263594284578,0.1968846926557987,0.1626077395468457,0.0,0.0,0.0811812083688977,2.233703361181257,train
0.5593263594284578,0.1968846926557987,0.1626077395468457,0.0,0.0,0.0811812083688977,2.137471093962213,train
0.5593263594284578,0.1968846926557987,0.1626077395468457,0.0,0.0,0.0811812083688977,2.193614897839601,train
0.5593263594284578,0.1968846926557987,0.1626077395468457,0.0,0.0,0.0811812083688977,1.7636603652156078,train
0.5593263594284578,0.1968846926557987,0.1626077395468457,0.0,0.0,0.0811812083688977,1.8477495372921555,train
0.5593263594284578,0.1968846926557987,0.1626077395468457,0.0,0.0,0.0811812083688977,1.9851609092974611,train
0.5593263594284578,0.1968846926557987,0.1626077395468457,0.0,0.0,0.0811812083688977,1.2313300167486858,train
0.5593263594284578,0.1968846926557987,0.1626077395468457,0.0,0.0,0.0811812083688977,1.9724656298141918,train
0.5593263594284578,0.1968846926557987,0.1626077395468457,0.0,0.0,0.0811812083688977,2.9418803384886005,train
0.5593263594284578,0.1968846926557987,0.1626077395468457,0.0,0.0,0.0811812083688977,1.9471403157601115,train
0.5593263594284578,0.1968846926557987,0.1626077395468457,0.0,0.0,0.0811812083688977,1.956891191610361,train
0.5593263594284578,0.1968846926557987,0.1626077395468457,0.0,0.0,0.0811812083688977,2.9718516090243385,train
0.5593263594284578,0.1968846926557987,0.1626077395468457,0.0,0.0,0.0811812083688977,2.5416938336291546,train
0.5593263594284578,0.1968846926557987,0.1626077395468457,0.0,0.0,0.0811812083688977,1.831900177964946,train
0.5593263594284578,0.1968846926557987,0.1626077395468457,0.0,0.0,0.0811812083688977,1.7120886427805315,train
0.5593263594284578,0.1968846926557987,0.1626077395468457,0.0,0.0,0.0811812083688977,1.63353047734696,train
0.5593263594284578,0.1968846926557987,0.1626077395468457,0.0,0.0,0.0811812083688977,2.364105604457809,train
0.5593263594284578,0.1968846926557987,0.1626077395468457,0.0,0.0,0.0811812083688977,1.0874415238709205,train
0.5593263594284578,0.1968846926557987,0.1626077395468457,0.0,0.0,0.0811812083688977,2.2244220179100846,train
0.5593263594284578,0.1968846926557987,0.1626077395468457,0.0,0.0,0.0811812083688977,2.807043376076498,train
0.5593263594284578,0.1968846926557987,0.1626077395468457,0.0,0.0,0.0811812083688977,2.6068209744524165,train
0.5593263594284578,0.1968846926557987,0.1626077395468457,0.0,0.0,0.0811812083688977,2.2624187750168456,train
0.6313261233454271,0.1523332733873075,0.0,0.069688467078214,0.0770926277375216,0.0695595084515295,44.77288812966143,train
0.6313261233454271,0.1523332733873075,0.0,0.069688467078214,0.0770926277375216,0.0695595084515295,43.36529961048232,train
0.6313261233454271,0.1523332733873075,0.0,0.069688467078214,0.0770926277375216,0.0695595084515295,16.415501857847296,train
0.6313261233454271,0.1523332733873075,0.0,0.069688467078214,0.0770926277375216,0.0695595084515295,48.540766206349176,train
0.6313261233454271,0.1523332733873075,0.0,0.069688467078214,0.0770926277375216,0.0695595084515295,48.3052810930015,train
0.6313261233454271,0.1523332733873075,0.0,0.069688467078214,0.0770926277375216,0.0695595084515295,50.53668511940122,train
0.6313261233454271,0.1523332733873075,0.0,0.069688467078214,0.0770926277375216,0.0695595084515295,37.80195799740598,train
0.6313261233454271,0.1523332733873075,0.0,0.069688467078214,0.0770926277375216,0.0695595084515295,38.96708054387856,train
0.6313261233454271,0.1523332733873075,0.0,0.069688467078214,0.0770926277375216,0.0695595084515295,59.328532435998106,train
0.6313261233454271,0.1523332733873075,0.0,0.069688467078214,0.0770926277375216,0.0695595084515295,13.699052309793473,train
0.6313261233454271,0.1523332733873075,0.0,0.069688467078214,0.0770926277375216,0.0695595084515295,37.59068304007529,train
0.6313261233454271,0.1523332733873075,0.0,0.069688467078214,0.0770926277375216,0.0695595084515295,60.26169454240818,train
0.6313261233454271,0.1523332733873075,0.0,0.069688467078214,0.0770926277375216,0.0695595084515295,30.433741822000137,train
0.6313261233454271,0.1523332733873075,0.0,0.069688467078214,0.0770926277375216,0.0695595084515295,39.564081416692396,train
0.6313261233454271,0.1523332733873075,0.0,0.069688467078214,0.0770926277375216,0.0695595084515295,37.48612300256536,train
0.6313261233454271,0.1523332733873075,0.0,0.069688467078214,0.0770926277375216,0.0695595084515295,62.93330967589065,train
0.6313261233454271,0.1523332733873075,0.0,0.069688467078214,0.0770926277375216,0.0695595084515295,26.909257142585886,train
0.6313261233454271,0.1523332733873075,0.0,0.069688467078214,0.0770926277375216,0.0695595084515295,37.04523738517461,train
0.6313261233454271,0.1523332733873075,0.0,0.069688467078214,0.0770926277375216,0.0695595084515295,57.2757998472324,train
0.6313261233454271,0.1523332733873075,0.0,0.069688467078214,0.0770926277375216,0.0695595084515295,34.169774241969186,train
0.6313261233454271,0.1523332733873075,0.0,0.069688467078214,0.0770926277375216,0.0695595084515295,30.758366868210814,train
0.6313261233454271,0.1523332733873075,0.0,0.069688467078214,0.0770926277375216,0.0695595084515295,24.884184570538448,train
0.6313261233454271,0.1523332733873075,0.0,0.069688467078214,0.0770926277375216,0.0695595084515295,38.484902492977184,train
0.6313261233454271,0.1523332733873075,0.0,0.069688467078214,0.0770926277375216,0.0695595084515295,25.09816451380045,train
0.6313261233454271,0.1523332733873075,0.0,0.069688467078214,0.0770926277375216,0.0695595084515295,39.88815478008985,train
0.6313261233454271,0.1523332733873075,0.0,0.069688467078214,0.0770926277375216,0.0695595084515295,50.580235356087854,train
0.6313261233454271,0.1523332733873075,0.0,0.069688467078214,0.0770926277375216,0.0695595084515295,16.048211759201635,train
0.6313261233454271,0.1523332733873075,0.0,0.069688467078214,0.0770926277375216,0.0695595084515295,28.466143576805646,train
0.6313261233454271,0.1523332733873075,0.0,0.069688467078214,0.0770926277375216,0.0695595084515295,20.4671383434054,train
0.6313261233454271,0.1523332733873075,0.0,0.069688467078214,0.0770926277375216,0.0695595084515295,45.385783469055646,train
0.2101589951048604,0.1897406163400691,0.108316249989577,0.1921504550706435,0.0,0.2996336834948498,15.941289005425194,train
0.2101589951048604,0.1897406163400691,0.108316249989577,0.1921504550706435,0.0,0.2996336834948498,11.50195962980661,train
0.2101589951048604,0.1897406163400691,0.108316249989577,0.1921504550706435,0.0,0.2996336834948498,13.04088926540632,train
0.2101589951048604,0.1897406163400691,0.108316249989577,0.1921504550706435,0.0,0.2996336834948498,12.461130308250068,train
0.2101589951048604,0.1897406163400691,0.108316249989577,0.1921504550706435,0.0,0.2996336834948498,12.625117111081765,train
0.2101589951048604,0.1897406163400691,0.108316249989577,0.1921504550706435,0.0,0.2996336834948498,12.101876780259401,train
0.2101589951048604,0.1897406163400691,0.108316249989577,0.1921504550706435,0.0,0.2996336834948498,12.708486775371451,train
0.2101589951048604,0.1897406163400691,0.108316249989577,0.1921504550706435,0.0,0.2996336834948498,12.247021834848708,train
0.2101589951048604,0.1897406163400691,0.108316249989577,0.1921504550706435,0.0,0.2996336834948498,11.475763101167807,train
0.2101589951048604,0.1897406163400691,0.108316249989577,0.1921504550706435,0.0,0.2996336834948498,11.53644557927336,train
0.2101589951048604,0.1897406163400691,0.108316249989577,0.1921504550706435,0.0,0.2996336834948498,11.093851867911578,train
0.2101589951048604,0.1897406163400691,0.108316249989577,0.1921504550706435,0.0,0.2996336834948498,12.870880194349592,train
0.2101589951048604,0.1897406163400691,0.108316249989577,0.1921504550706435,0.0,0.2996336834948498,11.019726306739399,train
0.2101589951048604,0.1897406163400691,0.108316249989577,0.1921504550706435,0.0,0.2996336834948498,12.170426434884238,train
0.2101589951048604,0.1897406163400691,0.108316249989577,0.1921504550706435,0.0,0.2996336834948498,12.110829639244052,train
0.2101589951048604,0.1897406163400691,0.108316249989577,0.1921504550706435,0.0,0.2996336834948498,13.173822891988602,train
0.2101589951048604,0.1897406163400691,0.108316249989577,0.1921504550706435,0.0,0.2996336834948498,12.127242465076728,train
0.2101589951048604,0.1897406163400691,0.108316249989577,0.1921504550706435,0.0,0.2996336834948498,13.194478149084357,train
0.2101589951048604,0.1897406163400691,0.108316249989577,0.1921504550706435,0.0,0.2996336834948498,12.047623923584904,train
0.2101589951048604,0.1897406163400691,0.108316249989577,0.1921504550706435,0.0,0.2996336834948498,11.139359955916824,train
0.2101589951048604,0.1897406163400691,0.108316249989577,0.1921504550706435,0.0,0.2996336834948498,8.157600179017264,train
0.2101589951048604,0.1897406163400691,0.108316249989577,0.1921504550706435,0.0,0.2996336834948498,11.797421109367017,train
0.2101589951048604,0.1897406163400691,0.108316249989577,0.1921504550706435,0.0,0.2996336834948498,12.005518557593543,train
0.2101589951048604,0.1897406163400691,0.108316249989577,0.1921504550706435,0.0,0.2996336834948498,11.402485446829324,train
0.2101589951048604,0.1897406163400691,0.108316249989577,0.1921504550706435,0.0,0.2996336834948498,11.464860560789802,train
0.2101589951048604,0.1897406163400691,0.108316249989577,0.1921504550706435,0.0,0.2996336834948498,12.597163596121126,train
0.2101589951048604,0.1897406163400691,0.108316249989577,0.1921504550706435,0.0,0.2996336834948498,12.187136219650881,train
0.2101589951048604,0.1897406163400691,0.108316249989577,0.1921504550706435,0.0,0.2996336834948498,12.72735199333869,train
0.2101589951048604,0.1897406163400691,0.108316249989577,0.1921504550706435,0.0,0.2996336834948498,11.526188531178756,train
0.2101589951048604,0.1897406163400691,0.108316249989577,0.1921504550706435,0.0,0.2996336834948498,11.202755680253448,train
0.0,0.2871786345133568,0.2403105803392148,0.393044152893331,0.0,0.0794666322540973,29.496909933966883,train
0.0,0.2871786345133568,0.2403105803392148,0.393044152893331,0.0,0.0794666322540973,28.467798736611872,train
0.0,0.2871786345133568,0.2403105803392148,0.393044152893331,0.0,0.0794666322540973,30.607097048198337,train
0.0,0.2871786345133568,0.2403105803392148,0.393044152893331,0.0,0.0794666322540973,29.268198622343142,train
0.0,0.2871786345133568,0.2403105803392148,0.393044152893331,0.0,0.0794666322540973,31.927426421087542,train
0.0,0.2871786345133568,0.2403105803392148,0.393044152893331,0.0,0.0794666322540973,27.674560331309593,train
0.0,0.2871786345133568,0.2403105803392148,0.393044152893331,0.0,0.0794666322540973,31.568902030087287,train
0.0,0.2871786345133568,0.2403105803392148,0.393044152893331,0.0,0.0794666322540973,28.62108161157301,train
0.0,0.2871786345133568,0.2403105803392148,0.393044152893331,0.0,0.0794666322540973,30.77683358026898,train
0.0,0.2871786345133568,0.2403105803392148,0.393044152893331,0.0,0.0794666322540973,30.99969328451263,train
0.0,0.2871786345133568,0.2403105803392148,0.393044152893331,0.0,0.0794666322540973,32.291040081685104,train
0.0,0.2871786345133568,0.2403105803392148,0.393044152893331,0.0,0.0794666322540973,28.38374361989996,train
0.0,0.2871786345133568,0.2403105803392148,0.393044152893331,0.0,0.0794666322540973,27.18750128495913,train
0.0,0.2871786345133568,0.2403105803392148,0.393044152893331,0.0,0.0794666322540973,26.944369373320498,train
0.0,0.2871786345133568,0.2403105803392148,0.393044152893331,0.0,0.0794666322540973,31.269427921027567,train
0.0,0.2871786345133568,0.2403105803392148,0.393044152893331,0.0,0.0794666322540973,32.778512498044414,train
0.0,0.2871786345133568,0.2403105803392148,0.393044152893331,0.0,0.0794666322540973,26.64058862007887,train
0.0,0.2871786345133568,0.2403105803392148,0.393044152893331,0.0,0.0794666322540973,27.505953651423763,train
0.0,0.2871786345133568,0.2403105803392148,0.393044152893331,0.0,0.0794666322540973,30.029072162357938,train
0.0,0.2871786345133568,0.2403105803392148,0.393044152893331,0.0,0.0794666322540973,30.52982365147497,train
0.0,0.2871786345133568,0.2403105803392148,0.393044152893331,0.0,0.0794666322540973,30.220932656874744,train
0.0,0.2871786345133568,0.2403105803392148,0.393044152893331,0.0,0.0794666322540973,30.234030020289364,train
0.0,0.2871786345133568,0.2403105803392148,0.393044152893331,0.0,0.0794666322540973,28.822237007136476,train
0.0,0.2871786345133568,0.2403105803392148,0.393044152893331,0.0,0.0794666322540973,28.771849926244787,train
0.0,0.2871786345133568,0.2403105803392148,0.393044152893331,0.0,0.0794666322540973,25.014225632293396,train
0.0,0.2871786345133568,0.2403105803392148,0.393044152893331,0.0,0.0794666322540973,31.33788178271007,train
0.0,0.2871786345133568,0.2403105803392148,0.393044152893331,0.0,0.0794666322540973,30.393868356163306,train
0.0,0.2871786345133568,0.2403105803392148,0.393044152893331,0.0,0.0794666322540973,33.33240269604867,train
0.0,0.2871786345133568,0.2403105803392148,0.393044152893331,0.0,0.0794666322540973,32.649742712568404,train
0.0,0.2871786345133568,0.2403105803392148,0.393044152893331,0.0,0.0794666322540973,27.747174724592718,train
0.2605721879300392,0.4937151755621157,0.1741091930397266,0.0,0.0,0.0716034434681183,7.260901653591293,train
0.2605721879300392,0.4937151755621157,0.1741091930397266,0.0,0.0,0.0716034434681183,8.308587007742949,train
0.2605721879300392,0.4937151755621157,0.1741091930397266,0.0,0.0,0.0716034434681183,8.012317383648355,train
0.2605721879300392,0.4937151755621157,0.1741091930397266,0.0,0.0,0.0716034434681183,8.440748267120716,train
0.2605721879300392,0.4937151755621157,0.1741091930397266,0.0,0.0,0.0716034434681183,8.517859733697556,train
0.2605721879300392,0.4937151755621157,0.1741091930397266,0.0,0.0,0.0716034434681183,7.220732447756118,train
0.2605721879300392,0.4937151755621157,0.1741091930397266,0.0,0.0,0.0716034434681183,7.975246768308057,train
0.2605721879300392,0.4937151755621157,0.1741091930397266,0.0,0.0,0.0716034434681183,8.258795720392849,train
0.2605721879300392,0.4937151755621157,0.1741091930397266,0.0,0.0,0.0716034434681183,6.899508602868039,train
0.2605721879300392,0.4937151755621157,0.1741091930397266,0.0,0.0,0.0716034434681183,8.219035188278163,train
0.2605721879300392,0.4937151755621157,0.1741091930397266,0.0,0.0,0.0716034434681183,8.40881040339343,train
0.2605721879300392,0.4937151755621157,0.1741091930397266,0.0,0.0,0.0716034434681183,8.776993798715333,train
0.2605721879300392,0.4937151755621157,0.1741091930397266,0.0,0.0,0.0716034434681183,8.526102864747918,train
0.2605721879300392,0.4937151755621157,0.1741091930397266,0.0,0.0,0.0716034434681183,7.040494143312244,train
0.2605721879300392,0.4937151755621157,0.1741091930397266,0.0,0.0,0.0716034434681183,7.418317797560636,train
0.2605721879300392,0.4937151755621157,0.1741091930397266,0.0,0.0,0.0716034434681183,7.3753920169968765,train
0.2605721879300392,0.4937151755621157,0.1741091930397266,0.0,0.0,0.0716034434681183,7.347381303836203,train
0.2605721879300392,0.4937151755621157,0.1741091930397266,0.0,0.0,0.0716034434681183,7.400365848893704,train
0.2605721879300392,0.4937151755621157,0.1741091930397266,0.0,0.0,0.0716034434681183,7.800435867912455,train
0.2605721879300392,0.4937151755621157,0.1741091930397266,0.0,0.0,0.0716034434681183,7.42849777935236,train
0.2605721879300392,0.4937151755621157,0.1741091930397266,0.0,0.0,0.0716034434681183,7.341254391728662,train
0.2605721879300392,0.4937151755621157,0.1741091930397266,0.0,0.0,0.0716034434681183,7.833783904765236,train
0.2605721879300392,0.4937151755621157,0.1741091930397266,0.0,0.0,0.0716034434681183,8.90562623229176,train
0.2605721879300392,0.4937151755621157,0.1741091930397266,0.0,0.0,0.0716034434681183,8.456970456679763,train
0.2605721879300392,0.4937151755621157,0.1741091930397266,0.0,0.0,0.0716034434681183,7.848788930269354,train
0.2605721879300392,0.4937151755621157,0.1741091930397266,0.0,0.0,0.0716034434681183,8.886065844825623,train
0.2605721879300392,0.4937151755621157,0.1741091930397266,0.0,0.0,0.0716034434681183,8.319552567047902,train
0.2605721879300392,0.4937151755621157,0.1741091930397266,0.0,0.0,0.0716034434681183,7.857802874531379,train
0.2605721879300392,0.4937151755621157,0.1741091930397266,0.0,0.0,0.0716034434681183,7.5352093044030255,train
0.2605721879300392,0.4937151755621157,0.1741091930397266,0.0,0.0,0.0716034434681183,7.5165432780486485,train
0.5548886084257583,0.1985692753510075,0.1631952219439171,0.0,0.0,0.083346894279317,5.527452790185533,train
0.5548886084257583,0.1985692753510075,0.1631952219439171,0.0,0.0,0.083346894279317,5.99083794023593,train
0.5548886084257583,0.1985692753510075,0.1631952219439171,0.0,0.0,0.083346894279317,5.821650446745575,train
0.5548886084257583,0.1985692753510075,0.1631952219439171,0.0,0.0,0.083346894279317,5.696426829993484,train
0.5548886084257583,0.1985692753510075,0.1631952219439171,0.0,0.0,0.083346894279317,4.8996546542158335,train
0.5548886084257583,0.1985692753510075,0.1631952219439171,0.0,0.0,0.083346894279317,5.617015738404377,train
0.5548886084257583,0.1985692753510075,0.1631952219439171,0.0,0.0,0.083346894279317,5.220883551203276,train
0.5548886084257583,0.1985692753510075,0.1631952219439171,0.0,0.0,0.083346894279317,4.799283324490745,train
0.5548886084257583,0.1985692753510075,0.1631952219439171,0.0,0.0,0.083346894279317,6.3614603182544585,train
0.5548886084257583,0.1985692753510075,0.1631952219439171,0.0,0.0,0.083346894279317,6.020592225673797,train
0.5548886084257583,0.1985692753510075,0.1631952219439171,0.0,0.0,0.083346894279317,5.853460891585339,train
0.5548886084257583,0.1985692753510075,0.1631952219439171,0.0,0.0,0.083346894279317,5.8096684549880875,train
0.5548886084257583,0.1985692753510075,0.1631952219439171,0.0,0.0,0.083346894279317,5.796405859839908,train
0.5548886084257583,0.1985692753510075,0.1631952219439171,0.0,0.0,0.083346894279317,5.9604818756734375,train
0.5548886084257583,0.1985692753510075,0.1631952219439171,0.0,0.0,0.083346894279317,5.364472463376287,train
0.5548886084257583,0.1985692753510075,0.1631952219439171,0.0,0.0,0.083346894279317,5.726843932095677,train
0.5548886084257583,0.1985692753510075,0.1631952219439171,0.0,0.0,0.083346894279317,5.365479506806186,train
0.5548886084257583,0.1985692753510075,0.1631952219439171,0.0,0.0,0.083346894279317,5.954753023462535,train
0.5548886084257583,0.1985692753510075,0.1631952219439171,0.0,0.0,0.083346894279317,6.505637083438332,train
0.5548886084257583,0.1985692753510075,0.1631952219439171,0.0,0.0,0.083346894279317,5.121053679647302,train
0.5548886084257583,0.1985692753510075,0.1631952219439171,0.0,0.0,0.083346894279317,5.691329832111781,train
0.5548886084257583,0.1985692753510075,0.1631952219439171,0.0,0.0,0.083346894279317,5.495296562387744,train
0.5548886084257583,0.1985692753510075,0.1631952219439171,0.0,0.0,0.083346894279317,5.481270838892959,train
0.5548886084257583,0.1985692753510075,0.1631952219439171,0.0,0.0,0.083346894279317,5.474124998252672,train
0.5548886084257583,0.1985692753510075,0.1631952219439171,0.0,0.0,0.083346894279317,5.533786649611013,train
0.5548886084257583,0.1985692753510075,0.1631952219439171,0.0,0.0,0.083346894279317,4.011540820694416,train
0.5548886084257583,0.1985692753510075,0.1631952219439171,0.0,0.0,0.083346894279317,6.37919911047884,train
0.5548886084257583,0.1985692753510075,0.1631952219439171,0.0,0.0,0.083346894279317,5.439636632367987,train
0.5548886084257583,0.1985692753510075,0.1631952219439171,0.0,0.0,0.083346894279317,6.080936378723729,train
0.5548886084257583,0.1985692753510075,0.1631952219439171,0.0,0.0,0.083346894279317,5.9149322566809595,train
0.5336866613665922,0.27705674536449,0.1046229837850826,0.0,0.0,0.0846336094838351,1.172959718920683,train
0.5336866613665922,0.27705674536449,0.1046229837850826,0.0,0.0,0.0846336094838351,1.2653517336733358,train
0.5336866613665922,0.27705674536449,0.1046229837850826,0.0,0.0,0.0846336094838351,1.102905988093816,train
0.5336866613665922,0.27705674536449,0.1046229837850826,0.0,0.0,0.0846336094838351,1.118455911094214,train
0.5336866613665922,0.27705674536449,0.1046229837850826,0.0,0.0,0.0846336094838351,1.057116784951704,train
0.5336866613665922,0.27705674536449,0.1046229837850826,0.0,0.0,0.0846336094838351,1.2290378635443444,train
0.5336866613665922,0.27705674536449,0.1046229837850826,0.0,0.0,0.0846336094838351,1.0647168140479568,train
0.5336866613665922,0.27705674536449,0.1046229837850826,0.0,0.0,0.0846336094838351,1.0577194204092657,train
0.5336866613665922,0.27705674536449,0.1046229837850826,0.0,0.0,0.0846336094838351,1.2118815550044846,train
0.5336866613665922,0.27705674536449,0.1046229837850826,0.0,0.0,0.0846336094838351,1.1182441555375744,train
0.5336866613665922,0.27705674536449,0.1046229837850826,0.0,0.0,0.0846336094838351,1.067724298654079,train
0.5336866613665922,0.27705674536449,0.1046229837850826,0.0,0.0,0.0846336094838351,1.3543139516096685,train
0.5336866613665922,0.27705674536449,0.1046229837850826,0.0,0.0,0.0846336094838351,1.1710833525119182,train
0.5336866613665922,0.27705674536449,0.1046229837850826,0.0,0.0,0.0846336094838351,1.2399651620670742,train
0.5336866613665922,0.27705674536449,0.1046229837850826,0.0,0.0,0.0846336094838351,1.0254960177955375,train
0.5336866613665922,0.27705674536449,0.1046229837850826,0.0,0.0,0.0846336094838351,1.2028745021726233,train
0.5336866613665922,0.27705674536449,0.1046229837850826,0.0,0.0,0.0846336094838351,1.0491990586501954,train
0.5336866613665922,0.27705674536449,0.1046229837850826,0.0,0.0,0.0846336094838351,1.1251527106978698,train
0.5336866613665922,0.27705674536449,0.1046229837850826,0.0,0.0,0.0846336094838351,1.2082358433898475,train
0.5336866613665922,0.27705674536449,0.1046229837850826,0.0,0.0,0.0846336094838351,1.1408229256855338,train
0.5336866613665922,0.27705674536449,0.1046229837850826,0.0,0.0,0.0846336094838351,1.1881200891323067,train
0.5336866613665922,0.27705674536449,0.1046229837850826,0.0,0.0,0.0846336094838351,1.1904541777534203,train
0.5336866613665922,0.27705674536449,0.1046229837850826,0.0,0.0,0.0846336094838351,1.1043734918762766,train
0.5336866613665922,0.27705674536449,0.1046229837850826,0.0,0.0,0.0846336094838351,1.1655733122125531,train
0.5336866613665922,0.27705674536449,0.1046229837850826,0.0,0.0,0.0846336094838351,1.275779538580775,train
0.5336866613665922,0.27705674536449,0.1046229837850826,0.0,0.0,0.0846336094838351,1.2518986668091308,train
0.5336866613665922,0.27705674536449,0.1046229837850826,0.0,0.0,0.0846336094838351,1.137227191263721,train
0.5336866613665922,0.27705674536449,0.1046229837850826,0.0,0.0,0.0846336094838351,1.0576327697866088,train
0.5336866613665922,0.27705674536449,0.1046229837850826,0.0,0.0,0.0846336094838351,1.081249096553032,train
0.5336866613665922,0.27705674536449,0.1046229837850826,0.0,0.0,0.0846336094838351,1.2193421754528244,train
0.001,0.46,0.204,0.104,0.179,0.053,103.43075571852245,val
0.001,0.46,0.204,0.104,0.179,0.053,107.0308564244764,val
0.001,0.46,0.204,0.104,0.179,0.053,100.24363117028751,val
0.001,0.46,0.204,0.104,0.179,0.053,97.0078042087629,val
0.001,0.46,0.204,0.104,0.179,0.053,91.02494137005753,val
0.001,0.46,0.204,0.104,0.179,0.053,110.56965268720525,val
0.001,0.46,0.204,0.104,0.179,0.053,100.01537395407478,val
0.001,0.46,0.204,0.104,0.179,0.053,110.20734776888133,val
0.001,0.46,0.204,0.104,0.179,0.053,100.53213455055432,val
0.001,0.46,0.204,0.104,0.179,0.053,113.90301355439789,val
0.001,0.46,0.204,0.104,0.179,0.053,112.18766768628882,val
0.001,0.46,0.204,0.104,0.179,0.053,102.14824696148081,val
0.001,0.46,0.204,0.104,0.179,0.053,104.0716654066662,val
0.001,0.46,0.204,0.104,0.179,0.053,116.92211536275991,val
0.001,0.46,0.204,0.104,0.179,0.053,109.63805301280523,val
0.001,0.46,0.204,0.104,0.179,0.053,113.68955888657827,val
0.001,0.46,0.204,0.104,0.179,0.053,103.62946212578586,val
0.001,0.46,0.204,0.104,0.179,0.053,108.74591141773296,val
0.001,0.46,0.204,0.104,0.179,0.053,118.91048076505844,val
0.001,0.46,0.204,0.104,0.179,0.053,121.47734475637385,val
0.001,0.46,0.204,0.104,0.179,0.053,108.41882115400989,val
0.001,0.46,0.204,0.104,0.179,0.053,92.48955871282391,val
0.001,0.46,0.204,0.104,0.179,0.053,106.98562191300925,val
0.001,0.46,0.204,0.104,0.179,0.053,107.36762966376172,val
0.001,0.46,0.204,0.104,0.179,0.053,97.0778228558789,val
0.001,0.46,0.204,0.104,0.179,0.053,97.00761173364516,val
0.001,0.46,0.204,0.104,0.179,0.053,109.83851632186462,val
0.001,0.46,0.204,0.104,0.179,0.053,111.04400046804247,val
0.001,0.46,0.204,0.104,0.179,0.053,97.38495280217995,val
0.001,0.46,0.204,0.104,0.179,0.053,110.82033733145657,val
0.002,0.573,0.036,0.098,0.144,0.147,135.79897600066465,val
0.002,0.573,0.036,0.098,0.144,0.147,118.07191836302503,val
0.002,0.573,0.036,0.098,0.144,0.147,90.25404614664171,val
0.002,0.573,0.036,0.098,0.144,0.147,113.60731226783612,val
0.002,0.573,0.036,0.098,0.144,0.147,94.41254645043534,val
0.002,0.573,0.036,0.098,0.144,0.147,133.9028320131617,val
0.002,0.573,0.036,0.098,0.144,0.147,104.28595797645472,val
0.002,0.573,0.036,0.098,0.144,0.147,88.77221666124446,val
0.002,0.573,0.036,0.098,0.144,0.147,106.79550292700034,val
0.002,0.573,0.036,0.098,0.144,0.147,100.15446950893207,val
0.002,0.573,0.036,0.098,0.144,0.147,91.4769674087281,val
0.002,0.573,0.036,0.098,0.144,0.147,112.50958874931328,val
0.002,0.573,0.036,0.098,0.144,0.147,111.47250587271265,val
0.002,0.573,0.036,0.098,0.144,0.147,122.37410051334425,val
0.002,0.573,0.036,0.098,0.144,0.147,104.69859480932877,val
0.002,0.573,0.036,0.098,0.144,0.147,103.2869888820956,val
0.002,0.573,0.036,0.098,0.144,0.147,94.80495425288521,val
0.002,0.573,0.036,0.098,0.144,0.147,103.63279292921253,val
0.002,0.573,0.036,0.098,0.144,0.147,104.83824064780596,val
0.002,0.573,0.036,0.098,0.144,0.147,120.76981349891847,val
0.002,0.573,0.036,0.098,0.144,0.147,124.3983538585723,val
0.002,0.573,0.036,0.098,0.144,0.147,110.72968848491534,val
0.002,0.573,0.036,0.098,0.144,0.147,104.19507746570608,val
0.002,0.573,0.036,0.098,0.144,0.147,128.26651333272403,val
0.002,0.573,0.036,0.098,0.144,0.147,107.78535537075923,val
0.002,0.573,0.036,0.098,0.144,0.147,91.9267856440602,val
0.002,0.573,0.036,0.098,0.144,0.147,100.8611809871087,val
0.002,0.573,0.036,0.098,0.144,0.147,111.00167331738481,val
0.002,0.573,0.036,0.098,0.144,0.147,123.25674086043186,val
0.002,0.573,0.036,0.098,0.144,0.147,134.15515963926197,val
0.033,0.59,0.089,0.089,0.149,0.051,93.17951814236203,val
0.033,0.59,0.089,0.089,0.149,0.051,104.38633589637097,val
0.033,0.59,0.089,0.089,0.149,0.051,85.7602851353951,val
0.033,0.59,0.089,0.089,0.149,0.051,84.3479702732283,val
0.033,0.59,0.089,0.089,0.149,0.051,53.0530929416834,val
0.033,0.59,0.089,0.089,0.149,0.051,83.50409652532592,val
0.033,0.59,0.089,0.089,0.149,0.051,124.08541950237091,val
0.033,0.59,0.089,0.089,0.149,0.051,104.22941272822737,val
0.033,0.59,0.089,0.089,0.149,0.051,59.017803393513006,val
0.033,0.59,0.089,0.089,0.149,0.051,40.21970883803404,val
0.033,0.59,0.089,0.089,0.149,0.051,89.43358966267073,val
0.033,0.59,0.089,0.089,0.149,0.051,111.49757280494924,val
0.033,0.59,0.089,0.089,0.149,0.051,35.61224884904761,val
0.033,0.59,0.089,0.089,0.149,0.051,57.51186466320031,val
0.033,0.59,0.089,0.089,0.149,0.051,93.2521389604304,val
0.033,0.59,0.089,0.089,0.149,0.051,83.54168260369977,val
0.033,0.59,0.089,0.089,0.149,0.051,103.11530047650942,val
0.033,0.59,0.089,0.089,0.149,0.051,56.47340082725111,val
0.033,0.59,0.089,0.089,0.149,0.051,70.59867531493667,val
0.033,0.59,0.089,0.089,0.149,0.051,96.97937534349911,val
0.033,0.59,0.089,0.089,0.149,0.051,60.50250546964794,val
0.033,0.59,0.089,0.089,0.149,0.051,105.49229891101733,val
0.033,0.59,0.089,0.089,0.149,0.051,120.41260060383289,val
0.033,0.59,0.089,0.089,0.149,0.051,73.3988702984413,val
0.033,0.59,0.089,0.089,0.149,0.051,85.39291187550167,val
0.033,0.59,0.089,0.089,0.149,0.051,29.66892087629315,val
0.033,0.59,0.089,0.089,0.149,0.051,72.57160178104321,val
0.033,0.59,0.089,0.089,0.149,0.051,109.36223847615659,val
0.033,0.59,0.089,0.089,0.149,0.051,122.54907695022143,val
0.033,0.59,0.089,0.089,0.149,0.051,66.36226712731288,val
0.0,0.67,0.0,0.1,0.17,0.06,165.1916412804659,val
0.0,0.67,0.0,0.1,0.17,0.06,169.75580351178485,val
0.0,0.67,0.0,0.1,0.17,0.06,164.95406311045355,val
0.0,0.67,0.0,0.1,0.17,0.06,163.46334714535783,val
0.0,0.67,0.0,0.1,0.17,0.06,164.9683537247264,val
0.0,0.67,0.0,0.1,0.17,0.06,162.21235768296867,val
0.0,0.67,0.0,0.1,0.17,0.06,160.48649507565534,val
0.0,0.67,0.0,0.1,0.17,0.06,161.86939153130658,val
0.0,0.67,0.0,0.1,0.17,0.06,155.09514018336688,val
0.0,0.67,0.0,0.1,0.17,0.06,169.83854372802494,val
0.0,0.67,0.0,0.1,0.17,0.06,162.76458476373512,val
0.0,0.67,0.0,0.1,0.17,0.06,166.79196678316387,val
0.0,0.67,0.0,0.1,0.17,0.06,165.10755376661226,val
0.0,0.67,0.0,0.1,0.17,0.06,170.44244972207122,val
0.0,0.67,0.0,0.1,0.17,0.06,166.1177366310955,val
0.0,0.67,0.0,0.1,0.17,0.06,160.16806764263308,val
0.0,0.67,0.0,0.1,0.17,0.06,164.2266960972277,val
0.0,0.67,0.0,0.1,0.17,0.06,160.12807760342045,val
0.0,0.67,0.0,0.1,0.17,0.06,162.50551805030273,val
0.0,0.67,0.0,0.1,0.17,0.06,170.60456800451075,val
0.0,0.67,0.0,0.1,0.17,0.06,162.336826888665,val
0.0,0.67,0.0,0.1,0.17,0.06,164.47403279756003,val
0.0,0.67,0.0,0.1,0.17,0.06,165.80720893951926,val
0.0,0.67,0.0,0.1,0.17,0.06,156.07415325909892,val
0.0,0.67,0.0,0.1,0.17,0.06,160.00001897543498,val
0.0,0.67,0.0,0.1,0.17,0.06,164.31748382574196,val
0.0,0.67,0.0,0.1,0.17,0.06,167.5962063915179,val
0.0,0.67,0.0,0.1,0.17,0.06,166.797912555589,val
0.0,0.67,0.0,0.1,0.17,0.06,164.51289570467358,val
0.0,0.67,0.0,0.1,0.17,0.06,158.88852832564373,val
0.0,0.681,0.0,0.11,0.15,0.06,149.2682610625813,val
0.0,0.681,0.0,0.11,0.15,0.06,154.10510499485062,val
0.0,0.681,0.0,0.11,0.15,0.06,155.88848537472688,val
0.0,0.681,0.0,0.11,0.15,0.06,152.47641448336103,val
0.0,0.681,0.0,0.11,0.15,0.06,152.97890419816508,val
0.0,0.681,0.0,0.11,0.15,0.06,159.40469091299698,val
0.0,0.681,0.0,0.11,0.15,0.06,170.4249109765141,val
0.0,0.681,0.0,0.11,0.15,0.06,148.05377267118172,val
0.0,0.681,0.0,0.11,0.15,0.06,166.36782511813647,val
0.0,0.681,0.0,0.11,0.15,0.06,159.40778282083363,val
0.0,0.681,0.0,0.11,0.15,0.06,158.59044503636565,val
0.0,0.681,0.0,0.11,0.15,0.06,158.5118065890625,val
0.0,0.681,0.0,0.11,0.15,0.06,150.73579792920114,val
0.0,0.681,0.0,0.11,0.15,0.06,156.958966854704,val
0.0,0.681,0.0,0.11,0.15,0.06,151.58302808371872,val
0.0,0.681,0.0,0.11,0.15,0.06,162.75478404318096,val
0.0,0.681,0.0,0.11,0.15,0.06,166.35247946482545,val
0.0,0.681,0.0,0.11,0.15,0.06,155.99113796965403,val
0.0,0.681,0.0,0.11,0.15,0.06,161.13725919763812,val
0.0,0.681,0.0,0.11,0.15,0.06,145.16872762659986,val
0.0,0.681,0.0,0.11,0.15,0.06,149.05242287060867,val
0.0,0.681,0.0,0.11,0.15,0.06,148.904164143389,val
0.0,0.681,0.0,0.11,0.15,0.06,157.23608611079598,val
0.0,0.681,0.0,0.11,0.15,0.06,165.1815008784015,val
0.0,0.681,0.0,0.11,0.15,0.06,176.47610616373112,val
0.0,0.681,0.0,0.11,0.15,0.06,158.44326138539833,val
0.0,0.681,0.0,0.11,0.15,0.06,152.13238717465612,val
0.0,0.681,0.0,0.11,0.15,0.06,153.74070598819864,val
0.0,0.681,0.0,0.11,0.15,0.06,150.68455192511016,val
0.0,0.681,0.0,0.11,0.15,0.06,154.05252021877138,val
0.0,0.32,0.01,0.15,0.52,0.0,181.71345981100416,val
0.0,0.32,0.01,0.15,0.52,0.0,162.53254014184583,val
0.0,0.32,0.01,0.15,0.52,0.0,161.40928950976166,val
0.0,0.32,0.01,0.15,0.52,0.0,127.28575147124748,val
0.0,0.32,0.01,0.15,0.52,0.0,170.36252003357453,val
0.0,0.32,0.01,0.15,0.52,0.0,146.6540265500838,val
0.0,0.32,0.01,0.15,0.52,0.0,146.34612587455902,val
0.0,0.32,0.01,0.15,0.52,0.0,122.88588172982764,val
0.0,0.32,0.01,0.15,0.52,0.0,166.02427392186362,val
0.0,0.32,0.01,0.15,0.52,0.0,157.17764476052918,val
0.0,0.32,0.01,0.15,0.52,0.0,161.8572123472916,val
0.0,0.32,0.01,0.15,0.52,0.0,163.62944271803266,val
0.0,0.32,0.01,0.15,0.52,0.0,129.55717235101798,val
0.0,0.32,0.01,0.15,0.52,0.0,148.82033819877557,val
0.0,0.32,0.01,0.15,0.52,0.0,138.96426568850532,val
0.0,0.32,0.01,0.15,0.52,0.0,134.84438379364073,val
0.0,0.32,0.01,0.15,0.52,0.0,118.86163650966348,val
0.0,0.32,0.01,0.15,0.52,0.0,140.36759483144647,val
0.0,0.32,0.01,0.15,0.52,0.0,136.95025869425572,val
0.0,0.32,0.01,0.15,0.52,0.0,164.44693018088628,val
0.0,0.32,0.01,0.15,0.52,0.0,148.64902853855713,val
0.0,0.32,0.01,0.15,0.52,0.0,167.11684811436004,val
0.0,0.32,0.01,0.15,0.52,0.0,143.88099944171486,val
0.0,0.32,0.01,0.15,0.52,0.0,149.42582055722335,val
0.0,0.32,0.01,0.15,0.52,0.0,165.37477989864956,val
0.0,0.32,0.01,0.15,0.52,0.0,125.90301932461642,val
0.0,0.32,0.01,0.15,0.52,0.0,152.3835507559552,val
0.0,0.32,0.01,0.15,0.52,0.0,182.2311812877083,val
0.0,0.32,0.01,0.15,0.52,0.0,168.1974010257396,val
0.0,0.32,0.01,0.15,0.52,0.0,111.60181397751685,val
0.0,0.24,0.11,0.06,0.23,0.36,89.23906954523267,val
0.0,0.24,0.11,0.06,0.23,0.36,79.80422308261076,val
0.0,0.24,0.11,0.06,0.23,0.36,112.05879777626208,val
0.0,0.24,0.11,0.06,0.23,0.36,87.51754460853363,val
0.0,0.24,0.11,0.06,0.23,0.36,90.62571286052773,val
0.0,0.24,0.11,0.06,0.23,0.36,120.38773827685205,val
0.0,0.24,0.11,0.06,0.23,0.36,106.95011970828237,val
0.0,0.24,0.11,0.06,0.23,0.36,95.86547860277953,val
0.0,0.24,0.11,0.06,0.23,0.36,104.80240515211148,val
0.0,0.24,0.11,0.06,0.23,0.36,112.90366120549872,val
0.0,0.24,0.11,0.06,0.23,0.36,87.38670189508571,val
0.0,0.24,0.11,0.06,0.23,0.36,81.80307774200956,val
0.0,0.24,0.11,0.06,0.23,0.36,78.48633815669992,val
0.0,0.24,0.11,0.06,0.23,0.36,78.77729717974563,val
0.0,0.24,0.11,0.06,0.23,0.36,147.94277887910656,val
0.0,0.24,0.11,0.06,0.23,0.36,102.34100066350766,val
0.0,0.24,0.11,0.06,0.23,0.36,98.21544948565918,val
0.0,0.24,0.11,0.06,0.23,0.36,101.35912835427136,val
0.0,0.24,0.11,0.06,0.23,0.36,111.5636503669657,val
0.0,0.24,0.11,0.06,0.23,0.36,110.90279626983241,val
0.0,0.24,0.11,0.06,0.23,0.36,113.18430447116984,val
0.0,0.24,0.11,0.06,0.23,0.36,115.45034656659607,val
0.0,0.24,0.11,0.06,0.23,0.36,108.576950131757,val
0.0,0.24,0.11,0.06,0.23,0.36,113.35433992773669,val
0.0,0.24,0.11,0.06,0.23,0.36,102.68701986449136,val
0.0,0.24,0.11,0.06,0.23,0.36,80.80303384054773,val
0.0,0.24,0.11,0.06,0.23,0.36,101.96968547837592,val
0.0,0.24,0.11,0.06,0.23,0.36,102.95812641273208,val
0.0,0.24,0.11,0.06,0.23,0.36,75.94500528690455,val
0.0,0.24,0.11,0.06,0.23,0.36,121.00284863803135,val
0.26,0.25,0.31,0.18,0.0,0.0,93.69097185530269,val
0.26,0.25,0.31,0.18,0.0,0.0,57.27626880426999,val
0.26,0.25,0.31,0.18,0.0,0.0,83.17910357068847,val
0.26,0.25,0.31,0.18,0.0,0.0,86.99607071184192,val
0.26,0.25,0.31,0.18,0.0,0.0,73.22613238616839,val
0.26,0.25,0.31,0.18,0.0,0.0,74.84930505832494,val
0.26,0.25,0.31,0.18,0.0,0.0,83.81044893093011,val
0.26,0.25,0.31,0.18,0.0,0.0,82.71835470906257,val
0.26,0.25,0.31,0.18,0.0,0.0,94.28134803123856,val
0.26,0.25,0.31,0.18,0.0,0.0,75.11249896421663,val
0.26,0.25,0.31,0.18,0.0,0.0,69.14687271385628,val
0.26,0.25,0.31,0.18,0.0,0.0,80.78188409246445,val
0.26,0.25,0.31,0.18,0.0,0.0,79.5032352786664,val
0.26,0.25,0.31,0.18,0.0,0.0,67.84963914644345,val
0.26,0.25,0.31,0.18,0.0,0.0,77.47023016575469,val
0.26,0.25,0.31,0.18,0.0,0.0,74.485355678485,val
0.26,0.25,0.31,0.18,0.0,0.0,80.9101123963011,val
0.26,0.25,0.31,0.18,0.0,0.0,74.76862197062785,val
0.26,0.25,0.31,0.18,0.0,0.0,73.89088764034474,val
0.26,0.25,0.31,0.18,0.0,0.0,73.2557036946489,val
0.26,0.25,0.31,0.18,0.0,0.0,59.71419172896257,val
0.26,0.25,0.31,0.18,0.0,0.0,78.47987741040907,val
0.26,0.25,0.31,0.18,0.0,0.0,61.81258714612858,val
0.26,0.25,0.31,0.18,0.0,0.0,75.62705242556376,val
0.26,0.25,0.31,0.18,0.0,0.0,80.33618906625277,val
0.26,0.25,0.31,0.18,0.0,0.0,85.1418205452964,val
0.26,0.25,0.31,0.18,0.0,0.0,84.63652936117781,val
0.26,0.25,0.31,0.18,0.0,0.0,71.15153878607273,val
0.26,0.25,0.31,0.18,0.0,0.0,69.21280302827358,val
0.26,0.25,0.31,0.18,0.0,0.0,82.85524587370014,val
0.08,0.49,0.0,0.15,0.13,0.15,135.81442481888047,val
0.08,0.49,0.0,0.15,0.13,0.15,119.58144104092082,val
0.08,0.49,0.0,0.15,0.13,0.15,97.30518447073247,val
0.08,0.49,0.0,0.15,0.13,0.15,105.76639728151638,val
0.08,0.49,0.0,0.15,0.13,0.15,113.06055937409546,val
0.08,0.49,0.0,0.15,0.13,0.15,80.84856429849287,val
0.08,0.49,0.0,0.15,0.13,0.15,141.18488545464535,val
0.08,0.49,0.0,0.15,0.13,0.15,123.61521054842427,val
0.08,0.49,0.0,0.15,0.13,0.15,105.87912551145615,val
0.08,0.49,0.0,0.15,0.13,0.15,120.52661856973475,val
0.08,0.49,0.0,0.15,0.13,0.15,114.16492786993213,val
0.08,0.49,0.0,0.15,0.13,0.15,146.62927654500945,val
0.08,0.49,0.0,0.15,0.13,0.15,117.10289308111653,val
0.08,0.49,0.0,0.15,0.13,0.15,108.29821196509528,val
0.08,0.49,0.0,0.15,0.13,0.15,139.81319390816375,val
0.08,0.49,0.0,0.15,0.13,0.15,122.34974863192271,val
0.08,0.49,0.0,0.15,0.13,0.15,75.50305390861743,val
0.08,0.49,0.0,0.15,0.13,0.15,119.01930520047188,val
0.08,0.49,0.0,0.15,0.13,0.15,114.35144080919146,val
0.08,0.49,0.0,0.15,0.13,0.15,95.13794279046888,val
0.08,0.49,0.0,0.15,0.13,0.15,142.7796583624936,val
0.08,0.49,0.0,0.15,0.13,0.15,118.18524738933088,val
0.08,0.49,0.0,0.15,0.13,0.15,111.31241577174032,val
0.08,0.49,0.0,0.15,0.13,0.15,147.2669323070149,val
0.08,0.49,0.0,0.15,0.13,0.15,106.79430835514171,val
0.08,0.49,0.0,0.15,0.13,0.15,120.03631930743836,val
0.08,0.49,0.0,0.15,0.13,0.15,101.23688098061874,val
0.08,0.49,0.0,0.15,0.13,0.15,107.91415625976799,val
0.08,0.49,0.0,0.15,0.13,0.15,112.11023674461924,val
0.08,0.49,0.0,0.15,0.13,0.15,125.84633044414177,val
0.071,0.525,0.05,0.141,0.181,0.031,145.18524784919657,val
0.071,0.525,0.05,0.141,0.181,0.031,132.74122978035666,val
0.071,0.525,0.05,0.141,0.181,0.031,135.18043793926142,val
0.071,0.525,0.05,0.141,0.181,0.031,126.99437268007098,val
0.071,0.525,0.05,0.141,0.181,0.031,133.8785631813436,val
0.071,0.525,0.05,0.141,0.181,0.031,136.04079418935902,val
0.071,0.525,0.05,0.141,0.181,0.031,146.36138854743402,val
0.071,0.525,0.05,0.141,0.181,0.031,111.32228635988263,val
0.071,0.525,0.05,0.141,0.181,0.031,145.90976729734825,val
0.071,0.525,0.05,0.141,0.181,0.031,158.34313992723554,val
0.071,0.525,0.05,0.141,0.181,0.031,129.69701776966454,val
0.071,0.525,0.05,0.141,0.181,0.031,136.50712629522826,val
0.071,0.525,0.05,0.141,0.181,0.031,132.99867694439746,val
0.071,0.525,0.05,0.141,0.181,0.031,145.49789438053955,val
0.071,0.525,0.05,0.141,0.181,0.031,126.12724783399892,val
0.071,0.525,0.05,0.141,0.181,0.031,146.22770669418594,val
0.071,0.525,0.05,0.141,0.181,0.031,83.95650754995796,val
0.071,0.525,0.05,0.141,0.181,0.031,156.91004031961367,val
0.071,0.525,0.05,0.141,0.181,0.031,134.80598313950713,val
0.071,0.525,0.05,0.141,0.181,0.031,144.81610398319734,val
0.071,0.525,0.05,0.141,0.181,0.031,109.88638766063221,val
0.071,0.525,0.05,0.141,0.181,0.031,145.44328589114744,val
0.071,0.525,0.05,0.141,0.181,0.031,129.1227445960486,val
0.071,0.525,0.05,0.141,0.181,0.031,151.86706388139973,val
0.071,0.525,0.05,0.141,0.181,0.031,122.22342644412043,val
0.071,0.525,0.05,0.141,0.181,0.031,120.31211737121035,val
0.071,0.525,0.05,0.141,0.181,0.031,151.9684867623131,val
0.071,0.525,0.05,0.141,0.181,0.031,149.40005233075365,val
0.071,0.525,0.05,0.141,0.181,0.031,116.43634860849448,val
0.071,0.525,0.05,0.141,0.181,0.031,129.34995946463897,val
0.069,0.327,0.03,0.337,0.227,0.01,79.24297782583444,val
0.069,0.327,0.03,0.337,0.227,0.01,82.12948627000972,val
0.069,0.327,0.03,0.337,0.227,0.01,98.81556633547643,val
0.069,0.327,0.03,0.337,0.227,0.01,82.88167185828473,val
0.069,0.327,0.03,0.337,0.227,0.01,98.68855912478607,val
0.069,0.327,0.03,0.337,0.227,0.01,76.2550007832869,val
0.069,0.327,0.03,0.337,0.227,0.01,106.66891705285339,val
0.069,0.327,0.03,0.337,0.227,0.01,104.58295058657127,val
0.069,0.327,0.03,0.337,0.227,0.01,92.70250936428612,val
0.069,0.327,0.03,0.337,0.227,0.01,84.62129516395117,val
0.069,0.327,0.03,0.337,0.227,0.01,112.97097226104472,val
0.069,0.327,0.03,0.337,0.227,0.01,109.51102418027013,val
0.069,0.327,0.03,0.337,0.227,0.01,81.32337149495812,val
0.069,0.327,0.03,0.337,0.227,0.01,95.2023083793065,val
0.069,0.327,0.03,0.337,0.227,0.01,78.59300253231746,val
0.069,0.327,0.03,0.337,0.227,0.01,95.70565622454862,val
0.069,0.327,0.03,0.337,0.227,0.01,65.3320185820395,val
0.069,0.327,0.03,0.337,0.227,0.01,100.20288742299734,val
0.069,0.327,0.03,0.337,0.227,0.01,105.1727022023826,val
0.069,0.327,0.03,0.337,0.227,0.01,82.84919738651408,val
0.069,0.327,0.03,0.337,0.227,0.01,106.35782555391297,val
0.069,0.327,0.03,0.337,0.227,0.01,62.45604499168694,val
0.069,0.327,0.03,0.337,0.227,0.01,101.04094760125179,val
0.069,0.327,0.03,0.337,0.227,0.01,98.72733007870546,val
0.069,0.327,0.03,0.337,0.227,0.01,89.33914380048682,val
0.069,0.327,0.03,0.337,0.227,0.01,86.4811796497631,val
0.069,0.327,0.03,0.337,0.227,0.01,89.43587126968947,val
0.069,0.327,0.03,0.337,0.227,0.01,87.93984433089297,val
0.069,0.327,0.03,0.337,0.227,0.01,101.62627908795581,val
0.069,0.327,0.03,0.337,0.227,0.01,105.57709664286219,val
0.179,0.25,0.121,0.16,0.27,0.02,106.00711443928071,val
0.179,0.25,0.121,0.16,0.27,0.02,122.11273846172895,val
0.179,0.25,0.121,0.16,0.27,0.02,101.04390254606459,val
0.179,0.25,0.121,0.16,0.27,0.02,98.13788163046085,val
0.179,0.25,0.121,0.16,0.27,0.02,95.2510498476801,val
0.179,0.25,0.121,0.16,0.27,0.02,113.16463478662484,val
0.179,0.25,0.121,0.16,0.27,0.02,122.88809523157073,val
0.179,0.25,0.121,0.16,0.27,0.02,78.08394951009359,val
0.179,0.25,0.121,0.16,0.27,0.02,95.3486012594166,val
0.179,0.25,0.121,0.16,0.27,0.02,108.98329371058747,val
0.179,0.25,0.121,0.16,0.27,0.02,107.44002542941504,val
0.179,0.25,0.121,0.16,0.27,0.02,124.6060046060496,val
0.179,0.25,0.121,0.16,0.27,0.02,117.3426862936128,val
0.179,0.25,0.121,0.16,0.27,0.02,105.22131692008784,val
0.179,0.25,0.121,0.16,0.27,0.02,107.12300871166138,val
0.179,0.25,0.121,0.16,0.27,0.02,121.71819717974532,val
0.179,0.25,0.121,0.16,0.27,0.02,85.86903198346906,val
0.179,0.25,0.121,0.16,0.27,0.02,85.48556397922405,val
0.179,0.25,0.121,0.16,0.27,0.02,88.78376011535947,val
0.179,0.25,0.121,0.16,0.27,0.02,108.49055483715811,val
0.179,0.25,0.121,0.16,0.27,0.02,107.7864164953259,val
0.179,0.25,0.121,0.16,0.27,0.02,107.14060835983692,val
0.179,0.25,0.121,0.16,0.27,0.02,103.43646608922542,val
0.179,0.25,0.121,0.16,0.27,0.02,76.38898619968916,val
0.179,0.25,0.121,0.16,0.27,0.02,88.08893517567869,val
0.179,0.25,0.121,0.16,0.27,0.02,92.56723108090746,val
0.179,0.25,0.121,0.16,0.27,0.02,89.67083545638263,val
0.179,0.25,0.121,0.16,0.27,0.02,87.05111996925923,val
0.179,0.25,0.121,0.16,0.27,0.02,97.34920745261049,val
0.179,0.25,0.121,0.16,0.27,0.02,115.27272851661169,val
0.0,0.484,0.0,0.091,0.425,0.0,192.31986733713967,val
0.0,0.484,0.0,0.091,0.425,0.0,191.96296574830697,val
0.0,0.484,0.0,0.091,0.425,0.0,174.4706688628785,val
0.0,0.484,0.0,0.091,0.425,0.0,167.6264805996218,val
0.0,0.484,0.0,0.091,0.425,0.0,171.72691118790854,val
0.0,0.484,0.0,0.091,0.425,0.0,169.3827664465145,val
0.0,0.484,0.0,0.091,0.425,0.0,171.44751329984413,val
0.0,0.484,0.0,0.091,0.425,0.0,185.23630322258208,val
0.0,0.484,0.0,0.091,0.425,0.0,166.80803057635862,val
0.0,0.484,0.0,0.091,0.425,0.0,183.84723836001555,val
0.0,0.484,0.0,0.091,0.425,0.0,199.99733523776007,val
0.0,0.484,0.0,0.091,0.425,0.0,187.19730386046342,val
0.0,0.484,0.0,0.091,0.425,0.0,174.3849107882259,val
0.0,0.484,0.0,0.091,0.425,0.0,173.04051825696695,val
0.0,0.484,0.0,0.091,0.425,0.0,186.82628089574538,val
0.0,0.484,0.0,0.091,0.425,0.0,192.85172161170755,val
0.0,0.484,0.0,0.091,0.425,0.0,179.61133392481307,val
0.0,0.484,0.0,0.091,0.425,0.0,190.83053810290576,val
0.0,0.484,0.0,0.091,0.425,0.0,164.7959780741925,val
0.0,0.484,0.0,0.091,0.425,0.0,179.44372001021733,val
0.0,0.484,0.0,0.091,0.425,0.0,170.38019746966614,val
0.0,0.484,0.0,0.091,0.425,0.0,190.47504123307033,val
0.0,0.484,0.0,0.091,0.425,0.0,185.38568391038777,val
0.0,0.484,0.0,0.091,0.425,0.0,156.49991434561906,val
0.0,0.484,0.0,0.091,0.425,0.0,204.33769485697525,val
0.0,0.484,0.0,0.091,0.425,0.0,174.89190253155147,val
0.0,0.484,0.0,0.091,0.425,0.0,177.77560587764967,val
0.0,0.484,0.0,0.091,0.425,0.0,174.98898537666432,val
0.0,0.484,0.0,0.091,0.425,0.0,176.6429918659821,val
0.0,0.484,0.0,0.091,0.425,0.0,169.66600822690336,val
0.0,0.8,0.0,0.1,0.1,0.0,188.87400306904766,val
0.0,0.8,0.0,0.1,0.1,0.0,125.59705944036588,val
0.0,0.8,0.0,0.1,0.1,0.0,157.66120966081607,val
0.0,0.8,0.0,0.1,0.1,0.0,141.12377522238518,val
0.0,0.8,0.0,0.1,0.1,0.0,154.00066902416702,val
0.0,0.8,0.0,0.1,0.1,0.0,163.7155795041063,val
0.0,0.8,0.0,0.1,0.1,0.0,161.97488370752725,val
0.0,0.8,0.0,0.1,0.1,0.0,158.1350692845705,val
0.0,0.8,0.0,0.1,0.1,0.0,156.27063006738132,val
0.0,0.8,0.0,0.1,0.1,0.0,157.31083486635973,val
0.0,0.8,0.0,0.1,0.1,0.0,137.2474998625248,val
0.0,0.8,0.0,0.1,0.1,0.0,159.50741042231067,val
0.0,0.8,0.0,0.1,0.1,0.0,150.5366579415394,val
0.0,0.8,0.0,0.1,0.1,0.0,173.61636515089901,val
0.0,0.8,0.0,0.1,0.1,0.0,158.27705668916443,val
0.0,0.8,0.0,0.1,0.1,0.0,175.81732847039737,val
0.0,0.8,0.0,0.1,0.1,0.0,191.4685567888884,val
0.0,0.8,0.0,0.1,0.1,0.0,169.1179231293992,val
0.0,0.8,0.0,0.1,0.1,0.0,194.75317700722292,val
0.0,0.8,0.0,0.1,0.1,0.0,153.35734302293858,val
0.0,0.8,0.0,0.1,0.1,0.0,157.81805708872537,val
0.0,0.8,0.0,0.1,0.1,0.0,158.26236282506085,val
0.0,0.8,0.0,0.1,0.1,0.0,168.86456051288872,val
0.0,0.8,0.0,0.1,0.1,0.0,136.7602141997542,val
0.0,0.8,0.0,0.1,0.1,0.0,182.5290764126426,val
0.0,0.8,0.0,0.1,0.1,0.0,208.6478518511192,val
0.0,0.8,0.0,0.1,0.1,0.0,151.62482285213,val
0.0,0.8,0.0,0.1,0.1,0.0,153.14896508291213,val
0.0,0.8,0.0,0.1,0.1,0.0,123.65770921544828,val
0.0,0.8,0.0,0.1,0.1,0.0,140.9527400241502,val
0.0,0.0,0.09,0.131,0.679,0.1,103.01848596895722,val
0.0,0.0,0.09,0.131,0.679,0.1,98.8699871378318,val
0.0,0.0,0.09,0.131,0.679,0.1,99.84255198331552,val
0.0,0.0,0.09,0.131,0.679,0.1,101.68449215246368,val
0.0,0.0,0.09,0.131,0.679,0.1,104.36923162673037,val
0.0,0.0,0.09,0.131,0.679,0.1,92.30889121765391,val
0.0,0.0,0.09,0.131,0.679,0.1,101.62955362090447,val
0.0,0.0,0.09,0.131,0.679,0.1,104.96754685004126,val
0.0,0.0,0.09,0.131,0.679,0.1,98.46943866570344,val
0.0,0.0,0.09,0.131,0.679,0.1,94.6029793069774,val
0.0,0.0,0.09,0.131,0.679,0.1,88.72123533798705,val
0.0,0.0,0.09,0.131,0.679,0.1,92.69444120141813,val
0.0,0.0,0.09,0.131,0.679,0.1,94.48110037736114,val
0.0,0.0,0.09,0.131,0.679,0.1,99.17545639112511,val
0.0,0.0,0.09,0.131,0.679,0.1,101.42893027778695,val
0.0,0.0,0.09,0.131,0.679,0.1,105.03205208272658,val
0.0,0.0,0.09,0.131,0.679,0.1,98.90469006345334,val
0.0,0.0,0.09,0.131,0.679,0.1,107.70028351288205,val
0.0,0.0,0.09,0.131,0.679,0.1,91.19673804137382,val
0.0,0.0,0.09,0.131,0.679,0.1,99.94456660605509,val
0.0,0.0,0.09,0.131,0.679,0.1,101.09029388228254,val
0.0,0.0,0.09,0.131,0.679,0.1,92.19963282015668,val
0.0,0.0,0.09,0.131,0.679,0.1,101.01002438973603,val
0.0,0.0,0.09,0.131,0.679,0.1,107.04320430575858,val
0.0,0.0,0.09,0.131,0.679,0.1,102.19816504627376,val
0.0,0.0,0.09,0.131,0.679,0.1,92.33398102213222,val
0.0,0.0,0.09,0.131,0.679,0.1,99.0616800080206,val
0.0,0.0,0.09,0.131,0.679,0.1,101.40387953947881,val
0.0,0.0,0.09,0.131,0.679,0.1,96.99935715681356,val
0.0,0.0,0.09,0.131,0.679,0.1,102.15746857500784,val
0.15,0.23,0.21,0.11,0.3,0.0,90.3377262215787,val
0.15,0.23,0.21,0.11,0.3,0.0,71.75942478808082,val
0.15,0.23,0.21,0.11,0.3,0.0,71.31897418272942,val
0.15,0.23,0.21,0.11,0.3,0.0,70.64883463049327,val
0.15,0.23,0.21,0.11,0.3,0.0,87.74800613624171,val
0.15,0.23,0.21,0.11,0.3,0.0,83.37956320174013,val
0.15,0.23,0.21,0.11,0.3,0.0,76.86242717496495,val
0.15,0.23,0.21,0.11,0.3,0.0,69.31676528023362,val
0.15,0.23,0.21,0.11,0.3,0.0,68.76745774215584,val
0.15,0.23,0.21,0.11,0.3,0.0,73.11527178285894,val
0.15,0.23,0.21,0.11,0.3,0.0,76.8620103216597,val
0.15,0.23,0.21,0.11,0.3,0.0,110.39139001382972,val
0.15,0.23,0.21,0.11,0.3,0.0,112.42793888861956,val
0.15,0.23,0.21,0.11,0.3,0.0,95.95608628052256,val
0.15,0.23,0.21,0.11,0.3,0.0,86.22815397853088,val
0.15,0.23,0.21,0.11,0.3,0.0,94.53336574297039,val
0.15,0.23,0.21,0.11,0.3,0.0,62.77285270115492,val
0.15,0.23,0.21,0.11,0.3,0.0,93.0810731956877,val
0.15,0.23,0.21,0.11,0.3,0.0,79.78321642222701,val
0.15,0.23,0.21,0.11,0.3,0.0,77.88802303244667,val
0.15,0.23,0.21,0.11,0.3,0.0,87.18023480117309,val
0.15,0.23,0.21,0.11,0.3,0.0,89.03147299042587,val
0.15,0.23,0.21,0.11,0.3,0.0,101.35013650517108,val
0.15,0.23,0.21,0.11,0.3,0.0,87.18989952727748,val
0.15,0.23,0.21,0.11,0.3,0.0,79.175305747907,val
0.15,0.23,0.21,0.11,0.3,0.0,93.29127274859349,val
0.15,0.23,0.21,0.11,0.3,0.0,76.06336252174039,val
0.15,0.23,0.21,0.11,0.3,0.0,82.56482559323752,val
0.15,0.23,0.21,0.11,0.3,0.0,92.59179175006685,val
0.15,0.23,0.21,0.11,0.3,0.0,68.40295816529532,val
0.12,0.629,0.0,0.07,0.18,0.0,156.22034916110863,val
0.12,0.629,0.0,0.07,0.18,0.0,156.19867553756237,val
0.12,0.629,0.0,0.07,0.18,0.0,142.49028916864523,val
0.12,0.629,0.0,0.07,0.18,0.0,162.96573271912976,val
0.12,0.629,0.0,0.07,0.18,0.0,163.80166673828228,val
0.12,0.629,0.0,0.07,0.18,0.0,166.95637443584286,val
0.12,0.629,0.0,0.07,0.18,0.0,144.8183022344393,val
0.12,0.629,0.0,0.07,0.18,0.0,140.00753605338463,val
0.12,0.629,0.0,0.07,0.18,0.0,154.15142779519243,val
0.12,0.629,0.0,0.07,0.18,0.0,139.89974184500625,val
0.12,0.629,0.0,0.07,0.18,0.0,151.4299092763214,val
0.12,0.629,0.0,0.07,0.18,0.0,134.8848403163941,val
0.12,0.629,0.0,0.07,0.18,0.0,157.41319348192565,val
0.12,0.629,0.0,0.07,0.18,0.0,166.2005950765465,val
0.12,0.629,0.0,0.07,0.18,0.0,89.97966997504321,val
0.12,0.629,0.0,0.07,0.18,0.0,151.67498537740246,val
0.12,0.629,0.0,0.07,0.18,0.0,165.99639279471955,val
0.12,0.629,0.0,0.07,0.18,0.0,160.64391722189512,val
0.12,0.629,0.0,0.07,0.18,0.0,139.58982361842752,val
0.12,0.629,0.0,0.07,0.18,0.0,174.96207809049358,val
0.12,0.629,0.0,0.07,0.18,0.0,157.1832524756149,val
0.12,0.629,0.0,0.07,0.18,0.0,121.22856296543075,val
0.12,0.629,0.0,0.07,0.18,0.0,157.3896069580166,val
0.12,0.629,0.0,0.07,0.18,0.0,133.91855267797308,val
0.12,0.629,0.0,0.07,0.18,0.0,144.85407772380202,val
0.12,0.629,0.0,0.07,0.18,0.0,182.98689224782555,val
0.12,0.629,0.0,0.07,0.18,0.0,114.03598938045727,val
0.12,0.629,0.0,0.07,0.18,0.0,131.37154970742253,val
0.12,0.629,0.0,0.07,0.18,0.0,154.29413150970962,val
0.12,0.629,0.0,0.07,0.18,0.0,162.5273484972921,val
0.09,0.57,0.031,0.05,0.16,0.1,75.8061987238873,val
0.09,0.57,0.031,0.05,0.16,0.1,78.40296191624985,val
0.09,0.57,0.031,0.05,0.16,0.1,78.52855906913139,val
0.09,0.57,0.031,0.05,0.16,0.1,78.56855372898706,val
0.09,0.57,0.031,0.05,0.16,0.1,77.94220087854329,val
0.09,0.57,0.031,0.05,0.16,0.1,80.80082259867895,val
0.09,0.57,0.031,0.05,0.16,0.1,75.66646563497802,val
0.09,0.57,0.031,0.05,0.16,0.1,78.94268954846301,val
0.09,0.57,0.031,0.05,0.16,0.1,72.49417153217223,val
0.09,0.57,0.031,0.05,0.16,0.1,81.11576460994468,val
0.09,0.57,0.031,0.05,0.16,0.1,77.17202944812023,val
0.09,0.57,0.031,0.05,0.16,0.1,68.05235863750644,val
0.09,0.57,0.031,0.05,0.16,0.1,74.39343705135408,val
0.09,0.57,0.031,0.05,0.16,0.1,76.81998042247369,val
0.09,0.57,0.031,0.05,0.16,0.1,73.66903583795325,val
0.09,0.57,0.031,0.05,0.16,0.1,80.21681799453376,val
0.09,0.57,0.031,0.05,0.16,0.1,74.02802684112876,val
0.09,0.57,0.031,0.05,0.16,0.1,86.82149366786625,val
0.09,0.57,0.031,0.05,0.16,0.1,77.59384492731071,val
0.09,0.57,0.031,0.05,0.16,0.1,68.64940817593443,val
0.09,0.57,0.031,0.05,0.16,0.1,74.7247095978415,val
0.09,0.57,0.031,0.05,0.16,0.1,74.74502826729852,val
0.09,0.57,0.031,0.05,0.16,0.1,73.11161657552968,val
0.09,0.57,0.031,0.05,0.16,0.1,71.67586225190989,val
0.09,0.57,0.031,0.05,0.16,0.1,83.3417544189673,val
0.09,0.57,0.031,0.05,0.16,0.1,81.36249415540226,val
0.09,0.57,0.031,0.05,0.16,0.1,78.7292416853553,val
0.09,0.57,0.031,0.05,0.16,0.1,78.33560193063072,val
0.09,0.57,0.031,0.05,0.16,0.1,82.00435538793295,val
0.09,0.57,0.031,0.05,0.16,0.1,82.80011231945464,val
0.11,0.589,0.03,0.08,0.18,0.01,136.3792806955404,val
0.11,0.589,0.03,0.08,0.18,0.01,138.9748051425856,val
0.11,0.589,0.03,0.08,0.18,0.01,134.48928062589874,val
0.11,0.589,0.03,0.08,0.18,0.01,136.2004146444343,val
0.11,0.589,0.03,0.08,0.18,0.01,140.33189179932398,val
0.11,0.589,0.03,0.08,0.18,0.01,132.7625486750029,val
0.11,0.589,0.03,0.08,0.18,0.01,140.8840210821025,val
0.11,0.589,0.03,0.08,0.18,0.01,137.0895964530241,val
0.11,0.589,0.03,0.08,0.18,0.01,136.2827267664354,val
0.11,0.589,0.03,0.08,0.18,0.01,132.08286408078504,val
0.11,0.589,0.03,0.08,0.18,0.01,137.73479351097535,val
0.11,0.589,0.03,0.08,0.18,0.01,142.2429406392546,val
0.11,0.589,0.03,0.08,0.18,0.01,146.3340553306115,val
0.11,0.589,0.03,0.08,0.18,0.01,141.4718111652631,val
0.11,0.589,0.03,0.08,0.18,0.01,138.1626203236948,val
0.11,0.589,0.03,0.08,0.18,0.01,128.73082289920026,val
0.11,0.589,0.03,0.08,0.18,0.01,140.56075059132806,val
0.11,0.589,0.03,0.08,0.18,0.01,139.33013470358023,val
0.11,0.589,0.03,0.08,0.18,0.01,141.21243392453746,val
0.11,0.589,0.03,0.08,0.18,0.01,142.8767322941181,val
0.11,0.589,0.03,0.08,0.18,0.01,139.26248774363114,val
0.11,0.589,0.03,0.08,0.18,0.01,139.47871116077982,val
0.11,0.589,0.03,0.08,0.18,0.01,138.02088462176604,val
0.11,0.589,0.03,0.08,0.18,0.01,139.787403099799,val
0.11,0.589,0.03,0.08,0.18,0.01,134.91373476407102,val
0.11,0.589,0.03,0.08,0.18,0.01,144.5732120437653,val
0.11,0.589,0.03,0.08,0.18,0.01,140.29447966553823,val
0.11,0.589,0.03,0.08,0.18,0.01,132.53017836472188,val
0.11,0.589,0.03,0.08,0.18,0.01,137.70369537403602,val
0.11,0.589,0.03,0.08,0.18,0.01,138.8682495027115,val
0.011,0.586,0.07,0.121,0.151,0.061,183.28962721672912,val
0.011,0.586,0.07,0.121,0.151,0.061,213.28827720413048,val
0.011,0.586,0.07,0.121,0.151,0.061,174.7291060206339,val
0.011,0.586,0.07,0.121,0.151,0.061,238.86557624116278,val
0.011,0.586,0.07,0.121,0.151,0.061,219.1910700742331,val
0.011,0.586,0.07,0.121,0.151,0.061,198.58515233059615,val
0.011,0.586,0.07,0.121,0.151,0.061,245.87573325236372,val
0.011,0.586,0.07,0.121,0.151,0.061,285.80258863174186,val
0.011,0.586,0.07,0.121,0.151,0.061,216.36635723580602,val
0.011,0.586,0.07,0.121,0.151,0.061,206.43556321771598,val
0.011,0.586,0.07,0.121,0.151,0.061,187.18688219594682,val
0.011,0.586,0.07,0.121,0.151,0.061,219.1866865668511,val
0.011,0.586,0.07,0.121,0.151,0.061,238.0048969793699,val
0.011,0.586,0.07,0.121,0.151,0.061,190.49227790358646,val
0.011,0.586,0.07,0.121,0.151,0.061,217.2219357080473,val
0.011,0.586,0.07,0.121,0.151,0.061,191.1942311221309,val
0.011,0.586,0.07,0.121,0.151,0.061,185.21466090038626,val
0.011,0.586,0.07,0.121,0.151,0.061,186.34650225311816,val
0.011,0.586,0.07,0.121,0.151,0.061,270.45935778742796,val
0.011,0.586,0.07,0.121,0.151,0.061,199.2851308058081,val
0.011,0.586,0.07,0.121,0.151,0.061,219.54627554435143,val
0.011,0.586,0.07,0.121,0.151,0.061,235.67243908596228,val
0.011,0.586,0.07,0.121,0.151,0.061,223.69100176085644,val
0.011,0.586,0.07,0.121,0.151,0.061,229.13162553960012,val
0.011,0.586,0.07,0.121,0.151,0.061,239.67745150286612,val
0.011,0.586,0.07,0.121,0.151,0.061,192.25591625908882,val
0.011,0.586,0.07,0.121,0.151,0.061,229.56864919858097,val
0.011,0.586,0.07,0.121,0.151,0.061,270.058320213823,val
0.011,0.586,0.07,0.121,0.151,0.061,185.71079758378755,val
0.011,0.586,0.07,0.121,0.151,0.061,173.23136604172728,val
0.0,0.55,0.0,0.06,0.31,0.08,213.48882124757958,val
0.0,0.55,0.0,0.06,0.31,0.08,221.97974652802426,val
0.0,0.55,0.0,0.06,0.31,0.08,207.27089132572303,val
0.0,0.55,0.0,0.06,0.31,0.08,195.10983569500283,val
0.0,0.55,0.0,0.06,0.31,0.08,212.95896832441593,val
0.0,0.55,0.0,0.06,0.31,0.08,199.64330402808162,val
0.0,0.55,0.0,0.06,0.31,0.08,204.36711806942571,val
0.0,0.55,0.0,0.06,0.31,0.08,212.7537059063209,val
0.0,0.55,0.0,0.06,0.31,0.08,185.0984423123139,val
0.0,0.55,0.0,0.06,0.31,0.08,218.4138041200339,val
0.0,0.55,0.0,0.06,0.31,0.08,213.3473101772467,val
0.0,0.55,0.0,0.06,0.31,0.08,216.65330353668574,val
0.0,0.55,0.0,0.06,0.31,0.08,198.81904535049307,val
0.0,0.55,0.0,0.06,0.31,0.08,206.94390116713248,val
0.0,0.55,0.0,0.06,0.31,0.08,216.45967022877687,val
0.0,0.55,0.0,0.06,0.31,0.08,223.81765862436353,val
0.0,0.55,0.0,0.06,0.31,0.08,212.38603999508027,val
0.0,0.55,0.0,0.06,0.31,0.08,208.92710785088966,val
0.0,0.55,0.0,0.06,0.31,0.08,198.7588367536394,val
0.0,0.55,0.0,0.06,0.31,0.08,209.68539867916243,val
0.0,0.55,0.0,0.06,0.31,0.08,206.8278440272307,val
0.0,0.55,0.0,0.06,0.31,0.08,214.4703675443321,val
0.0,0.55,0.0,0.06,0.31,0.08,201.23043447454563,val
0.0,0.55,0.0,0.06,0.31,0.08,235.5399837504728,val
0.0,0.55,0.0,0.06,0.31,0.08,204.7994001018349,val
0.0,0.55,0.0,0.06,0.31,0.08,213.70411426076663,val
0.0,0.55,0.0,0.06,0.31,0.08,206.0962492221851,val
0.0,0.55,0.0,0.06,0.31,0.08,212.6092785576807,val
0.0,0.55,0.0,0.06,0.31,0.08,208.39974852316223,val
0.0,0.55,0.0,0.06,0.31,0.08,231.07820181211613,val
0.0,0.262,0.263,0.101,0.111,0.263,74.86557590887138,val
0.0,0.262,0.263,0.101,0.111,0.263,68.52448731437926,val
0.0,0.262,0.263,0.101,0.111,0.263,105.92898786574975,val
0.0,0.262,0.263,0.101,0.111,0.263,67.28070460888087,val
0.0,0.262,0.263,0.101,0.111,0.263,87.74571046996853,val
0.0,0.262,0.263,0.101,0.111,0.263,57.07839467636262,val
0.0,0.262,0.263,0.101,0.111,0.263,52.154578737763146,val
0.0,0.262,0.263,0.101,0.111,0.263,73.8279310003618,val
0.0,0.262,0.263,0.101,0.111,0.263,55.85342513962897,val
0.0,0.262,0.263,0.101,0.111,0.263,47.53704746398576,val
0.0,0.262,0.263,0.101,0.111,0.263,73.1003889940182,val
0.0,0.262,0.263,0.101,0.111,0.263,98.64132702859357,val
0.0,0.262,0.263,0.101,0.111,0.263,96.17660908139756,val
0.0,0.262,0.263,0.101,0.111,0.263,71.88155437535568,val
0.0,0.262,0.263,0.101,0.111,0.263,58.42306213691296,val
0.0,0.262,0.263,0.101,0.111,0.263,77.65591733825916,val
0.0,0.262,0.263,0.101,0.111,0.263,107.31376340866589,val
0.0,0.262,0.263,0.101,0.111,0.263,51.126399910942396,val
0.0,0.262,0.263,0.101,0.111,0.263,77.78543903575512,val
0.0,0.262,0.263,0.101,0.111,0.263,65.19102893114265,val
0.0,0.262,0.263,0.101,0.111,0.263,72.99570288889541,val
0.0,0.262,0.263,0.101,0.111,0.263,96.14205886161776,val
0.0,0.262,0.263,0.101,0.111,0.263,79.30900370883846,val
0.0,0.262,0.263,0.101,0.111,0.263,95.7237652902636,val
0.0,0.262,0.263,0.101,0.111,0.263,76.10730546850637,val
0.0,0.262,0.263,0.101,0.111,0.263,80.24202573168695,val
0.0,0.262,0.263,0.101,0.111,0.263,78.70464360867032,val
0.0,0.262,0.263,0.101,0.111,0.263,71.11233140447257,val
0.0,0.262,0.263,0.101,0.111,0.263,89.56633530484702,val
0.0,0.262,0.263,0.101,0.111,0.263,104.14933088093954,val
0.0,0.63,0.0,0.3,0.07,0.0,93.58327078482023,val
0.0,0.63,0.0,0.3,0.07,0.0,78.97662545664568,val
0.0,0.63,0.0,0.3,0.07,0.0,76.99714569699246,val
0.0,0.63,0.0,0.3,0.07,0.0,90.3567196334296,val
0.0,0.63,0.0,0.3,0.07,0.0,105.32089718910686,val
0.0,0.63,0.0,0.3,0.07,0.0,89.92280259760177,val
0.0,0.63,0.0,0.3,0.07,0.0,105.19522523737717,val
0.0,0.63,0.0,0.3,0.07,0.0,68.89986720569686,val
0.0,0.63,0.0,0.3,0.07,0.0,93.69903880683111,val
0.0,0.63,0.0,0.3,0.07,0.0,96.23250702627094,val
0.0,0.63,0.0,0.3,0.07,0.0,69.81676660932922,val
0.0,0.63,0.0,0.3,0.07,0.0,81.91449933163518,val
0.0,0.63,0.0,0.3,0.07,0.0,89.66106119219572,val
0.0,0.63,0.0,0.3,0.07,0.0,69.67197292678895,val
0.0,0.63,0.0,0.3,0.07,0.0,85.84703542551247,val
0.0,0.63,0.0,0.3,0.07,0.0,100.3609770063493,val
0.0,0.63,0.0,0.3,0.07,0.0,87.99631158998183,val
0.0,0.63,0.0,0.3,0.07,0.0,94.17286138183161,val
0.0,0.63,0.0,0.3,0.07,0.0,80.0067053361141,val
0.0,0.63,0.0,0.3,0.07,0.0,93.53347940469041,val
0.0,0.63,0.0,0.3,0.07,0.0,111.37984569767119,val
0.0,0.63,0.0,0.3,0.07,0.0,89.50996811138711,val
0.0,0.63,0.0,0.3,0.07,0.0,78.34244773997231,val
0.0,0.63,0.0,0.3,0.07,0.0,85.06973286383997,val
0.0,0.63,0.0,0.3,0.07,0.0,69.06588847577879,val
0.0,0.63,0.0,0.3,0.07,0.0,97.63555941685085,val
0.0,0.63,0.0,0.3,0.07,0.0,92.80205754967542,val
0.0,0.63,0.0,0.3,0.07,0.0,83.36168331656268,val
0.0,0.63,0.0,0.3,0.07,0.0,79.72807069122993,val
0.0,0.63,0.0,0.3,0.07,0.0,88.77401790826518,val
0.0,0.39,0.0,0.13,0.48,0.0,168.35251643085616,val
0.0,0.39,0.0,0.13,0.48,0.0,181.86858385723127,val
0.0,0.39,0.0,0.13,0.48,0.0,183.40253166218585,val
0.0,0.39,0.0,0.13,0.48,0.0,180.97000070467507,val
0.0,0.39,0.0,0.13,0.48,0.0,180.46987063622066,val
0.0,0.39,0.0,0.13,0.48,0.0,180.6790464642267,val
0.0,0.39,0.0,0.13,0.48,0.0,203.14309406537754,val
0.0,0.39,0.0,0.13,0.48,0.0,183.8898760551852,val
0.0,0.39,0.0,0.13,0.48,0.0,179.7578426907484,val
0.0,0.39,0.0,0.13,0.48,0.0,180.56517441959747,val
0.0,0.39,0.0,0.13,0.48,0.0,190.26533576891114,val
0.0,0.39,0.0,0.13,0.48,0.0,163.81147801327447,val
0.0,0.39,0.0,0.13,0.48,0.0,178.88000175858886,val
0.0,0.39,0.0,0.13,0.48,0.0,159.80129599108622,val
0.0,0.39,0.0,0.13,0.48,0.0,189.2162122544014,val
0.0,0.39,0.0,0.13,0.48,0.0,177.30481980942386,val
0.0,0.39,0.0,0.13,0.48,0.0,183.52871508111605,val
0.0,0.39,0.0,0.13,0.48,0.0,185.41059601282296,val
0.0,0.39,0.0,0.13,0.48,0.0,181.8227499569417,val
0.0,0.39,0.0,0.13,0.48,0.0,196.04211285459294,val
0.0,0.39,0.0,0.13,0.48,0.0,168.30635550687822,val
0.0,0.39,0.0,0.13,0.48,0.0,184.20918267913663,val
0.0,0.39,0.0,0.13,0.48,0.0,188.34967656660996,val
0.0,0.39,0.0,0.13,0.48,0.0,181.21561488883304,val
0.0,0.39,0.0,0.13,0.48,0.0,166.64951423155844,val
0.0,0.39,0.0,0.13,0.48,0.0,186.12522834987323,val
0.0,0.39,0.0,0.13,0.48,0.0,182.31635355698356,val
0.0,0.39,0.0,0.13,0.48,0.0,189.808401354005,val
0.0,0.39,0.0,0.13,0.48,0.0,182.26020783048108,val
0.0,0.39,0.0,0.13,0.48,0.0,175.0040679798849,val
0.0,0.61,0.0,0.04,0.35,0.0,188.01091596586355,val
0.0,0.61,0.0,0.04,0.35,0.0,182.56704074932537,val
0.0,0.61,0.0,0.04,0.35,0.0,212.09154799600526,val
0.0,0.61,0.0,0.04,0.35,0.0,174.55097897487224,val
0.0,0.61,0.0,0.04,0.35,0.0,204.58451351277287,val
0.0,0.61,0.0,0.04,0.35,0.0,179.1752644522965,val
0.0,0.61,0.0,0.04,0.35,0.0,202.6243187434753,val
0.0,0.61,0.0,0.04,0.35,0.0,172.94624426015798,val
0.0,0.61,0.0,0.04,0.35,0.0,174.26825087965014,val
0.0,0.61,0.0,0.04,0.35,0.0,180.76321567548587,val
0.0,0.61,0.0,0.04,0.35,0.0,190.36294578812766,val
0.0,0.61,0.0,0.04,0.35,0.0,187.33510781449354,val
0.0,0.61,0.0,0.04,0.35,0.0,182.29321911939746,val
0.0,0.61,0.0,0.04,0.35,0.0,175.49737404888486,val
0.0,0.61,0.0,0.04,0.35,0.0,189.0032341174544,val
0.0,0.61,0.0,0.04,0.35,0.0,171.51402118035554,val
0.0,0.61,0.0,0.04,0.35,0.0,198.67912260644542,val
0.0,0.61,0.0,0.04,0.35,0.0,173.91770651200142,val
0.0,0.61,0.0,0.04,0.35,0.0,166.93218604073914,val
0.0,0.61,0.0,0.04,0.35,0.0,135.04425395027812,val
0.0,0.61,0.0,0.04,0.35,0.0,195.3730120854255,val
0.0,0.61,0.0,0.04,0.35,0.0,182.1964263078751,val
0.0,0.61,0.0,0.04,0.35,0.0,176.08838719870678,val
0.0,0.61,0.0,0.04,0.35,0.0,182.2943254983971,val
0.0,0.61,0.0,0.04,0.35,0.0,197.8064094187544,val
0.0,0.61,0.0,0.04,0.35,0.0,184.4188838105448,val
0.0,0.61,0.0,0.04,0.35,0.0,146.87119224147932,val
0.0,0.61,0.0,0.04,0.35,0.0,182.1916135150879,val
0.0,0.61,0.0,0.04,0.35,0.0,200.38476134320823,val
0.0,0.61,0.0,0.04,0.35,0.0,186.90989456402167,val
0.0,0.606,0.0,0.04,0.353,0.0,188.40313013537403,val
0.0,0.606,0.0,0.04,0.353,0.0,204.58733303600204,val
0.0,0.606,0.0,0.04,0.353,0.0,199.26783604223047,val
0.0,0.606,0.0,0.04,0.353,0.0,189.6312124306374,val
0.0,0.606,0.0,0.04,0.353,0.0,185.927997734242,val
0.0,0.606,0.0,0.04,0.353,0.0,195.27330723075625,val
0.0,0.606,0.0,0.04,0.353,0.0,185.39416440999457,val
0.0,0.606,0.0,0.04,0.353,0.0,201.96989947024326,val
0.0,0.606,0.0,0.04,0.353,0.0,200.13285247563022,val
0.0,0.606,0.0,0.04,0.353,0.0,192.1127112425835,val
0.0,0.606,0.0,0.04,0.353,0.0,191.5725300703849,val
0.0,0.606,0.0,0.04,0.353,0.0,197.12976638143894,val
0.0,0.606,0.0,0.04,0.353,0.0,199.17047052049196,val
0.0,0.606,0.0,0.04,0.353,0.0,199.55977825884435,val
0.0,0.606,0.0,0.04,0.353,0.0,188.25145315542224,val
0.0,0.606,0.0,0.04,0.353,0.0,215.00045694748044,val
0.0,0.606,0.0,0.04,0.353,0.0,190.33228352390054,val
0.0,0.606,0.0,0.04,0.353,0.0,195.6508334039213,val
0.0,0.606,0.0,0.04,0.353,0.0,202.84782418703418,val
0.0,0.606,0.0,0.04,0.353,0.0,198.65228880299566,val
0.0,0.606,0.0,0.04,0.353,0.0,203.66712007667493,val
0.0,0.606,0.0,0.04,0.353,0.0,187.89242109011673,val
0.0,0.606,0.0,0.04,0.353,0.0,191.61557913167414,val
0.0,0.606,0.0,0.04,0.353,0.0,199.40418830706676,val
0.0,0.606,0.0,0.04,0.353,0.0,196.42278110785614,val
0.0,0.606,0.0,0.04,0.353,0.0,193.4898436444138,val
0.0,0.606,0.0,0.04,0.353,0.0,198.9115093688869,val
0.0,0.606,0.0,0.04,0.353,0.0,180.64333781571645,val
0.0,0.606,0.0,0.04,0.353,0.0,188.94915519645966,val
0.0,0.606,0.0,0.04,0.353,0.0,201.2558797842609,val
0.0,0.25,0.18,0.19,0.38,0.0,32.84623612815197,val
0.0,0.25,0.18,0.19,0.38,0.0,85.94369517660304,val
0.0,0.25,0.18,0.19,0.38,0.0,118.58240084790019,val
0.0,0.25,0.18,0.19,0.38,0.0,92.37761865576245,val
0.0,0.25,0.18,0.19,0.38,0.0,102.89255832189242,val
0.0,0.25,0.18,0.19,0.38,0.0,99.50771793979948,val
0.0,0.25,0.18,0.19,0.38,0.0,113.68220332717235,val
0.0,0.25,0.18,0.19,0.38,0.0,96.8144474453353,val
0.0,0.25,0.18,0.19,0.38,0.0,141.86397997204884,val
0.0,0.25,0.18,0.19,0.38,0.0,108.47891723392986,val
0.0,0.25,0.18,0.19,0.38,0.0,99.75798196127364,val
0.0,0.25,0.18,0.19,0.38,0.0,84.68300414678885,val
0.0,0.25,0.18,0.19,0.38,0.0,150.87003781900265,val
0.0,0.25,0.18,0.19,0.38,0.0,95.38110397910765,val
0.0,0.25,0.18,0.19,0.38,0.0,117.99748407770326,val
0.0,0.25,0.18,0.19,0.38,0.0,107.65210200931938,val
0.0,0.25,0.18,0.19,0.38,0.0,114.77637188455607,val
0.0,0.25,0.18,0.19,0.38,0.0,116.93495669846004,val
0.0,0.25,0.18,0.19,0.38,0.0,85.87562462664913,val
0.0,0.25,0.18,0.19,0.38,0.0,104.85100218304854,val
0.0,0.25,0.18,0.19,0.38,0.0,120.50872562866485,val
0.0,0.25,0.18,0.19,0.38,0.0,143.73125386342838,val
0.0,0.25,0.18,0.19,0.38,0.0,75.95843583266748,val
0.0,0.25,0.18,0.19,0.38,0.0,131.9673562658134,val
0.0,0.25,0.18,0.19,0.38,0.0,123.59124545182351,val
0.0,0.25,0.18,0.19,0.38,0.0,107.51134038198113,val
0.0,0.25,0.18,0.19,0.38,0.0,116.02375311830808,val
0.0,0.25,0.18,0.19,0.38,0.0,93.32227699234384,val
0.0,0.25,0.18,0.19,0.38,0.0,70.45838611417886,val
0.0,0.25,0.18,0.19,0.38,0.0,129.0103442900849,val
0.0,0.426,0.0,0.139,0.386,0.049,108.01624536716656,val
0.0,0.426,0.0,0.139,0.386,0.049,110.096729282992,val
0.0,0.426,0.0,0.139,0.386,0.049,120.09318644508774,val
0.0,0.426,0.0,0.139,0.386,0.049,103.2590388731199,val
0.0,0.426,0.0,0.139,0.386,0.049,110.50756418471987,val
0.0,0.426,0.0,0.139,0.386,0.049,120.82787447530418,val
0.0,0.426,0.0,0.139,0.386,0.049,107.86906874972007,val
0.0,0.426,0.0,0.139,0.386,0.049,115.3064654118022,val
0.0,0.426,0.0,0.139,0.386,0.049,115.8602411131119,val
0.0,0.426,0.0,0.139,0.386,0.049,109.94960368898467,val
0.0,0.426,0.0,0.139,0.386,0.049,107.40492296835771,val
0.0,0.426,0.0,0.139,0.386,0.049,109.55598777674955,val
0.0,0.426,0.0,0.139,0.386,0.049,112.98024125146524,val
0.0,0.426,0.0,0.139,0.386,0.049,116.82998475396857,val
0.0,0.426,0.0,0.139,0.386,0.049,123.43979741942682,val
0.0,0.426,0.0,0.139,0.386,0.049,118.09399937721295,val
0.0,0.426,0.0,0.139,0.386,0.049,108.84361072604192,val
0.0,0.426,0.0,0.139,0.386,0.049,109.65892905575078,val
0.0,0.426,0.0,0.139,0.386,0.049,107.75083708114181,val
0.0,0.426,0.0,0.139,0.386,0.049,111.09252606131858,val
0.0,0.426,0.0,0.139,0.386,0.049,104.49272280563898,val
0.0,0.426,0.0,0.139,0.386,0.049,114.95359345164451,val
0.0,0.426,0.0,0.139,0.386,0.049,113.79976235984724,val
0.0,0.426,0.0,0.139,0.386,0.049,112.392953680969,val
0.0,0.426,0.0,0.139,0.386,0.049,106.89955387009857,val
0.0,0.426,0.0,0.139,0.386,0.049,116.36192430833052,val
0.0,0.426,0.0,0.139,0.386,0.049,110.19942427759665,val
0.0,0.426,0.0,0.139,0.386,0.049,109.8850114155028,val
0.0,0.426,0.0,0.139,0.386,0.049,110.9732399278104,val
0.0,0.426,0.0,0.139,0.386,0.049,112.37184971061377,val
0.0,0.297,0.0,0.208,0.297,0.198,147.4727486088452,val
0.0,0.297,0.0,0.208,0.297,0.198,144.65671888186176,val
0.0,0.297,0.0,0.208,0.297,0.198,147.59922361711313,val
0.0,0.297,0.0,0.208,0.297,0.198,153.80427744560888,val
0.0,0.297,0.0,0.208,0.297,0.198,148.96167762987423,val
0.0,0.297,0.0,0.208,0.297,0.198,149.72085833986108,val
0.0,0.297,0.0,0.208,0.297,0.198,153.2289940582217,val
0.0,0.297,0.0,0.208,0.297,0.198,158.9277979336646,val
0.0,0.297,0.0,0.208,0.297,0.198,159.18650240251694,val
0.0,0.297,0.0,0.208,0.297,0.198,149.5628978419933,val
0.0,0.297,0.0,0.208,0.297,0.198,153.32380695989002,val
0.0,0.297,0.0,0.208,0.297,0.198,150.1786249649962,val
0.0,0.297,0.0,0.208,0.297,0.198,158.96218643067684,val
0.0,0.297,0.0,0.208,0.297,0.198,154.86601619907344,val
0.0,0.297,0.0,0.208,0.297,0.198,156.10144908690725,val
0.0,0.297,0.0,0.208,0.297,0.198,145.9565036946918,val
0.0,0.297,0.0,0.208,0.297,0.198,147.26737648506622,val
0.0,0.297,0.0,0.208,0.297,0.198,155.21438232251117,val
0.0,0.297,0.0,0.208,0.297,0.198,155.21175751366198,val
0.0,0.297,0.0,0.208,0.297,0.198,150.77889092659674,val
0.0,0.297,0.0,0.208,0.297,0.198,146.08410984864565,val
0.0,0.297,0.0,0.208,0.297,0.198,156.60985108919698,val
0.0,0.297,0.0,0.208,0.297,0.198,148.75779463476056,val
0.0,0.297,0.0,0.208,0.297,0.198,151.0148062609666,val
0.0,0.297,0.0,0.208,0.297,0.198,156.32725594497552,val
0.0,0.297,0.0,0.208,0.297,0.198,151.8125917273276,val
0.0,0.297,0.0,0.208,0.297,0.198,144.79906683953863,val
0.0,0.297,0.0,0.208,0.297,0.198,151.74212006235337,val
0.0,0.297,0.0,0.208,0.297,0.198,154.13564533173084,val
0.0,0.297,0.0,0.208,0.297,0.198,161.5158449037332,val
0.0,0.257,0.089,0.139,0.257,0.257,69.39758236973334,val
0.0,0.257,0.089,0.139,0.257,0.257,69.77951715348092,val
0.0,0.257,0.089,0.139,0.257,0.257,68.57891262619891,val
0.0,0.257,0.089,0.139,0.257,0.257,72.57711970374231,val
0.0,0.257,0.089,0.139,0.257,0.257,74.23411945433844,val
0.0,0.257,0.089,0.139,0.257,0.257,69.5684736413105,val
0.0,0.257,0.089,0.139,0.257,0.257,72.35974211860486,val
0.0,0.257,0.089,0.139,0.257,0.257,70.53571862321864,val
0.0,0.257,0.089,0.139,0.257,0.257,70.46303827567701,val
0.0,0.257,0.089,0.139,0.257,0.257,74.70475035516478,val
0.0,0.257,0.089,0.139,0.257,0.257,71.14923344960661,val
0.0,0.257,0.089,0.139,0.257,0.257,72.38470871735731,val
0.0,0.257,0.089,0.139,0.257,0.257,70.67392300559241,val
0.0,0.257,0.089,0.139,0.257,0.257,71.41607131714842,val
0.0,0.257,0.089,0.139,0.257,0.257,71.56619472943582,val
0.0,0.257,0.089,0.139,0.257,0.257,69.04516007428889,val
0.0,0.257,0.089,0.139,0.257,0.257,71.97086250252049,val
0.0,0.257,0.089,0.139,0.257,0.257,73.90873135534932,val
0.0,0.257,0.089,0.139,0.257,0.257,68.8556869824675,val
0.0,0.257,0.089,0.139,0.257,0.257,69.54443947655886,val
0.0,0.257,0.089,0.139,0.257,0.257,70.30820127595138,val
0.0,0.257,0.089,0.139,0.257,0.257,70.24025438802423,val
0.0,0.257,0.089,0.139,0.257,0.257,73.7636612138205,val
0.0,0.257,0.089,0.139,0.257,0.257,69.5809243418131,val
0.0,0.257,0.089,0.139,0.257,0.257,68.46841483912851,val
0.0,0.257,0.089,0.139,0.257,0.257,71.02768226289696,val
0.0,0.257,0.089,0.139,0.257,0.257,73.16780377710819,val
0.0,0.257,0.089,0.139,0.257,0.257,66.90440036808123,val
0.0,0.257,0.089,0.139,0.257,0.257,70.00062362941469,val
0.0,0.257,0.089,0.139,0.257,0.257,72.61160115741852,val
0.0,0.34,0.0,0.05,0.16,0.45,69.10513315631677,val
0.0,0.34,0.0,0.05,0.16,0.45,67.05215635920923,val
0.0,0.34,0.0,0.05,0.16,0.45,49.37935378099344,val
0.0,0.34,0.0,0.05,0.16,0.45,73.75972453592617,val
0.0,0.34,0.0,0.05,0.16,0.45,60.87167526733892,val
0.0,0.34,0.0,0.05,0.16,0.45,72.99869802150559,val
0.0,0.34,0.0,0.05,0.16,0.45,69.94043300604093,val
0.0,0.34,0.0,0.05,0.16,0.45,61.17268936230653,val
0.0,0.34,0.0,0.05,0.16,0.45,79.42835160754282,val
0.0,0.34,0.0,0.05,0.16,0.45,78.31767402882942,val
0.0,0.34,0.0,0.05,0.16,0.45,52.77251332480478,val
0.0,0.34,0.0,0.05,0.16,0.45,46.18218186320483,val
0.0,0.34,0.0,0.05,0.16,0.45,52.394031813138305,val
0.0,0.34,0.0,0.05,0.16,0.45,53.9196490337818,val
0.0,0.34,0.0,0.05,0.16,0.45,80.41531700858975,val
0.0,0.34,0.0,0.05,0.16,0.45,87.68534390625932,val
0.0,0.34,0.0,0.05,0.16,0.45,66.64604405411235,val
0.0,0.34,0.0,0.05,0.16,0.45,67.43520610233132,val
0.0,0.34,0.0,0.05,0.16,0.45,79.0734054548019,val
0.0,0.34,0.0,0.05,0.16,0.45,61.411955586089526,val
0.0,0.34,0.0,0.05,0.16,0.45,58.53721140856277,val
0.0,0.34,0.0,0.05,0.16,0.45,62.62752354363447,val
0.0,0.34,0.0,0.05,0.16,0.45,76.19011818308117,val
0.0,0.34,0.0,0.05,0.16,0.45,67.0595514688896,val
0.0,0.34,0.0,0.05,0.16,0.45,53.95067918628663,val
0.0,0.34,0.0,0.05,0.16,0.45,66.57145126929744,val
0.0,0.34,0.0,0.05,0.16,0.45,43.45436777370995,val
0.0,0.34,0.0,0.05,0.16,0.45,61.93234287757749,val
0.0,0.34,0.0,0.05,0.16,0.45,65.17489464065154,val
0.0,0.34,0.0,0.05,0.16,0.45,66.76010463935079,val
0.0,0.63,0.0,0.05,0.32,0.0,195.50440695553922,val
0.0,0.63,0.0,0.05,0.32,0.0,182.82288103633428,val
0.0,0.63,0.0,0.05,0.32,0.0,191.71011737712846,val
0.0,0.63,0.0,0.05,0.32,0.0,178.71644936598537,val
0.0,0.63,0.0,0.05,0.32,0.0,180.33779727967183,val
0.0,0.63,0.0,0.05,0.32,0.0,222.32301280845354,val
0.0,0.63,0.0,0.05,0.32,0.0,184.62728520339965,val
0.0,0.63,0.0,0.05,0.32,0.0,182.95024983060364,val
0.0,0.63,0.0,0.05,0.32,0.0,195.1080392424661,val
0.0,0.63,0.0,0.05,0.32,0.0,179.38961813880172,val
0.0,0.63,0.0,0.05,0.32,0.0,190.78463953227808,val
0.0,0.63,0.0,0.05,0.32,0.0,188.7489864912058,val
0.0,0.63,0.0,0.05,0.32,0.0,180.07515444450212,val
0.0,0.63,0.0,0.05,0.32,0.0,197.46513964964666,val
0.0,0.63,0.0,0.05,0.32,0.0,190.44875050629912,val
0.0,0.63,0.0,0.05,0.32,0.0,204.95846545011216,val
0.0,0.63,0.0,0.05,0.32,0.0,179.56724098681357,val
0.0,0.63,0.0,0.05,0.32,0.0,194.98780011205574,val
0.0,0.63,0.0,0.05,0.32,0.0,176.92779895323514,val
0.0,0.63,0.0,0.05,0.32,0.0,188.19913844746998,val
0.0,0.63,0.0,0.05,0.32,0.0,187.12431936947718,val
0.0,0.63,0.0,0.05,0.32,0.0,194.8423675384203,val
0.0,0.63,0.0,0.05,0.32,0.0,162.4922405691616,val
0.0,0.63,0.0,0.05,0.32,0.0,185.5344557937806,val
0.0,0.63,0.0,0.05,0.32,0.0,199.8323890874068,val
0.0,0.63,0.0,0.05,0.32,0.0,182.00032911852045,val
0.0,0.63,0.0,0.05,0.32,0.0,192.82800689158742,val
0.0,0.63,0.0,0.05,0.32,0.0,194.45996892901312,val
0.0,0.63,0.0,0.05,0.32,0.0,181.847974276069,val
0.0,0.63,0.0,0.05,0.32,0.0,186.54812117257637,val
0.0,0.64,0.0,0.07,0.29,0.0,233.1851278307242,val
0.0,0.64,0.0,0.07,0.29,0.0,231.7596856905918,val
0.0,0.64,0.0,0.07,0.29,0.0,210.42317070405514,val
0.0,0.64,0.0,0.07,0.29,0.0,169.48093873787292,val
0.0,0.64,0.0,0.07,0.29,0.0,209.27606904186754,val
0.0,0.64,0.0,0.07,0.29,0.0,218.21436489390084,val
0.0,0.64,0.0,0.07,0.29,0.0,216.088967100757,val
0.0,0.64,0.0,0.07,0.29,0.0,251.68171833685665,val
0.0,0.64,0.0,0.07,0.29,0.0,179.07495950909635,val
0.0,0.64,0.0,0.07,0.29,0.0,204.31995487557265,val
0.0,0.64,0.0,0.07,0.29,0.0,204.02601734365808,val
0.0,0.64,0.0,0.07,0.29,0.0,218.1387370686683,val
0.0,0.64,0.0,0.07,0.29,0.0,218.42012092229191,val
0.0,0.64,0.0,0.07,0.29,0.0,218.62900290154676,val
0.0,0.64,0.0,0.07,0.29,0.0,221.39933538541393,val
0.0,0.64,0.0,0.07,0.29,0.0,221.00961775221856,val
0.0,0.64,0.0,0.07,0.29,0.0,208.81371313822007,val
0.0,0.64,0.0,0.07,0.29,0.0,209.9151436960582,val
0.0,0.64,0.0,0.07,0.29,0.0,208.09196636663756,val
0.0,0.64,0.0,0.07,0.29,0.0,262.0318404808829,val
0.0,0.64,0.0,0.07,0.29,0.0,222.78262959590464,val
0.0,0.64,0.0,0.07,0.29,0.0,196.37408848758676,val
0.0,0.64,0.0,0.07,0.29,0.0,238.16589285455967,val
0.0,0.64,0.0,0.07,0.29,0.0,237.10938453630646,val
0.0,0.64,0.0,0.07,0.29,0.0,214.72178243173428,val
0.0,0.64,0.0,0.07,0.29,0.0,211.33889907703463,val
0.0,0.64,0.0,0.07,0.29,0.0,178.8519639511269,val
0.0,0.64,0.0,0.07,0.29,0.0,220.33502413695493,val
0.0,0.64,0.0,0.07,0.29,0.0,211.108856710759,val
0.0,0.64,0.0,0.07,0.29,0.0,194.4813077460384,val
0.5187030996297279,0.199302148332591,0.0947683231024417,0.1872264289352382,0.0,0.0,18.872610982458315,val
0.5187030996297279,0.199302148332591,0.0947683231024417,0.1872264289352382,0.0,0.0,20.17507467377856,val
0.5187030996297279,0.199302148332591,0.0947683231024417,0.1872264289352382,0.0,0.0,19.864042503522885,val
0.5187030996297279,0.199302148332591,0.0947683231024417,0.1872264289352382,0.0,0.0,23.228749530621453,val
0.5187030996297279,0.199302148332591,0.0947683231024417,0.1872264289352382,0.0,0.0,19.8726407569686,val
0.5187030996297279,0.199302148332591,0.0947683231024417,0.1872264289352382,0.0,0.0,20.449660402485495,val
0.5187030996297279,0.199302148332591,0.0947683231024417,0.1872264289352382,0.0,0.0,22.18239196571983,val
0.5187030996297279,0.199302148332591,0.0947683231024417,0.1872264289352382,0.0,0.0,21.952792089274997,val
0.5187030996297279,0.199302148332591,0.0947683231024417,0.1872264289352382,0.0,0.0,20.247586839280288,val
0.5187030996297279,0.199302148332591,0.0947683231024417,0.1872264289352382,0.0,0.0,22.354942193656548,val
0.5187030996297279,0.199302148332591,0.0947683231024417,0.1872264289352382,0.0,0.0,21.21975312165668,val
0.5187030996297279,0.199302148332591,0.0947683231024417,0.1872264289352382,0.0,0.0,18.91822112810656,val
0.5187030996297279,0.199302148332591,0.0947683231024417,0.1872264289352382,0.0,0.0,18.457624236125692,val
0.5187030996297279,0.199302148332591,0.0947683231024417,0.1872264289352382,0.0,0.0,20.723976836097325,val
0.5187030996297279,0.199302148332591,0.0947683231024417,0.1872264289352382,0.0,0.0,21.651664812561346,val
0.5187030996297279,0.199302148332591,0.0947683231024417,0.1872264289352382,0.0,0.0,20.553981379371546,val
0.5187030996297279,0.199302148332591,0.0947683231024417,0.1872264289352382,0.0,0.0,20.64746903882836,val
0.5187030996297279,0.199302148332591,0.0947683231024417,0.1872264289352382,0.0,0.0,19.558010384674365,val
0.5187030996297279,0.199302148332591,0.0947683231024417,0.1872264289352382,0.0,0.0,21.84568588466821,val
0.5187030996297279,0.199302148332591,0.0947683231024417,0.1872264289352382,0.0,0.0,21.43980960715749,val
0.5187030996297279,0.199302148332591,0.0947683231024417,0.1872264289352382,0.0,0.0,18.48305835586134,val
0.5187030996297279,0.199302148332591,0.0947683231024417,0.1872264289352382,0.0,0.0,17.778203067594458,val
0.5187030996297279,0.199302148332591,0.0947683231024417,0.1872264289352382,0.0,0.0,19.46009526091069,val
0.5187030996297279,0.199302148332591,0.0947683231024417,0.1872264289352382,0.0,0.0,17.5638305544736,val
0.5187030996297279,0.199302148332591,0.0947683231024417,0.1872264289352382,0.0,0.0,18.157973936033173,val
0.5187030996297279,0.199302148332591,0.0947683231024417,0.1872264289352382,0.0,0.0,18.763750676942966,val
0.5187030996297279,0.199302148332591,0.0947683231024417,0.1872264289352382,0.0,0.0,18.403061992833845,val
0.5187030996297279,0.199302148332591,0.0947683231024417,0.1872264289352382,0.0,0.0,18.686776351785692,val
0.5187030996297279,0.199302148332591,0.0947683231024417,0.1872264289352382,0.0,0.0,17.312347597889037,val
0.5187030996297279,0.199302148332591,0.0947683231024417,0.1872264289352382,0.0,0.0,22.12110989496752,val
0.638621162720913,0.1145141025881511,0.0857278217369902,0.0763537893540844,0.0847831235998611,0.0,51.84244582382716,val
0.638621162720913,0.1145141025881511,0.0857278217369902,0.0763537893540844,0.0847831235998611,0.0,58.929679918689324,val
0.638621162720913,0.1145141025881511,0.0857278217369902,0.0763537893540844,0.0847831235998611,0.0,71.37863707525291,val
0.638621162720913,0.1145141025881511,0.0857278217369902,0.0763537893540844,0.0847831235998611,0.0,86.07253694176504,val
0.638621162720913,0.1145141025881511,0.0857278217369902,0.0763537893540844,0.0847831235998611,0.0,54.720838838728945,val
0.638621162720913,0.1145141025881511,0.0857278217369902,0.0763537893540844,0.0847831235998611,0.0,68.73559498638294,val
0.638621162720913,0.1145141025881511,0.0857278217369902,0.0763537893540844,0.0847831235998611,0.0,63.86707472678263,val
0.638621162720913,0.1145141025881511,0.0857278217369902,0.0763537893540844,0.0847831235998611,0.0,58.16746057767042,val
0.638621162720913,0.1145141025881511,0.0857278217369902,0.0763537893540844,0.0847831235998611,0.0,65.46542268209586,val
0.638621162720913,0.1145141025881511,0.0857278217369902,0.0763537893540844,0.0847831235998611,0.0,67.61391859489146,val
0.638621162720913,0.1145141025881511,0.0857278217369902,0.0763537893540844,0.0847831235998611,0.0,76.13656493343316,val
0.638621162720913,0.1145141025881511,0.0857278217369902,0.0763537893540844,0.0847831235998611,0.0,60.259941051222775,val
0.638621162720913,0.1145141025881511,0.0857278217369902,0.0763537893540844,0.0847831235998611,0.0,65.75916556388485,val
0.638621162720913,0.1145141025881511,0.0857278217369902,0.0763537893540844,0.0847831235998611,0.0,79.81936227124811,val
0.638621162720913,0.1145141025881511,0.0857278217369902,0.0763537893540844,0.0847831235998611,0.0,76.84760373296602,val
0.638621162720913,0.1145141025881511,0.0857278217369902,0.0763537893540844,0.0847831235998611,0.0,69.08623415342096,val
0.638621162720913,0.1145141025881511,0.0857278217369902,0.0763537893540844,0.0847831235998611,0.0,76.15647400392899,val
0.638621162720913,0.1145141025881511,0.0857278217369902,0.0763537893540844,0.0847831235998611,0.0,60.139982314634636,val
0.638621162720913,0.1145141025881511,0.0857278217369902,0.0763537893540844,0.0847831235998611,0.0,74.65774064589121,val
0.638621162720913,0.1145141025881511,0.0857278217369902,0.0763537893540844,0.0847831235998611,0.0,56.76513985391216,val
0.638621162720913,0.1145141025881511,0.0857278217369902,0.0763537893540844,0.0847831235998611,0.0,83.60021617134333,val
0.638621162720913,0.1145141025881511,0.0857278217369902,0.0763537893540844,0.0847831235998611,0.0,74.15587056386177,val
0.638621162720913,0.1145141025881511,0.0857278217369902,0.0763537893540844,0.0847831235998611,0.0,66.1900871502935,val
0.638621162720913,0.1145141025881511,0.0857278217369902,0.0763537893540844,0.0847831235998611,0.0,76.59444252809391,val
0.638621162720913,0.1145141025881511,0.0857278217369902,0.0763537893540844,0.0847831235998611,0.0,61.4007878895951,val
0.638621162720913,0.1145141025881511,0.0857278217369902,0.0763537893540844,0.0847831235998611,0.0,81.70743569754639,val
0.638621162720913,0.1145141025881511,0.0857278217369902,0.0763537893540844,0.0847831235998611,0.0,60.82072069290747,val
0.638621162720913,0.1145141025881511,0.0857278217369902,0.0763537893540844,0.0847831235998611,0.0,58.06021889013698,val
0.638621162720913,0.1145141025881511,0.0857278217369902,0.0763537893540844,0.0847831235998611,0.0,66.12948942895729,val
0.638621162720913,0.1145141025881511,0.0857278217369902,0.0763537893540844,0.0847831235998611,0.0,62.123395564785056,val
0.5536943211729035,0.2742545344204269,0.0777456222895211,0.0943055221171485,0.0,0.0,62.1605245722122,val
0.5536943211729035,0.2742545344204269,0.0777456222895211,0.0943055221171485,0.0,0.0,45.170688990335975,val
0.5536943211729035,0.2742545344204269,0.0777456222895211,0.0943055221171485,0.0,0.0,56.93340740720123,val
0.5536943211729035,0.2742545344204269,0.0777456222895211,0.0943055221171485,0.0,0.0,54.859755059308306,val
0.5536943211729035,0.2742545344204269,0.0777456222895211,0.0943055221171485,0.0,0.0,48.40629554603325,val
0.5536943211729035,0.2742545344204269,0.0777456222895211,0.0943055221171485,0.0,0.0,42.346571923413435,val
0.5536943211729035,0.2742545344204269,0.0777456222895211,0.0943055221171485,0.0,0.0,58.06656802648016,val
0.5536943211729035,0.2742545344204269,0.0777456222895211,0.0943055221171485,0.0,0.0,48.88576392177623,val
0.5536943211729035,0.2742545344204269,0.0777456222895211,0.0943055221171485,0.0,0.0,42.61161832633286,val
0.5536943211729035,0.2742545344204269,0.0777456222895211,0.0943055221171485,0.0,0.0,67.3511239443072,val
0.5536943211729035,0.2742545344204269,0.0777456222895211,0.0943055221171485,0.0,0.0,61.00319484216564,val
0.5536943211729035,0.2742545344204269,0.0777456222895211,0.0943055221171485,0.0,0.0,62.33378252590099,val
0.5536943211729035,0.2742545344204269,0.0777456222895211,0.0943055221171485,0.0,0.0,57.1784649316647,val
0.5536943211729035,0.2742545344204269,0.0777456222895211,0.0943055221171485,0.0,0.0,58.833281747575946,val
0.5536943211729035,0.2742545344204269,0.0777456222895211,0.0943055221171485,0.0,0.0,59.18288537992853,val
0.5536943211729035,0.2742545344204269,0.0777456222895211,0.0943055221171485,0.0,0.0,62.29355043286961,val
0.5536943211729035,0.2742545344204269,0.0777456222895211,0.0943055221171485,0.0,0.0,56.915235417881085,val
0.5536943211729035,0.2742545344204269,0.0777456222895211,0.0943055221171485,0.0,0.0,56.626329653592094,val
0.5536943211729035,0.2742545344204269,0.0777456222895211,0.0943055221171485,0.0,0.0,52.108691640605926,val
0.5536943211729035,0.2742545344204269,0.0777456222895211,0.0943055221171485,0.0,0.0,53.56792401707888,val
0.5536943211729035,0.2742545344204269,0.0777456222895211,0.0943055221171485,0.0,0.0,49.4592792937381,val
0.5536943211729035,0.2742545344204269,0.0777456222895211,0.0943055221171485,0.0,0.0,58.283382883760154,val
0.5536943211729035,0.2742545344204269,0.0777456222895211,0.0943055221171485,0.0,0.0,63.09882376339874,val
0.5536943211729035,0.2742545344204269,0.0777456222895211,0.0943055221171485,0.0,0.0,42.68554606196618,val
0.5536943211729035,0.2742545344204269,0.0777456222895211,0.0943055221171485,0.0,0.0,69.63776984304573,val
0.5536943211729035,0.2742545344204269,0.0777456222895211,0.0943055221171485,0.0,0.0,62.23131311874955,val
0.5536943211729035,0.2742545344204269,0.0777456222895211,0.0943055221171485,0.0,0.0,59.647299902723304,val
0.5536943211729035,0.2742545344204269,0.0777456222895211,0.0943055221171485,0.0,0.0,58.70034483643465,val
0.5536943211729035,0.2742545344204269,0.0777456222895211,0.0943055221171485,0.0,0.0,57.37534616142981,val
0.5536943211729035,0.2742545344204269,0.0777456222895211,0.0943055221171485,0.0,0.0,52.160506592745875,val
0.5227726109319161,0.2269026520287288,0.0865398593485655,0.1637848776907895,0.0,0.0,43.09684043135947,val
0.5227726109319161,0.2269026520287288,0.0865398593485655,0.1637848776907895,0.0,0.0,39.90765188460008,val
0.5227726109319161,0.2269026520287288,0.0865398593485655,0.1637848776907895,0.0,0.0,52.14731206868277,val
0.5227726109319161,0.2269026520287288,0.0865398593485655,0.1637848776907895,0.0,0.0,35.85386900663779,val
0.5227726109319161,0.2269026520287288,0.0865398593485655,0.1637848776907895,0.0,0.0,54.20779200387121,val
0.5227726109319161,0.2269026520287288,0.0865398593485655,0.1637848776907895,0.0,0.0,44.196473422268106,val
0.5227726109319161,0.2269026520287288,0.0865398593485655,0.1637848776907895,0.0,0.0,46.93453212037541,val
0.5227726109319161,0.2269026520287288,0.0865398593485655,0.1637848776907895,0.0,0.0,37.685864246485494,val
0.5227726109319161,0.2269026520287288,0.0865398593485655,0.1637848776907895,0.0,0.0,38.95054067060651,val
0.5227726109319161,0.2269026520287288,0.0865398593485655,0.1637848776907895,0.0,0.0,43.020377024531236,val
0.5227726109319161,0.2269026520287288,0.0865398593485655,0.1637848776907895,0.0,0.0,33.88306305011966,val
0.5227726109319161,0.2269026520287288,0.0865398593485655,0.1637848776907895,0.0,0.0,51.82779695597808,val
0.5227726109319161,0.2269026520287288,0.0865398593485655,0.1637848776907895,0.0,0.0,38.67271352395048,val
0.5227726109319161,0.2269026520287288,0.0865398593485655,0.1637848776907895,0.0,0.0,44.07387392116133,val
0.5227726109319161,0.2269026520287288,0.0865398593485655,0.1637848776907895,0.0,0.0,46.36153790094525,val
0.5227726109319161,0.2269026520287288,0.0865398593485655,0.1637848776907895,0.0,0.0,41.22191970438328,val
0.5227726109319161,0.2269026520287288,0.0865398593485655,0.1637848776907895,0.0,0.0,34.556150036360485,val
0.5227726109319161,0.2269026520287288,0.0865398593485655,0.1637848776907895,0.0,0.0,42.854288434021605,val
0.5227726109319161,0.2269026520287288,0.0865398593485655,0.1637848776907895,0.0,0.0,38.676201077098746,val
0.5227726109319161,0.2269026520287288,0.0865398593485655,0.1637848776907895,0.0,0.0,45.30958697770697,val
0.5227726109319161,0.2269026520287288,0.0865398593485655,0.1637848776907895,0.0,0.0,55.62462385399214,val
0.5227726109319161,0.2269026520287288,0.0865398593485655,0.1637848776907895,0.0,0.0,36.27014875280112,val
0.5227726109319161,0.2269026520287288,0.0865398593485655,0.1637848776907895,0.0,0.0,39.47873629099966,val
0.5227726109319161,0.2269026520287288,0.0865398593485655,0.1637848776907895,0.0,0.0,44.81589489535837,val
0.5227726109319161,0.2269026520287288,0.0865398593485655,0.1637848776907895,0.0,0.0,43.51994847515511,val
0.5227726109319161,0.2269026520287288,0.0865398593485655,0.1637848776907895,0.0,0.0,44.34147484042977,val
0.5227726109319161,0.2269026520287288,0.0865398593485655,0.1637848776907895,0.0,0.0,39.983852886601326,val
0.5227726109319161,0.2269026520287288,0.0865398593485655,0.1637848776907895,0.0,0.0,47.462543952021214,val
0.5227726109319161,0.2269026520287288,0.0865398593485655,0.1637848776907895,0.0,0.0,36.085678647781556,val
0.5227726109319161,0.2269026520287288,0.0865398593485655,0.1637848776907895,0.0,0.0,39.180204885059126,val
0.5071156852634597,0.3034288739943893,0.0997955492851988,0.089659891456952,0.0,0.0,36.17320021102505,val
0.5071156852634597,0.3034288739943893,0.0997955492851988,0.089659891456952,0.0,0.0,38.14263821878295,val
0.5071156852634597,0.3034288739943893,0.0997955492851988,0.089659891456952,0.0,0.0,36.8683700130171,val
0.5071156852634597,0.3034288739943893,0.0997955492851988,0.089659891456952,0.0,0.0,37.57303937215736,val
0.5071156852634597,0.3034288739943893,0.0997955492851988,0.089659891456952,0.0,0.0,38.22062923076846,val
0.5071156852634597,0.3034288739943893,0.0997955492851988,0.089659891456952,0.0,0.0,38.301284776008316,val
0.5071156852634597,0.3034288739943893,0.0997955492851988,0.089659891456952,0.0,0.0,38.14538253818123,val
0.5071156852634597,0.3034288739943893,0.0997955492851988,0.089659891456952,0.0,0.0,38.32806883910699,val
0.5071156852634597,0.3034288739943893,0.0997955492851988,0.089659891456952,0.0,0.0,38.4680743275471,val
0.5071156852634597,0.3034288739943893,0.0997955492851988,0.089659891456952,0.0,0.0,37.46607834042053,val
0.5071156852634597,0.3034288739943893,0.0997955492851988,0.089659891456952,0.0,0.0,38.30567772204469,val
0.5071156852634597,0.3034288739943893,0.0997955492851988,0.089659891456952,0.0,0.0,37.89249332084372,val
0.5071156852634597,0.3034288739943893,0.0997955492851988,0.089659891456952,0.0,0.0,37.48147292720029,val
0.5071156852634597,0.3034288739943893,0.0997955492851988,0.089659891456952,0.0,0.0,37.93778516867664,val
0.5071156852634597,0.3034288739943893,0.0997955492851988,0.089659891456952,0.0,0.0,36.580952583376366,val
0.5071156852634597,0.3034288739943893,0.0997955492851988,0.089659891456952,0.0,0.0,37.95651109966712,val
0.5071156852634597,0.3034288739943893,0.0997955492851988,0.089659891456952,0.0,0.0,37.45947900368151,val
0.5071156852634597,0.3034288739943893,0.0997955492851988,0.089659891456952,0.0,0.0,36.772571075012614,val
0.5071156852634597,0.3034288739943893,0.0997955492851988,0.089659891456952,0.0,0.0,37.59601705310544,val
0.5071156852634597,0.3034288739943893,0.0997955492851988,0.089659891456952,0.0,0.0,37.006254869564565,val
0.5071156852634597,0.3034288739943893,0.0997955492851988,0.089659891456952,0.0,0.0,37.09112598842201,val
0.5071156852634597,0.3034288739943893,0.0997955492851988,0.089659891456952,0.0,0.0,37.2736031421221,val
0.5071156852634597,0.3034288739943893,0.0997955492851988,0.089659891456952,0.0,0.0,37.033315579052775,val
0.5071156852634597,0.3034288739943893,0.0997955492851988,0.089659891456952,0.0,0.0,36.51139237466616,val
0.5071156852634597,0.3034288739943893,0.0997955492851988,0.089659891456952,0.0,0.0,38.56860614423285,val
0.5071156852634597,0.3034288739943893,0.0997955492851988,0.089659891456952,0.0,0.0,37.8320946379342,val
0.5071156852634597,0.3034288739943893,0.0997955492851988,0.089659891456952,0.0,0.0,36.33539403099955,val
0.5071156852634597,0.3034288739943893,0.0997955492851988,0.089659891456952,0.0,0.0,39.00826250844601,val
0.5071156852634597,0.3034288739943893,0.0997955492851988,0.089659891456952,0.0,0.0,37.06506822053958,val
0.5071156852634597,0.3034288739943893,0.0997955492851988,0.089659891456952,0.0,0.0,38.35511393764181,val
0.3128754814998835,0.4487101338189882,0.1512889252142493,0.0,0.087125459466879,0.0,22.157979309512147,val
0.3128754814998835,0.4487101338189882,0.1512889252142493,0.0,0.087125459466879,0.0,23.778556676540784,val
0.3128754814998835,0.4487101338189882,0.1512889252142493,0.0,0.087125459466879,0.0,19.756624526312308,val
0.3128754814998835,0.4487101338189882,0.1512889252142493,0.0,0.087125459466879,0.0,22.542360420756605,val
0.3128754814998835,0.4487101338189882,0.1512889252142493,0.0,0.087125459466879,0.0,19.700881031239533,val
0.3128754814998835,0.4487101338189882,0.1512889252142493,0.0,0.087125459466879,0.0,19.785259621848233,val
0.3128754814998835,0.4487101338189882,0.1512889252142493,0.0,0.087125459466879,0.0,19.09069559573367,val
0.3128754814998835,0.4487101338189882,0.1512889252142493,0.0,0.087125459466879,0.0,22.066263308970605,val
0.3128754814998835,0.4487101338189882,0.1512889252142493,0.0,0.087125459466879,0.0,20.708581575257735,val
0.3128754814998835,0.4487101338189882,0.1512889252142493,0.0,0.087125459466879,0.0,19.65905028562761,val
0.3128754814998835,0.4487101338189882,0.1512889252142493,0.0,0.087125459466879,0.0,20.791184573483413,val
0.3128754814998835,0.4487101338189882,0.1512889252142493,0.0,0.087125459466879,0.0,19.030164278526644,val
0.3128754814998835,0.4487101338189882,0.1512889252142493,0.0,0.087125459466879,0.0,19.92397560437546,val
0.3128754814998835,0.4487101338189882,0.1512889252142493,0.0,0.087125459466879,0.0,19.824517867378113,val
0.3128754814998835,0.4487101338189882,0.1512889252142493,0.0,0.087125459466879,0.0,19.62853897754943,val
0.3128754814998835,0.4487101338189882,0.1512889252142493,0.0,0.087125459466879,0.0,21.634536332576456,val
0.3128754814998835,0.4487101338189882,0.1512889252142493,0.0,0.087125459466879,0.0,22.028266078212567,val
0.3128754814998835,0.4487101338189882,0.1512889252142493,0.0,0.087125459466879,0.0,18.994580659719364,val
0.3128754814998835,0.4487101338189882,0.1512889252142493,0.0,0.087125459466879,0.0,21.432862671087346,val
0.3128754814998835,0.4487101338189882,0.1512889252142493,0.0,0.087125459466879,0.0,18.342762064718507,val
0.3128754814998835,0.4487101338189882,0.1512889252142493,0.0,0.087125459466879,0.0,18.676867195846327,val
0.3128754814998835,0.4487101338189882,0.1512889252142493,0.0,0.087125459466879,0.0,20.91407158550694,val
0.3128754814998835,0.4487101338189882,0.1512889252142493,0.0,0.087125459466879,0.0,19.217167112392318,val
0.3128754814998835,0.4487101338189882,0.1512889252142493,0.0,0.087125459466879,0.0,21.57509352624809,val
0.3128754814998835,0.4487101338189882,0.1512889252142493,0.0,0.087125459466879,0.0,18.606600658372695,val
0.3128754814998835,0.4487101338189882,0.1512889252142493,0.0,0.087125459466879,0.0,19.369391957035724,val
0.3128754814998835,0.4487101338189882,0.1512889252142493,0.0,0.087125459466879,0.0,19.343603010766163,val
0.3128754814998835,0.4487101338189882,0.1512889252142493,0.0,0.087125459466879,0.0,20.02170244285504,val
0.3128754814998835,0.4487101338189882,0.1512889252142493,0.0,0.087125459466879,0.0,20.15342298783272,val
0.3128754814998835,0.4487101338189882,0.1512889252142493,0.0,0.087125459466879,0.0,22.659481029465383,val
0.2104677151359364,0.5095246553249995,0.0884337026462579,0.1915739268928061,0.0,0.0,81.01827930488793,val
0.2104677151359364,0.5095246553249995,0.0884337026462579,0.1915739268928061,0.0,0.0,75.87662591278588,val
0.2104677151359364,0.5095246553249995,0.0884337026462579,0.1915739268928061,0.0,0.0,88.78225188797947,val
0.2104677151359364,0.5095246553249995,0.0884337026462579,0.1915739268928061,0.0,0.0,87.53349540002307,val
0.2104677151359364,0.5095246553249995,0.0884337026462579,0.1915739268928061,0.0,0.0,87.44740806172851,val
0.2104677151359364,0.5095246553249995,0.0884337026462579,0.1915739268928061,0.0,0.0,75.89358636199697,val
0.2104677151359364,0.5095246553249995,0.0884337026462579,0.1915739268928061,0.0,0.0,90.30179159183375,val
0.2104677151359364,0.5095246553249995,0.0884337026462579,0.1915739268928061,0.0,0.0,88.41102706056648,val
0.2104677151359364,0.5095246553249995,0.0884337026462579,0.1915739268928061,0.0,0.0,93.17052282326682,val
0.2104677151359364,0.5095246553249995,0.0884337026462579,0.1915739268928061,0.0,0.0,85.45268162083973,val
0.2104677151359364,0.5095246553249995,0.0884337026462579,0.1915739268928061,0.0,0.0,78.32194522413486,val
0.2104677151359364,0.5095246553249995,0.0884337026462579,0.1915739268928061,0.0,0.0,95.4853089407022,val
0.2104677151359364,0.5095246553249995,0.0884337026462579,0.1915739268928061,0.0,0.0,94.42247024822692,val
0.2104677151359364,0.5095246553249995,0.0884337026462579,0.1915739268928061,0.0,0.0,86.31982178430836,val
0.2104677151359364,0.5095246553249995,0.0884337026462579,0.1915739268928061,0.0,0.0,90.74497203456217,val
0.2104677151359364,0.5095246553249995,0.0884337026462579,0.1915739268928061,0.0,0.0,91.17385687735862,val
0.2104677151359364,0.5095246553249995,0.0884337026462579,0.1915739268928061,0.0,0.0,83.03948563096314,val
0.2104677151359364,0.5095246553249995,0.0884337026462579,0.1915739268928061,0.0,0.0,83.96477303892883,val
0.2104677151359364,0.5095246553249995,0.0884337026462579,0.1915739268928061,0.0,0.0,92.03068128506784,val
0.2104677151359364,0.5095246553249995,0.0884337026462579,0.1915739268928061,0.0,0.0,86.2662803324856,val
0.2104677151359364,0.5095246553249995,0.0884337026462579,0.1915739268928061,0.0,0.0,80.4266565728509,val
0.2104677151359364,0.5095246553249995,0.0884337026462579,0.1915739268928061,0.0,0.0,88.14565505913207,val
0.2104677151359364,0.5095246553249995,0.0884337026462579,0.1915739268928061,0.0,0.0,72.01767198727418,val
0.2104677151359364,0.5095246553249995,0.0884337026462579,0.1915739268928061,0.0,0.0,85.7539676991643,val
0.2104677151359364,0.5095246553249995,0.0884337026462579,0.1915739268928061,0.0,0.0,77.2717485640657,val
0.2104677151359364,0.5095246553249995,0.0884337026462579,0.1915739268928061,0.0,0.0,87.60178018691151,val
0.2104677151359364,0.5095246553249995,0.0884337026462579,0.1915739268928061,0.0,0.0,76.616617790529,val
0.2104677151359364,0.5095246553249995,0.0884337026462579,0.1915739268928061,0.0,0.0,75.66216478034514,val
0.2104677151359364,0.5095246553249995,0.0884337026462579,0.1915739268928061,0.0,0.0,77.01204536459106,val
0.2104677151359364,0.5095246553249995,0.0884337026462579,0.1915739268928061,0.0,0.0,95.69394241877364,val
0.507843741003072,0.3066106278269983,0.0994865379390776,0.0860590932308522,0.0,0.0,23.65695424170067,val
0.507843741003072,0.3066106278269983,0.0994865379390776,0.0860590932308522,0.0,0.0,33.021775300343265,val
0.507843741003072,0.3066106278269983,0.0994865379390776,0.0860590932308522,0.0,0.0,37.246335125756126,val
0.507843741003072,0.3066106278269983,0.0994865379390776,0.0860590932308522,0.0,0.0,30.998755850004983,val
0.507843741003072,0.3066106278269983,0.0994865379390776,0.0860590932308522,0.0,0.0,44.38656031453105,val
0.507843741003072,0.3066106278269983,0.0994865379390776,0.0860590932308522,0.0,0.0,32.48280354700243,val
0.507843741003072,0.3066106278269983,0.0994865379390776,0.0860590932308522,0.0,0.0,39.086178921257506,val
0.507843741003072,0.3066106278269983,0.0994865379390776,0.0860590932308522,0.0,0.0,33.463634393603336,val
0.507843741003072,0.3066106278269983,0.0994865379390776,0.0860590932308522,0.0,0.0,35.45812081359561,val
0.507843741003072,0.3066106278269983,0.0994865379390776,0.0860590932308522,0.0,0.0,37.60488522107772,val
0.507843741003072,0.3066106278269983,0.0994865379390776,0.0860590932308522,0.0,0.0,41.457783379682084,val
0.507843741003072,0.3066106278269983,0.0994865379390776,0.0860590932308522,0.0,0.0,42.118556875279424,val
0.507843741003072,0.3066106278269983,0.0994865379390776,0.0860590932308522,0.0,0.0,32.04894053728217,val
0.507843741003072,0.3066106278269983,0.0994865379390776,0.0860590932308522,0.0,0.0,46.16773991019245,val
0.507843741003072,0.3066106278269983,0.0994865379390776,0.0860590932308522,0.0,0.0,35.40656306803989,val
0.507843741003072,0.3066106278269983,0.0994865379390776,0.0860590932308522,0.0,0.0,40.0342021900511,val
0.507843741003072,0.3066106278269983,0.0994865379390776,0.0860590932308522,0.0,0.0,34.56580881850053,val
0.507843741003072,0.3066106278269983,0.0994865379390776,0.0860590932308522,0.0,0.0,29.85635728033246,val
0.507843741003072,0.3066106278269983,0.0994865379390776,0.0860590932308522,0.0,0.0,39.12039210638213,val
0.507843741003072,0.3066106278269983,0.0994865379390776,0.0860590932308522,0.0,0.0,39.36732452393581,val
0.507843741003072,0.3066106278269983,0.0994865379390776,0.0860590932308522,0.0,0.0,47.02218495781387,val
0.507843741003072,0.3066106278269983,0.0994865379390776,0.0860590932308522,0.0,0.0,46.07818207374825,val
0.507843741003072,0.3066106278269983,0.0994865379390776,0.0860590932308522,0.0,0.0,28.87929924670698,val
0.507843741003072,0.3066106278269983,0.0994865379390776,0.0860590932308522,0.0,0.0,42.87816803436322,val
0.507843741003072,0.3066106278269983,0.0994865379390776,0.0860590932308522,0.0,0.0,28.058477583242013,val
0.507843741003072,0.3066106278269983,0.0994865379390776,0.0860590932308522,0.0,0.0,39.32916621779179,val
0.507843741003072,0.3066106278269983,0.0994865379390776,0.0860590932308522,0.0,0.0,32.06205785826839,val
0.507843741003072,0.3066106278269983,0.0994865379390776,0.0860590932308522,0.0,0.0,32.70008872403358,val
0.507843741003072,0.3066106278269983,0.0994865379390776,0.0860590932308522,0.0,0.0,43.11670016207364,val
0.507843741003072,0.3066106278269983,0.0994865379390776,0.0860590932308522,0.0,0.0,46.63915586497712,val
0.4167950002957578,0.3918519660933922,0.0901227515266306,0.1012302820842191,0.0,0.0,69.91840657029277,val
0.4167950002957578,0.3918519660933922,0.0901227515266306,0.1012302820842191,0.0,0.0,63.05362087223456,val
0.4167950002957578,0.3918519660933922,0.0901227515266306,0.1012302820842191,0.0,0.0,59.951496180540204,val
0.4167950002957578,0.3918519660933922,0.0901227515266306,0.1012302820842191,0.0,0.0,56.93738761995031,val
0.4167950002957578,0.3918519660933922,0.0901227515266306,0.1012302820842191,0.0,0.0,54.979919978134255,val
0.4167950002957578,0.3918519660933922,0.0901227515266306,0.1012302820842191,0.0,0.0,55.75651472832705,val
0.4167950002957578,0.3918519660933922,0.0901227515266306,0.1012302820842191,0.0,0.0,56.51543420672051,val
0.4167950002957578,0.3918519660933922,0.0901227515266306,0.1012302820842191,0.0,0.0,60.67748734788877,val
0.4167950002957578,0.3918519660933922,0.0901227515266306,0.1012302820842191,0.0,0.0,62.62245931316431,val
0.4167950002957578,0.3918519660933922,0.0901227515266306,0.1012302820842191,0.0,0.0,51.16985729783538,val
0.4167950002957578,0.3918519660933922,0.0901227515266306,0.1012302820842191,0.0,0.0,62.120588940344334,val
0.4167950002957578,0.3918519660933922,0.0901227515266306,0.1012302820842191,0.0,0.0,64.53386960395262,val
0.4167950002957578,0.3918519660933922,0.0901227515266306,0.1012302820842191,0.0,0.0,61.83996189643992,val
0.4167950002957578,0.3918519660933922,0.0901227515266306,0.1012302820842191,0.0,0.0,61.45874797724678,val
0.4167950002957578,0.3918519660933922,0.0901227515266306,0.1012302820842191,0.0,0.0,61.22584649528009,val
0.4167950002957578,0.3918519660933922,0.0901227515266306,0.1012302820842191,0.0,0.0,59.88931195769216,val
0.4167950002957578,0.3918519660933922,0.0901227515266306,0.1012302820842191,0.0,0.0,73.1952166563805,val
0.4167950002957578,0.3918519660933922,0.0901227515266306,0.1012302820842191,0.0,0.0,63.52528348568059,val
0.4167950002957578,0.3918519660933922,0.0901227515266306,0.1012302820842191,0.0,0.0,58.96110569244641,val
0.4167950002957578,0.3918519660933922,0.0901227515266306,0.1012302820842191,0.0,0.0,67.09254721847925,val
0.4167950002957578,0.3918519660933922,0.0901227515266306,0.1012302820842191,0.0,0.0,51.01325486042528,val
0.4167950002957578,0.3918519660933922,0.0901227515266306,0.1012302820842191,0.0,0.0,60.381852779203165,val
0.4167950002957578,0.3918519660933922,0.0901227515266306,0.1012302820842191,0.0,0.0,66.86567328603354,val
0.4167950002957578,0.3918519660933922,0.0901227515266306,0.1012302820842191,0.0,0.0,49.05256808059629,val
0.4167950002957578,0.3918519660933922,0.0901227515266306,0.1012302820842191,0.0,0.0,67.595197615727,val
0.4167950002957578,0.3918519660933922,0.0901227515266306,0.1012302820842191,0.0,0.0,60.60072658418554,val
0.4167950002957578,0.3918519660933922,0.0901227515266306,0.1012302820842191,0.0,0.0,58.666608396277105,val
0.4167950002957578,0.3918519660933922,0.0901227515266306,0.1012302820842191,0.0,0.0,55.70071414775693,val
0.4167950002957578,0.3918519660933922,0.0901227515266306,0.1012302820842191,0.0,0.0,54.437312460135196,val
0.4167950002957578,0.3918519660933922,0.0901227515266306,0.1012302820842191,0.0,0.0,52.85074417275504,val
0.5569704150956345,0.2129951231361723,0.1506807539983747,0.0793537077698184,0.0,0.0,45.627854154157085,val
0.5569704150956345,0.2129951231361723,0.1506807539983747,0.0793537077698184,0.0,0.0,48.066887666394905,val
0.5569704150956345,0.2129951231361723,0.1506807539983747,0.0793537077698184,0.0,0.0,49.59445595348741,val
0.5569704150956345,0.2129951231361723,0.1506807539983747,0.0793537077698184,0.0,0.0,51.86539617666584,val
0.5569704150956345,0.2129951231361723,0.1506807539983747,0.0793537077698184,0.0,0.0,45.716373974288416,val
0.5569704150956345,0.2129951231361723,0.1506807539983747,0.0793537077698184,0.0,0.0,52.3697060423221,val
0.5569704150956345,0.2129951231361723,0.1506807539983747,0.0793537077698184,0.0,0.0,50.89012272213661,val
0.5569704150956345,0.2129951231361723,0.1506807539983747,0.0793537077698184,0.0,0.0,53.48959981131514,val
0.5569704150956345,0.2129951231361723,0.1506807539983747,0.0793537077698184,0.0,0.0,49.46789321010833,val
0.5569704150956345,0.2129951231361723,0.1506807539983747,0.0793537077698184,0.0,0.0,50.481920153731856,val
0.5569704150956345,0.2129951231361723,0.1506807539983747,0.0793537077698184,0.0,0.0,48.50719340261561,val
0.5569704150956345,0.2129951231361723,0.1506807539983747,0.0793537077698184,0.0,0.0,49.40849548732992,val
0.5569704150956345,0.2129951231361723,0.1506807539983747,0.0793537077698184,0.0,0.0,48.00195539486875,val
0.5569704150956345,0.2129951231361723,0.1506807539983747,0.0793537077698184,0.0,0.0,48.28718109820534,val
0.5569704150956345,0.2129951231361723,0.1506807539983747,0.0793537077698184,0.0,0.0,51.30473023599381,val
0.5569704150956345,0.2129951231361723,0.1506807539983747,0.0793537077698184,0.0,0.0,52.92995131673658,val
0.5569704150956345,0.2129951231361723,0.1506807539983747,0.0793537077698184,0.0,0.0,49.10869837737427,val
0.5569704150956345,0.2129951231361723,0.1506807539983747,0.0793537077698184,0.0,0.0,49.825818168861,val
0.5569704150956345,0.2129951231361723,0.1506807539983747,0.0793537077698184,0.0,0.0,52.03745722316061,val
0.5569704150956345,0.2129951231361723,0.1506807539983747,0.0793537077698184,0.0,0.0,47.88989180996247,val
0.5569704150956345,0.2129951231361723,0.1506807539983747,0.0793537077698184,0.0,0.0,49.88904080528818,val
0.5569704150956345,0.2129951231361723,0.1506807539983747,0.0793537077698184,0.0,0.0,48.18351422431416,val
0.5569704150956345,0.2129951231361723,0.1506807539983747,0.0793537077698184,0.0,0.0,49.54755137714158,val
0.5569704150956345,0.2129951231361723,0.1506807539983747,0.0793537077698184,0.0,0.0,50.70403506707158,val
0.5569704150956345,0.2129951231361723,0.1506807539983747,0.0793537077698184,0.0,0.0,51.39006330668504,val
0.5569704150956345,0.2129951231361723,0.1506807539983747,0.0793537077698184,0.0,0.0,51.88154730558014,val
0.5569704150956345,0.2129951231361723,0.1506807539983747,0.0793537077698184,0.0,0.0,51.678920044023194,val
0.5569704150956345,0.2129951231361723,0.1506807539983747,0.0793537077698184,0.0,0.0,47.415885809927616,val
0.5569704150956345,0.2129951231361723,0.1506807539983747,0.0793537077698184,0.0,0.0,51.282225842328494,val
0.5569704150956345,0.2129951231361723,0.1506807539983747,0.0793537077698184,0.0,0.0,51.59184534955703,val
0.5096517710549328,0.2183549901962564,0.1889841398574267,0.0830090988913839,0.0,0.0,80.06899014229151,val
0.5096517710549328,0.2183549901962564,0.1889841398574267,0.0830090988913839,0.0,0.0,82.12706918456703,val
0.5096517710549328,0.2183549901962564,0.1889841398574267,0.0830090988913839,0.0,0.0,85.5110510840698,val
0.5096517710549328,0.2183549901962564,0.1889841398574267,0.0830090988913839,0.0,0.0,88.6180991927822,val
0.5096517710549328,0.2183549901962564,0.1889841398574267,0.0830090988913839,0.0,0.0,84.43666873685815,val
0.5096517710549328,0.2183549901962564,0.1889841398574267,0.0830090988913839,0.0,0.0,90.87666165079823,val
0.5096517710549328,0.2183549901962564,0.1889841398574267,0.0830090988913839,0.0,0.0,73.04704726785255,val
0.5096517710549328,0.2183549901962564,0.1889841398574267,0.0830090988913839,0.0,0.0,81.2364318805416,val
0.5096517710549328,0.2183549901962564,0.1889841398574267,0.0830090988913839,0.0,0.0,99.33468530862734,val
0.5096517710549328,0.2183549901962564,0.1889841398574267,0.0830090988913839,0.0,0.0,77.92070216896244,val
0.5096517710549328,0.2183549901962564,0.1889841398574267,0.0830090988913839,0.0,0.0,74.27425472966289,val
0.5096517710549328,0.2183549901962564,0.1889841398574267,0.0830090988913839,0.0,0.0,83.39939118481246,val
0.5096517710549328,0.2183549901962564,0.1889841398574267,0.0830090988913839,0.0,0.0,88.82850890422505,val
0.5096517710549328,0.2183549901962564,0.1889841398574267,0.0830090988913839,0.0,0.0,92.9704257502975,val
0.5096517710549328,0.2183549901962564,0.1889841398574267,0.0830090988913839,0.0,0.0,86.90615577005279,val
0.5096517710549328,0.2183549901962564,0.1889841398574267,0.0830090988913839,0.0,0.0,73.25241367253514,val
0.5096517710549328,0.2183549901962564,0.1889841398574267,0.0830090988913839,0.0,0.0,87.14961905453465,val
0.5096517710549328,0.2183549901962564,0.1889841398574267,0.0830090988913839,0.0,0.0,91.505453560009,val
0.5096517710549328,0.2183549901962564,0.1889841398574267,0.0830090988913839,0.0,0.0,89.99369766791034,val
0.5096517710549328,0.2183549901962564,0.1889841398574267,0.0830090988913839,0.0,0.0,75.57800911101812,val
0.5096517710549328,0.2183549901962564,0.1889841398574267,0.0830090988913839,0.0,0.0,81.45832394073665,val
0.5096517710549328,0.2183549901962564,0.1889841398574267,0.0830090988913839,0.0,0.0,80.0368370963777,val
0.5096517710549328,0.2183549901962564,0.1889841398574267,0.0830090988913839,0.0,0.0,80.07743705291223,val
0.5096517710549328,0.2183549901962564,0.1889841398574267,0.0830090988913839,0.0,0.0,78.62887574016887,val
0.5096517710549328,0.2183549901962564,0.1889841398574267,0.0830090988913839,0.0,0.0,98.37867424778669,val
0.5096517710549328,0.2183549901962564,0.1889841398574267,0.0830090988913839,0.0,0.0,88.98343730172269,val
0.5096517710549328,0.2183549901962564,0.1889841398574267,0.0830090988913839,0.0,0.0,86.91991880336629,val
0.5096517710549328,0.2183549901962564,0.1889841398574267,0.0830090988913839,0.0,0.0,75.37645125127753,val
0.5096517710549328,0.2183549901962564,0.1889841398574267,0.0830090988913839,0.0,0.0,75.59073608488303,val
0.5096517710549328,0.2183549901962564,0.1889841398574267,0.0830090988913839,0.0,0.0,74.71042444591004,val
0.4571355312045974,0.2792017193364733,0.1812631622282353,0.0823995872306938,0.0,0.0,83.01395960943023,val
0.4571355312045974,0.2792017193364733,0.1812631622282353,0.0823995872306938,0.0,0.0,72.60149643660674,val
0.4571355312045974,0.2792017193364733,0.1812631622282353,0.0823995872306938,0.0,0.0,78.73255658524485,val
0.4571355312045974,0.2792017193364733,0.1812631622282353,0.0823995872306938,0.0,0.0,89.33372205975172,val
0.4571355312045974,0.2792017193364733,0.1812631622282353,0.0823995872306938,0.0,0.0,79.3383100553976,val
0.4571355312045974,0.2792017193364733,0.1812631622282353,0.0823995872306938,0.0,0.0,84.36527394713771,val
0.4571355312045974,0.2792017193364733,0.1812631622282353,0.0823995872306938,0.0,0.0,83.95804664492431,val
0.4571355312045974,0.2792017193364733,0.1812631622282353,0.0823995872306938,0.0,0.0,71.54731583380739,val
0.4571355312045974,0.2792017193364733,0.1812631622282353,0.0823995872306938,0.0,0.0,73.89228505026657,val
0.4571355312045974,0.2792017193364733,0.1812631622282353,0.0823995872306938,0.0,0.0,72.1997550635299,val
0.4571355312045974,0.2792017193364733,0.1812631622282353,0.0823995872306938,0.0,0.0,77.49523822738472,val
0.4571355312045974,0.2792017193364733,0.1812631622282353,0.0823995872306938,0.0,0.0,69.20701795751239,val
0.4571355312045974,0.2792017193364733,0.1812631622282353,0.0823995872306938,0.0,0.0,70.90880648761996,val
0.4571355312045974,0.2792017193364733,0.1812631622282353,0.0823995872306938,0.0,0.0,78.42613697995372,val
0.4571355312045974,0.2792017193364733,0.1812631622282353,0.0823995872306938,0.0,0.0,88.15433929091671,val
0.4571355312045974,0.2792017193364733,0.1812631622282353,0.0823995872306938,0.0,0.0,78.00579204477016,val
0.4571355312045974,0.2792017193364733,0.1812631622282353,0.0823995872306938,0.0,0.0,75.48060286855953,val
0.4571355312045974,0.2792017193364733,0.1812631622282353,0.0823995872306938,0.0,0.0,61.715212451664385,val
0.4571355312045974,0.2792017193364733,0.1812631622282353,0.0823995872306938,0.0,0.0,93.82252158591247,val
0.4571355312045974,0.2792017193364733,0.1812631622282353,0.0823995872306938,0.0,0.0,78.23028721824865,val
0.4571355312045974,0.2792017193364733,0.1812631622282353,0.0823995872306938,0.0,0.0,82.74964222744327,val
0.4571355312045974,0.2792017193364733,0.1812631622282353,0.0823995872306938,0.0,0.0,76.12631049788374,val
0.4571355312045974,0.2792017193364733,0.1812631622282353,0.0823995872306938,0.0,0.0,84.1615229053495,val
0.4571355312045974,0.2792017193364733,0.1812631622282353,0.0823995872306938,0.0,0.0,76.03092642501387,val
0.4571355312045974,0.2792017193364733,0.1812631622282353,0.0823995872306938,0.0,0.0,76.17143860967407,val
0.4571355312045974,0.2792017193364733,0.1812631622282353,0.0823995872306938,0.0,0.0,64.5066873196254,val
0.4571355312045974,0.2792017193364733,0.1812631622282353,0.0823995872306938,0.0,0.0,72.71828957743479,val
0.4571355312045974,0.2792017193364733,0.1812631622282353,0.0823995872306938,0.0,0.0,70.9593814427889,val
0.4571355312045974,0.2792017193364733,0.1812631622282353,0.0823995872306938,0.0,0.0,64.4775488826736,val
0.4571355312045974,0.2792017193364733,0.1812631622282353,0.0823995872306938,0.0,0.0,74.51304088274782,val
0.4477508507251353,0.4006142559332463,0.1516348933416183,0.0,0.0,0.0,8.753752824944375,val
0.4477508507251353,0.4006142559332463,0.1516348933416183,0.0,0.0,0.0,8.546026600355379,val
0.4477508507251353,0.4006142559332463,0.1516348933416183,0.0,0.0,0.0,8.759421649206436,val
0.4477508507251353,0.4006142559332463,0.1516348933416183,0.0,0.0,0.0,8.25138574995855,val
0.4477508507251353,0.4006142559332463,0.1516348933416183,0.0,0.0,0.0,7.965530730730563,val
0.4477508507251353,0.4006142559332463,0.1516348933416183,0.0,0.0,0.0,8.046272248213082,val
0.4477508507251353,0.4006142559332463,0.1516348933416183,0.0,0.0,0.0,7.520810681224707,val
0.4477508507251353,0.4006142559332463,0.1516348933416183,0.0,0.0,0.0,8.378587324240456,val
0.4477508507251353,0.4006142559332463,0.1516348933416183,0.0,0.0,0.0,7.590718123451423,val
0.4477508507251353,0.4006142559332463,0.1516348933416183,0.0,0.0,0.0,8.308357900956107,val
0.4477508507251353,0.4006142559332463,0.1516348933416183,0.0,0.0,0.0,7.347159086139502,val
0.4477508507251353,0.4006142559332463,0.1516348933416183,0.0,0.0,0.0,8.226074494809453,val
0.4477508507251353,0.4006142559332463,0.1516348933416183,0.0,0.0,0.0,7.804911260887734,val
0.4477508507251353,0.4006142559332463,0.1516348933416183,0.0,0.0,0.0,9.16640291355607,val
0.4477508507251353,0.4006142559332463,0.1516348933416183,0.0,0.0,0.0,8.596261254747798,val
0.4477508507251353,0.4006142559332463,0.1516348933416183,0.0,0.0,0.0,7.920317000876593,val
0.4477508507251353,0.4006142559332463,0.1516348933416183,0.0,0.0,0.0,6.847317106241371,val
0.4477508507251353,0.4006142559332463,0.1516348933416183,0.0,0.0,0.0,7.490096683854066,val
0.4477508507251353,0.4006142559332463,0.1516348933416183,0.0,0.0,0.0,8.125554956692659,val
0.4477508507251353,0.4006142559332463,0.1516348933416183,0.0,0.0,0.0,8.938628160254835,val
0.4477508507251353,0.4006142559332463,0.1516348933416183,0.0,0.0,0.0,8.315269454286193,val
0.4477508507251353,0.4006142559332463,0.1516348933416183,0.0,0.0,0.0,8.485885321327878,val
0.4477508507251353,0.4006142559332463,0.1516348933416183,0.0,0.0,0.0,7.642114691426635,val
0.4477508507251353,0.4006142559332463,0.1516348933416183,0.0,0.0,0.0,8.445392011033883,val
0.4477508507251353,0.4006142559332463,0.1516348933416183,0.0,0.0,0.0,8.11977456896599,val
0.4477508507251353,0.4006142559332463,0.1516348933416183,0.0,0.0,0.0,8.934737795260022,val
0.4477508507251353,0.4006142559332463,0.1516348933416183,0.0,0.0,0.0,9.187767286811273,val
0.4477508507251353,0.4006142559332463,0.1516348933416183,0.0,0.0,0.0,8.895654266236498,val
0.4477508507251353,0.4006142559332463,0.1516348933416183,0.0,0.0,0.0,8.905150179792876,val
0.4477508507251353,0.4006142559332463,0.1516348933416183,0.0,0.0,0.0,8.645555879108517,val
0.490490386326985,0.09949844710503,0.2285984783675715,0.1814126882004132,0.0,0.0,9.504473396919751,val
0.490490386326985,0.09949844710503,0.2285984783675715,0.1814126882004132,0.0,0.0,9.418375301836495,val
0.490490386326985,0.09949844710503,0.2285984783675715,0.1814126882004132,0.0,0.0,9.407667038112516,val
0.490490386326985,0.09949844710503,0.2285984783675715,0.1814126882004132,0.0,0.0,10.337130379339216,val
0.490490386326985,0.09949844710503,0.2285984783675715,0.1814126882004132,0.0,0.0,10.608059632699435,val
0.490490386326985,0.09949844710503,0.2285984783675715,0.1814126882004132,0.0,0.0,9.874847229069236,val
0.490490386326985,0.09949844710503,0.2285984783675715,0.1814126882004132,0.0,0.0,10.47949672901604,val
0.490490386326985,0.09949844710503,0.2285984783675715,0.1814126882004132,0.0,0.0,10.655094260817844,val
0.490490386326985,0.09949844710503,0.2285984783675715,0.1814126882004132,0.0,0.0,9.710967803207287,val
0.490490386326985,0.09949844710503,0.2285984783675715,0.1814126882004132,0.0,0.0,10.213807974968248,val
0.490490386326985,0.09949844710503,0.2285984783675715,0.1814126882004132,0.0,0.0,9.134671399883475,val
0.490490386326985,0.09949844710503,0.2285984783675715,0.1814126882004132,0.0,0.0,9.907253328639117,val
0.490490386326985,0.09949844710503,0.2285984783675715,0.1814126882004132,0.0,0.0,10.75867065029724,val
0.490490386326985,0.09949844710503,0.2285984783675715,0.1814126882004132,0.0,0.0,10.283567038974482,val
0.490490386326985,0.09949844710503,0.2285984783675715,0.1814126882004132,0.0,0.0,9.923687075947349,val
0.490490386326985,0.09949844710503,0.2285984783675715,0.1814126882004132,0.0,0.0,10.588493193602242,val
0.490490386326985,0.09949844710503,0.2285984783675715,0.1814126882004132,0.0,0.0,9.551921597772866,val
0.490490386326985,0.09949844710503,0.2285984783675715,0.1814126882004132,0.0,0.0,9.216784053224064,val
0.490490386326985,0.09949844710503,0.2285984783675715,0.1814126882004132,0.0,0.0,10.904430857940893,val
0.490490386326985,0.09949844710503,0.2285984783675715,0.1814126882004132,0.0,0.0,10.843534385320105,val
0.490490386326985,0.09949844710503,0.2285984783675715,0.1814126882004132,0.0,0.0,11.068801986583761,val
0.490490386326985,0.09949844710503,0.2285984783675715,0.1814126882004132,0.0,0.0,10.71089065917826,val
0.490490386326985,0.09949844710503,0.2285984783675715,0.1814126882004132,0.0,0.0,11.22149078140358,val
0.490490386326985,0.09949844710503,0.2285984783675715,0.1814126882004132,0.0,0.0,9.941678432890948,val
0.490490386326985,0.09949844710503,0.2285984783675715,0.1814126882004132,0.0,0.0,9.406701595803337,val
0.490490386326985,0.09949844710503,0.2285984783675715,0.1814126882004132,0.0,0.0,9.535661660960706,val
0.490490386326985,0.09949844710503,0.2285984783675715,0.1814126882004132,0.0,0.0,10.627544740937443,val
0.490490386326985,0.09949844710503,0.2285984783675715,0.1814126882004132,0.0,0.0,10.152367100841248,val
0.490490386326985,0.09949844710503,0.2285984783675715,0.1814126882004132,0.0,0.0,10.032678954887801,val
0.490490386326985,0.09949844710503,0.2285984783675715,0.1814126882004132,0.0,0.0,10.214348501713259,val
0.4735851964759844,0.3706960444829867,0.0,0.1557187590410289,0.0,0.0,55.56905025464603,val
0.4735851964759844,0.3706960444829867,0.0,0.1557187590410289,0.0,0.0,44.14982278101421,val
0.4735851964759844,0.3706960444829867,0.0,0.1557187590410289,0.0,0.0,43.4802436039557,val
0.4735851964759844,0.3706960444829867,0.0,0.1557187590410289,0.0,0.0,43.24899575428964,val
0.4735851964759844,0.3706960444829867,0.0,0.1557187590410289,0.0,0.0,39.526763260379774,val
0.4735851964759844,0.3706960444829867,0.0,0.1557187590410289,0.0,0.0,42.81627210395267,val
0.4735851964759844,0.3706960444829867,0.0,0.1557187590410289,0.0,0.0,43.87441750861936,val
0.4735851964759844,0.3706960444829867,0.0,0.1557187590410289,0.0,0.0,37.93156259594854,val
0.4735851964759844,0.3706960444829867,0.0,0.1557187590410289,0.0,0.0,47.13777261938467,val
0.4735851964759844,0.3706960444829867,0.0,0.1557187590410289,0.0,0.0,34.01635246819731,val
0.4735851964759844,0.3706960444829867,0.0,0.1557187590410289,0.0,0.0,41.247919658803205,val
0.4735851964759844,0.3706960444829867,0.0,0.1557187590410289,0.0,0.0,46.72180693923289,val
0.4735851964759844,0.3706960444829867,0.0,0.1557187590410289,0.0,0.0,44.59188216686026,val
0.4735851964759844,0.3706960444829867,0.0,0.1557187590410289,0.0,0.0,45.28024720147326,val
0.4735851964759844,0.3706960444829867,0.0,0.1557187590410289,0.0,0.0,46.53412732020887,val
0.4735851964759844,0.3706960444829867,0.0,0.1557187590410289,0.0,0.0,47.27889116085243,val
0.4735851964759844,0.3706960444829867,0.0,0.1557187590410289,0.0,0.0,47.94506459331848,val
0.4735851964759844,0.3706960444829867,0.0,0.1557187590410289,0.0,0.0,39.54607014728864,val
0.4735851964759844,0.3706960444829867,0.0,0.1557187590410289,0.0,0.0,50.68783976726868,val
0.4735851964759844,0.3706960444829867,0.0,0.1557187590410289,0.0,0.0,39.11552532738529,val
0.4735851964759844,0.3706960444829867,0.0,0.1557187590410289,0.0,0.0,44.58833126257117,val
0.4735851964759844,0.3706960444829867,0.0,0.1557187590410289,0.0,0.0,45.13707802521762,val
0.4735851964759844,0.3706960444829867,0.0,0.1557187590410289,0.0,0.0,37.96904093785286,val
0.4735851964759844,0.3706960444829867,0.0,0.1557187590410289,0.0,0.0,47.28571345886768,val
0.4735851964759844,0.3706960444829867,0.0,0.1557187590410289,0.0,0.0,44.76202093400998,val
0.4735851964759844,0.3706960444829867,0.0,0.1557187590410289,0.0,0.0,46.21382978162164,val
0.4735851964759844,0.3706960444829867,0.0,0.1557187590410289,0.0,0.0,44.50974956242121,val
0.4735851964759844,0.3706960444829867,0.0,0.1557187590410289,0.0,0.0,38.643631042804955,val
0.4735851964759844,0.3706960444829867,0.0,0.1557187590410289,0.0,0.0,49.408989418775086,val
0.4735851964759844,0.3706960444829867,0.0,0.1557187590410289,0.0,0.0,43.85588197300286,val
0.5532939832112999,0.2010933440278955,0.1724831935411165,0.0731294792196882,0.0,0.0,102.57616932671158,val
0.5532939832112999,0.2010933440278955,0.1724831935411165,0.0731294792196882,0.0,0.0,89.25274033057227,val
0.5532939832112999,0.2010933440278955,0.1724831935411165,0.0731294792196882,0.0,0.0,90.9941000843875,val
0.5532939832112999,0.2010933440278955,0.1724831935411165,0.0731294792196882,0.0,0.0,96.51403745660434,val
0.5532939832112999,0.2010933440278955,0.1724831935411165,0.0731294792196882,0.0,0.0,96.15861133909283,val
0.5532939832112999,0.2010933440278955,0.1724831935411165,0.0731294792196882,0.0,0.0,86.86830388574526,val
0.5532939832112999,0.2010933440278955,0.1724831935411165,0.0731294792196882,0.0,0.0,93.15932762246584,val
0.5532939832112999,0.2010933440278955,0.1724831935411165,0.0731294792196882,0.0,0.0,85.2057970163953,val
0.5532939832112999,0.2010933440278955,0.1724831935411165,0.0731294792196882,0.0,0.0,88.43881040227885,val
0.5532939832112999,0.2010933440278955,0.1724831935411165,0.0731294792196882,0.0,0.0,91.09468346952688,val
0.5532939832112999,0.2010933440278955,0.1724831935411165,0.0731294792196882,0.0,0.0,88.26621580575693,val
0.5532939832112999,0.2010933440278955,0.1724831935411165,0.0731294792196882,0.0,0.0,87.43151887273753,val
0.5532939832112999,0.2010933440278955,0.1724831935411165,0.0731294792196882,0.0,0.0,79.73824222794512,val
0.5532939832112999,0.2010933440278955,0.1724831935411165,0.0731294792196882,0.0,0.0,95.7246140060859,val
0.5532939832112999,0.2010933440278955,0.1724831935411165,0.0731294792196882,0.0,0.0,81.22622045247003,val
0.5532939832112999,0.2010933440278955,0.1724831935411165,0.0731294792196882,0.0,0.0,81.12465411541912,val
0.5532939832112999,0.2010933440278955,0.1724831935411165,0.0731294792196882,0.0,0.0,95.36942289891181,val
0.5532939832112999,0.2010933440278955,0.1724831935411165,0.0731294792196882,0.0,0.0,84.0758477925468,val
0.5532939832112999,0.2010933440278955,0.1724831935411165,0.0731294792196882,0.0,0.0,89.30973130684366,val
0.5532939832112999,0.2010933440278955,0.1724831935411165,0.0731294792196882,0.0,0.0,112.12743955234555,val
0.5532939832112999,0.2010933440278955,0.1724831935411165,0.0731294792196882,0.0,0.0,81.19240374472433,val
0.5532939832112999,0.2010933440278955,0.1724831935411165,0.0731294792196882,0.0,0.0,90.76323870230368,val
0.5532939832112999,0.2010933440278955,0.1724831935411165,0.0731294792196882,0.0,0.0,84.33752289711329,val
0.5532939832112999,0.2010933440278955,0.1724831935411165,0.0731294792196882,0.0,0.0,133.3594368725603,val
0.5532939832112999,0.2010933440278955,0.1724831935411165,0.0731294792196882,0.0,0.0,95.82648062503836,val
0.5532939832112999,0.2010933440278955,0.1724831935411165,0.0731294792196882,0.0,0.0,110.72693356544447,val
0.5532939832112999,0.2010933440278955,0.1724831935411165,0.0731294792196882,0.0,0.0,104.12143032904729,val
0.5532939832112999,0.2010933440278955,0.1724831935411165,0.0731294792196882,0.0,0.0,84.1766835213522,val
0.5532939832112999,0.2010933440278955,0.1724831935411165,0.0731294792196882,0.0,0.0,93.85525958839452,val
0.5532939832112999,0.2010933440278955,0.1724831935411165,0.0731294792196882,0.0,0.0,81.55473338767437,val
0.5241611938768385,0.2054293967489563,0.0,0.1793701476192071,0.0910392617549982,0.0,23.47192439631942,val
0.5241611938768385,0.2054293967489563,0.0,0.1793701476192071,0.0910392617549982,0.0,25.423478786443333,val
0.5241611938768385,0.2054293967489563,0.0,0.1793701476192071,0.0910392617549982,0.0,21.829812695433176,val
0.5241611938768385,0.2054293967489563,0.0,0.1793701476192071,0.0910392617549982,0.0,24.132551588142093,val
0.5241611938768385,0.2054293967489563,0.0,0.1793701476192071,0.0910392617549982,0.0,23.000413209449135,val
0.5241611938768385,0.2054293967489563,0.0,0.1793701476192071,0.0910392617549982,0.0,22.699868393513935,val
0.5241611938768385,0.2054293967489563,0.0,0.1793701476192071,0.0910392617549982,0.0,22.10915372154203,val
0.5241611938768385,0.2054293967489563,0.0,0.1793701476192071,0.0910392617549982,0.0,24.415962040485862,val
0.5241611938768385,0.2054293967489563,0.0,0.1793701476192071,0.0910392617549982,0.0,20.375237385626935,val
0.5241611938768385,0.2054293967489563,0.0,0.1793701476192071,0.0910392617549982,0.0,22.69671162948512,val
0.5241611938768385,0.2054293967489563,0.0,0.1793701476192071,0.0910392617549982,0.0,19.157698793531424,val
0.5241611938768385,0.2054293967489563,0.0,0.1793701476192071,0.0910392617549982,0.0,19.346535008149793,val
0.5241611938768385,0.2054293967489563,0.0,0.1793701476192071,0.0910392617549982,0.0,20.55908707393936,val
0.5241611938768385,0.2054293967489563,0.0,0.1793701476192071,0.0910392617549982,0.0,22.23656092726093,val
0.5241611938768385,0.2054293967489563,0.0,0.1793701476192071,0.0910392617549982,0.0,20.36912378182728,val
0.5241611938768385,0.2054293967489563,0.0,0.1793701476192071,0.0910392617549982,0.0,26.783943687604477,val
0.5241611938768385,0.2054293967489563,0.0,0.1793701476192071,0.0910392617549982,0.0,23.40724673146465,val
0.5241611938768385,0.2054293967489563,0.0,0.1793701476192071,0.0910392617549982,0.0,22.271879486320643,val
0.5241611938768385,0.2054293967489563,0.0,0.1793701476192071,0.0910392617549982,0.0,25.30166110386765,val
0.5241611938768385,0.2054293967489563,0.0,0.1793701476192071,0.0910392617549982,0.0,21.77646591770429,val
0.5241611938768385,0.2054293967489563,0.0,0.1793701476192071,0.0910392617549982,0.0,23.0976712301801,val
0.5241611938768385,0.2054293967489563,0.0,0.1793701476192071,0.0910392617549982,0.0,25.038650955330166,val
0.5241611938768385,0.2054293967489563,0.0,0.1793701476192071,0.0910392617549982,0.0,19.21918688559484,val
0.5241611938768385,0.2054293967489563,0.0,0.1793701476192071,0.0910392617549982,0.0,23.610480542129384,val
0.5241611938768385,0.2054293967489563,0.0,0.1793701476192071,0.0910392617549982,0.0,21.37645443305788,val
0.5241611938768385,0.2054293967489563,0.0,0.1793701476192071,0.0910392617549982,0.0,21.948613893240058,val
0.5241611938768385,0.2054293967489563,0.0,0.1793701476192071,0.0910392617549982,0.0,22.223429398524075,val
0.5241611938768385,0.2054293967489563,0.0,0.1793701476192071,0.0910392617549982,0.0,20.175138417177543,val
0.5241611938768385,0.2054293967489563,0.0,0.1793701476192071,0.0910392617549982,0.0,21.5493122093351,val
0.5241611938768385,0.2054293967489563,0.0,0.1793701476192071,0.0910392617549982,0.0,22.799735195148745,val
0.1834567286396467,0.1103537035190221,0.0,0.518383711635602,0.1878058562057291,0.0,7.075512933363725,val
0.1834567286396467,0.1103537035190221,0.0,0.518383711635602,0.1878058562057291,0.0,8.742026242158058,val
0.1834567286396467,0.1103537035190221,0.0,0.518383711635602,0.1878058562057291,0.0,7.723552321545958,val
0.1834567286396467,0.1103537035190221,0.0,0.518383711635602,0.1878058562057291,0.0,8.665806764990904,val
0.1834567286396467,0.1103537035190221,0.0,0.518383711635602,0.1878058562057291,0.0,7.589096316021805,val
0.1834567286396467,0.1103537035190221,0.0,0.518383711635602,0.1878058562057291,0.0,7.748728567636517,val
0.1834567286396467,0.1103537035190221,0.0,0.518383711635602,0.1878058562057291,0.0,8.47186104367693,val
0.1834567286396467,0.1103537035190221,0.0,0.518383711635602,0.1878058562057291,0.0,7.818924485139931,val
0.1834567286396467,0.1103537035190221,0.0,0.518383711635602,0.1878058562057291,0.0,7.891930367062931,val
0.1834567286396467,0.1103537035190221,0.0,0.518383711635602,0.1878058562057291,0.0,7.397645637007518,val
0.1834567286396467,0.1103537035190221,0.0,0.518383711635602,0.1878058562057291,0.0,8.22821482306614,val
0.1834567286396467,0.1103537035190221,0.0,0.518383711635602,0.1878058562057291,0.0,7.074877533870243,val
0.1834567286396467,0.1103537035190221,0.0,0.518383711635602,0.1878058562057291,0.0,6.9841114645033,val
0.1834567286396467,0.1103537035190221,0.0,0.518383711635602,0.1878058562057291,0.0,7.233046207136373,val
0.1834567286396467,0.1103537035190221,0.0,0.518383711635602,0.1878058562057291,0.0,7.371630201642944,val
0.1834567286396467,0.1103537035190221,0.0,0.518383711635602,0.1878058562057291,0.0,6.891460565816964,val
0.1834567286396467,0.1103537035190221,0.0,0.518383711635602,0.1878058562057291,0.0,7.036065435009891,val
0.1834567286396467,0.1103537035190221,0.0,0.518383711635602,0.1878058562057291,0.0,7.553338013836153,val
0.1834567286396467,0.1103537035190221,0.0,0.518383711635602,0.1878058562057291,0.0,7.7721531424870545,val
0.1834567286396467,0.1103537035190221,0.0,0.518383711635602,0.1878058562057291,0.0,7.605865785754929,val
0.1834567286396467,0.1103537035190221,0.0,0.518383711635602,0.1878058562057291,0.0,7.551806961401921,val
0.1834567286396467,0.1103537035190221,0.0,0.518383711635602,0.1878058562057291,0.0,7.248323117095569,val
0.1834567286396467,0.1103537035190221,0.0,0.518383711635602,0.1878058562057291,0.0,6.998562907898077,val
0.1834567286396467,0.1103537035190221,0.0,0.518383711635602,0.1878058562057291,0.0,7.93660210685432,val
0.1834567286396467,0.1103537035190221,0.0,0.518383711635602,0.1878058562057291,0.0,6.88427347964801,val
0.1834567286396467,0.1103537035190221,0.0,0.518383711635602,0.1878058562057291,0.0,7.702095304502171,val
0.1834567286396467,0.1103537035190221,0.0,0.518383711635602,0.1878058562057291,0.0,7.478477291347323,val
0.1834567286396467,0.1103537035190221,0.0,0.518383711635602,0.1878058562057291,0.0,7.595313945518896,val
0.1834567286396467,0.1103537035190221,0.0,0.518383711635602,0.1878058562057291,0.0,6.316074549212033,val
0.1834567286396467,0.1103537035190221,0.0,0.518383711635602,0.1878058562057291,0.0,7.8585948057192985,val
0.4181424545885479,0.3637589098339749,0.2180986355774773,0.0,0.0,0.0,12.48293714917566,val
0.4181424545885479,0.3637589098339749,0.2180986355774773,0.0,0.0,0.0,11.67560211500056,val
0.4181424545885479,0.3637589098339749,0.2180986355774773,0.0,0.0,0.0,11.160036009197183,val
0.4181424545885479,0.3637589098339749,0.2180986355774773,0.0,0.0,0.0,10.192219708646746,val
0.4181424545885479,0.3637589098339749,0.2180986355774773,0.0,0.0,0.0,13.257508816231073,val
0.4181424545885479,0.3637589098339749,0.2180986355774773,0.0,0.0,0.0,12.23308190575232,val
0.4181424545885479,0.3637589098339749,0.2180986355774773,0.0,0.0,0.0,11.298095591319374,val
0.4181424545885479,0.3637589098339749,0.2180986355774773,0.0,0.0,0.0,10.870087925042563,val
0.4181424545885479,0.3637589098339749,0.2180986355774773,0.0,0.0,0.0,10.6641389756165,val
0.4181424545885479,0.3637589098339749,0.2180986355774773,0.0,0.0,0.0,10.631761569657145,val
0.4181424545885479,0.3637589098339749,0.2180986355774773,0.0,0.0,0.0,10.583264433140089,val
0.4181424545885479,0.3637589098339749,0.2180986355774773,0.0,0.0,0.0,11.540589083189696,val
0.4181424545885479,0.3637589098339749,0.2180986355774773,0.0,0.0,0.0,11.928162831945235,val
0.4181424545885479,0.3637589098339749,0.2180986355774773,0.0,0.0,0.0,10.568777695534596,val
0.4181424545885479,0.3637589098339749,0.2180986355774773,0.0,0.0,0.0,10.850163288229572,val
0.4181424545885479,0.3637589098339749,0.2180986355774773,0.0,0.0,0.0,11.336890913725611,val
0.4181424545885479,0.3637589098339749,0.2180986355774773,0.0,0.0,0.0,11.56411790446123,val
0.4181424545885479,0.3637589098339749,0.2180986355774773,0.0,0.0,0.0,10.680759375786435,val
0.4181424545885479,0.3637589098339749,0.2180986355774773,0.0,0.0,0.0,11.404274338358075,val
0.4181424545885479,0.3637589098339749,0.2180986355774773,0.0,0.0,0.0,11.502711868791843,val
0.4181424545885479,0.3637589098339749,0.2180986355774773,0.0,0.0,0.0,11.972483691869993,val
0.4181424545885479,0.3637589098339749,0.2180986355774773,0.0,0.0,0.0,11.029394201579574,val
0.4181424545885479,0.3637589098339749,0.2180986355774773,0.0,0.0,0.0,11.113266335383939,val
0.4181424545885479,0.3637589098339749,0.2180986355774773,0.0,0.0,0.0,10.480667267659593,val
0.4181424545885479,0.3637589098339749,0.2180986355774773,0.0,0.0,0.0,10.07042979735855,val
0.4181424545885479,0.3637589098339749,0.2180986355774773,0.0,0.0,0.0,11.437802470646883,val
0.4181424545885479,0.3637589098339749,0.2180986355774773,0.0,0.0,0.0,11.324197547181484,val
0.4181424545885479,0.3637589098339749,0.2180986355774773,0.0,0.0,0.0,10.424188907834752,val
0.4181424545885479,0.3637589098339749,0.2180986355774773,0.0,0.0,0.0,11.733397303831946,val
0.4181424545885479,0.3637589098339749,0.2180986355774773,0.0,0.0,0.0,11.376849338784437,val
0.5476479302305517,0.2176541266201308,0.1762466216905773,0.0584513214587402,0.0,0.0,70.50960762593895,val
0.5476479302305517,0.2176541266201308,0.1762466216905773,0.0584513214587402,0.0,0.0,92.68351220788074,val
0.5476479302305517,0.2176541266201308,0.1762466216905773,0.0584513214587402,0.0,0.0,71.67701614628193,val
0.5476479302305517,0.2176541266201308,0.1762466216905773,0.0584513214587402,0.0,0.0,69.73826500275081,val
0.5476479302305517,0.2176541266201308,0.1762466216905773,0.0584513214587402,0.0,0.0,56.91136771558605,val
0.5476479302305517,0.2176541266201308,0.1762466216905773,0.0584513214587402,0.0,0.0,49.44555941112955,val
0.5476479302305517,0.2176541266201308,0.1762466216905773,0.0584513214587402,0.0,0.0,77.70228736906135,val
0.5476479302305517,0.2176541266201308,0.1762466216905773,0.0584513214587402,0.0,0.0,93.32720189552538,val
0.5476479302305517,0.2176541266201308,0.1762466216905773,0.0584513214587402,0.0,0.0,60.2229868876383,val
0.5476479302305517,0.2176541266201308,0.1762466216905773,0.0584513214587402,0.0,0.0,84.3513994932909,val
0.5476479302305517,0.2176541266201308,0.1762466216905773,0.0584513214587402,0.0,0.0,75.55736858244714,val
0.5476479302305517,0.2176541266201308,0.1762466216905773,0.0584513214587402,0.0,0.0,72.99836973084595,val
0.5476479302305517,0.2176541266201308,0.1762466216905773,0.0584513214587402,0.0,0.0,66.82764547186318,val
0.5476479302305517,0.2176541266201308,0.1762466216905773,0.0584513214587402,0.0,0.0,74.21837458942704,val
0.5476479302305517,0.2176541266201308,0.1762466216905773,0.0584513214587402,0.0,0.0,75.58615122165547,val
0.5476479302305517,0.2176541266201308,0.1762466216905773,0.0584513214587402,0.0,0.0,64.51110452151524,val
0.5476479302305517,0.2176541266201308,0.1762466216905773,0.0584513214587402,0.0,0.0,53.8370824840291,val
0.5476479302305517,0.2176541266201308,0.1762466216905773,0.0584513214587402,0.0,0.0,77.62711117316314,val
0.5476479302305517,0.2176541266201308,0.1762466216905773,0.0584513214587402,0.0,0.0,84.15632939671733,val
0.5476479302305517,0.2176541266201308,0.1762466216905773,0.0584513214587402,0.0,0.0,61.694485999349716,val
0.5476479302305517,0.2176541266201308,0.1762466216905773,0.0584513214587402,0.0,0.0,67.6174354235741,val
0.5476479302305517,0.2176541266201308,0.1762466216905773,0.0584513214587402,0.0,0.0,72.45999230669602,val
0.5476479302305517,0.2176541266201308,0.1762466216905773,0.0584513214587402,0.0,0.0,57.220492133671364,val
0.5476479302305517,0.2176541266201308,0.1762466216905773,0.0584513214587402,0.0,0.0,69.09596908177684,val
0.5476479302305517,0.2176541266201308,0.1762466216905773,0.0584513214587402,0.0,0.0,82.01604673554033,val
0.5476479302305517,0.2176541266201308,0.1762466216905773,0.0584513214587402,0.0,0.0,71.18351969739682,val
0.5476479302305517,0.2176541266201308,0.1762466216905773,0.0584513214587402,0.0,0.0,75.59320501049409,val
0.5476479302305517,0.2176541266201308,0.1762466216905773,0.0584513214587402,0.0,0.0,65.62938573348538,val
0.5476479302305517,0.2176541266201308,0.1762466216905773,0.0584513214587402,0.0,0.0,85.03724236757651,val
0.5476479302305517,0.2176541266201308,0.1762466216905773,0.0584513214587402,0.0,0.0,87.33128487370521,val
0.5484979641624895,0.2870444259110734,0.0756453164591227,0.0888122934673143,0.0,0.0,26.4853638746217,val
0.5484979641624895,0.2870444259110734,0.0756453164591227,0.0888122934673143,0.0,0.0,30.260638124080707,val
0.5484979641624895,0.2870444259110734,0.0756453164591227,0.0888122934673143,0.0,0.0,14.015111943972778,val
0.5484979641624895,0.2870444259110734,0.0756453164591227,0.0888122934673143,0.0,0.0,25.84502932015984,val
0.5484979641624895,0.2870444259110734,0.0756453164591227,0.0888122934673143,0.0,0.0,20.053612562565075,val
0.5484979641624895,0.2870444259110734,0.0756453164591227,0.0888122934673143,0.0,0.0,22.22324241587557,val
0.5484979641624895,0.2870444259110734,0.0756453164591227,0.0888122934673143,0.0,0.0,25.506652024443607,val
0.5484979641624895,0.2870444259110734,0.0756453164591227,0.0888122934673143,0.0,0.0,27.24856859683073,val
0.5484979641624895,0.2870444259110734,0.0756453164591227,0.0888122934673143,0.0,0.0,16.160453712710606,val
0.5484979641624895,0.2870444259110734,0.0756453164591227,0.0888122934673143,0.0,0.0,26.582717156494216,val
0.5484979641624895,0.2870444259110734,0.0756453164591227,0.0888122934673143,0.0,0.0,21.747803913968387,val
0.5484979641624895,0.2870444259110734,0.0756453164591227,0.0888122934673143,0.0,0.0,29.104664122754713,val
0.5484979641624895,0.2870444259110734,0.0756453164591227,0.0888122934673143,0.0,0.0,18.01663477597277,val
0.5484979641624895,0.2870444259110734,0.0756453164591227,0.0888122934673143,0.0,0.0,22.327544006626525,val
0.5484979641624895,0.2870444259110734,0.0756453164591227,0.0888122934673143,0.0,0.0,26.63621763648971,val
0.5484979641624895,0.2870444259110734,0.0756453164591227,0.0888122934673143,0.0,0.0,19.22397312381039,val
0.5484979641624895,0.2870444259110734,0.0756453164591227,0.0888122934673143,0.0,0.0,22.25536422687638,val
0.5484979641624895,0.2870444259110734,0.0756453164591227,0.0888122934673143,0.0,0.0,20.858416962746333,val
0.5484979641624895,0.2870444259110734,0.0756453164591227,0.0888122934673143,0.0,0.0,12.066814748618226,val
0.5484979641624895,0.2870444259110734,0.0756453164591227,0.0888122934673143,0.0,0.0,13.425652258995623,val
0.5484979641624895,0.2870444259110734,0.0756453164591227,0.0888122934673143,0.0,0.0,21.12548116998511,val
0.5484979641624895,0.2870444259110734,0.0756453164591227,0.0888122934673143,0.0,0.0,22.14320850572516,val
0.5484979641624895,0.2870444259110734,0.0756453164591227,0.0888122934673143,0.0,0.0,19.6350878926736,val
0.5484979641624895,0.2870444259110734,0.0756453164591227,0.0888122934673143,0.0,0.0,16.81413926302857,val
0.5484979641624895,0.2870444259110734,0.0756453164591227,0.0888122934673143,0.0,0.0,23.51927466280631,val
0.5484979641624895,0.2870444259110734,0.0756453164591227,0.0888122934673143,0.0,0.0,29.064742358710042,val
0.5484979641624895,0.2870444259110734,0.0756453164591227,0.0888122934673143,0.0,0.0,14.134654828222244,val
0.5484979641624895,0.2870444259110734,0.0756453164591227,0.0888122934673143,0.0,0.0,24.012979250421843,val
0.5484979641624895,0.2870444259110734,0.0756453164591227,0.0888122934673143,0.0,0.0,21.81023686847339,val
0.5484979641624895,0.2870444259110734,0.0756453164591227,0.0888122934673143,0.0,0.0,24.32673746526537,val
0.5103293592484149,0.1119201390128269,0.1900169751755539,0.1877335265632041,0.0,0.0,2.340710108320063,val
0.5103293592484149,0.1119201390128269,0.1900169751755539,0.1877335265632041,0.0,0.0,2.0579950109985234,val
0.5103293592484149,0.1119201390128269,0.1900169751755539,0.1877335265632041,0.0,0.0,2.1616302590020284,val
0.5103293592484149,0.1119201390128269,0.1900169751755539,0.1877335265632041,0.0,0.0,2.141952094131228,val
0.5103293592484149,0.1119201390128269,0.1900169751755539,0.1877335265632041,0.0,0.0,2.065437994770079,val
0.5103293592484149,0.1119201390128269,0.1900169751755539,0.1877335265632041,0.0,0.0,2.1157618537687073,val
0.5103293592484149,0.1119201390128269,0.1900169751755539,0.1877335265632041,0.0,0.0,2.279501047278513,val
0.5103293592484149,0.1119201390128269,0.1900169751755539,0.1877335265632041,0.0,0.0,2.113098140903676,val
0.5103293592484149,0.1119201390128269,0.1900169751755539,0.1877335265632041,0.0,0.0,2.225435178446704,val
0.5103293592484149,0.1119201390128269,0.1900169751755539,0.1877335265632041,0.0,0.0,1.7639330180115083,val
0.5103293592484149,0.1119201390128269,0.1900169751755539,0.1877335265632041,0.0,0.0,2.028024691681115,val
0.5103293592484149,0.1119201390128269,0.1900169751755539,0.1877335265632041,0.0,0.0,1.930950634400231,val
0.5103293592484149,0.1119201390128269,0.1900169751755539,0.1877335265632041,0.0,0.0,2.088117619307493,val
0.5103293592484149,0.1119201390128269,0.1900169751755539,0.1877335265632041,0.0,0.0,2.110828656048734,val
0.5103293592484149,0.1119201390128269,0.1900169751755539,0.1877335265632041,0.0,0.0,1.9365481823497843,val
0.5103293592484149,0.1119201390128269,0.1900169751755539,0.1877335265632041,0.0,0.0,1.8905454004220363,val
0.5103293592484149,0.1119201390128269,0.1900169751755539,0.1877335265632041,0.0,0.0,2.170243319200637,val
0.5103293592484149,0.1119201390128269,0.1900169751755539,0.1877335265632041,0.0,0.0,2.1129395335164176,val
0.5103293592484149,0.1119201390128269,0.1900169751755539,0.1877335265632041,0.0,0.0,2.3377387794831543,val
0.5103293592484149,0.1119201390128269,0.1900169751755539,0.1877335265632041,0.0,0.0,2.1923520728060617,val
0.5103293592484149,0.1119201390128269,0.1900169751755539,0.1877335265632041,0.0,0.0,2.1678788243383487,val
0.5103293592484149,0.1119201390128269,0.1900169751755539,0.1877335265632041,0.0,0.0,1.962255277177508,val
0.5103293592484149,0.1119201390128269,0.1900169751755539,0.1877335265632041,0.0,0.0,2.054962632186007,val
0.5103293592484149,0.1119201390128269,0.1900169751755539,0.1877335265632041,0.0,0.0,1.9427880861018023,val
0.5103293592484149,0.1119201390128269,0.1900169751755539,0.1877335265632041,0.0,0.0,2.149710894230737,val
0.5103293592484149,0.1119201390128269,0.1900169751755539,0.1877335265632041,0.0,0.0,2.0801879385740754,val
0.5103293592484149,0.1119201390128269,0.1900169751755539,0.1877335265632041,0.0,0.0,2.1501378180701716,val
0.5103293592484149,0.1119201390128269,0.1900169751755539,0.1877335265632041,0.0,0.0,2.334045971767675,val
0.5103293592484149,0.1119201390128269,0.1900169751755539,0.1877335265632041,0.0,0.0,2.137058778313068,val
0.5103293592484149,0.1119201390128269,0.1900169751755539,0.1877335265632041,0.0,0.0,2.361874711804374,val
0.3783867289412583,0.3650971598554051,0.0,0.0,0.2565161112033365,0.0,9.989889153760892,val
0.3783867289412583,0.3650971598554051,0.0,0.0,0.2565161112033365,0.0,10.487286925800676,val
0.3783867289412583,0.3650971598554051,0.0,0.0,0.2565161112033365,0.0,10.717664286494323,val
0.3783867289412583,0.3650971598554051,0.0,0.0,0.2565161112033365,0.0,11.822140157481147,val
0.3783867289412583,0.3650971598554051,0.0,0.0,0.2565161112033365,0.0,10.848365378325681,val
0.3783867289412583,0.3650971598554051,0.0,0.0,0.2565161112033365,0.0,9.397346715137278,val
0.3783867289412583,0.3650971598554051,0.0,0.0,0.2565161112033365,0.0,9.955388904818811,val
0.3783867289412583,0.3650971598554051,0.0,0.0,0.2565161112033365,0.0,9.984536657738285,val
0.3783867289412583,0.3650971598554051,0.0,0.0,0.2565161112033365,0.0,10.136822069548463,val
0.3783867289412583,0.3650971598554051,0.0,0.0,0.2565161112033365,0.0,11.348666784672606,val
0.3783867289412583,0.3650971598554051,0.0,0.0,0.2565161112033365,0.0,10.26411585648604,val
0.3783867289412583,0.3650971598554051,0.0,0.0,0.2565161112033365,0.0,10.81035525903817,val
0.3783867289412583,0.3650971598554051,0.0,0.0,0.2565161112033365,0.0,10.126784798026156,val
0.3783867289412583,0.3650971598554051,0.0,0.0,0.2565161112033365,0.0,10.294095935133358,val
0.3783867289412583,0.3650971598554051,0.0,0.0,0.2565161112033365,0.0,10.844957917792085,val
0.3783867289412583,0.3650971598554051,0.0,0.0,0.2565161112033365,0.0,11.442699161009955,val
0.3783867289412583,0.3650971598554051,0.0,0.0,0.2565161112033365,0.0,11.014499936219838,val
0.3783867289412583,0.3650971598554051,0.0,0.0,0.2565161112033365,0.0,10.07535414539699,val
0.3783867289412583,0.3650971598554051,0.0,0.0,0.2565161112033365,0.0,12.40995800641497,val
0.3783867289412583,0.3650971598554051,0.0,0.0,0.2565161112033365,0.0,10.558740578153865,val
0.3783867289412583,0.3650971598554051,0.0,0.0,0.2565161112033365,0.0,11.344708823545561,val
0.3783867289412583,0.3650971598554051,0.0,0.0,0.2565161112033365,0.0,11.668479069848866,val
0.3783867289412583,0.3650971598554051,0.0,0.0,0.2565161112033365,0.0,10.436112315466199,val
0.3783867289412583,0.3650971598554051,0.0,0.0,0.2565161112033365,0.0,10.740381250661466,val
0.3783867289412583,0.3650971598554051,0.0,0.0,0.2565161112033365,0.0,10.877309845020932,val
0.3783867289412583,0.3650971598554051,0.0,0.0,0.2565161112033365,0.0,11.99852709644098,val
0.3783867289412583,0.3650971598554051,0.0,0.0,0.2565161112033365,0.0,10.680736830705314,val
0.3783867289412583,0.3650971598554051,0.0,0.0,0.2565161112033365,0.0,10.413198939679441,val
0.3783867289412583,0.3650971598554051,0.0,0.0,0.2565161112033365,0.0,10.481613763048644,val
0.3783867289412583,0.3650971598554051,0.0,0.0,0.2565161112033365,0.0,9.77585231556884,val
0.453448475007193,0.2826301317033861,0.1835088220132006,0.0804125712762202,0.0,0.0,79.86884231208107,val
0.453448475007193,0.2826301317033861,0.1835088220132006,0.0804125712762202,0.0,0.0,58.84009916517805,val
0.453448475007193,0.2826301317033861,0.1835088220132006,0.0804125712762202,0.0,0.0,65.06371716149374,val
0.453448475007193,0.2826301317033861,0.1835088220132006,0.0804125712762202,0.0,0.0,53.15674982518321,val
0.453448475007193,0.2826301317033861,0.1835088220132006,0.0804125712762202,0.0,0.0,85.41208987606191,val
0.453448475007193,0.2826301317033861,0.1835088220132006,0.0804125712762202,0.0,0.0,85.85734193346369,val
0.453448475007193,0.2826301317033861,0.1835088220132006,0.0804125712762202,0.0,0.0,81.64051262035333,val
0.453448475007193,0.2826301317033861,0.1835088220132006,0.0804125712762202,0.0,0.0,64.58762123909817,val
0.453448475007193,0.2826301317033861,0.1835088220132006,0.0804125712762202,0.0,0.0,89.35056691373725,val
0.453448475007193,0.2826301317033861,0.1835088220132006,0.0804125712762202,0.0,0.0,76.56512140979953,val
0.453448475007193,0.2826301317033861,0.1835088220132006,0.0804125712762202,0.0,0.0,82.4467742368213,val
0.453448475007193,0.2826301317033861,0.1835088220132006,0.0804125712762202,0.0,0.0,56.42517662357883,val
0.453448475007193,0.2826301317033861,0.1835088220132006,0.0804125712762202,0.0,0.0,101.9362799963142,val
0.453448475007193,0.2826301317033861,0.1835088220132006,0.0804125712762202,0.0,0.0,94.02445275758862,val
0.453448475007193,0.2826301317033861,0.1835088220132006,0.0804125712762202,0.0,0.0,74.7801080763705,val
0.453448475007193,0.2826301317033861,0.1835088220132006,0.0804125712762202,0.0,0.0,35.857589868644205,val
0.453448475007193,0.2826301317033861,0.1835088220132006,0.0804125712762202,0.0,0.0,84.2066531576027,val
0.453448475007193,0.2826301317033861,0.1835088220132006,0.0804125712762202,0.0,0.0,86.22127170829552,val
0.453448475007193,0.2826301317033861,0.1835088220132006,0.0804125712762202,0.0,0.0,66.92704067078877,val
0.453448475007193,0.2826301317033861,0.1835088220132006,0.0804125712762202,0.0,0.0,65.08676070472666,val
0.453448475007193,0.2826301317033861,0.1835088220132006,0.0804125712762202,0.0,0.0,82.62868293828465,val
0.453448475007193,0.2826301317033861,0.1835088220132006,0.0804125712762202,0.0,0.0,75.85161848107705,val
0.453448475007193,0.2826301317033861,0.1835088220132006,0.0804125712762202,0.0,0.0,86.8541186063284,val
0.453448475007193,0.2826301317033861,0.1835088220132006,0.0804125712762202,0.0,0.0,70.97999400851447,val
0.453448475007193,0.2826301317033861,0.1835088220132006,0.0804125712762202,0.0,0.0,87.35152301275195,val
0.453448475007193,0.2826301317033861,0.1835088220132006,0.0804125712762202,0.0,0.0,88.92750074731231,val
0.453448475007193,0.2826301317033861,0.1835088220132006,0.0804125712762202,0.0,0.0,81.73133860342003,val
0.453448475007193,0.2826301317033861,0.1835088220132006,0.0804125712762202,0.0,0.0,72.18306524277862,val
0.453448475007193,0.2826301317033861,0.1835088220132006,0.0804125712762202,0.0,0.0,46.08834455245579,val
0.453448475007193,0.2826301317033861,0.1835088220132006,0.0804125712762202,0.0,0.0,60.17144312185055,val
0.5498863026281411,0.2874712177830317,0.0770883634065755,0.0855541161822516,0.0,0.0,16.09826175326551,val
0.5498863026281411,0.2874712177830317,0.0770883634065755,0.0855541161822516,0.0,0.0,19.779831219240197,val
0.5498863026281411,0.2874712177830317,0.0770883634065755,0.0855541161822516,0.0,0.0,18.692884188498613,val
0.5498863026281411,0.2874712177830317,0.0770883634065755,0.0855541161822516,0.0,0.0,22.733220179718522,val
0.5498863026281411,0.2874712177830317,0.0770883634065755,0.0855541161822516,0.0,0.0,15.118600940386187,val
0.5498863026281411,0.2874712177830317,0.0770883634065755,0.0855541161822516,0.0,0.0,26.144972983973332,val
0.5498863026281411,0.2874712177830317,0.0770883634065755,0.0855541161822516,0.0,0.0,20.410797983480162,val
0.5498863026281411,0.2874712177830317,0.0770883634065755,0.0855541161822516,0.0,0.0,20.554216225720307,val
0.5498863026281411,0.2874712177830317,0.0770883634065755,0.0855541161822516,0.0,0.0,26.562797754706704,val
0.5498863026281411,0.2874712177830317,0.0770883634065755,0.0855541161822516,0.0,0.0,18.088179189836733,val
0.5498863026281411,0.2874712177830317,0.0770883634065755,0.0855541161822516,0.0,0.0,22.7030067453464,val
0.5498863026281411,0.2874712177830317,0.0770883634065755,0.0855541161822516,0.0,0.0,21.94302954521087,val
0.5498863026281411,0.2874712177830317,0.0770883634065755,0.0855541161822516,0.0,0.0,25.056322107668564,val
0.5498863026281411,0.2874712177830317,0.0770883634065755,0.0855541161822516,0.0,0.0,19.596193223303878,val
0.5498863026281411,0.2874712177830317,0.0770883634065755,0.0855541161822516,0.0,0.0,20.54677937943607,val
0.5498863026281411,0.2874712177830317,0.0770883634065755,0.0855541161822516,0.0,0.0,18.805264031759105,val
0.5498863026281411,0.2874712177830317,0.0770883634065755,0.0855541161822516,0.0,0.0,16.019249811911333,val
0.5498863026281411,0.2874712177830317,0.0770883634065755,0.0855541161822516,0.0,0.0,17.75195235849368,val
0.5498863026281411,0.2874712177830317,0.0770883634065755,0.0855541161822516,0.0,0.0,20.246591742449844,val
0.5498863026281411,0.2874712177830317,0.0770883634065755,0.0855541161822516,0.0,0.0,14.684849510838859,val
0.5498863026281411,0.2874712177830317,0.0770883634065755,0.0855541161822516,0.0,0.0,17.780264301265927,val
0.5498863026281411,0.2874712177830317,0.0770883634065755,0.0855541161822516,0.0,0.0,20.641279090742408,val
0.5498863026281411,0.2874712177830317,0.0770883634065755,0.0855541161822516,0.0,0.0,14.937322939480943,val
0.5498863026281411,0.2874712177830317,0.0770883634065755,0.0855541161822516,0.0,0.0,20.994071280638796,val
0.5498863026281411,0.2874712177830317,0.0770883634065755,0.0855541161822516,0.0,0.0,20.917330390313452,val
0.5498863026281411,0.2874712177830317,0.0770883634065755,0.0855541161822516,0.0,0.0,18.853563133893896,val
0.5498863026281411,0.2874712177830317,0.0770883634065755,0.0855541161822516,0.0,0.0,21.54661353804894,val
0.5498863026281411,0.2874712177830317,0.0770883634065755,0.0855541161822516,0.0,0.0,21.06007005037341,val
0.5498863026281411,0.2874712177830317,0.0770883634065755,0.0855541161822516,0.0,0.0,13.754045850730433,val
0.5498863026281411,0.2874712177830317,0.0770883634065755,0.0855541161822516,0.0,0.0,13.336124964231027,val
0.4439570950613568,0.1894901868697952,0.0,0.0,0.3665527180688479,0.0,11.785439866832478,val
0.4439570950613568,0.1894901868697952,0.0,0.0,0.3665527180688479,0.0,12.903660487606018,val
0.4439570950613568,0.1894901868697952,0.0,0.0,0.3665527180688479,0.0,11.788018834446117,val
0.4439570950613568,0.1894901868697952,0.0,0.0,0.3665527180688479,0.0,11.95345815113367,val
0.4439570950613568,0.1894901868697952,0.0,0.0,0.3665527180688479,0.0,11.381882104621939,val
0.4439570950613568,0.1894901868697952,0.0,0.0,0.3665527180688479,0.0,12.32552614542815,val
0.4439570950613568,0.1894901868697952,0.0,0.0,0.3665527180688479,0.0,9.872187080223517,val
0.4439570950613568,0.1894901868697952,0.0,0.0,0.3665527180688479,0.0,10.623563494526303,val
0.4439570950613568,0.1894901868697952,0.0,0.0,0.3665527180688479,0.0,11.965013158500552,val
0.4439570950613568,0.1894901868697952,0.0,0.0,0.3665527180688479,0.0,10.653434892626148,val
0.4439570950613568,0.1894901868697952,0.0,0.0,0.3665527180688479,0.0,11.678519606040593,val
0.4439570950613568,0.1894901868697952,0.0,0.0,0.3665527180688479,0.0,10.439644385853448,val
0.4439570950613568,0.1894901868697952,0.0,0.0,0.3665527180688479,0.0,11.074993051242926,val
0.4439570950613568,0.1894901868697952,0.0,0.0,0.3665527180688479,0.0,11.119577346672735,val
0.4439570950613568,0.1894901868697952,0.0,0.0,0.3665527180688479,0.0,9.67298218746221,val
0.4439570950613568,0.1894901868697952,0.0,0.0,0.3665527180688479,0.0,11.806602160569419,val
0.4439570950613568,0.1894901868697952,0.0,0.0,0.3665527180688479,0.0,13.316583455863993,val
0.4439570950613568,0.1894901868697952,0.0,0.0,0.3665527180688479,0.0,11.469545258485889,val
0.4439570950613568,0.1894901868697952,0.0,0.0,0.3665527180688479,0.0,10.807875068481088,val
0.4439570950613568,0.1894901868697952,0.0,0.0,0.3665527180688479,0.0,10.91866423356094,val
0.4439570950613568,0.1894901868697952,0.0,0.0,0.3665527180688479,0.0,10.756220115340511,val
0.4439570950613568,0.1894901868697952,0.0,0.0,0.3665527180688479,0.0,9.816376417053656,val
0.4439570950613568,0.1894901868697952,0.0,0.0,0.3665527180688479,0.0,11.647312258854724,val
0.4439570950613568,0.1894901868697952,0.0,0.0,0.3665527180688479,0.0,10.930918815194872,val
0.4439570950613568,0.1894901868697952,0.0,0.0,0.3665527180688479,0.0,10.561053371109072,val
0.4439570950613568,0.1894901868697952,0.0,0.0,0.3665527180688479,0.0,11.71770844753999,val
0.4439570950613568,0.1894901868697952,0.0,0.0,0.3665527180688479,0.0,12.930248328107936,val
0.4439570950613568,0.1894901868697952,0.0,0.0,0.3665527180688479,0.0,11.554597017859951,val
0.4439570950613568,0.1894901868697952,0.0,0.0,0.3665527180688479,0.0,10.392137051507346,val
0.4439570950613568,0.1894901868697952,0.0,0.0,0.3665527180688479,0.0,12.41118928075544,val
0.2897073520078211,0.0882508295236742,0.0,0.2243127586816737,0.3977290597868309,0.0,48.62678189504129,val
0.2897073520078211,0.0882508295236742,0.0,0.2243127586816737,0.3977290597868309,0.0,64.22077125684675,val
0.2897073520078211,0.0882508295236742,0.0,0.2243127586816737,0.3977290597868309,0.0,47.49673401758073,val
0.2897073520078211,0.0882508295236742,0.0,0.2243127586816737,0.3977290597868309,0.0,56.422346134768,val
0.2897073520078211,0.0882508295236742,0.0,0.2243127586816737,0.3977290597868309,0.0,56.79975368216557,val
0.2897073520078211,0.0882508295236742,0.0,0.2243127586816737,0.3977290597868309,0.0,62.25126171518992,val
0.2897073520078211,0.0882508295236742,0.0,0.2243127586816737,0.3977290597868309,0.0,63.728439515689594,val
0.2897073520078211,0.0882508295236742,0.0,0.2243127586816737,0.3977290597868309,0.0,65.98373743203425,val
0.2897073520078211,0.0882508295236742,0.0,0.2243127586816737,0.3977290597868309,0.0,60.91332389718359,val
0.2897073520078211,0.0882508295236742,0.0,0.2243127586816737,0.3977290597868309,0.0,57.4182524188685,val
0.2897073520078211,0.0882508295236742,0.0,0.2243127586816737,0.3977290597868309,0.0,47.588578993199256,val
0.2897073520078211,0.0882508295236742,0.0,0.2243127586816737,0.3977290597868309,0.0,59.92491689097176,val
0.2897073520078211,0.0882508295236742,0.0,0.2243127586816737,0.3977290597868309,0.0,60.6570904088828,val
0.2897073520078211,0.0882508295236742,0.0,0.2243127586816737,0.3977290597868309,0.0,49.73359046196401,val
0.2897073520078211,0.0882508295236742,0.0,0.2243127586816737,0.3977290597868309,0.0,62.266177523420296,val
0.2897073520078211,0.0882508295236742,0.0,0.2243127586816737,0.3977290597868309,0.0,47.67934954187916,val
0.2897073520078211,0.0882508295236742,0.0,0.2243127586816737,0.3977290597868309,0.0,52.37256835250625,val
0.2897073520078211,0.0882508295236742,0.0,0.2243127586816737,0.3977290597868309,0.0,57.0164349186383,val
0.2897073520078211,0.0882508295236742,0.0,0.2243127586816737,0.3977290597868309,0.0,56.406349239908295,val
0.2897073520078211,0.0882508295236742,0.0,0.2243127586816737,0.3977290597868309,0.0,60.08749160772945,val
0.2897073520078211,0.0882508295236742,0.0,0.2243127586816737,0.3977290597868309,0.0,59.60201878089414,val
0.2897073520078211,0.0882508295236742,0.0,0.2243127586816737,0.3977290597868309,0.0,65.23484547114326,val
0.2897073520078211,0.0882508295236742,0.0,0.2243127586816737,0.3977290597868309,0.0,57.94378475576196,val
0.2897073520078211,0.0882508295236742,0.0,0.2243127586816737,0.3977290597868309,0.0,59.66170470224099,val
0.2897073520078211,0.0882508295236742,0.0,0.2243127586816737,0.3977290597868309,0.0,56.07053915924557,val
0.2897073520078211,0.0882508295236742,0.0,0.2243127586816737,0.3977290597868309,0.0,55.21197596575663,val
0.2897073520078211,0.0882508295236742,0.0,0.2243127586816737,0.3977290597868309,0.0,51.914436734660626,val
0.2897073520078211,0.0882508295236742,0.0,0.2243127586816737,0.3977290597868309,0.0,59.877270601071075,val
0.2897073520078211,0.0882508295236742,0.0,0.2243127586816737,0.3977290597868309,0.0,67.0443804594767,val
0.2897073520078211,0.0882508295236742,0.0,0.2243127586816737,0.3977290597868309,0.0,53.22271015740685,val
0.5126470832591984,0.2207058552696361,0.075734279977142,0.1909127814940235,0.0,0.0,18.69211567007123,val
0.5126470832591984,0.2207058552696361,0.075734279977142,0.1909127814940235,0.0,0.0,18.710459598751584,val
0.5126470832591984,0.2207058552696361,0.075734279977142,0.1909127814940235,0.0,0.0,17.543820719900328,val
0.5126470832591984,0.2207058552696361,0.075734279977142,0.1909127814940235,0.0,0.0,18.781910552947267,val
0.5126470832591984,0.2207058552696361,0.075734279977142,0.1909127814940235,0.0,0.0,19.338305131168546,val
0.5126470832591984,0.2207058552696361,0.075734279977142,0.1909127814940235,0.0,0.0,19.3372226156228,val
0.5126470832591984,0.2207058552696361,0.075734279977142,0.1909127814940235,0.0,0.0,18.28792549653366,val
0.5126470832591984,0.2207058552696361,0.075734279977142,0.1909127814940235,0.0,0.0,18.265223619293735,val
0.5126470832591984,0.2207058552696361,0.075734279977142,0.1909127814940235,0.0,0.0,19.826661471743233,val
0.5126470832591984,0.2207058552696361,0.075734279977142,0.1909127814940235,0.0,0.0,17.644721786131655,val
0.5126470832591984,0.2207058552696361,0.075734279977142,0.1909127814940235,0.0,0.0,17.244233487653553,val
0.5126470832591984,0.2207058552696361,0.075734279977142,0.1909127814940235,0.0,0.0,18.9730645095326,val
0.5126470832591984,0.2207058552696361,0.075734279977142,0.1909127814940235,0.0,0.0,18.50008242426499,val
0.5126470832591984,0.2207058552696361,0.075734279977142,0.1909127814940235,0.0,0.0,18.717589005969355,val
0.5126470832591984,0.2207058552696361,0.075734279977142,0.1909127814940235,0.0,0.0,16.39281500263354,val
0.5126470832591984,0.2207058552696361,0.075734279977142,0.1909127814940235,0.0,0.0,19.342693984977412,val
0.5126470832591984,0.2207058552696361,0.075734279977142,0.1909127814940235,0.0,0.0,15.422088259927207,val
0.5126470832591984,0.2207058552696361,0.075734279977142,0.1909127814940235,0.0,0.0,18.18825711556757,val
0.5126470832591984,0.2207058552696361,0.075734279977142,0.1909127814940235,0.0,0.0,18.417040174477837,val
0.5126470832591984,0.2207058552696361,0.075734279977142,0.1909127814940235,0.0,0.0,19.02997941507358,val
0.5126470832591984,0.2207058552696361,0.075734279977142,0.1909127814940235,0.0,0.0,20.511981398891677,val
0.5126470832591984,0.2207058552696361,0.075734279977142,0.1909127814940235,0.0,0.0,18.428220735531678,val
0.5126470832591984,0.2207058552696361,0.075734279977142,0.1909127814940235,0.0,0.0,18.957170373419103,val
0.5126470832591984,0.2207058552696361,0.075734279977142,0.1909127814940235,0.0,0.0,18.165448592212716,val
0.5126470832591984,0.2207058552696361,0.075734279977142,0.1909127814940235,0.0,0.0,17.104374992335273,val
0.5126470832591984,0.2207058552696361,0.075734279977142,0.1909127814940235,0.0,0.0,19.533533833534694,val
0.5126470832591984,0.2207058552696361,0.075734279977142,0.1909127814940235,0.0,0.0,17.599870731463007,val
0.5126470832591984,0.2207058552696361,0.075734279977142,0.1909127814940235,0.0,0.0,18.515440157535973,val
0.5126470832591984,0.2207058552696361,0.075734279977142,0.1909127814940235,0.0,0.0,19.836682444389428,val
0.5126470832591984,0.2207058552696361,0.075734279977142,0.1909127814940235,0.0,0.0,18.158115044709866,val
0.5094941751903237,0.2322821711035913,0.0891602291862428,0.1690634245198422,0.0,0.0,21.904229212041216,val
0.5094941751903237,0.2322821711035913,0.0891602291862428,0.1690634245198422,0.0,0.0,22.14065900741635,val
0.5094941751903237,0.2322821711035913,0.0891602291862428,0.1690634245198422,0.0,0.0,25.702126892001324,val
0.5094941751903237,0.2322821711035913,0.0891602291862428,0.1690634245198422,0.0,0.0,26.053335545295162,val
0.5094941751903237,0.2322821711035913,0.0891602291862428,0.1690634245198422,0.0,0.0,26.697078716780425,val
0.5094941751903237,0.2322821711035913,0.0891602291862428,0.1690634245198422,0.0,0.0,22.826577481387048,val
0.5094941751903237,0.2322821711035913,0.0891602291862428,0.1690634245198422,0.0,0.0,21.011840878733636,val
0.5094941751903237,0.2322821711035913,0.0891602291862428,0.1690634245198422,0.0,0.0,25.899287446721225,val
0.5094941751903237,0.2322821711035913,0.0891602291862428,0.1690634245198422,0.0,0.0,26.7201220240326,val
0.5094941751903237,0.2322821711035913,0.0891602291862428,0.1690634245198422,0.0,0.0,26.345092578604238,val
0.5094941751903237,0.2322821711035913,0.0891602291862428,0.1690634245198422,0.0,0.0,24.746088808967293,val
0.5094941751903237,0.2322821711035913,0.0891602291862428,0.1690634245198422,0.0,0.0,24.651584274330304,val
0.5094941751903237,0.2322821711035913,0.0891602291862428,0.1690634245198422,0.0,0.0,24.875150971359776,val
0.5094941751903237,0.2322821711035913,0.0891602291862428,0.1690634245198422,0.0,0.0,25.139754846572032,val
0.5094941751903237,0.2322821711035913,0.0891602291862428,0.1690634245198422,0.0,0.0,24.115694882960714,val
0.5094941751903237,0.2322821711035913,0.0891602291862428,0.1690634245198422,0.0,0.0,23.422905739149726,val
0.5094941751903237,0.2322821711035913,0.0891602291862428,0.1690634245198422,0.0,0.0,24.08020866302642,val
0.5094941751903237,0.2322821711035913,0.0891602291862428,0.1690634245198422,0.0,0.0,23.857234992474435,val
0.5094941751903237,0.2322821711035913,0.0891602291862428,0.1690634245198422,0.0,0.0,21.907423738794712,val
0.5094941751903237,0.2322821711035913,0.0891602291862428,0.1690634245198422,0.0,0.0,23.680156362104206,val
0.5094941751903237,0.2322821711035913,0.0891602291862428,0.1690634245198422,0.0,0.0,25.7875835887761,val
0.5094941751903237,0.2322821711035913,0.0891602291862428,0.1690634245198422,0.0,0.0,21.867557531253244,val
0.5094941751903237,0.2322821711035913,0.0891602291862428,0.1690634245198422,0.0,0.0,25.04604889521958,val
0.5094941751903237,0.2322821711035913,0.0891602291862428,0.1690634245198422,0.0,0.0,19.755261272942597,val
0.5094941751903237,0.2322821711035913,0.0891602291862428,0.1690634245198422,0.0,0.0,22.62655872320463,val
0.5094941751903237,0.2322821711035913,0.0891602291862428,0.1690634245198422,0.0,0.0,23.463151702501648,val
0.5094941751903237,0.2322821711035913,0.0891602291862428,0.1690634245198422,0.0,0.0,22.275119338358135,val
0.5094941751903237,0.2322821711035913,0.0891602291862428,0.1690634245198422,0.0,0.0,23.633447179541132,val
0.5094941751903237,0.2322821711035913,0.0891602291862428,0.1690634245198422,0.0,0.0,22.528421006170753,val
0.5094941751903237,0.2322821711035913,0.0891602291862428,0.1690634245198422,0.0,0.0,26.596201820316725,val
0.5653235172852438,0.1982604624709134,0.1658107504777617,0.0706052697660809,0.0,0.0,38.14029269077533,val
0.5653235172852438,0.1982604624709134,0.1658107504777617,0.0706052697660809,0.0,0.0,42.61606378601182,val
0.5653235172852438,0.1982604624709134,0.1658107504777617,0.0706052697660809,0.0,0.0,32.262949306236564,val
0.5653235172852438,0.1982604624709134,0.1658107504777617,0.0706052697660809,0.0,0.0,39.688990859099185,val
0.5653235172852438,0.1982604624709134,0.1658107504777617,0.0706052697660809,0.0,0.0,31.141247022304242,val
0.5653235172852438,0.1982604624709134,0.1658107504777617,0.0706052697660809,0.0,0.0,34.89566268538054,val
0.5653235172852438,0.1982604624709134,0.1658107504777617,0.0706052697660809,0.0,0.0,36.900670652692106,val
0.5653235172852438,0.1982604624709134,0.1658107504777617,0.0706052697660809,0.0,0.0,41.42506801524929,val
0.5653235172852438,0.1982604624709134,0.1658107504777617,0.0706052697660809,0.0,0.0,37.91764032712609,val
0.5653235172852438,0.1982604624709134,0.1658107504777617,0.0706052697660809,0.0,0.0,45.53126177120669,val
0.5653235172852438,0.1982604624709134,0.1658107504777617,0.0706052697660809,0.0,0.0,34.17224455438302,val
0.5653235172852438,0.1982604624709134,0.1658107504777617,0.0706052697660809,0.0,0.0,38.885797343254914,val
0.5653235172852438,0.1982604624709134,0.1658107504777617,0.0706052697660809,0.0,0.0,32.97703672867813,val
0.5653235172852438,0.1982604624709134,0.1658107504777617,0.0706052697660809,0.0,0.0,33.64246589568677,val
0.5653235172852438,0.1982604624709134,0.1658107504777617,0.0706052697660809,0.0,0.0,39.46155592672684,val
0.5653235172852438,0.1982604624709134,0.1658107504777617,0.0706052697660809,0.0,0.0,37.211816758763376,val
0.5653235172852438,0.1982604624709134,0.1658107504777617,0.0706052697660809,0.0,0.0,39.64748981479597,val
0.5653235172852438,0.1982604624709134,0.1658107504777617,0.0706052697660809,0.0,0.0,30.699941121548306,val
0.5653235172852438,0.1982604624709134,0.1658107504777617,0.0706052697660809,0.0,0.0,33.192270133172045,val
0.5653235172852438,0.1982604624709134,0.1658107504777617,0.0706052697660809,0.0,0.0,34.81025891368948,val
0.5653235172852438,0.1982604624709134,0.1658107504777617,0.0706052697660809,0.0,0.0,41.60070533177118,val
0.5653235172852438,0.1982604624709134,0.1658107504777617,0.0706052697660809,0.0,0.0,37.65939448319172,val
0.5653235172852438,0.1982604624709134,0.1658107504777617,0.0706052697660809,0.0,0.0,40.5653104494641,val
0.5653235172852438,0.1982604624709134,0.1658107504777617,0.0706052697660809,0.0,0.0,35.66365172598664,val
0.5653235172852438,0.1982604624709134,0.1658107504777617,0.0706052697660809,0.0,0.0,40.241604671235116,val
0.5653235172852438,0.1982604624709134,0.1658107504777617,0.0706052697660809,0.0,0.0,42.972378065186845,val
0.5653235172852438,0.1982604624709134,0.1658107504777617,0.0706052697660809,0.0,0.0,31.602825775670702,val
0.5653235172852438,0.1982604624709134,0.1658107504777617,0.0706052697660809,0.0,0.0,39.15950620686415,val
0.5653235172852438,0.1982604624709134,0.1658107504777617,0.0706052697660809,0.0,0.0,34.28033931250887,val
0.5653235172852438,0.1982604624709134,0.1658107504777617,0.0706052697660809,0.0,0.0,42.60289301414116,val
0.3697302897478688,0.4004017456316552,0.2298679646204757,0.0,0.0,0.0,3.96159461522974,val
0.3697302897478688,0.4004017456316552,0.2298679646204757,0.0,0.0,0.0,4.748735888576025,val
0.3697302897478688,0.4004017456316552,0.2298679646204757,0.0,0.0,0.0,4.493196909769999,val
0.3697302897478688,0.4004017456316552,0.2298679646204757,0.0,0.0,0.0,4.179741343818881,val
0.3697302897478688,0.4004017456316552,0.2298679646204757,0.0,0.0,0.0,3.9662412138793575,val
0.3697302897478688,0.4004017456316552,0.2298679646204757,0.0,0.0,0.0,4.358634141589157,val
0.3697302897478688,0.4004017456316552,0.2298679646204757,0.0,0.0,0.0,4.5390671580109165,val
0.3697302897478688,0.4004017456316552,0.2298679646204757,0.0,0.0,0.0,4.113223926686863,val
0.3697302897478688,0.4004017456316552,0.2298679646204757,0.0,0.0,0.0,4.583276605156172,val
0.3697302897478688,0.4004017456316552,0.2298679646204757,0.0,0.0,0.0,4.5768154859463985,val
0.3697302897478688,0.4004017456316552,0.2298679646204757,0.0,0.0,0.0,4.085365043915956,val
0.3697302897478688,0.4004017456316552,0.2298679646204757,0.0,0.0,0.0,4.620234079853895,val
0.3697302897478688,0.4004017456316552,0.2298679646204757,0.0,0.0,0.0,4.345186014561234,val
0.3697302897478688,0.4004017456316552,0.2298679646204757,0.0,0.0,0.0,4.490694949761486,val
0.3697302897478688,0.4004017456316552,0.2298679646204757,0.0,0.0,0.0,4.577428843517691,val
0.3697302897478688,0.4004017456316552,0.2298679646204757,0.0,0.0,0.0,3.803694331947553,val
0.3697302897478688,0.4004017456316552,0.2298679646204757,0.0,0.0,0.0,4.088597703632313,val
0.3697302897478688,0.4004017456316552,0.2298679646204757,0.0,0.0,0.0,3.5381875882615645,val
0.3697302897478688,0.4004017456316552,0.2298679646204757,0.0,0.0,0.0,3.8007855023500148,val
0.3697302897478688,0.4004017456316552,0.2298679646204757,0.0,0.0,0.0,4.017445451340957,val
0.3697302897478688,0.4004017456316552,0.2298679646204757,0.0,0.0,0.0,4.218802213848167,val
0.3697302897478688,0.4004017456316552,0.2298679646204757,0.0,0.0,0.0,4.1449143693668775,val
0.3697302897478688,0.4004017456316552,0.2298679646204757,0.0,0.0,0.0,4.584222880560342,val
0.3697302897478688,0.4004017456316552,0.2298679646204757,0.0,0.0,0.0,4.219008108476454,val
0.3697302897478688,0.4004017456316552,0.2298679646204757,0.0,0.0,0.0,4.12283916318373,val
0.3697302897478688,0.4004017456316552,0.2298679646204757,0.0,0.0,0.0,4.317939129930558,val
0.3697302897478688,0.4004017456316552,0.2298679646204757,0.0,0.0,0.0,4.4817831950111735,val
0.3697302897478688,0.4004017456316552,0.2298679646204757,0.0,0.0,0.0,4.316937901403065,val
0.3697302897478688,0.4004017456316552,0.2298679646204757,0.0,0.0,0.0,4.547841299279465,val
0.3697302897478688,0.4004017456316552,0.2298679646204757,0.0,0.0,0.0,4.2106236757716315,val
0.1416492699961299,0.5797928455802961,0.1044983736147232,0.0860884423088963,0.0,0.0879710684999545,103.29623307684182,val
0.1416492699961299,0.5797928455802961,0.1044983736147232,0.0860884423088963,0.0,0.0879710684999545,104.73733524244157,val
0.1416492699961299,0.5797928455802961,0.1044983736147232,0.0860884423088963,0.0,0.0879710684999545,112.65324846829913,val
0.1416492699961299,0.5797928455802961,0.1044983736147232,0.0860884423088963,0.0,0.0879710684999545,108.37572173267066,val
0.1416492699961299,0.5797928455802961,0.1044983736147232,0.0860884423088963,0.0,0.0879710684999545,101.71149105883441,val
0.1416492699961299,0.5797928455802961,0.1044983736147232,0.0860884423088963,0.0,0.0879710684999545,108.77552076765491,val
0.1416492699961299,0.5797928455802961,0.1044983736147232,0.0860884423088963,0.0,0.0879710684999545,96.36447817187134,val
0.1416492699961299,0.5797928455802961,0.1044983736147232,0.0860884423088963,0.0,0.0879710684999545,104.10179806403124,val
0.1416492699961299,0.5797928455802961,0.1044983736147232,0.0860884423088963,0.0,0.0879710684999545,108.02776511452085,val
0.1416492699961299,0.5797928455802961,0.1044983736147232,0.0860884423088963,0.0,0.0879710684999545,105.1793470870345,val
0.1416492699961299,0.5797928455802961,0.1044983736147232,0.0860884423088963,0.0,0.0879710684999545,114.98279597108356,val
0.1416492699961299,0.5797928455802961,0.1044983736147232,0.0860884423088963,0.0,0.0879710684999545,100.90558073714153,val
0.1416492699961299,0.5797928455802961,0.1044983736147232,0.0860884423088963,0.0,0.0879710684999545,109.1178434699076,val
0.1416492699961299,0.5797928455802961,0.1044983736147232,0.0860884423088963,0.0,0.0879710684999545,89.57961404134088,val
0.1416492699961299,0.5797928455802961,0.1044983736147232,0.0860884423088963,0.0,0.0879710684999545,102.42694903441131,val
0.1416492699961299,0.5797928455802961,0.1044983736147232,0.0860884423088963,0.0,0.0879710684999545,105.27010649462491,val
0.1416492699961299,0.5797928455802961,0.1044983736147232,0.0860884423088963,0.0,0.0879710684999545,104.71874224752207,val
0.1416492699961299,0.5797928455802961,0.1044983736147232,0.0860884423088963,0.0,0.0879710684999545,108.59965033182881,val
0.1416492699961299,0.5797928455802961,0.1044983736147232,0.0860884423088963,0.0,0.0879710684999545,102.09433159649858,val
0.1416492699961299,0.5797928455802961,0.1044983736147232,0.0860884423088963,0.0,0.0879710684999545,97.70640001667411,val
0.1416492699961299,0.5797928455802961,0.1044983736147232,0.0860884423088963,0.0,0.0879710684999545,114.413069625832,val
0.1416492699961299,0.5797928455802961,0.1044983736147232,0.0860884423088963,0.0,0.0879710684999545,107.54944217716675,val
0.1416492699961299,0.5797928455802961,0.1044983736147232,0.0860884423088963,0.0,0.0879710684999545,112.46193563521402,val
0.1416492699961299,0.5797928455802961,0.1044983736147232,0.0860884423088963,0.0,0.0879710684999545,96.64351890351855,val
0.1416492699961299,0.5797928455802961,0.1044983736147232,0.0860884423088963,0.0,0.0879710684999545,113.34001144750815,val
0.1416492699961299,0.5797928455802961,0.1044983736147232,0.0860884423088963,0.0,0.0879710684999545,100.84165415662022,val
0.1416492699961299,0.5797928455802961,0.1044983736147232,0.0860884423088963,0.0,0.0879710684999545,96.1744324548215,val
0.1416492699961299,0.5797928455802961,0.1044983736147232,0.0860884423088963,0.0,0.0879710684999545,101.31944812629521,val
0.1416492699961299,0.5797928455802961,0.1044983736147232,0.0860884423088963,0.0,0.0879710684999545,104.75648253138633,val
0.1416492699961299,0.5797928455802961,0.1044983736147232,0.0860884423088963,0.0,0.0879710684999545,112.8045777198809,val
0.136002732423075,0.5760787538394659,0.096393922672611,0.0982469649209222,0.0,0.0932776261439262,113.64373714739335,val
0.136002732423075,0.5760787538394659,0.096393922672611,0.0982469649209222,0.0,0.0932776261439262,124.01813289619234,val
0.136002732423075,0.5760787538394659,0.096393922672611,0.0982469649209222,0.0,0.0932776261439262,109.60712259469517,val
0.136002732423075,0.5760787538394659,0.096393922672611,0.0982469649209222,0.0,0.0932776261439262,115.22482610842657,val
0.136002732423075,0.5760787538394659,0.096393922672611,0.0982469649209222,0.0,0.0932776261439262,90.05691331175628,val
0.136002732423075,0.5760787538394659,0.096393922672611,0.0982469649209222,0.0,0.0932776261439262,91.92512454007719,val
0.136002732423075,0.5760787538394659,0.096393922672611,0.0982469649209222,0.0,0.0932776261439262,105.76216769233645,val
0.136002732423075,0.5760787538394659,0.096393922672611,0.0982469649209222,0.0,0.0932776261439262,107.08017391252383,val
0.136002732423075,0.5760787538394659,0.096393922672611,0.0982469649209222,0.0,0.0932776261439262,85.94190273746,val
0.136002732423075,0.5760787538394659,0.096393922672611,0.0982469649209222,0.0,0.0932776261439262,108.48511004497453,val
0.136002732423075,0.5760787538394659,0.096393922672611,0.0982469649209222,0.0,0.0932776261439262,94.10231381397658,val
0.136002732423075,0.5760787538394659,0.096393922672611,0.0982469649209222,0.0,0.0932776261439262,111.84130596555956,val
0.136002732423075,0.5760787538394659,0.096393922672611,0.0982469649209222,0.0,0.0932776261439262,106.36699537638924,val
0.136002732423075,0.5760787538394659,0.096393922672611,0.0982469649209222,0.0,0.0932776261439262,121.19764094947503,val
0.136002732423075,0.5760787538394659,0.096393922672611,0.0982469649209222,0.0,0.0932776261439262,104.04226869578608,val
0.136002732423075,0.5760787538394659,0.096393922672611,0.0982469649209222,0.0,0.0932776261439262,97.51175692771432,val
0.136002732423075,0.5760787538394659,0.096393922672611,0.0982469649209222,0.0,0.0932776261439262,110.63810244208692,val
0.136002732423075,0.5760787538394659,0.096393922672611,0.0982469649209222,0.0,0.0932776261439262,104.15819533685011,val
0.136002732423075,0.5760787538394659,0.096393922672611,0.0982469649209222,0.0,0.0932776261439262,110.6813996474887,val
0.136002732423075,0.5760787538394659,0.096393922672611,0.0982469649209222,0.0,0.0932776261439262,110.7619136463801,val
0.136002732423075,0.5760787538394659,0.096393922672611,0.0982469649209222,0.0,0.0932776261439262,105.0736434416976,val
0.136002732423075,0.5760787538394659,0.096393922672611,0.0982469649209222,0.0,0.0932776261439262,115.73823115934275,val
0.136002732423075,0.5760787538394659,0.096393922672611,0.0982469649209222,0.0,0.0932776261439262,101.90195848914419,val
0.136002732423075,0.5760787538394659,0.096393922672611,0.0982469649209222,0.0,0.0932776261439262,104.4979320514074,val
0.136002732423075,0.5760787538394659,0.096393922672611,0.0982469649209222,0.0,0.0932776261439262,85.58019670600662,val
0.136002732423075,0.5760787538394659,0.096393922672611,0.0982469649209222,0.0,0.0932776261439262,113.33349852410693,val
0.136002732423075,0.5760787538394659,0.096393922672611,0.0982469649209222,0.0,0.0932776261439262,134.8058983260613,val
0.136002732423075,0.5760787538394659,0.096393922672611,0.0982469649209222,0.0,0.0932776261439262,102.79189371304514,val
0.136002732423075,0.5760787538394659,0.096393922672611,0.0982469649209222,0.0,0.0932776261439262,95.17071074386973,val
0.136002732423075,0.5760787538394659,0.096393922672611,0.0982469649209222,0.0,0.0932776261439262,118.98720449568384,val
0.6078580100544446,0.1072807356602305,0.0723503451036586,0.0,0.1413427996657947,0.0711681095158715,5.327208804949046,val
0.6078580100544446,0.1072807356602305,0.0723503451036586,0.0,0.1413427996657947,0.0711681095158715,4.721108664077713,val
0.6078580100544446,0.1072807356602305,0.0723503451036586,0.0,0.1413427996657947,0.0711681095158715,4.646425591080605,val
0.6078580100544446,0.1072807356602305,0.0723503451036586,0.0,0.1413427996657947,0.0711681095158715,4.861664886094516,val
0.6078580100544446,0.1072807356602305,0.0723503451036586,0.0,0.1413427996657947,0.0711681095158715,4.990299042697436,val
0.6078580100544446,0.1072807356602305,0.0723503451036586,0.0,0.1413427996657947,0.0711681095158715,5.14204264924925,val
0.6078580100544446,0.1072807356602305,0.0723503451036586,0.0,0.1413427996657947,0.0711681095158715,4.144443436972918,val
0.6078580100544446,0.1072807356602305,0.0723503451036586,0.0,0.1413427996657947,0.0711681095158715,4.945533860729994,val
0.6078580100544446,0.1072807356602305,0.0723503451036586,0.0,0.1413427996657947,0.0711681095158715,4.781860182735546,val
0.6078580100544446,0.1072807356602305,0.0723503451036586,0.0,0.1413427996657947,0.0711681095158715,5.312177105554248,val
0.6078580100544446,0.1072807356602305,0.0723503451036586,0.0,0.1413427996657947,0.0711681095158715,5.2133610567849855,val
0.6078580100544446,0.1072807356602305,0.0723503451036586,0.0,0.1413427996657947,0.0711681095158715,5.557816120352594,val
0.6078580100544446,0.1072807356602305,0.0723503451036586,0.0,0.1413427996657947,0.0711681095158715,4.817003775056705,val
0.6078580100544446,0.1072807356602305,0.0723503451036586,0.0,0.1413427996657947,0.0711681095158715,5.822319716186911,val
0.6078580100544446,0.1072807356602305,0.0723503451036586,0.0,0.1413427996657947,0.0711681095158715,5.467709052004709,val
0.6078580100544446,0.1072807356602305,0.0723503451036586,0.0,0.1413427996657947,0.0711681095158715,5.3726662869228585,val
0.6078580100544446,0.1072807356602305,0.0723503451036586,0.0,0.1413427996657947,0.0711681095158715,5.047879947898759,val
0.6078580100544446,0.1072807356602305,0.0723503451036586,0.0,0.1413427996657947,0.0711681095158715,4.28184302742442,val
0.6078580100544446,0.1072807356602305,0.0723503451036586,0.0,0.1413427996657947,0.0711681095158715,5.3399528413232735,val
0.6078580100544446,0.1072807356602305,0.0723503451036586,0.0,0.1413427996657947,0.0711681095158715,4.648429830940221,val
0.6078580100544446,0.1072807356602305,0.0723503451036586,0.0,0.1413427996657947,0.0711681095158715,4.766815896706895,val
0.6078580100544446,0.1072807356602305,0.0723503451036586,0.0,0.1413427996657947,0.0711681095158715,5.4480966260311465,val
0.6078580100544446,0.1072807356602305,0.0723503451036586,0.0,0.1413427996657947,0.0711681095158715,5.146651345644074,val
0.6078580100544446,0.1072807356602305,0.0723503451036586,0.0,0.1413427996657947,0.0711681095158715,5.019446541608901,val
0.6078580100544446,0.1072807356602305,0.0723503451036586,0.0,0.1413427996657947,0.0711681095158715,5.271935957222197,val
0.6078580100544446,0.1072807356602305,0.0723503451036586,0.0,0.1413427996657947,0.0711681095158715,5.317122328115852,val
0.6078580100544446,0.1072807356602305,0.0723503451036586,0.0,0.1413427996657947,0.0711681095158715,4.9438166491032085,val
0.6078580100544446,0.1072807356602305,0.0723503451036586,0.0,0.1413427996657947,0.0711681095158715,4.775531695656701,val
0.6078580100544446,0.1072807356602305,0.0723503451036586,0.0,0.1413427996657947,0.0711681095158715,5.341426518006713,val
0.6078580100544446,0.1072807356602305,0.0723503451036586,0.0,0.1413427996657947,0.0711681095158715,5.478244218380783,val
0.2247839960480437,0.1856652719505916,0.1052261854096245,0.1886628293376699,0.0,0.2956617172540701,18.20284612886012,val
0.2247839960480437,0.1856652719505916,0.1052261854096245,0.1886628293376699,0.0,0.2956617172540701,20.259781142341378,val
0.2247839960480437,0.1856652719505916,0.1052261854096245,0.1886628293376699,0.0,0.2956617172540701,18.588600303989562,val
0.2247839960480437,0.1856652719505916,0.1052261854096245,0.1886628293376699,0.0,0.2956617172540701,19.213724451780404,val
0.2247839960480437,0.1856652719505916,0.1052261854096245,0.1886628293376699,0.0,0.2956617172540701,19.36901615229881,val
0.2247839960480437,0.1856652719505916,0.1052261854096245,0.1886628293376699,0.0,0.2956617172540701,18.78743254963355,val
0.2247839960480437,0.1856652719505916,0.1052261854096245,0.1886628293376699,0.0,0.2956617172540701,20.00918825219273,val
0.2247839960480437,0.1856652719505916,0.1052261854096245,0.1886628293376699,0.0,0.2956617172540701,18.069528348306775,val
0.2247839960480437,0.1856652719505916,0.1052261854096245,0.1886628293376699,0.0,0.2956617172540701,20.474937538256878,val
0.2247839960480437,0.1856652719505916,0.1052261854096245,0.1886628293376699,0.0,0.2956617172540701,18.26956014570498,val
0.2247839960480437,0.1856652719505916,0.1052261854096245,0.1886628293376699,0.0,0.2956617172540701,17.606387983915948,val
0.2247839960480437,0.1856652719505916,0.1052261854096245,0.1886628293376699,0.0,0.2956617172540701,20.92841711769898,val
0.2247839960480437,0.1856652719505916,0.1052261854096245,0.1886628293376699,0.0,0.2956617172540701,20.189074800176606,val
0.2247839960480437,0.1856652719505916,0.1052261854096245,0.1886628293376699,0.0,0.2956617172540701,19.055817321955956,val
0.2247839960480437,0.1856652719505916,0.1052261854096245,0.1886628293376699,0.0,0.2956617172540701,20.209754724789157,val
0.2247839960480437,0.1856652719505916,0.1052261854096245,0.1886628293376699,0.0,0.2956617172540701,16.82898756126622,val
0.2247839960480437,0.1856652719505916,0.1052261854096245,0.1886628293376699,0.0,0.2956617172540701,19.381384097498234,val
0.2247839960480437,0.1856652719505916,0.1052261854096245,0.1886628293376699,0.0,0.2956617172540701,19.480663233007085,val
0.2247839960480437,0.1856652719505916,0.1052261854096245,0.1886628293376699,0.0,0.2956617172540701,18.874840616511197,val
0.2247839960480437,0.1856652719505916,0.1052261854096245,0.1886628293376699,0.0,0.2956617172540701,18.496504279498698,val
0.2247839960480437,0.1856652719505916,0.1052261854096245,0.1886628293376699,0.0,0.2956617172540701,20.040444005682062,val
0.2247839960480437,0.1856652719505916,0.1052261854096245,0.1886628293376699,0.0,0.2956617172540701,21.154126323937234,val
0.2247839960480437,0.1856652719505916,0.1052261854096245,0.1886628293376699,0.0,0.2956617172540701,18.455015836903986,val
0.2247839960480437,0.1856652719505916,0.1052261854096245,0.1886628293376699,0.0,0.2956617172540701,20.168927130030813,val
0.2247839960480437,0.1856652719505916,0.1052261854096245,0.1886628293376699,0.0,0.2956617172540701,20.31350250906084,val
0.2247839960480437,0.1856652719505916,0.1052261854096245,0.1886628293376699,0.0,0.2956617172540701,20.81469103247832,val
0.2247839960480437,0.1856652719505916,0.1052261854096245,0.1886628293376699,0.0,0.2956617172540701,19.34323387826611,val
0.2247839960480437,0.1856652719505916,0.1052261854096245,0.1886628293376699,0.0,0.2956617172540701,20.48154335244987,val
0.2247839960480437,0.1856652719505916,0.1052261854096245,0.1886628293376699,0.0,0.2956617172540701,19.761987434207306,val
0.2247839960480437,0.1856652719505916,0.1052261854096245,0.1886628293376699,0.0,0.2956617172540701,19.887822260910095,val
0.4250004389698795,0.0819956441983721,0.2520798474162552,0.1761111146431045,0.0,0.0648129547723885,8.100932733330666,val
0.4250004389698795,0.0819956441983721,0.2520798474162552,0.1761111146431045,0.0,0.0648129547723885,7.211219342038595,val
0.4250004389698795,0.0819956441983721,0.2520798474162552,0.1761111146431045,0.0,0.0648129547723885,6.351021596976336,val
0.4250004389698795,0.0819956441983721,0.2520798474162552,0.1761111146431045,0.0,0.0648129547723885,6.383791797152111,val
0.4250004389698795,0.0819956441983721,0.2520798474162552,0.1761111146431045,0.0,0.0648129547723885,6.579033722769647,val
0.4250004389698795,0.0819956441983721,0.2520798474162552,0.1761111146431045,0.0,0.0648129547723885,6.7394435927183425,val
0.4250004389698795,0.0819956441983721,0.2520798474162552,0.1761111146431045,0.0,0.0648129547723885,8.114613476215066,val
0.4250004389698795,0.0819956441983721,0.2520798474162552,0.1761111146431045,0.0,0.0648129547723885,6.214528745874235,val
0.4250004389698795,0.0819956441983721,0.2520798474162552,0.1761111146431045,0.0,0.0648129547723885,7.0684031531613245,val
0.4250004389698795,0.0819956441983721,0.2520798474162552,0.1761111146431045,0.0,0.0648129547723885,7.193816372247337,val
0.4250004389698795,0.0819956441983721,0.2520798474162552,0.1761111146431045,0.0,0.0648129547723885,6.761736332856709,val
0.4250004389698795,0.0819956441983721,0.2520798474162552,0.1761111146431045,0.0,0.0648129547723885,6.9526871442927645,val
0.4250004389698795,0.0819956441983721,0.2520798474162552,0.1761111146431045,0.0,0.0648129547723885,7.139951087376201,val
0.4250004389698795,0.0819956441983721,0.2520798474162552,0.1761111146431045,0.0,0.0648129547723885,7.177600244473445,val
0.4250004389698795,0.0819956441983721,0.2520798474162552,0.1761111146431045,0.0,0.0648129547723885,5.94333131033368,val
0.4250004389698795,0.0819956441983721,0.2520798474162552,0.1761111146431045,0.0,0.0648129547723885,6.802404043941534,val
0.4250004389698795,0.0819956441983721,0.2520798474162552,0.1761111146431045,0.0,0.0648129547723885,6.8339082525418196,val
0.4250004389698795,0.0819956441983721,0.2520798474162552,0.1761111146431045,0.0,0.0648129547723885,6.847322265650724,val
0.4250004389698795,0.0819956441983721,0.2520798474162552,0.1761111146431045,0.0,0.0648129547723885,6.277657980884426,val
0.4250004389698795,0.0819956441983721,0.2520798474162552,0.1761111146431045,0.0,0.0648129547723885,7.65374452345009,val
0.4250004389698795,0.0819956441983721,0.2520798474162552,0.1761111146431045,0.0,0.0648129547723885,7.0694500043624116,val
0.4250004389698795,0.0819956441983721,0.2520798474162552,0.1761111146431045,0.0,0.0648129547723885,7.39880162199259,val
0.4250004389698795,0.0819956441983721,0.2520798474162552,0.1761111146431045,0.0,0.0648129547723885,7.16389827567483,val
0.4250004389698795,0.0819956441983721,0.2520798474162552,0.1761111146431045,0.0,0.0648129547723885,7.309082189480779,val
0.4250004389698795,0.0819956441983721,0.2520798474162552,0.1761111146431045,0.0,0.0648129547723885,6.94710204731692,val
0.4250004389698795,0.0819956441983721,0.2520798474162552,0.1761111146431045,0.0,0.0648129547723885,6.426957712363394,val
0.4250004389698795,0.0819956441983721,0.2520798474162552,0.1761111146431045,0.0,0.0648129547723885,6.295341050307123,val
0.4250004389698795,0.0819956441983721,0.2520798474162552,0.1761111146431045,0.0,0.0648129547723885,6.682023827684684,val
0.4250004389698795,0.0819956441983721,0.2520798474162552,0.1761111146431045,0.0,0.0648129547723885,7.08767222591018,val
0.4250004389698795,0.0819956441983721,0.2520798474162552,0.1761111146431045,0.0,0.0648129547723885,7.477350058161213,val
0.1449016929388186,0.5972041881923081,0.1081463889659167,0.0874702468139013,0.0,0.0622774830890552,50.818523987909806,val
0.1449016929388186,0.5972041881923081,0.1081463889659167,0.0874702468139013,0.0,0.0622774830890552,46.524083590492225,val
0.1449016929388186,0.5972041881923081,0.1081463889659167,0.0874702468139013,0.0,0.0622774830890552,34.1348973629906,val
0.1449016929388186,0.5972041881923081,0.1081463889659167,0.0874702468139013,0.0,0.0622774830890552,40.57810386272389,val
0.1449016929388186,0.5972041881923081,0.1081463889659167,0.0874702468139013,0.0,0.0622774830890552,49.72977426509677,val
0.1449016929388186,0.5972041881923081,0.1081463889659167,0.0874702468139013,0.0,0.0622774830890552,47.855412154485734,val
0.1449016929388186,0.5972041881923081,0.1081463889659167,0.0874702468139013,0.0,0.0622774830890552,47.65682787419644,val
0.1449016929388186,0.5972041881923081,0.1081463889659167,0.0874702468139013,0.0,0.0622774830890552,52.192487769326945,val
0.1449016929388186,0.5972041881923081,0.1081463889659167,0.0874702468139013,0.0,0.0622774830890552,43.95500807322791,val
0.1449016929388186,0.5972041881923081,0.1081463889659167,0.0874702468139013,0.0,0.0622774830890552,38.27137940570358,val
0.1449016929388186,0.5972041881923081,0.1081463889659167,0.0874702468139013,0.0,0.0622774830890552,42.919514223074955,val
0.1449016929388186,0.5972041881923081,0.1081463889659167,0.0874702468139013,0.0,0.0622774830890552,46.730820929681705,val
0.1449016929388186,0.5972041881923081,0.1081463889659167,0.0874702468139013,0.0,0.0622774830890552,39.87912444582418,val
0.1449016929388186,0.5972041881923081,0.1081463889659167,0.0874702468139013,0.0,0.0622774830890552,42.01096197341349,val
0.1449016929388186,0.5972041881923081,0.1081463889659167,0.0874702468139013,0.0,0.0622774830890552,45.29779113391042,val
0.1449016929388186,0.5972041881923081,0.1081463889659167,0.0874702468139013,0.0,0.0622774830890552,42.38777717930514,val
0.1449016929388186,0.5972041881923081,0.1081463889659167,0.0874702468139013,0.0,0.0622774830890552,47.72854164192408,val
0.1449016929388186,0.5972041881923081,0.1081463889659167,0.0874702468139013,0.0,0.0622774830890552,41.900946009490546,val
0.1449016929388186,0.5972041881923081,0.1081463889659167,0.0874702468139013,0.0,0.0622774830890552,47.018709368608604,val
0.1449016929388186,0.5972041881923081,0.1081463889659167,0.0874702468139013,0.0,0.0622774830890552,42.081026303134344,val
0.1449016929388186,0.5972041881923081,0.1081463889659167,0.0874702468139013,0.0,0.0622774830890552,43.75428558787415,val
0.1449016929388186,0.5972041881923081,0.1081463889659167,0.0874702468139013,0.0,0.0622774830890552,36.612011493025754,val
0.1449016929388186,0.5972041881923081,0.1081463889659167,0.0874702468139013,0.0,0.0622774830890552,45.43103612169349,val
0.1449016929388186,0.5972041881923081,0.1081463889659167,0.0874702468139013,0.0,0.0622774830890552,39.519788838664375,val
0.1449016929388186,0.5972041881923081,0.1081463889659167,0.0874702468139013,0.0,0.0622774830890552,41.661469097580266,val
0.1449016929388186,0.5972041881923081,0.1081463889659167,0.0874702468139013,0.0,0.0622774830890552,40.10596805617065,val
0.1449016929388186,0.5972041881923081,0.1081463889659167,0.0874702468139013,0.0,0.0622774830890552,43.04937499285623,val
0.1449016929388186,0.5972041881923081,0.1081463889659167,0.0874702468139013,0.0,0.0622774830890552,42.74948754119162,val
0.1449016929388186,0.5972041881923081,0.1081463889659167,0.0874702468139013,0.0,0.0622774830890552,44.999289696915554,val
0.1449016929388186,0.5972041881923081,0.1081463889659167,0.0874702468139013,0.0,0.0622774830890552,48.094722806943054,val
