number,name,family,smiles,autocorr,cffp_256
1,Methyl acrylate,Alkyl Acrylates,C=CC(=O)OC,"[ 1.1263078e-02 -2.0739068e-03 -8.6964630e-03 -3.1562850e-02
  0.0000000e+00  0.0000000e+00  0.0000000e+00  0.0000000e+00
 -5.3734660e-02  2.0005576e-02  1.1695127e-02 -7.4329223e-03
  0.0000000e+00  0.0000000e+00  0.0000000e+00  0.0000000e+00
  8.0000001e-01  8.0000001e-01  5.0000000e-01  0.0000000e+00
  0.0000000e+00  0.0000000e+00  0.0000000e+00  0.0000000e+00
  1.9450001e+00  2.0070000e+00  1.7910000e+00  6.9300002e-01
  0.0000000e+00  0.0000000e+00  0.0000000e+00  0.0000000e+00
  1.6380000e+00  1.5970000e+00  1.4220001e+00  6.9300002e-01
  0.0000000e+00  0.0000000e+00  0.0000000e+00  0.0000000e+00
  1.9430000e+00  2.0039999e+00  1.7890000e+00  6.9300002e-01
  0.0000000e+00  0.0000000e+00  0.0000000e+00  0.0000000e+00
  1.4730000e+00  1.4150000e+00  1.2130001e+00  6.9300002e-01
  0.0000000e+00  0.0000000e+00  0.0000000e+00  0.0000000e+00
  1.8910000e+00  1.9290000e+00  1.7280000e+00  6.9300002e-01
  0.0000000e+00  0.0000000e+00  0.0000000e+00  0.0000000e+00
  3.4870000e+00  4.2600002e+00  3.1140001e+00  6.9300002e-01
  0.0000000e+00  0.0000000e+00  0.0000000e+00  0.0000000e+00
  9.7999997e-02  1.2300000e-01  8.6000003e-02  1.2000000e-02
  0.0000000e+00  0.0000000e+00  0.0000000e+00  0.0000000e+00
  7.1999997e-02  9.0000004e-02  6.3000001e-02  8.9999996e-03
  0.0000000e+00  0.0000000e+00  0.0000000e+00  0.0000000e+00
  9.4999999e-02  1.1900000e-01  8.2999997e-02  1.2000000e-02
  0.0000000e+00  0.0000000e+00  0.0000000e+00  0.0000000e+00
  2.6499999e-01  3.3100000e-01  2.3100001e-01  3.3000000e-02
  0.0000000e+00  0.0000000e+00  0.0000000e+00  0.0000000e+00
  3.9000001e-02  4.8999999e-02  3.4000002e-02  4.9999999e-03
  0.0000000e+00  0.0000000e+00  0.0000000e+00  0.0000000e+00
  1.0300000e+01  1.1715000e+01  1.9039000e+01  4.1120000e+00
  0.0000000e+00  0.0000000e+00  0.0000000e+00  0.0000000e+00
 -4.0000001e-01  2.0000000e-01 -6.2500000e-01  5.0000000e-01
  0.0000000e+00  0.0000000e+00  0.0000000e+00  0.0000000e+00
 -4.0000001e-01  2.0000000e-01 -6.2500000e-01  5.0000000e-01
  0.0000000e+00  0.0000000e+00  0.0000000e+00  0.0000000e+00
 -4.0000001e-01  2.0000000e-01 -6.2500000e-01  5.0000000e-01
  0.0000000e+00  0.0000000e+00  0.0000000e+00  0.0000000e+00
 -4.0000001e-01  2.0000000e-01 -6.2500000e-01  5.0000000e-01
  0.0000000e+00  0.0000000e+00  0.0000000e+00  0.0000000e+00
 -4.0000001e-01  2.0000000e-01 -6.2500000e-01  5.0000000e-01
  0.0000000e+00  0.0000000e+00  0.0000000e+00  0.0000000e+00
 -4.5699999e-01  5.1999998e-01 -1.0570000e+00  9.1299999e-01
  0.0000000e+00  0.0000000e+00  0.0000000e+00  0.0000000e+00
  1.1250000e+00  7.5000000e-01  1.4060000e+00  0.0000000e+00
  0.0000000e+00  0.0000000e+00  0.0000000e+00  0.0000000e+00
  1.1250000e+00  7.5000000e-01  1.4060000e+00  0.0000000e+00
  0.0000000e+00  0.0000000e+00  0.0000000e+00  0.0000000e+00
  1.1250000e+00  7.5000000e-01  1.4060000e+00  0.0000000e+00
  0.0000000e+00  0.0000000e+00  0.0000000e+00  0.0000000e+00
  1.1250000e+00  7.5000000e-01  1.4060000e+00  0.0000000e+00
  0.0000000e+00  0.0000000e+00  0.0000000e+00  0.0000000e+00
  1.1250000e+00  7.5000000e-01  1.4060000e+00  0.0000000e+00
  0.0000000e+00  0.0000000e+00  0.0000000e+00  0.0000000e+00
  9.7100002e-01  4.1400000e-01  2.0179999e+00  0.0000000e+00
  0.0000000e+00  0.0000000e+00  0.0000000e+00  0.0000000e+00]","[4 0 2 0 0 0 0 0 0 0 0 0 0 0 0 0 0 0 0 0 0 0 0 0 0 0 0 0 0 0 0 0 0 0 0 0 0
 0 0 0 0 0 0 0 0 0 0 0 0 0 0 0 0 0 0 0 0 0 1 0 0 0 0 0 0 0 0 0 0 0 0 0 0 0
 0 0 0 0 0 0 0 0 0 0 0 0 0 0 0 1 0 0 0 0 0 0 0 0 0 0 0 0 0 0 0 0 0 0 0 0 0
 0 0 0 1 0 0 0 0 0 0 0 1 0 0 0 0 0 0 0 0 0 0 0 0 0 0 0 0 0 0 0 0 0 0 0 0 0
 0 1 0 0 0 0 0 0 0 0 0 0 0 0 0 0 0 0 0 0 0 0 0 0 0 0 0 0 0 0 0 0 0 0 0 0 1
 0 0 0 0 0 0 0 0 0 0 1 0 0 0 0 0 0 0 0 0 0 0 0 0 0 0 0 0 0 0 0 0 0 0 0 0 0
 0 0 0 0 0 0 0 1 0 0 0 0 0 0 0 0 0 0 0 0 0 0 0 0 0 0 1 0 0 0 0 0 0 0]"
2,Ethyl acrylate,Alkyl Acrylates,C=CC(=O)OCC,"[ 4.49850643e-03 -3.37099563e-03 -1.49777755e-02 -1.04008671e-02
  2.23499089e-02  0.00000000e+00  0.00000000e+00  0.00000000e+00
 -4.56602313e-02  1.93389300e-02  6.92505296e-03 -3.69195361e-04
  2.80335289e-03  0.00000000e+00  0.00000000e+00  0.00000000e+00
  6.66666687e-01  6.66666687e-01  4.00000006e-01  0.00000000e+00
  0.00000000e+00  0.00000000e+00  0.00000000e+00  0.00000000e+00
  2.07900000e+00  2.17100000e+00  1.94500005e+00  1.46599996e+00
  6.93000019e-01  0.00000000e+00  0.00000000e+00  0.00000000e+00
  1.81599998e+00  1.73300004e+00  1.63800001e+00  1.31200004e+00
  6.93000019e-01  0.00000000e+00  0.00000000e+00  0.00000000e+00
  2.07699990e+00  2.16799998e+00  1.94299996e+00  1.46500003e+00
  6.93000019e-01  0.00000000e+00  0.00000000e+00  0.00000000e+00
  1.67999995e+00  1.51999998e+00  1.47300005e+00  1.24000001e+00
  6.93000019e-01  0.00000000e+00  0.00000000e+00  0.00000000e+00
  2.03200006e+00  2.09100008e+00  1.89100003e+00  1.43700004e+00
  6.93000019e-01  0.00000000e+00  0.00000000e+00  0.00000000e+00
  3.51699996e+00  4.30900002e+00  3.18499994e+00  2.56500006e+00
  6.93000019e-01  0.00000000e+00  0.00000000e+00  0.00000000e+00
  9.49999988e-02  1.42000005e-01  8.60000029e-02  4.10000011e-02
  8.99999961e-03  0.00000000e+00  0.00000000e+00  0.00000000e+00
  7.00000003e-02  1.04999997e-01  6.30000010e-02  2.99999993e-02
  7.00000022e-03  0.00000000e+00  0.00000000e+00  0.00000000e+00
  9.20000002e-02  1.37999997e-01  8.29999968e-02  3.90000008e-02
  8.99999961e-03  0.00000000e+00  0.00000000e+00  0.00000000e+00
  2.54999995e-01  3.82999986e-01  2.31000006e-01  1.08999997e-01
  2.40000002e-02  0.00000000e+00  0.00000000e+00  0.00000000e+00
  3.79999988e-02  5.60000017e-02  3.40000018e-02  1.60000008e-02
  4.00000019e-03  0.00000000e+00  0.00000000e+00  0.00000000e+00
  1.32709999e+01  1.46339998e+01  2.01949997e+01  1.26219997e+01
  3.02099991e+00  0.00000000e+00  0.00000000e+00  0.00000000e+00
 -3.00000012e-01  5.00000007e-02 -4.39999998e-01 -6.70000017e-02
  4.00000006e-01  0.00000000e+00  0.00000000e+00  0.00000000e+00
 -3.00000012e-01  5.00000007e-02 -4.39999998e-01 -6.70000017e-02
  4.00000006e-01  0.00000000e+00  0.00000000e+00  0.00000000e+00
 -3.00000012e-01  5.00000007e-02 -4.39999998e-01 -6.70000017e-02
  4.00000006e-01  0.00000000e+00  0.00000000e+00  0.00000000e+00
 -3.00000012e-01  5.00000007e-02 -4.39999998e-01 -6.70000017e-02
  4.00000006e-01  0.00000000e+00  0.00000000e+00  0.00000000e+00
 -3.00000012e-01  5.00000007e-02 -4.39999998e-01 -6.70000017e-02
  4.00000006e-01  0.00000000e+00  0.00000000e+00  0.00000000e+00
 -2.75999993e-01  4.58000004e-01 -7.54999995e-01 -5.03000021e-01
  6.91999972e-01  0.00000000e+00  0.00000000e+00  0.00000000e+00
  1.04999995e+00  1.04999995e+00  1.25999999e+00  6.99999988e-01
  0.00000000e+00  0.00000000e+00  0.00000000e+00  0.00000000e+00
  1.04999995e+00  1.04999995e+00  1.25999999e+00  6.99999988e-01
  0.00000000e+00  0.00000000e+00  0.00000000e+00  0.00000000e+00
  1.04999995e+00  1.04999995e+00  1.25999999e+00  6.99999988e-01
  0.00000000e+00  0.00000000e+00  0.00000000e+00  0.00000000e+00
  1.04999995e+00  1.04999995e+00  1.25999999e+00  6.99999988e-01
  0.00000000e+00  0.00000000e+00  0.00000000e+00  0.00000000e+00
  1.04999995e+00  1.04999995e+00  1.25999999e+00  6.99999988e-01
  0.00000000e+00  0.00000000e+00  0.00000000e+00  0.00000000e+00
  8.59000027e-01  4.69000012e-01  1.72200000e+00  1.47300005e+00
  0.00000000e+00  0.00000000e+00  0.00000000e+00  0.00000000e+00]","[5 0 2 0 0 0 0 0 0 0 0 0 0 0 0 0 0 0 0 0 0 0 0 0 0 0 0 0 0 0 0 0 0 0 0 0 0
 0 1 0 0 0 0 0 1 0 0 0 0 0 0 0 0 0 0 0 0 0 1 0 0 1 0 0 0 0 0 0 0 0 0 0 0 0
 0 0 0 0 0 0 0 0 0 0 0 0 0 0 0 1 0 0 0 0 0 0 0 0 0 0 0 0 0 0 0 0 0 0 0 0 0
 0 0 0 1 0 0 0 0 0 0 0 1 0 0 0 0 0 0 0 0 0 1 0 0 0 0 0 0 0 0 0 0 0 0 0 0 0
 0 0 0 0 0 0 0 0 0 0 0 0 0 0 0 0 0 0 0 0 0 0 0 0 0 0 0 0 0 0 0 0 0 0 0 0 1
 0 0 0 0 0 0 0 0 0 0 0 0 0 0 0 0 0 0 0 0 0 0 0 0 0 0 0 0 0 0 0 0 0 0 0 0 0
 0 0 0 0 0 0 0 1 0 0 0 0 0 0 0 0 0 0 0 0 0 0 0 0 0 0 1 0 0 0 0 0 0 0]"
3,n-Propyl acrylate,Alkyl Acrylates,C=CC(=O)OCCC,"[ 6.8222643e-03 -7.0786178e-03 -1.4124219e-02 -1.7826406e-02
  7.5700525e-03  2.2349909e-02  0.0000000e+00  0.0000000e+00
 -3.8992524e-02  1.5276847e-02  1.0955751e-02 -5.9786234e-03
  5.4398566e-03  5.7068178e-03  0.0000000e+00  0.0000000e+00
  5.7142860e-01  5.7142860e-01  3.3333334e-01  0.0000000e+00
  0.0000000e+00  0.0000000e+00  0.0000000e+00  0.0000000e+00
  2.1970000e+00  2.2790000e+00  2.1199999e+00  1.6740000e+00
  1.4660000e+00  6.9300002e-01  0.0000000e+00  0.0000000e+00
  1.9660000e+00  1.8950000e+00  1.7680000e+00  1.5510000e+00
  1.3120000e+00  6.9300002e-01  0.0000000e+00  0.0000000e+00
  2.1949999e+00  2.2770000e+00  2.1170001e+00  1.6730000e+00
  1.4650000e+00  6.9300002e-01  0.0000000e+00  0.0000000e+00
  1.8510000e+00  1.7170000e+00  1.5720000e+00  1.4940000e+00
  1.2400000e+00  6.9300002e-01  0.0000000e+00  0.0000000e+00
  2.1550000e+00  2.2070000e+00  2.0590000e+00  1.6500000e+00
  1.4370000e+00  6.9300002e-01  0.0000000e+00  0.0000000e+00
  3.5460000e+00  4.3220000e+00  3.3199999e+00  2.6860001e+00
  2.5650001e+00  6.9300002e-01  0.0000000e+00  0.0000000e+00
  9.0000004e-02  1.4500000e-01  9.7000003e-02  4.1000001e-02
  3.4000002e-02  7.0000002e-03  0.0000000e+00  0.0000000e+00
  6.6000000e-02  1.0700000e-01  7.1000002e-02  3.0999999e-02
  2.5000000e-02  4.9999999e-03  0.0000000e+00  0.0000000e+00
  8.6999997e-02  1.4100000e-01  9.3999997e-02  3.9999999e-02
  3.3000000e-02  7.0000002e-03  0.0000000e+00  0.0000000e+00
  2.4200000e-01  3.9100000e-01  2.5999999e-01  1.1200000e-01
  9.3000002e-02  1.8999999e-02  0.0000000e+00  0.0000000e+00
  3.5999998e-02  5.7999998e-02  3.7999999e-02  1.6000001e-02
  1.4000000e-02  3.0000000e-03  0.0000000e+00  0.0000000e+00
  1.4288000e+01  1.8858999e+01  2.0150999e+01  1.2673000e+01
  1.1375000e+01  2.3130000e+00  0.0000000e+00  0.0000000e+00
 -2.3800001e-01  1.4300001e-01 -5.5599999e-01  0.0000000e+00
 -1.1100000e-01  3.3300000e-01  0.0000000e+00  0.0000000e+00
 -2.3800001e-01  1.4300001e-01 -5.5599999e-01  0.0000000e+00
 -1.1100000e-01  3.3300000e-01  0.0000000e+00  0.0000000e+00
 -2.3800001e-01  1.4300001e-01 -5.5599999e-01  0.0000000e+00
 -1.1100000e-01  3.3300000e-01  0.0000000e+00  0.0000000e+00
 -2.3800001e-01  1.4300001e-01 -5.5599999e-01  0.0000000e+00
 -1.1100000e-01  3.3300000e-01  0.0000000e+00  0.0000000e+00
 -2.3800001e-01  1.4300001e-01 -5.5599999e-01  0.0000000e+00
 -1.1100000e-01  3.3300000e-01  0.0000000e+00  0.0000000e+00
 -1.7299999e-01  5.4699999e-01 -7.0499998e-01 -3.2800001e-01
 -5.4200000e-01  5.5800003e-01  0.0000000e+00  0.0000000e+00
  1.0000000e+00  1.0000000e+00  1.5560000e+00  5.8300000e-01
  7.7800000e-01  0.0000000e+00  0.0000000e+00  0.0000000e+00
  1.0000000e+00  1.0000000e+00  1.5560000e+00  5.8300000e-01
  7.7800000e-01  0.0000000e+00  0.0000000e+00  0.0000000e+00
  1.0000000e+00  1.0000000e+00  1.5560000e+00  5.8300000e-01
  7.7800000e-01  0.0000000e+00  0.0000000e+00  0.0000000e+00
  1.0000000e+00  1.0000000e+00  1.5560000e+00  5.8300000e-01
  7.7800000e-01  0.0000000e+00  0.0000000e+00  0.0000000e+00
  1.0000000e+00  1.0000000e+00  1.5560000e+00  5.8300000e-01
  7.7800000e-01  0.0000000e+00  0.0000000e+00  0.0000000e+00
  7.9100001e-01  4.3099999e-01  1.6510000e+00  1.1980000e+00
  1.5820000e+00  0.0000000e+00  0.0000000e+00  0.0000000e+00]","[6 0 2 0 0 0 0 0 0 0 0 0 0 0 0 0 0 0 0 0 0 0 0 0 1 0 0 0 0 0 0 0 0 1 0 0 0
 0 1 0 0 0 0 0 1 0 0 0 0 0 0 0 0 0 0 0 0 0 1 0 0 1 0 0 0 0 0 0 0 0 0 0 0 0
 0 0 0 0 0 0 0 0 0 0 0 0 0 0 0 1 0 0 0 0 0 0 0 0 0 0 0 0 0 0 0 0 0 0 0 0 0
 0 0 0 1 0 0 0 0 0 0 0 1 0 0 0 0 0 0 0 0 0 0 0 0 0 0 1 0 0 0 0 0 0 0 0 0 0
 0 0 0 0 0 0 0 0 0 0 0 0 0 0 0 0 0 0 0 0 0 0 0 0 0 0 0 0 0 0 0 0 0 0 0 0 1
 0 0 0 0 0 0 0 0 0 0 0 0 0 0 0 0 0 0 0 0 0 0 0 0 0 0 0 0 0 0 0 0 0 0 0 0 0
 0 0 0 0 0 0 0 1 0 0 0 0 0 0 0 0 0 0 0 0 0 0 0 0 0 0 1 0 0 0 0 0 0 0]"
4,iso-Propyl acrylate,Alkyl Acrylates,C=CC(=O)OC(C)C,"[-3.8357027e-04 -1.1090415e-03 -1.9165983e-02 -6.2181028e-03
  2.2349909e-02  0.0000000e+00  0.0000000e+00  0.0000000e+00
 -3.9872468e-02  1.6274605e-02  4.0346491e-03  8.0522208e-04
  2.5639825e-03  0.0000000e+00  0.0000000e+00  0.0000000e+00
  5.7142860e-01  5.0000000e-01  3.3333334e-01  0.0000000e+00
  0.0000000e+00  0.0000000e+00  0.0000000e+00  0.0000000e+00
  2.1970000e+00  2.4070001e+00  2.0790000e+00  1.8970000e+00
  1.0990000e+00  0.0000000e+00  0.0000000e+00  0.0000000e+00
  1.9660000e+00  1.9970000e+00  1.8160000e+00  1.6920000e+00
  1.0990000e+00  0.0000000e+00  0.0000000e+00  0.0000000e+00
  2.1949999e+00  2.4040000e+00  2.0769999e+00  1.8950000e+00
  1.0990000e+00  0.0000000e+00  0.0000000e+00  0.0000000e+00
  1.8510000e+00  1.7960000e+00  1.6799999e+00  1.5910000e+00
  1.0990000e+00  0.0000000e+00  0.0000000e+00  0.0000000e+00
  2.1550000e+00  2.3320000e+00  2.0320001e+00  1.8590000e+00
  1.0990000e+00  0.0000000e+00  0.0000000e+00  0.0000000e+00
  3.6930001e+00  4.3880000e+00  3.6059999e+00  3.2190001e+00
  1.0990000e+00  0.0000000e+00  0.0000000e+00  0.0000000e+00
  9.0000004e-02  1.6599999e-01  8.2999997e-02  6.1999999e-02
  1.4000000e-02  0.0000000e+00  0.0000000e+00  0.0000000e+00
  6.6000000e-02  1.2200000e-01  6.1000001e-02  4.6000000e-02
  9.9999998e-03  0.0000000e+00  0.0000000e+00  0.0000000e+00
  8.6999997e-02  1.6100000e-01  7.9999998e-02  5.9999999e-02
  1.3000000e-02  0.0000000e+00  0.0000000e+00  0.0000000e+00
  2.4200000e-01  4.4600001e-01  2.2300000e-01  1.6700000e-01
  3.7000000e-02  0.0000000e+00  0.0000000e+00  0.0000000e+00
  3.5999998e-02  6.6000000e-02  3.3000000e-02  2.5000000e-02
  4.9999999e-03  0.0000000e+00  0.0000000e+00  0.0000000e+00
  1.1330000e+01  1.8535000e+01  1.5481000e+01  1.9853001e+01
  5.4180002e+00  0.0000000e+00  0.0000000e+00  0.0000000e+00
 -2.3800001e-01 -0.0000000e+00 -3.3300000e-01 -2.0000000e-01
  3.3300000e-01  0.0000000e+00  0.0000000e+00  0.0000000e+00
 -2.3800001e-01 -0.0000000e+00 -3.3300000e-01 -2.0000000e-01
  3.3300000e-01  0.0000000e+00  0.0000000e+00  0.0000000e+00
 -2.3800001e-01 -0.0000000e+00 -3.3300000e-01 -2.0000000e-01
  3.3300000e-01  0.0000000e+00  0.0000000e+00  0.0000000e+00
 -2.3800001e-01 -0.0000000e+00 -3.3300000e-01 -2.0000000e-01
  3.3300000e-01  0.0000000e+00  0.0000000e+00  0.0000000e+00
 -2.3800001e-01 -0.0000000e+00 -3.3300000e-01 -2.0000000e-01
  3.3300000e-01  0.0000000e+00  0.0000000e+00  0.0000000e+00
 -2.6100001e-01  4.1600001e-01 -3.8800001e-01 -9.1399997e-01
  6.9900000e-01  0.0000000e+00  0.0000000e+00  0.0000000e+00
  1.0000000e+00  1.1670001e+00  1.1670001e+00  9.3300003e-01
  0.0000000e+00  0.0000000e+00  0.0000000e+00  0.0000000e+00
  1.0000000e+00  1.1670001e+00  1.1670001e+00  9.3300003e-01
  0.0000000e+00  0.0000000e+00  0.0000000e+00  0.0000000e+00
  1.0000000e+00  1.1670001e+00  1.1670001e+00  9.3300003e-01
  0.0000000e+00  0.0000000e+00  0.0000000e+00  0.0000000e+00
  1.0000000e+00  1.1670001e+00  1.1670001e+00  9.3300003e-01
  0.0000000e+00  0.0000000e+00  0.0000000e+00  0.0000000e+00
  1.0000000e+00  1.1670001e+00  1.1670001e+00  9.3300003e-01
  0.0000000e+00  0.0000000e+00  0.0000000e+00  0.0000000e+00
  8.1400001e-01  4.8699999e-01  1.3559999e+00  2.0530000e+00
  0.0000000e+00  0.0000000e+00  0.0000000e+00  0.0000000e+00]","[6 0 2 0 0 0 0 0 0 0 0 0 0 0 0 0 0 0 0 0 0 0 0 0 0 0 0 0 0 0 0 0 0 0 0 0 0
 0 0 0 0 1 0 0 0 0 0 0 0 0 0 0 0 0 0 0 0 0 1 0 0 2 0 0 0 0 0 0 0 0 0 0 0 0
 0 0 0 0 0 0 1 0 0 0 0 0 0 0 0 1 0 0 0 0 0 0 0 0 0 0 0 0 0 0 0 0 0 0 0 0 0
 0 0 0 1 0 0 0 0 0 0 0 1 0 0 0 0 0 0 0 0 0 0 0 0 0 0 0 1 0 0 0 0 0 0 0 0 0
 0 0 0 0 0 0 0 0 0 0 0 0 0 0 0 0 0 0 0 0 0 0 0 0 0 0 0 0 0 0 0 0 0 0 0 0 1
 0 0 0 0 0 0 0 0 0 0 0 0 0 0 0 0 0 0 0 0 0 0 0 0 0 0 0 0 0 0 0 0 0 0 0 0 0
 0 0 0 0 0 0 0 1 0 0 0 0 0 0 0 0 0 0 0 0 0 0 0 0 0 0 1 0 0 0 0 0 0 0]"
5,n-Butyl acrylate,Alkyl Acrylates,C=CC(=O)OCCCC,"[ 8.5650822e-03 -3.5981897e-03 -1.6295668e-02 -1.6232412e-02
 -4.3482170e-03  7.5700525e-03  2.2349909e-02  0.0000000e+00
 -3.3713654e-02  1.3484965e-02  8.0417739e-03  1.7366260e-03
 -1.8888672e-03  6.6432008e-03  5.9935064e-03  0.0000000e+00
  5.0000000e-01  5.0000000e-01  2.8571430e-01  0.0000000e+00
  0.0000000e+00  0.0000000e+00  0.0000000e+00  0.0000000e+00
  2.3020000e+00  2.3770001e+00  2.2330000e+00  1.8970000e+00
  1.6740000e+00  1.4660000e+00  6.9300002e-01  0.0000000e+00
  2.0969999e+00  2.0350001e+00  1.9260000e+00  1.6920000e+00
  1.5510000e+00  1.3120000e+00  6.9300002e-01  0.0000000e+00
  2.3010001e+00  2.3740001e+00  2.2309999e+00  1.8950000e+00
  1.6730000e+00  1.4650000e+00  6.9300002e-01  0.0000000e+00
  1.9970000e+00  1.8830000e+00  1.7610000e+00  1.5910000e+00
  1.4940000e+00  1.2400000e+00  6.9300002e-01  0.0000000e+00
  2.2650001e+00  2.3120000e+00  2.1789999e+00  1.8590000e+00
  1.6500000e+00  1.4370000e+00  6.9300002e-01  0.0000000e+00
  3.5739999e+00  4.3350000e+00  3.3559999e+00  2.9000001e+00
  2.6860001e+00  2.5650001e+00  6.9300002e-01  0.0000000e+00
  8.3999999e-02  1.4600000e-01  9.3000002e-02  5.4000001e-02
  3.5000000e-02  2.9999999e-02  4.9999999e-03  0.0000000e+00
  6.1999999e-02  1.0700000e-01  6.8000004e-02  3.9999999e-02
  2.6000001e-02  2.2000000e-02  4.0000002e-03  0.0000000e+00
  8.2000002e-02  1.4200000e-01  9.0000004e-02  5.2999999e-02
  3.4000002e-02  2.8999999e-02  4.9999999e-03  0.0000000e+00
  2.2800000e-01  3.9300001e-01  2.5000000e-01  1.4700000e-01
  9.6000001e-02  8.1000000e-02  1.5000000e-02  0.0000000e+00
  3.4000002e-02  5.7999998e-02  3.7000000e-02  2.2000000e-02
  1.4000000e-02  1.2000000e-02  2.0000001e-03  0.0000000e+00
  1.4362000e+01  2.1948000e+01  2.0653000e+01  1.2817000e+01
  1.1265000e+01  1.0339000e+01  1.8279999e+00  0.0000000e+00
 -1.9599999e-01  2.0500000e-01 -4.4900000e-01 -2.2900000e-01
 -3.5999998e-02 -1.4300001e-01  2.8600001e-01  0.0000000e+00
 -1.9599999e-01  2.0500000e-01 -4.4900000e-01 -2.2900000e-01
 -3.5999998e-02 -1.4300001e-01  2.8600001e-01  0.0000000e+00
 -1.9599999e-01  2.0500000e-01 -4.4900000e-01 -2.2900000e-01
 -3.5999998e-02 -1.4300001e-01  2.8600001e-01  0.0000000e+00
 -1.9599999e-01  2.0500000e-01 -4.4900000e-01 -2.2900000e-01
 -3.5999998e-02 -1.4300001e-01  2.8600001e-01  0.0000000e+00
 -1.9599999e-01  2.0500000e-01 -4.4900000e-01 -2.2900000e-01
 -3.5999998e-02 -1.4300001e-01  2.8600001e-01  0.0000000e+00
 -1.0800000e-01  6.0100001e-01 -5.5299997e-01 -3.7300000e-01
 -3.6800000e-01 -5.6900001e-01  4.6700001e-01  0.0000000e+00
  9.6399999e-01  9.6399999e-01  1.4690000e+00  1.0290000e+00
  6.4300001e-01  8.5699999e-01  0.0000000e+00  0.0000000e+00
  9.6399999e-01  9.6399999e-01  1.4690000e+00  1.0290000e+00
  6.4300001e-01  8.5699999e-01  0.0000000e+00  0.0000000e+00
  9.6399999e-01  9.6399999e-01  1.4690000e+00  1.0290000e+00
  6.4300001e-01  8.5699999e-01  0.0000000e+00  0.0000000e+00
  9.6399999e-01  9.6399999e-01  1.4690000e+00  1.0290000e+00
  6.4300001e-01  8.5699999e-01  0.0000000e+00  0.0000000e+00
  9.6399999e-01  9.6399999e-01  1.4690000e+00  1.0290000e+00
  6.4300001e-01  8.5699999e-01  0.0000000e+00  0.0000000e+00
  7.4500000e-01  4.0599999e-01  1.5230000e+00  1.1730000e+00
  1.2890000e+00  1.7020000e+00  0.0000000e+00  0.0000000e+00]","[7 0 2 0 0 0 0 0 0 0 0 0 0 0 0 0 0 0 0 0 0 0 0 0 2 0 0 1 0 0 0 0 0 1 0 0 0
 0 2 0 0 0 0 0 1 0 0 0 0 0 0 0 0 0 0 0 0 0 1 0 0 1 0 0 0 0 0 0 0 0 0 0 0 0
 0 0 0 0 0 0 0 0 0 0 0 0 0 0 0 1 0 0 0 0 0 0 0 0 0 0 0 0 0 0 0 0 0 0 0 0 0
 0 0 0 1 0 0 0 0 0 0 0 1 0 0 0 0 0 0 0 0 0 0 0 0 0 0 0 0 0 0 0 0 0 0 0 0 0
 0 0 0 0 0 0 0 0 0 0 0 0 0 0 0 0 0 0 0 0 0 0 0 0 0 0 0 0 0 0 0 0 0 0 0 0 1
 0 0 0 0 0 0 0 0 0 0 0 0 0 0 0 0 0 0 0 0 0 0 0 0 0 0 0 0 0 0 0 0 0 0 0 0 0
 0 0 0 0 0 0 0 1 0 0 0 0 0 0 0 0 0 0 0 0 0 0 0 0 0 0 1 0 0 0 0 0 0 0]"
6,iso-Butyl acrylate,Alkyl Acrylates,C=CC(=O)OCC(C)C,"[ 7.0394236e-03 -5.3614918e-03 -7.7855331e-03 -2.2353780e-02
  1.4409944e-04  2.2349909e-02  0.0000000e+00  0.0000000e+00
 -3.4133375e-02  1.1293386e-02  1.3476587e-02 -8.9915795e-03
  5.7286723e-03  5.4665711e-03  0.0000000e+00  0.0000000e+00
  5.0000000e-01  4.4444445e-01  2.8571430e-01  0.0000000e+00
  0.0000000e+00  0.0000000e+00  0.0000000e+00  0.0000000e+00
  2.3020000e+00  2.4660001e+00  2.2679999e+00  1.8460000e+00
  1.8970000e+00  1.0990000e+00  0.0000000e+00  0.0000000e+00
  2.0969999e+00  2.1580000e+00  1.8830000e+00  1.7430000e+00
  1.6920000e+00  1.0990000e+00  0.0000000e+00  0.0000000e+00
  2.3010001e+00  2.4630001e+00  2.2660000e+00  1.8450000e+00
  1.8950000e+00  1.0990000e+00  0.0000000e+00  0.0000000e+00
  1.9970000e+00  2.0239999e+00  1.6630000e+00  1.6960000e+00
  1.5910000e+00  1.0990000e+00  0.0000000e+00  0.0000000e+00
  2.2650001e+00  2.4059999e+00  2.2019999e+00  1.8260000e+00
  1.8590000e+00  1.0990000e+00  0.0000000e+00  0.0000000e+00
  3.6550000e+00  4.3920002e+00  3.4909999e+00  3.3080001e+00
  3.2190001e+00  1.0990000e+00  0.0000000e+00  0.0000000e+00
  8.3999999e-02  1.5099999e-01  1.0600000e-01  4.1000001e-02
  5.4000001e-02  1.1000000e-02  0.0000000e+00  0.0000000e+00
  6.1999999e-02  1.1100000e-01  7.8000002e-02  2.9999999e-02
  3.9999999e-02  8.0000004e-03  0.0000000e+00  0.0000000e+00
  8.2000002e-02  1.4700000e-01  1.0300000e-01  3.9999999e-02
  5.2999999e-02  1.1000000e-02  0.0000000e+00  0.0000000e+00
  2.2800000e-01  4.0799999e-01  2.8700000e-01  1.1000000e-01
  1.4700000e-01  2.8999999e-02  0.0000000e+00  0.0000000e+00
  3.4000002e-02  5.9999999e-02  4.1999999e-02  1.6000001e-02
  2.2000000e-02  4.0000002e-03  0.0000000e+00  0.0000000e+00
  1.1458000e+01  2.2502001e+01  2.0444000e+01  7.2820001e+00
  1.8450001e+01  4.2810001e+00  0.0000000e+00  0.0000000e+00
 -1.9599999e-01  2.1400000e-01 -6.3300002e-01  2.8999999e-02
 -2.2900000e-01  2.8600001e-01  0.0000000e+00  0.0000000e+00
 -1.9599999e-01  2.1400000e-01 -6.3300002e-01  2.8999999e-02
 -2.2900000e-01  2.8600001e-01  0.0000000e+00  0.0000000e+00
 -1.9599999e-01  2.1400000e-01 -6.3300002e-01  2.8999999e-02
 -2.2900000e-01  2.8600001e-01  0.0000000e+00  0.0000000e+00
 -1.9599999e-01  2.1400000e-01 -6.3300002e-01  2.8999999e-02
 -2.2900000e-01  2.8600001e-01  0.0000000e+00  0.0000000e+00
 -1.9599999e-01  2.1400000e-01 -6.3300002e-01  2.8999999e-02
 -2.2900000e-01  2.8600001e-01  0.0000000e+00  0.0000000e+00
 -2.4900000e-01  6.4399999e-01 -7.5800002e-01  8.9000002e-02
 -9.2000002e-01  5.7599998e-01  0.0000000e+00  0.0000000e+00
  9.6399999e-01  8.5699999e-01  1.8370000e+00  5.1400000e-01
  1.0290000e+00  0.0000000e+00  0.0000000e+00  0.0000000e+00
  9.6399999e-01  8.5699999e-01  1.8370000e+00  5.1400000e-01
  1.0290000e+00  0.0000000e+00  0.0000000e+00  0.0000000e+00
  9.6399999e-01  8.5699999e-01  1.8370000e+00  5.1400000e-01
  1.0290000e+00  0.0000000e+00  0.0000000e+00  0.0000000e+00
  9.6399999e-01  8.5699999e-01  1.8370000e+00  5.1400000e-01
  1.0290000e+00  0.0000000e+00  0.0000000e+00  0.0000000e+00
  9.6399999e-01  8.5699999e-01  1.8370000e+00  5.1400000e-01
  1.0290000e+00  0.0000000e+00  0.0000000e+00  0.0000000e+00
  8.2999998e-01  3.2800001e-01  1.7070000e+00  7.1499997e-01
  2.1780000e+00  0.0000000e+00  0.0000000e+00  0.0000000e+00]","[7 0 2 0 0 0 0 0 0 0 0 0 0 0 0 0 0 0 0 0 0 0 0 0 0 0 0 0 0 0 0 0 0 0 0 0 0
 0 1 0 0 0 0 0 1 0 0 0 0 0 0 0 0 0 0 0 0 0 1 0 0 2 0 0 0 0 0 0 0 0 0 0 0 0
 0 0 0 0 0 0 0 0 0 0 0 0 0 0 1 1 0 0 0 0 0 0 0 0 0 0 0 0 0 0 0 0 0 0 0 0 0
 0 0 0 1 0 0 0 0 0 0 0 1 0 0 0 0 0 0 0 0 0 1 0 0 0 0 0 0 1 0 0 0 0 0 0 0 0
 0 0 0 0 0 0 0 0 0 0 0 0 0 0 0 0 0 0 0 0 0 0 0 0 0 0 0 0 0 0 0 0 0 0 0 0 1
 0 0 0 0 0 0 0 0 0 0 0 0 0 0 0 0 0 0 0 0 0 0 0 0 0 0 0 0 0 0 0 0 0 0 0 0 0
 0 0 0 0 0 0 0 1 0 0 0 0 0 0 0 0 0 0 0 0 0 0 0 0 0 0 1 0 0 0 0 0 0 0]"
7,sec-Butyl acrylate,Alkyl Acrylates,C=CC(=O)OC(C)CC,"[ 2.2599772e-03 -4.2696940e-03 -1.3010941e-02 -1.1865590e-02
  1.1265017e-02  2.2349909e-02  0.0000000e+00  0.0000000e+00
 -3.4776628e-02  1.3365751e-02  7.1005309e-03 -3.1275181e-03
  4.6392074e-03  5.6818957e-03  0.0000000e+00  0.0000000e+00
  5.0000000e-01  4.4444445e-01  2.5000000e-01  0.0000000e+00
  0.0000000e+00  0.0000000e+00  0.0000000e+00  0.0000000e+00
  2.3020000e+00  2.4930000e+00  2.3350000e+00  2.0369999e+00
  1.6740000e+00  6.9300002e-01  0.0000000e+00  0.0000000e+00
  2.0969999e+00  2.1250000e+00  2.0620000e+00  1.8609999e+00
  1.5510000e+00  6.9300002e-01  0.0000000e+00  0.0000000e+00
  2.3010001e+00  2.4909999e+00  2.3329999e+00  2.0350001e+00
  1.6730000e+00  6.9300002e-01  0.0000000e+00  0.0000000e+00
  1.9970000e+00  1.9490000e+00  1.9200000e+00  1.7760000e+00
  1.4940000e+00  6.9300002e-01  0.0000000e+00  0.0000000e+00
  2.2650001e+00  2.4250000e+00  2.2860000e+00  2.0039999e+00
  1.6500000e+00  6.9300002e-01  0.0000000e+00  0.0000000e+00
  3.7179999e+00  4.4130001e+00  3.7219999e+00  3.2830000e+00
  2.6389999e+00  6.9300002e-01  0.0000000e+00  0.0000000e+00
  8.3999999e-02  1.6500001e-01  9.7999997e-02  5.9999999e-02
  3.5000000e-02  4.9999999e-03  0.0000000e+00  0.0000000e+00
  6.1999999e-02  1.2200000e-01  7.1999997e-02  4.4000000e-02
  2.6000001e-02  4.0000002e-03  0.0000000e+00  0.0000000e+00
  8.2000002e-02  1.6000000e-01  9.4999999e-02  5.7999998e-02
  3.4000002e-02  4.9999999e-03  0.0000000e+00  0.0000000e+00
  2.2800000e-01  4.4499999e-01  2.6499999e-01  1.6200000e-01
  9.6000001e-02  1.5000000e-02  0.0000000e+00  0.0000000e+00
  3.4000002e-02  6.6000000e-02  3.9000001e-02  2.4000000e-02
  1.4000000e-02  2.0000001e-03  0.0000000e+00  0.0000000e+00
  1.1884000e+01  2.0657000e+01  1.6954000e+01  1.9614000e+01
  1.3167000e+01  2.1400001e+00  0.0000000e+00  0.0000000e+00
 -1.9599999e-01  7.1000002e-02 -3.5699999e-01 -1.4300001e-01
 -3.5999998e-02  2.8600001e-01  0.0000000e+00  0.0000000e+00
 -1.9599999e-01  7.1000002e-02 -3.5699999e-01 -1.4300001e-01
 -3.5999998e-02  2.8600001e-01  0.0000000e+00  0.0000000e+00
 -1.9599999e-01  7.1000002e-02 -3.5699999e-01 -1.4300001e-01
 -3.5999998e-02  2.8600001e-01  0.0000000e+00  0.0000000e+00
 -1.9599999e-01  7.1000002e-02 -3.5699999e-01 -1.4300001e-01
 -3.5999998e-02  2.8600001e-01  0.0000000e+00  0.0000000e+00
 -1.9599999e-01  7.1000002e-02 -3.5699999e-01 -1.4300001e-01
 -3.5999998e-02  2.8600001e-01  0.0000000e+00  0.0000000e+00
 -1.6500001e-01  4.3599999e-01 -2.7000001e-01 -7.1499997e-01
 -3.1000000e-01  5.7599998e-01  0.0000000e+00  0.0000000e+00
  9.6399999e-01  1.1430000e+00  1.2860000e+00  8.5699999e-01
  6.4300001e-01  0.0000000e+00  0.0000000e+00  0.0000000e+00
  9.6399999e-01  1.1430000e+00  1.2860000e+00  8.5699999e-01
  6.4300001e-01  0.0000000e+00  0.0000000e+00  0.0000000e+00
  9.6399999e-01  1.1430000e+00  1.2860000e+00  8.5699999e-01
  6.4300001e-01  0.0000000e+00  0.0000000e+00  0.0000000e+00
  9.6399999e-01  1.1430000e+00  1.2860000e+00  8.5699999e-01
  6.4300001e-01  0.0000000e+00  0.0000000e+00  0.0000000e+00
  9.6399999e-01  1.1430000e+00  1.2860000e+00  8.5699999e-01
  6.4300001e-01  0.0000000e+00  0.0000000e+00  0.0000000e+00
  7.5500000e-01  4.7299999e-01  1.1720001e+00  1.8240000e+00
  1.3460000e+00  0.0000000e+00  0.0000000e+00  0.0000000e+00]","[7 0 2 0 0 0 0 0 0 0 0 0 0 0 0 0 0 0 0 0 0 0 0 0 1 0 0 0 0 0 0 0 0 0 0 0 0
 1 0 0 0 0 0 0 0 0 0 0 0 0 0 0 0 0 0 0 0 0 1 0 0 2 0 0 0 0 0 0 0 0 0 0 0 0
 0 0 0 0 0 0 1 0 0 0 0 0 0 0 0 1 0 0 0 0 0 0 0 0 0 0 0 0 0 0 0 0 0 0 0 0 0
 0 0 0 1 0 0 0 0 0 0 0 1 0 0 0 0 0 0 0 0 0 0 0 0 0 0 0 1 0 0 0 0 0 0 0 0 0
 0 0 0 0 0 0 0 0 0 0 0 0 0 0 0 0 0 0 0 0 0 0 0 0 0 0 0 0 0 0 0 0 0 0 0 0 1
 0 0 0 0 0 0 0 0 0 0 0 0 0 0 0 0 0 0 0 0 1 0 0 0 0 0 0 0 0 0 0 0 0 0 0 0 0
 0 0 0 0 0 0 0 1 0 0 0 0 0 0 0 0 0 0 0 0 0 0 0 0 0 0 1 0 0 0 0 0 0 0]"
8,tert-Butyl acrylate,Alkyl Acrylates,C=CC(=O)OC(C)(C)C,"[-4.0299874e-03  2.0728039e-03 -2.2156989e-02 -4.3900376e-03
  2.2349909e-02  0.0000000e+00  0.0000000e+00  0.0000000e+00
 -3.5498366e-02  1.2924521e-02  2.2170336e-03  1.1395394e-03
  2.3257579e-03  0.0000000e+00  0.0000000e+00  0.0000000e+00
  5.0000000e-01  3.6363637e-01  2.8571430e-01  0.0000000e+00
  0.0000000e+00  0.0000000e+00  0.0000000e+00  0.0000000e+00
  2.3020000e+00  2.6700001e+00  2.1970000e+00  2.1970000e+00
  1.3860000e+00  0.0000000e+00  0.0000000e+00  0.0000000e+00
  2.0969999e+00  2.3110001e+00  1.9660000e+00  1.9660000e+00
  1.3860000e+00  0.0000000e+00  0.0000000e+00  0.0000000e+00
  2.3010001e+00  2.6670001e+00  2.1949999e+00  2.1949999e+00
  1.3860000e+00  0.0000000e+00  0.0000000e+00  0.0000000e+00
  1.9970000e+00  2.1380000e+00  1.8510000e+00  1.8510000e+00
  1.3860000e+00  0.0000000e+00  0.0000000e+00  0.0000000e+00
  2.2650001e+00  2.6029999e+00  2.1550000e+00  2.1550000e+00
  1.3860000e+00  0.0000000e+00  0.0000000e+00  0.0000000e+00
  3.6190000e+00  4.4400001e+00  3.4100001e+00  3.5620000e+00
  1.3860000e+00  0.0000000e+00  0.0000000e+00  0.0000000e+00
  8.3999999e-02  1.8900000e-01  7.9000004e-02  7.9000004e-02
  1.6000001e-02  0.0000000e+00  0.0000000e+00  0.0000000e+00
  6.1999999e-02  1.4000000e-01  5.7999998e-02  5.7999998e-02
  1.2000000e-02  0.0000000e+00  0.0000000e+00  0.0000000e+00
  8.2000002e-02  1.8400000e-01  7.7000000e-02  7.7000000e-02
  1.6000001e-02  0.0000000e+00  0.0000000e+00  0.0000000e+00
  2.2800000e-01  5.1099998e-01  2.1300000e-01  2.1300000e-01
  4.4000000e-02  0.0000000e+00  0.0000000e+00  0.0000000e+00
  3.4000002e-02  7.5000003e-02  3.0999999e-02  3.0999999e-02
  6.0000001e-03  0.0000000e+00  0.0000000e+00  0.0000000e+00
  1.3423000e+01  2.6614000e+01  1.7920000e+01  2.7389000e+01
  5.7100000e+00  0.0000000e+00  0.0000000e+00  0.0000000e+00
 -1.9599999e-01 -6.0000001e-03 -2.6499999e-01 -2.6499999e-01
  2.8600001e-01  0.0000000e+00  0.0000000e+00  0.0000000e+00
 -1.9599999e-01 -6.0000001e-03 -2.6499999e-01 -2.6499999e-01
  2.8600001e-01  0.0000000e+00  0.0000000e+00  0.0000000e+00
 -1.9599999e-01 -6.0000001e-03 -2.6499999e-01 -2.6499999e-01
  2.8600001e-01  0.0000000e+00  0.0000000e+00  0.0000000e+00
 -1.9599999e-01 -6.0000001e-03 -2.6499999e-01 -2.6499999e-01
  2.8600001e-01  0.0000000e+00  0.0000000e+00  0.0000000e+00
 -1.9599999e-01 -6.0000001e-03 -2.6499999e-01 -2.6499999e-01
  2.8600001e-01  0.0000000e+00  0.0000000e+00  0.0000000e+00
 -1.3200000e-01  4.1000000e-01 -4.4600001e-01 -9.0100002e-01
  4.9500000e-01  0.0000000e+00  0.0000000e+00  0.0000000e+00
  9.6399999e-01  1.1690000e+00  1.1020000e+00  1.1020000e+00
  0.0000000e+00  0.0000000e+00  0.0000000e+00  0.0000000e+00
  9.6399999e-01  1.1690000e+00  1.1020000e+00  1.1020000e+00
  0.0000000e+00  0.0000000e+00  0.0000000e+00  0.0000000e+00
  9.6399999e-01  1.1690000e+00  1.1020000e+00  1.1020000e+00
  0.0000000e+00  0.0000000e+00  0.0000000e+00  0.0000000e+00
  9.6399999e-01  1.1690000e+00  1.1020000e+00  1.1020000e+00
  0.0000000e+00  0.0000000e+00  0.0000000e+00  0.0000000e+00
  9.6399999e-01  1.1690000e+00  1.1020000e+00  1.1020000e+00
  0.0000000e+00  0.0000000e+00  0.0000000e+00  0.0000000e+00
  7.4400002e-01  4.2899999e-01  1.3900000e+00  2.2290001e+00
  0.0000000e+00  0.0000000e+00  0.0000000e+00  0.0000000e+00]","[7 0 2 0 0 0 0 0 0 0 0 0 0 0 0 0 0 0 0 0 0 0 0 0 0 0 0 0 0 0 0 0 0 0 0 0 0
 0 0 0 0 1 0 0 0 0 0 0 0 0 0 0 0 0 0 0 0 0 1 0 0 3 0 0 0 0 0 0 0 0 0 0 0 0
 0 0 0 0 0 0 0 0 0 0 0 0 0 0 0 1 0 0 0 0 0 0 0 0 0 0 0 0 0 0 0 0 0 0 0 0 0
 0 0 0 1 0 0 0 0 0 0 0 1 0 0 0 0 0 0 0 0 0 0 0 0 0 0 0 0 0 0 0 0 0 0 0 0 0
 0 0 0 0 0 0 0 0 0 0 0 0 0 0 0 0 0 0 0 0 0 0 0 0 0 0 0 0 0 0 0 0 0 0 0 0 1
 0 0 0 0 0 0 0 0 0 0 0 0 0 0 0 0 0 0 0 0 0 0 0 0 0 0 0 0 0 0 0 0 0 0 0 0 0
 0 0 0 0 0 0 0 1 0 0 0 1 0 0 0 0 0 0 0 0 0 1 0 0 0 0 1 0 0 0 0 0 0 0]"
9,n-Hexyl acrylate,Alkyl Acrylates,C=CC(=O)OCCCCCC,"[ 1.1005027e-02  1.2744101e-03 -8.0600046e-03 -1.2817373e-02
 -9.4289435e-03 -5.4498618e-03 -4.3482170e-03  7.5700525e-03
 -2.6386052e-02  1.1409268e-02  6.7174602e-03  2.4259372e-05
  2.6077463e-03  5.7332520e-03 -9.1852807e-04  6.7520230e-03
  4.0000001e-01  4.0000001e-01  2.2222222e-01  0.0000000e+00
  0.0000000e+00  0.0000000e+00  0.0000000e+00  0.0000000e+00
  2.4849999e+00  2.5469999e+00  2.4270000e+00  2.1589999e+00
  2.0369999e+00  1.8970000e+00  1.6740000e+00  1.4660000e+00
  2.3169999e+00  2.2679999e+00  2.1810000e+00  2.0050001e+00
  1.8609999e+00  1.6920000e+00  1.5510000e+00  1.3120000e+00
  2.4830000e+00  2.5450001e+00  2.4260001e+00  2.1580000e+00
  2.0350001e+00  1.8950000e+00  1.6730000e+00  1.4650000e+00
  2.2370000e+00  2.1480000e+00  2.0560000e+00  1.9330000e+00
  1.7760000e+00  1.5910000e+00  1.4940000e+00  1.2400000e+00
  2.4530001e+00  2.4920001e+00  2.3829999e+00  2.1300001e+00
  2.0039999e+00  1.8590000e+00  1.6500000e+00  1.4370000e+00
  3.6289999e+00  4.3610001e+00  3.4230001e+00  3.0039999e+00
  2.9530001e+00  2.9000001e+00  2.6860001e+00  2.5650001e+00
  7.5000003e-02  1.4500000e-01  8.3999999e-02  5.0999999e-02
  4.6999998e-02  4.4000000e-02  2.7000001e-02  2.4000000e-02
  5.5000000e-02  1.0700000e-01  6.1999999e-02  3.7999999e-02
  3.5000000e-02  3.2000002e-02  2.0000000e-02  1.7000001e-02
  7.2999999e-02  1.4100000e-01  8.1000000e-02  5.0000001e-02
  4.6000000e-02  4.1999999e-02  2.7000001e-02  2.3000000e-02
  2.0200001e-01  3.9100000e-01  2.2600000e-01  1.3800000e-01
  1.2800001e-01  1.1800000e-01  7.4000001e-02  6.4000003e-02
  2.9999999e-02  5.7999998e-02  3.3000000e-02  2.0000000e-02
  1.8999999e-02  1.7000001e-02  1.1000000e-02  8.9999996e-03
  1.3346000e+01  2.6136999e+01  2.0160999e+01  1.3206000e+01
  1.1982000e+01  1.0759000e+01  9.2170000e+00  8.7309999e+00
 -1.4399999e-01  2.8299999e-01 -3.2100001e-01 -1.2700000e-01
 -1.8500000e-01 -2.6699999e-01 -8.2999997e-02 -1.8500000e-01
 -1.4399999e-01  2.8299999e-01 -3.2100001e-01 -1.2700000e-01
 -1.8500000e-01 -2.6699999e-01 -8.2999997e-02 -1.8500000e-01
 -1.4399999e-01  2.8299999e-01 -3.2100001e-01 -1.2700000e-01
 -1.8500000e-01 -2.6699999e-01 -8.2999997e-02 -1.8500000e-01
 -1.4399999e-01  2.8299999e-01 -3.2100001e-01 -1.2700000e-01
 -1.8500000e-01 -2.6699999e-01 -8.2999997e-02 -1.8500000e-01
 -1.4399999e-01  2.8299999e-01 -3.2100001e-01 -1.2700000e-01
 -1.8500000e-01 -2.6699999e-01 -8.2999997e-02 -1.8500000e-01
 -3.2000002e-02  6.6299999e-01 -3.7900001e-01 -2.0100001e-01
 -2.9300001e-01 -4.2199999e-01 -4.1700000e-01 -6.0299999e-01
  9.1700000e-01  9.1700000e-01  1.3580000e+00  8.7300003e-01
  1.0190001e+00  1.2220000e+00  7.6400000e-01  1.0190001e+00
  9.1700000e-01  9.1700000e-01  1.3580000e+00  8.7300003e-01
  1.0190001e+00  1.2220000e+00  7.6400000e-01  1.0190001e+00
  9.1700000e-01  9.1700000e-01  1.3580000e+00  8.7300003e-01
  1.0190001e+00  1.2220000e+00  7.6400000e-01  1.0190001e+00
  9.1700000e-01  9.1700000e-01  1.3580000e+00  8.7300003e-01
  1.0190001e+00  1.2220000e+00  7.6400000e-01  1.0190001e+00
  9.1700000e-01  9.1700000e-01  1.3580000e+00  8.7300003e-01
  1.0190001e+00  1.2220000e+00  7.6400000e-01  1.0190001e+00
  6.8599999e-01  3.7500000e-01  1.3650000e+00  9.6600002e-01
  1.1270000e+00  1.3520000e+00  1.4859999e+00  1.9610000e+00]","[9 0 2 0 0 0 0 0 0 0 0 0 0 0 0 0 0 0 0 0 0 0 0 0 4 0 0 1 0 0 0 0 0 1 0 0 0
 0 2 0 0 0 0 0 1 0 0 0 0 0 0 0 0 0 0 0 0 0 1 0 0 1 0 0 0 0 0 0 0 0 0 0 0 0
 0 0 0 0 0 0 0 0 0 0 0 0 0 0 0 1 0 0 0 0 0 0 0 0 0 0 0 0 0 0 0 0 0 0 0 0 0
 0 0 0 1 0 0 0 0 0 0 0 1 0 0 0 0 0 0 0 0 0 0 0 0 0 0 0 0 0 0 0 0 0 0 0 0 0
 0 0 0 0 0 0 0 0 0 0 0 0 0 0 0 0 0 0 0 0 0 0 0 0 0 0 0 0 0 0 0 0 0 0 0 0 1
 0 0 0 0 0 0 0 0 0 0 0 0 0 0 0 0 0 0 0 0 0 0 0 2 0 0 0 0 0 0 0 0 0 0 0 0 0
 0 0 0 0 0 0 0 1 0 0 0 0 0 0 0 0 0 0 0 0 0 0 0 0 0 0 1 0 0 0 0 0 0 0]"
10,2-Ethylhexyl acrylate,Alkyl Acrylates,C=CC(=O)OCC(CC)CCCC,"[ 1.1614553e-02 -5.1721616e-04 -3.9117695e-03 -1.0843319e-02
 -7.0124283e-03  1.8028513e-03  9.9140813e-04  7.5700525e-03
 -2.1764206e-02  8.2378313e-03  6.4616594e-03  1.5433640e-03
  9.8866480e-04  5.7978118e-03  4.5356172e-04  6.7516901e-03
  3.3333334e-01  3.0769232e-01  1.5384616e-01  0.0000000e+00
  0.0000000e+00  0.0000000e+00  0.0000000e+00  0.0000000e+00
  2.6389999e+00  2.7579999e+00  2.7509999e+00  2.5650001e+00
  2.5650001e+00  2.3980000e+00  1.8460000e+00  1.4660000e+00
  2.4970000e+00  2.5380001e+00  2.5320001e+00  2.4110000e+00
  2.4110000e+00  2.2130001e+00  1.7430000e+00  1.3120000e+00
  2.6380000e+00  2.7560000e+00  2.7500000e+00  2.5639999e+00
  2.5639999e+00  2.3959999e+00  1.8450000e+00  1.4650000e+00
  2.4300001e+00  2.4480000e+00  2.4219999e+00  2.3380001e+00
  2.3380001e+00  2.1240001e+00  1.6960000e+00  1.2400000e+00
  2.6120000e+00  2.7140000e+00  2.7110000e+00  2.5360000e+00
  2.5360000e+00  2.3640001e+00  1.8260000e+00  1.4370000e+00
  3.7539999e+00  4.4640002e+00  3.6849999e+00  3.6719999e+00
  3.5510001e+00  3.4389999e+00  2.7520001e+00  2.5650001e+00
  6.7000002e-02  1.4600000e-01  9.3000002e-02  6.4000003e-02
  6.4000003e-02  5.9000000e-02  2.5000000e-02  2.0000000e-02
  4.8999999e-02  1.0700000e-01  6.8000004e-02  4.6999998e-02
  4.6999998e-02  4.3000001e-02  1.7999999e-02  1.4000000e-02
  6.4999998e-02  1.4100000e-01  9.0000004e-02  6.1999999e-02
  6.1999999e-02  5.7000000e-02  2.4000000e-02  1.8999999e-02
  1.8000001e-01  3.9300001e-01  2.5000000e-01  1.7299999e-01
  1.7299999e-01  1.5800001e-01  6.7000002e-02  5.2999999e-02
  2.6000001e-02  5.7999998e-02  3.7000000e-02  2.5000000e-02
  2.5000000e-02  2.3000000e-02  9.9999998e-03  8.0000004e-03
  1.0588000e+01  2.6157000e+01  2.1781000e+01  7.9190001e+00
  1.9424999e+01  1.9062000e+01  9.4659996e+00  8.0900002e+00
 -1.1400000e-01  3.1799999e-01 -2.7300000e-01 -1.4000000e-01
 -1.4000000e-01 -2.1200000e-01 -5.5000000e-02 -2.1200000e-01
 -1.1400000e-01  3.1799999e-01 -2.7300000e-01 -1.4000000e-01
 -1.4000000e-01 -2.1200000e-01 -5.5000000e-02 -2.1200000e-01
 -1.1400000e-01  3.1799999e-01 -2.7300000e-01 -1.4000000e-01
 -1.4000000e-01 -2.1200000e-01 -5.5000000e-02 -2.1200000e-01
 -1.1400000e-01  3.1799999e-01 -2.7300000e-01 -1.4000000e-01
 -1.4000000e-01 -2.1200000e-01 -5.5000000e-02 -2.1200000e-01
 -1.1400000e-01  3.1799999e-01 -2.7300000e-01 -1.4000000e-01
 -1.4000000e-01 -2.1200000e-01 -5.5000000e-02 -2.1200000e-01
 -6.3000001e-02  6.6399997e-01 -2.9200000e-01  5.0999999e-02
 -3.5600001e-01 -4.4800001e-01 -3.0800000e-01 -6.6500002e-01
  8.8599998e-01  8.1800002e-01  1.3640000e+00  9.6700001e-01
  9.6700001e-01  1.1820000e+00  7.0899999e-01  1.1820000e+00
  8.8599998e-01  8.1800002e-01  1.3640000e+00  9.6700001e-01
  9.6700001e-01  1.1820000e+00  7.0899999e-01  1.1820000e+00
  8.8599998e-01  8.1800002e-01  1.3640000e+00  9.6700001e-01
  9.6700001e-01  1.1820000e+00  7.0899999e-01  1.1820000e+00
  8.8599998e-01  8.1800002e-01  1.3640000e+00  9.6700001e-01
  9.6700001e-01  1.1820000e+00  7.0899999e-01  1.1820000e+00
  8.8599998e-01  8.1800002e-01  1.3640000e+00  9.6700001e-01
  9.6700001e-01  1.1820000e+00  7.0899999e-01  1.1820000e+00
  7.0499998e-01  3.1200001e-01  1.1830000e+00  6.0100001e-01
  1.3600000e+00  1.6380000e+00  1.3860000e+00  2.2869999e+00]","[11  0  2  0  0  0  0  0  0  0  0  0  0  0  0  0  0  0  0  0  0  0  0  0
  4  0  0  1  0  0  0  0  0  0  0  0  0  0  1  0  0  0  0  0  1  0  0  0
  0  0  0  0  0  0  0  0  0  0  1  0  0  2  0  0  0  0  0  0  0  0  0  0
  0  0  0  0  0  0  0  0  0  0  0  0  0  0  1  0  1  1  0  0  0  0  0  0
  0  0  0  0  0  0  0  0  0  0  0  0  0  0  0  0  0  0  1  0  0  0  0  0
  0  0  1  1  0  0  0  0  0  0  0  0  1  0  0  0  0  0  0  0  0  0  0  0
  0  0  0  0  0  0  0  0  0  0  0  0  0  0  0  0  1  0  0  0  0  0  0  0
  0  0  0  0  0  0  0  0  0  0  0  0  0  0  0  0  1  0  0  0  0  0  0  0
  0  0  0  0  0  0  0  0  0  0  0  0  0  0  0  0  1  0  0  0  0  0  0  0
  0  0  0  0  0  0  0  0  0  0  0  0  0  1  0  0  0  0  0  0  0  0  0  0
  0  0  0  0  0  0  0  0  1  0  0  0  0  0  0  0]"
11,n-Octyl acrylate,Alkyl Acrylates,C=CC(=O)OCCCCCCCC,"[ 1.2631658e-02  4.5228102e-03 -2.8191297e-03 -5.3546648e-03
 -1.8805047e-03 -5.1155500e-03 -9.4289435e-03 -5.4498618e-03
 -2.1514656e-02  9.9830702e-03  6.0276706e-03  7.0918049e-04
  2.4764021e-03  2.8789714e-03  3.2547817e-03  5.7983971e-03
  3.3333334e-01  3.3333334e-01  1.8181819e-01  0.0000000e+00
  0.0000000e+00  0.0000000e+00  0.0000000e+00  0.0000000e+00
  2.6389999e+00  2.6930001e+00  2.5899999e+00  2.3670001e+00
  2.2679999e+00  2.1589999e+00  2.0369999e+00  1.8970000e+00
  2.4970000e+00  2.4560001e+00  2.3850000e+00  2.2440000e+00
  2.1320000e+00  2.0050001e+00  1.8609999e+00  1.6920000e+00
  2.6380000e+00  2.6910000e+00  2.5880001e+00  2.3659999e+00
  2.2670000e+00  2.1580000e+00  2.0350001e+00  1.8950000e+00
  2.4300001e+00  2.3580000e+00  2.2839999e+00  2.1870000e+00
  2.0680001e+00  1.9330000e+00  1.7760000e+00  1.5910000e+00
  2.6120000e+00  2.6459999e+00  2.5520000e+00  2.3440001e+00
  2.2430000e+00  2.1300001e+00  2.0039999e+00  1.8590000e+00
  3.6810000e+00  4.3860002e+00  3.4860001e+00  3.0990000e+00
  3.0520000e+00  3.0039999e+00  2.9530001e+00  2.9000001e+00
  6.7000002e-02  1.4300001e-01  7.5999998e-02  4.6999998e-02
  4.4000000e-02  4.1999999e-02  3.9000001e-02  3.7000000e-02
  4.8999999e-02  1.0500000e-01  5.6000002e-02  3.5000000e-02
  3.3000000e-02  3.0999999e-02  2.8999999e-02  2.7000001e-02
  6.4999998e-02  1.3900000e-01  7.4000001e-02  4.6000000e-02
  4.3000001e-02  4.1000001e-02  3.7999999e-02  3.5000000e-02
  1.8000001e-01  3.8600001e-01  2.0400000e-01  1.2700000e-01
  1.2000000e-01  1.1300000e-01  1.0600000e-01  9.8999999e-02
  2.6000001e-02  5.7000000e-02  2.9999999e-02  1.8999999e-02
  1.7999999e-02  1.7000001e-02  1.6000001e-02  1.5000000e-02
  1.1865000e+01  2.8825001e+01  1.8969999e+01  1.2767000e+01
  1.1891000e+01  1.1015000e+01  1.0139000e+01  9.2629995e+00
 -1.1400000e-01  3.3000001e-01 -2.4800000e-01 -8.1000000e-02
 -1.1400000e-01 -1.5600000e-01 -2.1200000e-01 -2.9100001e-01
 -1.1400000e-01  3.3000001e-01 -2.4800000e-01 -8.1000000e-02
 -1.1400000e-01 -1.5600000e-01 -2.1200000e-01 -2.9100001e-01
 -1.1400000e-01  3.3000001e-01 -2.4800000e-01 -8.1000000e-02
 -1.1400000e-01 -1.5600000e-01 -2.1200000e-01 -2.9100001e-01
 -1.1400000e-01  3.3000001e-01 -2.4800000e-01 -8.1000000e-02
 -1.1400000e-01 -1.5600000e-01 -2.1200000e-01 -2.9100001e-01
 -1.1400000e-01  3.3000001e-01 -2.4800000e-01 -8.1000000e-02
 -1.1400000e-01 -1.5600000e-01 -2.1200000e-01 -2.9100001e-01
  1.1000000e-02  6.9599998e-01 -2.8500000e-01 -1.2600000e-01
 -1.7700000e-01 -2.4200000e-01 -3.3000001e-01 -4.5199999e-01
  8.8599998e-01  8.8599998e-01  1.2890000e+00  7.8799999e-01
  8.8599998e-01  1.0130000e+00  1.1820000e+00  1.4180000e+00
  8.8599998e-01  8.8599998e-01  1.2890000e+00  7.8799999e-01
  8.8599998e-01  1.0130000e+00  1.1820000e+00  1.4180000e+00
  8.8599998e-01  8.8599998e-01  1.2890000e+00  7.8799999e-01
  8.8599998e-01  1.0130000e+00  1.1820000e+00  1.4180000e+00
  8.8599998e-01  8.8599998e-01  1.2890000e+00  7.8799999e-01
  8.8599998e-01  1.0130000e+00  1.1820000e+00  1.4180000e+00
  8.8599998e-01  8.8599998e-01  1.2890000e+00  7.8799999e-01
  8.8599998e-01  1.0130000e+00  1.1820000e+00  1.4180000e+00
  6.5100002e-01  3.5499999e-01  1.2710000e+00  8.5500002e-01
  9.6200001e-01  1.0990000e+00  1.2830000e+00  1.5390000e+00]","[11  0  2  0  0  0  0  0  0  0  0  0  0  0  0  0  0  0  0  0  0  0  0  0
  6  0  0  1  0  0  0  0  0  1  0  0  0  0  2  0  0  0  0  0  1  0  0  0
  0  0  0  0  0  0  0  0  0  0  1  0  0  1  0  0  0  0  0  0  0  0  0  0
  0  0  0  0  0  0  0  0  0  0  0  0  0  0  0  0  0  1  0  0  0  0  0  0
  0  0  0  0  0  0  0  0  0  0  0  0  0  0  0  0  0  0  1  0  0  0  0  0
  0  0  1  0  0  0  0  0  0  0  0  0  0  0  0  0  0  0  0  0  0  0  0  0
  0  0  0  0  0  0  0  0  0  0  0  0  0  0  0  0  0  0  0  0  0  0  0  0
  0  0  0  0  0  0  0  0  0  0  0  0  0  0  0  0  1  0  0  0  0  0  0  0
  0  0  0  0  0  0  0  0  0  0  0  0  0  0  0  0  4  0  0  0  0  0  0  0
  0  0  0  0  0  0  0  0  0  0  0  0  0  1  0  0  0  0  0  0  0  0  0  0
  0  0  0  0  0  0  0  0  1  0  0  0  0  0  0  0]"
12,Lauryl acrylate,Alkyl Acrylates,C=CC(=O)OCCCCCCCCCCCC,"[ 1.4664945e-02  8.5833091e-03  3.4699207e-03  2.6820963e-03
  5.6679337e-03  4.2954902e-03  2.6485580e-03  6.3564134e-04
 -1.5425609e-02  8.1976885e-03  5.1781386e-03  1.3669169e-03
  2.6119251e-03  2.9154338e-03  2.9540663e-03  2.9657045e-03
  2.5000000e-01  2.5000000e-01  1.3333334e-01  0.0000000e+00
  0.0000000e+00  0.0000000e+00  0.0000000e+00  0.0000000e+00
  2.8900001e+00  2.9319999e+00  2.8520000e+00  2.6849999e+00
  2.6150000e+00  2.5390000e+00  2.4570000e+00  2.3670001e+00
  2.7820001e+00  2.7509999e+00  2.6989999e+00  2.5969999e+00
  2.5200000e+00  2.4360001e+00  2.3450000e+00  2.2440000e+00
  2.8889999e+00  2.9310000e+00  2.8510001e+00  2.6849999e+00
  2.6140001e+00  2.5380001e+00  2.4560001e+00  2.3659999e+00
  2.7320001e+00  2.6789999e+00  2.6259999e+00  2.5580001e+00
  2.4770000e+00  2.3900001e+00  2.2930000e+00  2.1870000e+00
  2.8690000e+00  2.8950000e+00  2.8239999e+00  2.6689999e+00
  2.5969999e+00  2.5190001e+00  2.4349999e+00  2.3440001e+00
  3.7770000e+00  4.4349999e+00  3.6020000e+00  3.2639999e+00
  3.2260001e+00  3.1849999e+00  3.1429999e+00  3.0990000e+00
  5.4000001e-02  1.3900000e-01  6.3000001e-02  3.9999999e-02
  3.7999999e-02  3.7000000e-02  3.5000000e-02  3.4000002e-02
  3.9999999e-02  1.0200000e-01  4.6000000e-02  2.8999999e-02
  2.8000001e-02  2.7000001e-02  2.6000001e-02  2.5000000e-02
  5.2999999e-02  1.3500001e-01  6.1000001e-02  3.9000001e-02
  3.7000000e-02  3.5999998e-02  3.4000002e-02  3.3000000e-02
  1.4600000e-01  3.7400001e-01  1.6900000e-01  1.0700000e-01
  1.0300000e-01  9.8999999e-02  9.4999999e-02  9.0999998e-02
  2.2000000e-02  5.5000000e-02  2.5000000e-02  1.6000001e-02
  1.5000000e-02  1.5000000e-02  1.4000000e-02  1.3000000e-02
  9.0019999e+00  3.2044998e+01  1.6398001e+01  1.1339000e+01
  1.0827000e+01  1.0314000e+01  9.8020000e+00  9.2900000e+00
 -7.9000004e-02  3.8100001e-01 -1.6900000e-01 -4.1000001e-02
 -5.6000002e-02 -7.2999999e-02 -9.3000002e-02 -1.1900000e-01
 -7.9000004e-02  3.8100001e-01 -1.6900000e-01 -4.1000001e-02
 -5.6000002e-02 -7.2999999e-02 -9.3000002e-02 -1.1900000e-01
 -7.9000004e-02  3.8100001e-01 -1.6900000e-01 -4.1000001e-02
 -5.6000002e-02 -7.2999999e-02 -9.3000002e-02 -1.1900000e-01
 -7.9000004e-02  3.8100001e-01 -1.6900000e-01 -4.1000001e-02
 -5.6000002e-02 -7.2999999e-02 -9.3000002e-02 -1.1900000e-01
 -7.9000004e-02  3.8100001e-01 -1.6900000e-01 -4.1000001e-02
 -5.6000002e-02 -7.2999999e-02 -9.3000002e-02 -1.1900000e-01
  5.6000002e-02  7.2899997e-01 -1.8700001e-01 -6.1999999e-02
 -8.3999999e-02 -1.1000000e-01 -1.4200000e-01 -1.8000001e-01
  8.5000002e-01  8.5000002e-01  1.2090000e+00  6.9700003e-01
  7.5599998e-01  8.2400000e-01  9.0700001e-01  1.0070000e+00
  8.5000002e-01  8.5000002e-01  1.2090000e+00  6.9700003e-01
  7.5599998e-01  8.2400000e-01  9.0700001e-01  1.0070000e+00
  8.5000002e-01  8.5000002e-01  1.2090000e+00  6.9700003e-01
  7.5599998e-01  8.2400000e-01  9.0700001e-01  1.0070000e+00
  8.5000002e-01  8.5000002e-01  1.2090000e+00  6.9700003e-01
  7.5599998e-01  8.2400000e-01  9.0700001e-01  1.0070000e+00
  8.5000002e-01  8.5000002e-01  1.2090000e+00  6.9700003e-01
  7.5599998e-01  8.2400000e-01  9.0700001e-01  1.0070000e+00
  6.1100000e-01  3.3300000e-01  1.1660000e+00  7.4000001e-01
  8.0199999e-01  8.7500000e-01  9.6200001e-01  1.0690000e+00]","[15  0  2  0  0  0  0  0  0  0  0  0  0  0  0  0  0  0  0  0  0  0  0  0
 10  0  0  1  0  0  0  0  0  1  0  0  0  0  2  0  0  0  0  0  1  0  0  0
  0  0  0  0  0  0  0  0  0  0  1  0  0  1  0  0  0  0  0  0  0  0  0  0
  0  0  0  0  0  0  0  0  0  0  0  0  0  0  0  0  0  1  0  0  0  0  0  0
  0  0  0  0  0  0  0  0  0  0  0  0  0  0  0  0  0  0  1  0  0  0  0  0
  0  0  1  0  0  0  0  0  0  0  0  0  0  0  0  0  0  0  0  0  0  0  0  0
  0  0  0  0  0  0  0  0  0  0  0  0  0  0  0  0  0  0  0  0  0  0  0  0
  0  0  0  0  0  0  0  0  0  0  0  0  0  0  0  0  1  0  0  0  0  0  0  0
  0  0  0  0  0  0  0  0  0  0  0  0  0  0  0  0  8  0  0  0  0  0  0  0
  0  0  0  0  0  0  0  0  0  0  0  0  0  1  0  0  0  0  0  0  0  0  0  0
  0  0  0  0  0  0  0  0  1  0  0  0  0  0  0  0]"
13,Stearyl acrylate,Alkyl Acrylates,C=CC(=O)OCCCCCCCCCCCCCCCCCC,"[ 1.63285416e-02  1.19055370e-02  8.41131806e-03  8.39242619e-03
  1.07002258e-02  1.01081915e-02  9.44215246e-03  8.68730899e-03
 -1.04436632e-02  6.73691789e-03  4.51053539e-03  1.83258299e-03
  2.68845912e-03  2.88935355e-03  2.91196420e-03  2.91744550e-03
  1.81818187e-01  1.81818187e-01  9.52380970e-02  0.00000000e+00
  0.00000000e+00  0.00000000e+00  0.00000000e+00  0.00000000e+00
  3.17799997e+00  3.21000004e+00  3.15000010e+00  3.02800012e+00
  2.97900009e+00  2.92700005e+00  2.87199998e+00  2.81299996e+00
  3.09800005e+00  3.07500005e+00  3.03800011e+00  2.96700001e+00
  2.91400003e+00  2.85800004e+00  2.79900002e+00  2.73600006e+00
  3.17700005e+00  3.20900011e+00  3.14899993e+00  3.02800012e+00
  2.97799993e+00  2.92600012e+00  2.87100005e+00  2.81299996e+00
  3.06200004e+00  3.02399993e+00  2.98699999e+00  2.94000006e+00
  2.88499999e+00  2.82800007e+00  2.76699996e+00  2.70199990e+00
  3.16199994e+00  3.18199992e+00  3.12800002e+00  3.01600003e+00
  2.96600008e+00  2.91300011e+00  2.85800004e+00  2.79800010e+00
  3.90499997e+00  4.50400019e+00  3.75300002e+00  3.47099996e+00
  3.43899989e+00  3.40700006e+00  3.37299991e+00  3.33800006e+00
  4.19999994e-02  1.33000001e-01  4.89999987e-02  3.20000015e-02
  3.09999995e-02  2.99999993e-02  2.89999992e-02  2.80000009e-02
  3.09999995e-02  9.79999974e-02  3.59999985e-02  2.30000000e-02
  2.30000000e-02  2.19999999e-02  2.19999999e-02  2.09999997e-02
  4.10000011e-02  1.28999993e-01  4.80000004e-02  3.09999995e-02
  2.99999993e-02  2.89999992e-02  2.80000009e-02  2.80000009e-02
  1.14000000e-01  3.58999997e-01  1.33000001e-01  8.60000029e-02
  8.29999968e-02  8.10000002e-02  7.90000036e-02  7.69999996e-02
  1.70000009e-02  5.29999994e-02  1.99999996e-02  1.30000003e-02
  1.20000001e-02  1.20000001e-02  1.20000001e-02  1.09999999e-02
  8.47500038e+00  3.48390007e+01  1.34510002e+01  9.51500034e+00
  9.23499966e+00  8.95499992e+00  8.67500019e+00  8.39500046e+00
 -5.40000014e-02  4.19000000e-01 -1.12999998e-01 -1.99999996e-02
 -2.60000005e-02 -3.40000018e-02 -4.19999994e-02 -5.09999990e-02
 -5.40000014e-02  4.19000000e-01 -1.12999998e-01 -1.99999996e-02
 -2.60000005e-02 -3.40000018e-02 -4.19999994e-02 -5.09999990e-02
 -5.40000014e-02  4.19000000e-01 -1.12999998e-01 -1.99999996e-02
 -2.60000005e-02 -3.40000018e-02 -4.19999994e-02 -5.09999990e-02
 -5.40000014e-02  4.19000000e-01 -1.12999998e-01 -1.99999996e-02
 -2.60000005e-02 -3.40000018e-02 -4.19999994e-02 -5.09999990e-02
 -5.40000014e-02  4.19000000e-01 -1.12999998e-01 -1.99999996e-02
 -2.60000005e-02 -3.40000018e-02 -4.19999994e-02 -5.09999990e-02
  8.69999975e-02  7.50000000e-01 -1.22000001e-01 -2.99999993e-02
 -3.99999991e-02 -5.00000007e-02 -6.19999990e-02 -7.59999976e-02
  8.20999980e-01  8.20999980e-01  1.14699996e+00  6.34000003e-01
  6.69000030e-01  7.08999991e-01  7.53000021e-01  8.02999973e-01
  8.20999980e-01  8.20999980e-01  1.14699996e+00  6.34000003e-01
  6.69000030e-01  7.08999991e-01  7.53000021e-01  8.02999973e-01
  8.20999980e-01  8.20999980e-01  1.14699996e+00  6.34000003e-01
  6.69000030e-01  7.08999991e-01  7.53000021e-01  8.02999973e-01
  8.20999980e-01  8.20999980e-01  1.14699996e+00  6.34000003e-01
  6.69000030e-01  7.08999991e-01  7.53000021e-01  8.02999973e-01
  8.20999980e-01  8.20999980e-01  1.14699996e+00  6.34000003e-01
  6.69000030e-01  7.08999991e-01  7.53000021e-01  8.02999973e-01
  5.79999983e-01  3.16000015e-01  1.08700001e+00  6.61000013e-01
  6.98000014e-01  7.39000022e-01  7.85000026e-01  8.38000000e-01]","[21  0  2  0  0  0  0  0  0  0  0  0  0  0  0  0  0  0  0  0  0  0  0  0
 16  0  0  1  0  0  0  0  0  1  0  0  0  0  2  0  0  0  0  0  1  0  0  0
  0  0  0  0  0  0  0  0  0  0  1  0  0  1  0  0  0  0  0  0  0  0  0  0
  0  0  0  0  0  0  0  0  0  0  0  0  0  0  0  0  0  1  0  0  0  0  0  0
  0  0  0  0  0  0  0  0  0  0  0  0  0  0  0  0  0  0  1  0  0  0  0  0
  0  0  1  0  0  0  0  0  0  0  0  0  0  0  0  0  0  0  0  0  0  0  0  0
  0  0  0  0  0  0  0  0  0  0  0  0  0  0  0  0  0  0  0  0  0  0  0  0
  0  0  0  0  0  0  0  0  0  0  0  0  0  0  0  0  1  0  0  0  0  0  0  0
  0  0  0  0  0  0  0  0  0  0  0  0  0  0  0  0 14  0  0  0  0  0  0  0
  0  0  0  0  0  0  0  0  0  0  0  0  0  1  0  0  0  0  0  0  0  0  0  0
  0  0  0  0  0  0  0  0  1  0  0  0  0  0  0  0]"
14,Benzyl acrylate,Alkyl Acrylates,C=CC(=O)OCC1=CC=CC=C1,"[ 1.5157789e-02  4.6231435e-03 -3.2255072e-03 -1.5680958e-02
 -9.6160490e-03  8.3341345e-04  1.2359468e-02  2.4521310e-02
 -2.2298420e-02  8.3544124e-03  6.5227263e-03  5.4813968e-04
  1.7904155e-03  2.6067267e-03  6.4338092e-03  5.7167890e-03
  8.3333331e-01  7.8571427e-01  6.6666669e-01  7.5000000e-01
  1.0000000e+00  1.0000000e+00  1.0000000e+00  1.0000000e+00
  2.6389999e+00  2.8199999e+00  2.6849999e+00  2.3020000e+00
  2.3020000e+00  2.1589999e+00  1.6740000e+00  6.9300002e-01
  2.4970000e+00  2.6140001e+00  2.4489999e+00  2.0969999e+00
  2.0969999e+00  2.0050001e+00  1.5510000e+00  6.9300002e-01
  2.6380000e+00  2.8180001e+00  2.6840000e+00  2.3010001e+00
  2.3010001e+00  2.1580000e+00  1.6730000e+00  6.9300002e-01
  2.4300001e+00  2.5309999e+00  2.3290000e+00  1.9970000e+00
  1.9970000e+00  1.9330000e+00  1.4940000e+00  6.9300002e-01
  2.6120000e+00  2.7780001e+00  2.6420000e+00  2.2650001e+00
  2.2650001e+00  2.1300001e+00  1.6500000e+00  6.9300002e-01
  4.7160001e+00  5.0879998e+00  4.6050000e+00  4.1849999e+00
  4.7709999e+00  4.6409998e+00  3.9700000e+00  1.6090000e+00
  7.4000001e-02  1.5300000e-01  9.7999997e-02  6.1000001e-02
  6.1000001e-02  4.6000000e-02  2.5000000e-02  3.0000000e-03
  5.4000001e-02  1.1300000e-01  7.1999997e-02  4.5000002e-02
  4.5000002e-02  3.4000002e-02  1.7999999e-02  2.0000001e-03
  7.1000002e-02  1.4900000e-01  9.4999999e-02  5.9999999e-02
  5.9999999e-02  4.5000002e-02  2.4000000e-02  3.0000000e-03
  1.9800000e-01  4.1299999e-01  2.6499999e-01  1.6500001e-01
  1.6500001e-01  1.2400000e-01  6.6000000e-02  8.0000004e-03
  2.8999999e-02  6.1000001e-02  3.9000001e-02  2.4000000e-02
  2.4000000e-02  1.7999999e-02  9.9999998e-03  1.0000000e-03
  1.7436001e+01  1.8514000e+01  2.7254999e+01  1.6660000e+01
  1.2140000e+01  1.0217000e+01  6.1240001e+00  1.5779999e+00
 -1.0000000e-01  2.8600001e-01 -3.0000001e-01 -2.5000000e-01
 -2.5000000e-01 -1.4300001e-01 -1.0000000e-01  2.0000000e-01
 -1.0000000e-01  2.8600001e-01 -3.0000001e-01 -2.5000000e-01
 -2.5000000e-01 -1.4300001e-01 -1.0000000e-01  2.0000000e-01
 -1.0000000e-01  2.8600001e-01 -3.0000001e-01 -2.5000000e-01
 -2.5000000e-01 -1.4300001e-01 -1.0000000e-01  2.0000000e-01
 -1.0000000e-01  2.8600001e-01 -3.0000001e-01 -2.5000000e-01
 -2.5000000e-01 -1.4300001e-01 -1.0000000e-01  2.0000000e-01
 -1.0000000e-01  2.8600001e-01 -3.0000001e-01 -2.5000000e-01
 -2.5000000e-01 -1.4300001e-01 -1.0000000e-01  2.0000000e-01
 -1.8600000e-01  1.8700001e-01 -5.9700000e-01 -2.4900000e-01
  3.5200000e-01  8.6999997e-02 -1.7000001e-02 -5.8099997e-01
  8.2499999e-01  7.0700002e-01  1.3750000e+00  1.2370000e+00
  1.2370000e+00  9.4300002e-01  8.2499999e-01  0.0000000e+00
  8.2499999e-01  7.0700002e-01  1.3750000e+00  1.2370000e+00
  1.2370000e+00  9.4300002e-01  8.2499999e-01  0.0000000e+00
  8.2499999e-01  7.0700002e-01  1.3750000e+00  1.2380000e+00
  1.2380000e+00  9.4300002e-01  8.2499999e-01  0.0000000e+00
  8.2499999e-01  7.0700002e-01  1.3750000e+00  1.2370000e+00
  1.2370000e+00  9.4300002e-01  8.2499999e-01  0.0000000e+00
  8.2499999e-01  7.0700002e-01  1.3750000e+00  1.2380000e+00
  1.2380000e+00  9.4300002e-01  8.2499999e-01  0.0000000e+00
  8.9800000e-01  6.5899998e-01  1.5640000e+00  1.1450000e+00
  6.2400001e-01  9.9900001e-01  1.1400000e+00  1.5190001e+00]","[4 0 2 0 6 0 0 0 0 0 0 0 0 0 0 0 0 0 0 0 2 0 0 0 0 0 0 0 0 0 0 0 0 1 0 0 0
 0 0 0 0 0 0 0 0 0 0 0 0 0 0 0 0 0 0 0 0 0 2 0 0 0 0 0 0 0 0 1 0 0 0 0 0 0
 0 0 0 0 0 0 0 0 0 0 0 0 3 0 0 1 0 0 0 0 0 0 0 0 0 0 0 0 0 0 0 0 0 0 0 0 0
 0 0 0 1 0 0 0 0 0 0 1 1 0 0 0 0 0 0 0 0 0 0 0 0 0 0 0 0 0 0 0 0 0 0 0 0 0
 0 0 0 0 0 0 0 0 0 0 0 0 0 0 0 0 0 0 0 0 0 0 0 0 1 0 0 0 0 0 0 0 0 0 0 0 1
 0 0 0 0 0 0 0 0 0 0 0 0 0 0 0 0 0 0 0 0 0 0 0 0 0 0 0 0 0 0 0 0 0 0 0 0 0
 0 0 0 5 0 0 0 1 0 0 0 0 0 0 0 0 0 0 0 0 0 0 0 0 0 0 1 0 0 0 0 0 0 0]"
15,Tetrahydrofurfuryl acrylate,Alkyl Acrylates,C=CC(=O)OCC1CCCO1,"[ 7.9897307e-03 -3.7384564e-03  3.2448329e-03 -7.0114215e-03
 -2.1558197e-03  1.9320948e-03 -4.6064705e-03  0.0000000e+00
 -2.9749949e-02  3.1440533e-03  2.8036820e-02 -2.4543775e-02
  1.2806681e-02  5.2811839e-03 -9.2851243e-04  0.0000000e+00
  3.6363637e-01  3.0769232e-01  2.2222222e-01  0.0000000e+00
  0.0000000e+00  0.0000000e+00  0.0000000e+00  0.0000000e+00
  2.6150000e+00  2.8190000e+00  2.4930000e+00  2.2330000e+00
  2.2449999e+00  2.0790000e+00  1.0990000e+00  0.0000000e+00
  2.3580000e+00  2.4679999e+00  2.1250000e+00  1.9260000e+00
  1.9370000e+00  1.8160000e+00  1.0990000e+00  0.0000000e+00
  2.6129999e+00  2.8169999e+00  2.4909999e+00  2.2309999e+00
  2.2420001e+00  2.0769999e+00  1.0990000e+00  0.0000000e+00
  2.2270000e+00  2.2960000e+00  1.9490000e+00  1.7610000e+00
  1.8110000e+00  1.6799999e+00  1.0990000e+00  0.0000000e+00
  2.5690000e+00  2.7550001e+00  2.4250000e+00  2.1789999e+00
  2.1840000e+00  2.0320001e+00  1.0990000e+00  0.0000000e+00
  3.8950000e+00  4.5469999e+00  3.7750001e+00  3.6510000e+00
  4.0219998e+00  3.3139999e+00  1.0990000e+00  0.0000000e+00
  1.5899999e-01  2.3899999e-01  1.7900001e-01  1.1200000e-01
  1.3500001e-01  9.0000004e-02  1.6000001e-02  0.0000000e+00
  1.1700000e-01  1.7600000e-01  1.3200000e-01  8.2999997e-02
  9.8999999e-02  6.7000002e-02  1.2000000e-02  0.0000000e+00
  1.5400000e-01  2.3199999e-01  1.7399999e-01  1.0900000e-01
  1.3100000e-01  8.8000000e-02  1.6000001e-02  0.0000000e+00
  4.2800000e-01  6.4399999e-01  4.8199999e-01  3.0199999e-01
  3.6399999e-01  2.4300000e-01  4.4000000e-02  0.0000000e+00
  6.3000001e-02  9.4999999e-02  7.1000002e-02  4.5000002e-02
  5.4000001e-02  3.5999998e-02  7.0000002e-03  0.0000000e+00
  1.6504000e+01  2.6302999e+01  2.3878000e+01  9.5959997e+00
  1.8139999e+01  2.1083000e+01  4.0570002e+00  0.0000000e+00
 -2.5000000e-01 -8.2999997e-02  1.8999999e-02 -4.1100001e-01
  3.1000000e-01 -3.1200001e-01  3.7500000e-01  0.0000000e+00
 -2.5000000e-01 -8.2999997e-02  1.8999999e-02 -4.1100001e-01
  3.1000000e-01 -3.1299999e-01  3.7500000e-01  0.0000000e+00
 -2.5000000e-01 -8.2999997e-02  1.8999999e-02 -4.1100001e-01
  3.1000000e-01 -3.1299999e-01  3.7500000e-01  0.0000000e+00
 -2.5000000e-01 -8.2999997e-02  1.8999999e-02 -4.1100001e-01
  3.1000000e-01 -3.1299999e-01  3.7500000e-01  0.0000000e+00
 -2.5000000e-01 -8.2999997e-02  1.8999999e-02 -4.1100001e-01
  3.1000000e-01 -3.1200001e-01  3.7500000e-01  0.0000000e+00
 -1.6300000e-01  3.7400001e-01 -4.2699999e-01 -1.4500000e-01
  2.6000001e-02 -8.5200000e-01  6.0900003e-01  0.0000000e+00
  1.0420001e+00  1.0580000e+00  1.0190001e+00  1.3099999e+00
  6.5499997e-01  1.1460000e+00  0.0000000e+00  0.0000000e+00
  1.0420001e+00  1.0580000e+00  1.0190001e+00  1.3099999e+00
  6.5499997e-01  1.1460000e+00  0.0000000e+00  0.0000000e+00
  1.0420001e+00  1.0580000e+00  1.0190001e+00  1.3099999e+00
  6.5499997e-01  1.1460000e+00  0.0000000e+00  0.0000000e+00
  1.0420001e+00  1.0580000e+00  1.0190001e+00  1.3099999e+00
  6.5499997e-01  1.1460000e+00  0.0000000e+00  0.0000000e+00
  1.0420001e+00  1.0580000e+00  1.0190001e+00  1.3099999e+00
  6.5499997e-01  1.1460000e+00  0.0000000e+00  0.0000000e+00
  7.8200001e-01  4.7700000e-01  1.4200000e+00  8.8300002e-01
  1.1580000e+00  2.1900001e+00  0.0000000e+00  0.0000000e+00]","[8 0 3 0 0 0 0 0 0 0 0 0 0 0 0 0 0 0 0 0 0 0 0 0 2 0 1 0 0 0 0 0 0 1 0 0 0
 0 3 0 0 0 0 0 1 0 0 0 0 0 0 0 0 0 0 0 0 0 2 0 0 0 0 0 0 0 0 0 0 0 0 0 0 0
 0 0 0 0 0 0 0 0 0 0 0 0 0 0 0 1 0 0 0 0 0 0 0 0 0 0 0 0 0 0 0 0 0 0 0 0 0
 0 0 0 1 0 0 0 0 0 0 0 1 0 0 0 0 0 0 0 0 0 0 0 0 0 0 0 1 0 0 0 0 0 0 0 0 0
 0 0 0 0 0 0 0 0 0 0 0 0 0 0 0 0 0 0 0 0 0 0 0 0 0 0 0 0 0 0 0 0 0 0 0 0 1
 0 0 0 0 0 0 0 0 0 0 0 0 0 0 0 0 0 0 0 1 0 0 0 0 0 0 0 0 0 0 0 0 1 0 0 0 0
 0 0 0 0 0 0 0 1 0 0 0 0 0 0 0 0 0 0 0 0 0 0 0 0 0 0 1 0 0 0 1 0 0 0]"
16,2-Hydroxyethyl acrylate,Hydrophilic/Hydroxy Acrylates,C=CC(=O)OCCO,"[ 2.2371456e-02  8.9174882e-03  6.9393865e-03  1.2110148e-02
 -1.0762032e-02 -4.4870429e-02  0.0000000e+00  0.0000000e+00
 -4.3370694e-02  4.1659134e-03  4.0785048e-02 -3.9480269e-02
  2.7866999e-02  3.6079399e-02  0.0000000e+00  0.0000000e+00
  5.7142860e-01  5.7142860e-01  3.3333334e-01  0.0000000e+00
  0.0000000e+00  0.0000000e+00  0.0000000e+00  0.0000000e+00
  2.2330000e+00  2.3130000e+00  2.1710000e+00  1.7340000e+00
  1.6310000e+00  8.4700000e-01  0.0000000e+00  0.0000000e+00
  1.9260000e+00  1.8520000e+00  1.7330000e+00  1.4880000e+00
  1.1710000e+00  5.3899997e-01  0.0000000e+00  0.0000000e+00
  2.2309999e+00  2.3099999e+00  2.1680000e+00  1.7320000e+00
  1.6270000e+00  8.4500003e-01  0.0000000e+00  0.0000000e+00
  1.7610000e+00  1.6140000e+00  1.5200000e+00  1.3630000e+00
  9.7899997e-01  3.7500000e-01  0.0000000e+00  0.0000000e+00
  2.1789999e+00  2.2300000e+00  2.0910001e+00  1.6900001e+00
  1.5420001e+00  7.9299998e-01  0.0000000e+00  0.0000000e+00
  3.5460000e+00  4.3220000e+00  3.3199999e+00  2.6860001e+00
  2.5650001e+00  6.9300002e-01  0.0000000e+00  0.0000000e+00
  1.5000001e-01  1.7800000e-01  1.5200000e-01  8.2999997e-02
  8.3999999e-02  2.6000001e-02  0.0000000e+00  0.0000000e+00
  1.1100000e-01  1.3100000e-01  1.1200000e-01  6.1000001e-02
  6.1999999e-02  1.8999999e-02  0.0000000e+00  0.0000000e+00
  1.4600000e-01  1.7200001e-01  1.4700000e-01  7.9999998e-02
  8.2000002e-02  2.5000000e-02  0.0000000e+00  0.0000000e+00
  4.0500000e-01  4.7900000e-01  4.0900001e-01  2.2300000e-01
  2.2800000e-01  7.0000000e-02  0.0000000e+00  0.0000000e+00
  5.9999999e-02  7.1000002e-02  5.9999999e-02  3.3000000e-02
  3.4000002e-02  9.9999998e-03  0.0000000e+00  0.0000000e+00
  1.4288000e+01  1.8858999e+01  2.0150999e+01  1.2673000e+01
  1.1375000e+01  2.3130000e+00  0.0000000e+00  0.0000000e+00
 -3.1400001e-01 -1.6200000e-01 -2.2000000e-02 -2.0000000e-01
  4.2199999e-01 -1.0000000e+00  0.0000000e+00  0.0000000e+00
 -3.1400001e-01 -1.6200000e-01 -2.2000000e-02 -2.0000000e-01
  4.2199999e-01 -1.0000000e+00  0.0000000e+00  0.0000000e+00
 -3.1400001e-01 -1.6200000e-01 -2.2000000e-02 -2.0000000e-01
  4.2199999e-01 -1.0000000e+00  0.0000000e+00  0.0000000e+00
 -3.1400001e-01 -1.6200000e-01 -2.2000000e-02 -2.0000000e-01
  4.2199999e-01 -1.0000000e+00  0.0000000e+00  0.0000000e+00
 -3.1400001e-01 -1.6200000e-01 -2.2000000e-02 -2.0000000e-01
  4.2199999e-01 -1.0000000e+00  0.0000000e+00  0.0000000e+00
 -1.7299999e-01  5.4699999e-01 -7.0499998e-01 -3.2800001e-01
 -5.4200000e-01  5.5800003e-01  0.0000000e+00  0.0000000e+00
  1.0670000e+00  1.0670000e+00  9.3300003e-01  9.3300003e-01
  6.2199998e-01  1.8670000e+00  0.0000000e+00  0.0000000e+00
  1.0670000e+00  1.0670000e+00  9.3300003e-01  9.3300003e-01
  6.2199998e-01  1.8670000e+00  0.0000000e+00  0.0000000e+00
  1.0670000e+00  1.0670000e+00  9.3300003e-01  9.3300003e-01
  6.2199998e-01  1.8670000e+00  0.0000000e+00  0.0000000e+00
  1.0670000e+00  1.0670000e+00  9.3300003e-01  9.3300003e-01
  6.2199998e-01  1.8670000e+00  0.0000000e+00  0.0000000e+00
  1.0670000e+00  1.0670000e+00  9.3300003e-01  9.3300003e-01
  6.2199998e-01  1.8670000e+00  0.0000000e+00  0.0000000e+00
  7.9100001e-01  4.3099999e-01  1.6510000e+00  1.1980000e+00
  1.5820000e+00  0.0000000e+00  0.0000000e+00  0.0000000e+00]","[5 0 2 1 0 0 0 0 0 0 0 0 0 0 0 0 0 0 0 0 0 0 0 0 0 0 0 0 0 0 0 0 0 0 0 0 0
 1 1 0 0 0 0 0 1 0 0 0 0 0 0 0 0 0 0 0 0 0 1 0 0 0 0 0 0 0 0 0 0 0 0 0 0 0
 0 0 0 0 0 0 0 0 0 0 0 0 0 0 0 1 0 0 0 0 0 0 0 0 0 0 1 0 0 0 0 0 0 0 0 0 0
 0 0 0 1 0 0 0 0 0 0 0 1 0 0 0 0 0 0 0 0 0 0 0 0 0 0 0 0 0 0 0 0 0 0 0 0 0
 0 0 0 0 0 0 0 0 0 0 0 0 0 0 0 0 0 0 0 0 0 0 0 0 0 0 0 0 0 0 0 0 0 0 0 0 1
 0 0 0 0 0 0 0 0 0 0 0 0 0 0 0 0 0 0 0 0 0 0 0 0 0 0 0 0 0 0 0 0 0 0 0 0 0
 0 0 0 0 0 0 0 1 1 0 0 0 0 0 0 0 0 0 0 0 0 0 0 0 0 0 1 1 0 0 0 0 0 0]"
17,2-Hydroxypropyl acrylate,Hydrophilic/Hydroxy Acrylates,C=CC(=O)OCC(C)O,"[ 1.5979219e-02 -9.4229146e-04  4.6035936e-03  1.6667120e-03
 -6.4348020e-03 -1.1260260e-02  0.0000000e+00  0.0000000e+00
 -3.8677387e-02  3.9268341e-03  3.7371613e-02 -3.4150176e-02
  1.8080011e-02  1.9537374e-02  0.0000000e+00  0.0000000e+00
  5.0000000e-01  4.4444445e-01  2.8571430e-01  0.0000000e+00
  0.0000000e+00  0.0000000e+00  0.0000000e+00  0.0000000e+00
  2.3350000e+00  2.5209999e+00  2.3130000e+00  1.8970000e+00
  2.0070000e+00  1.2040000e+00  0.0000000e+00  0.0000000e+00
  2.0620000e+00  2.0899999e+00  1.8520000e+00  1.6920000e+00
  1.5970000e+00  9.9900001e-01  0.0000000e+00  0.0000000e+00
  2.3329999e+00  2.5179999e+00  2.3099999e+00  1.8950000e+00
  2.0039999e+00  1.2020000e+00  0.0000000e+00  0.0000000e+00
  1.9200000e+00  1.8690000e+00  1.6140000e+00  1.5910000e+00
  1.4150000e+00  8.9800000e-01  0.0000000e+00  0.0000000e+00
  2.2860000e+00  2.4430001e+00  2.2300000e+00  1.8590000e+00
  1.9290000e+00  1.1660000e+00  0.0000000e+00  0.0000000e+00
  3.6550000e+00  4.3920002e+00  3.4909999e+00  3.3080001e+00
  3.2190001e+00  1.0990000e+00  0.0000000e+00  0.0000000e+00
  1.4700000e-01  2.0800000e-01  1.7200001e-01  8.6000003e-02
  1.2300000e-01  3.7000000e-02  0.0000000e+00  0.0000000e+00
  1.0800000e-01  1.5400000e-01  1.2700000e-01  6.3000001e-02
  9.0000004e-02  2.7000001e-02  0.0000000e+00  0.0000000e+00
  1.4300001e-01  2.0200001e-01  1.6700000e-01  8.2999997e-02
  1.1900000e-01  3.5999998e-02  0.0000000e+00  0.0000000e+00
  3.9700001e-01  5.6199998e-01  4.6300000e-01  2.3100001e-01
  3.3100000e-01  9.8999999e-02  0.0000000e+00  0.0000000e+00
  5.7999998e-02  8.2999997e-02  6.8000004e-02  3.4000002e-02
  4.8999999e-02  1.5000000e-02  0.0000000e+00  0.0000000e+00
  1.1458000e+01  2.2502001e+01  2.0444000e+01  7.2820001e+00
  1.8450001e+01  4.2810001e+00  0.0000000e+00  0.0000000e+00
 -2.5000000e-01 -1.6700000e-01 -1.4300001e-01 -1.0000000e-01
  2.0000000e-01 -2.5000000e-01  0.0000000e+00  0.0000000e+00
 -2.5000000e-01 -1.6700000e-01 -1.4300001e-01 -1.0000000e-01
  2.0000000e-01 -2.5000000e-01  0.0000000e+00  0.0000000e+00
 -2.5000000e-01 -1.6700000e-01 -1.4300001e-01 -1.0000000e-01
  2.0000000e-01 -2.5000000e-01  0.0000000e+00  0.0000000e+00
 -2.5000000e-01 -1.6700000e-01 -1.4300001e-01 -1.0000000e-01
  2.0000000e-01 -2.5000000e-01  0.0000000e+00  0.0000000e+00
 -2.5000000e-01 -1.6700000e-01 -1.4300001e-01 -1.0000000e-01
  2.0000000e-01 -2.5000000e-01  0.0000000e+00  0.0000000e+00
 -2.4900000e-01  6.4399999e-01 -7.5800002e-01  8.9000002e-02
 -9.2000002e-01  5.7599998e-01  0.0000000e+00  0.0000000e+00
  1.0000000e+00  1.1109999e+00  1.1430000e+00  8.0000001e-01
  8.0000001e-01  1.0000000e+00  0.0000000e+00  0.0000000e+00
  1.0000000e+00  1.1109999e+00  1.1430000e+00  8.0000001e-01
  8.0000001e-01  1.0000000e+00  0.0000000e+00  0.0000000e+00
  1.0000000e+00  1.1109999e+00  1.1430000e+00  8.0000001e-01
  8.0000001e-01  1.0000000e+00  0.0000000e+00  0.0000000e+00
  1.0000000e+00  1.1109999e+00  1.1430000e+00  8.0000001e-01
  8.0000001e-01  1.0000000e+00  0.0000000e+00  0.0000000e+00
  1.0000000e+00  1.1109999e+00  1.1430000e+00  8.0000001e-01
  8.0000001e-01  1.0000000e+00  0.0000000e+00  0.0000000e+00
  8.2999998e-01  3.2800001e-01  1.7070000e+00  7.1499997e-01
  2.1780000e+00  0.0000000e+00  0.0000000e+00  0.0000000e+00]","[7 0 2 1 0 0 0 0 0 0 0 0 0 0 0 0 0 0 0 0 0 0 0 0 0 0 0 0 0 0 0 0 0 0 0 0 0
 0 1 0 0 0 0 0 1 0 0 0 0 0 0 0 0 0 0 0 0 0 1 0 0 1 0 0 0 0 0 0 0 0 0 0 0 0
 0 0 0 0 0 0 0 0 0 0 0 0 0 0 0 1 0 0 0 0 0 0 0 0 0 0 0 0 0 0 0 0 0 0 0 0 0
 0 0 0 1 0 0 0 0 0 0 0 1 0 0 0 0 0 0 0 0 0 0 0 0 0 0 0 0 0 0 0 0 0 0 0 0 0
 0 0 0 1 0 0 0 0 0 0 1 0 0 0 0 0 0 0 0 0 0 0 0 0 0 0 0 0 0 0 0 0 0 0 0 0 1
 0 0 0 0 0 0 0 0 0 0 0 0 0 0 0 0 0 0 0 0 0 0 0 0 0 0 0 0 0 0 0 0 0 0 0 0 0
 0 0 0 0 0 0 0 1 0 0 0 0 0 0 0 0 0 0 0 0 0 0 0 0 0 0 1 1 0 0 0 0 0 0]"
18,2-Hydroxybutyl acrylate,Hydrophilic/Hydroxy Acrylates,C=CC(=O)OCC(O)CC,"[ 1.6510952e-02 -3.8035535e-03 -4.3097027e-03 -2.5381334e-04
 -1.2046172e-02 -5.5400678e-03  2.2349909e-02  0.0000000e+00
 -3.4201093e-02  2.6178858e-03  3.0572521e-02 -2.3234220e-02
  1.1216815e-02  1.3178139e-02  5.7667024e-03  0.0000000e+00
  4.4444445e-01  4.0000001e-01  2.2222222e-01  0.0000000e+00
  0.0000000e+00  0.0000000e+00  0.0000000e+00  0.0000000e+00
  2.4270000e+00  2.5980000e+00  2.5209999e+00  2.0790000e+00
  2.1329999e+00  1.7340000e+00  6.9300002e-01  0.0000000e+00
  2.1810000e+00  2.2070000e+00  2.0899999e+00  1.8160000e+00
  1.7819999e+00  1.4880000e+00  6.9300002e-01  0.0000000e+00
  2.4260001e+00  2.5950000e+00  2.5179999e+00  2.0769999e+00
  2.1300001e+00  1.7320000e+00  6.9300002e-01  0.0000000e+00
  2.0560000e+00  2.0120001e+00  1.8690000e+00  1.6799999e+00
  1.6320000e+00  1.3630000e+00  6.9300002e-01  0.0000000e+00
  2.3829999e+00  2.5270000e+00  2.4430001e+00  2.0320001e+00
  2.0650001e+00  1.6900001e+00  6.9300002e-01  0.0000000e+00
  3.6810000e+00  4.4169998e+00  3.5510001e+00  3.4289999e+00
  3.2830000e+00  2.6389999e+00  6.9300002e-01  0.0000000e+00
  1.4200000e-01  2.0999999e-01  2.0000000e-01  9.8999999e-02
  1.3000000e-01  6.6000000e-02  9.9999998e-03  0.0000000e+00
  1.0500000e-01  1.5500000e-01  1.4700000e-01  7.2999999e-02
  9.6000001e-02  4.8999999e-02  7.0000002e-03  0.0000000e+00
  1.3800000e-01  2.0400000e-01  1.9400001e-01  9.6000001e-02
  1.2600000e-01  6.4000003e-02  9.9999998e-03  0.0000000e+00
  3.8400000e-01  5.6500000e-01  5.3899997e-01  2.6800001e-01
  3.5100001e-01  1.7900001e-01  2.7000001e-02  0.0000000e+00
  5.7000000e-02  8.2999997e-02  7.9000004e-02  3.9000001e-02
  5.2000001e-02  2.6000001e-02  4.0000002e-03  0.0000000e+00
  1.1664000e+01  2.3121000e+01  2.2896999e+01  7.0190001e+00
  1.8038000e+01  1.1850000e+01  1.7340000e+00  0.0000000e+00
 -2.0600000e-01 -9.4999999e-02 -1.5300000e-01 -2.8600001e-01
  2.7000001e-01 -2.8600001e-01  4.2899999e-01  0.0000000e+00
 -2.0600000e-01 -9.4999999e-02 -1.5300000e-01 -2.8600001e-01
  2.7000001e-01 -2.8600001e-01  4.2899999e-01  0.0000000e+00
 -2.0600000e-01 -9.4999999e-02 -1.5300000e-01 -2.8600001e-01
  2.7000001e-01 -2.8600001e-01  4.2899999e-01  0.0000000e+00
 -2.0600000e-01 -9.4999999e-02 -1.5300000e-01 -2.8600001e-01
  2.7000001e-01 -2.8600001e-01  4.2899999e-01  0.0000000e+00
 -2.0600000e-01 -9.4999999e-02 -1.5300000e-01 -2.8600001e-01
  2.7000001e-01 -2.8600001e-01  4.2899999e-01  0.0000000e+00
 -1.7900001e-01  6.3300002e-01 -4.8899999e-01 -6.0000001e-03
 -7.3000002e-01 -3.4799999e-01  4.9000001e-01  0.0000000e+00
  9.5200002e-01  1.0710000e+00  1.1900001e+00  1.0710000e+00
  7.1399999e-01  1.0710000e+00  0.0000000e+00  0.0000000e+00
  9.5200002e-01  1.0710000e+00  1.1900001e+00  1.0710000e+00
  7.1399999e-01  1.0710000e+00  0.0000000e+00  0.0000000e+00
  9.5200002e-01  1.0710000e+00  1.1900001e+00  1.0710000e+00
  7.1399999e-01  1.0710000e+00  0.0000000e+00  0.0000000e+00
  9.5200002e-01  1.0710000e+00  1.1900001e+00  1.0710000e+00
  7.1399999e-01  1.0710000e+00  0.0000000e+00  0.0000000e+00
  9.5200002e-01  1.0710000e+00  1.1900001e+00  1.0710000e+00
  7.1399999e-01  1.0710000e+00  0.0000000e+00  0.0000000e+00
  7.8500003e-01  3.2600001e-01  1.4119999e+00  7.6700002e-01
  1.9400001e+00  1.4320000e+00  0.0000000e+00  0.0000000e+00]","[8 0 2 1 0 0 0 0 0 0 0 0 0 0 0 0 0 0 0 0 0 0 0 0 1 0 0 0 0 0 0 0 0 0 0 0 0
 0 1 0 0 0 0 0 1 0 0 0 0 0 0 0 0 0 0 0 0 0 1 0 0 1 0 0 0 0 0 0 0 0 0 0 0 0
 0 0 0 0 0 0 0 0 0 0 0 0 0 0 0 1 0 0 0 0 0 0 0 0 0 0 0 0 0 0 0 0 1 0 0 0 0
 0 0 0 1 0 0 0 0 0 0 0 1 0 0 0 0 0 0 0 0 0 0 0 0 0 0 0 0 0 0 0 0 0 0 0 0 0
 0 0 0 1 0 0 0 0 0 0 0 0 0 0 0 0 0 0 0 0 0 0 0 0 0 0 0 0 0 0 0 0 0 0 0 0 1
 0 0 0 0 0 0 0 0 0 0 0 0 0 0 0 0 0 0 0 0 0 0 0 0 0 0 0 0 0 0 0 0 0 0 0 0 0
 0 0 0 0 0 0 0 1 0 0 0 0 0 0 0 0 0 0 0 1 0 0 0 0 0 0 1 1 0 0 0 0 0 0]"
19,4-Hydroxybutyl acrylate,Hydrophilic/Hydroxy Acrylates,C=CC(=O)OCCCCO,"[ 8.5893385e-03 -1.3395867e-02 -1.0627650e-02  2.4772124e-04
  1.9826466e-02  2.5588337e-02 -1.0762032e-02 -4.4870429e-02
 -3.2423422e-02  1.3089382e-02  7.6709455e-03 -1.1621076e-02
  4.1046992e-02 -3.4545876e-02  2.9186578e-02  3.6404721e-02
  4.4444445e-01  4.4444445e-01  2.5000000e-01  0.0000000e+00
  0.0000000e+00  0.0000000e+00  0.0000000e+00  0.0000000e+00
  2.4270000e+00  2.4930000e+00  2.3670001e+00  2.0790000e+00
  1.9610000e+00  1.7340000e+00  1.6310000e+00  8.4700000e-01
  2.1810000e+00  2.1250000e+00  2.0250001e+00  1.8160000e+00
  1.6540000e+00  1.4880000e+00  1.1710000e+00  5.3899997e-01
  2.4260001e+00  2.4909999e+00  2.3640001e+00  2.0769999e+00
  1.9590000e+00  1.7320000e+00  1.6270000e+00  8.4500003e-01
  2.0560000e+00  1.9490000e+00  1.8360000e+00  1.6799999e+00
  1.5390000e+00  1.3630000e+00  9.7899997e-01  3.7500000e-01
  2.3829999e+00  2.4250000e+00  2.3069999e+00  2.0320001e+00
  1.8980000e+00  1.6900001e+00  1.5420001e+00  7.9299998e-01
  3.6020000e+00  4.3480000e+00  3.3900001e+00  2.9530001e+00
  2.9000001e+00  2.6860001e+00  2.5650001e+00  6.9300002e-01
  1.4200000e-01  1.8700001e-01  1.4600000e-01  9.8999999e-02
  1.0700000e-01  6.6000000e-02  8.6999997e-02  2.3000000e-02
  1.0500000e-01  1.3699999e-01  1.0700000e-01  7.2999999e-02
  7.9000004e-02  4.8999999e-02  6.4000003e-02  1.7000001e-02
  1.3800000e-01  1.8099999e-01  1.4100000e-01  9.6000001e-02
  1.0400000e-01  6.4000003e-02  8.5000001e-02  2.2000000e-02
  3.8400000e-01  5.0300002e-01  3.9300001e-01  2.6800001e-01
  2.8900000e-01  1.7900001e-01  2.3500000e-01  6.1999999e-02
  5.7000000e-02  7.4000001e-02  5.7999998e-02  3.9000001e-02
  4.3000001e-02  2.6000001e-02  3.5000000e-02  8.9999996e-03
  1.3968000e+01  2.4297001e+01  2.0562000e+01  1.3181000e+01
  1.1700000e+01  1.0139000e+01  9.4700003e+00  1.4800000e+00
 -2.0600000e-01  4.9999999e-03 -4.6399999e-01 -2.8600001e-01
  5.2399999e-01 -2.8600001e-01  5.8700001e-01 -1.0000000e+00
 -2.0600000e-01  4.9999999e-03 -4.6399999e-01 -2.8600001e-01
  5.2399999e-01 -2.8600001e-01  5.8700001e-01 -1.0000000e+00
 -2.0600000e-01  4.9999999e-03 -4.6399999e-01 -2.8600001e-01
  5.2399999e-01 -2.8600001e-01  5.8700001e-01 -1.0000000e+00
 -2.0600000e-01  4.9999999e-03 -4.6399999e-01 -2.8600001e-01
  5.2399999e-01 -2.8600001e-01  5.8700001e-01 -1.0000000e+00
 -2.0600000e-01  4.9999999e-03 -4.6399999e-01 -2.8600001e-01
  5.2399999e-01 -2.8600001e-01  5.8700001e-01 -1.0000000e+00
 -6.4000003e-02  6.3800001e-01 -4.5100001e-01 -2.6800001e-01
 -4.0099999e-01 -3.9600000e-01 -5.8800000e-01  4.0099999e-01
  9.5200002e-01  9.5200002e-01  1.3390000e+00  1.0710000e+00
  4.2899999e-01  1.0710000e+00  7.1399999e-01  2.1429999e+00
  9.5200002e-01  9.5200002e-01  1.3390000e+00  1.0710000e+00
  4.2899999e-01  1.0710000e+00  7.1399999e-01  2.1429999e+00
  9.5200002e-01  9.5200002e-01  1.3390000e+00  1.0710000e+00
  4.2899999e-01  1.0710000e+00  7.1399999e-01  2.1429999e+00
  9.5200002e-01  9.5200002e-01  1.3390000e+00  1.0710000e+00
  4.2899999e-01  1.0710000e+00  7.1399999e-01  2.1429999e+00
  9.5200002e-01  9.5200002e-01  1.3390000e+00  1.0710000e+00
  4.2899999e-01  1.0710000e+00  7.1399999e-01  2.1429999e+00
  7.1100003e-01  3.8800001e-01  1.4320000e+00  1.0510000e+00
  1.2610000e+00  1.3860000e+00  1.8300000e+00  0.0000000e+00]","[7 0 2 1 0 0 0 0 0 0 0 0 0 0 0 0 0 0 0 0 0 0 0 0 2 0 0 0 0 0 0 0 0 2 0 0 0
 1 2 0 0 0 0 0 1 0 0 0 0 0 0 0 0 0 0 0 0 0 1 0 0 0 0 0 0 0 0 0 0 0 0 0 0 0
 0 0 0 0 0 0 0 0 0 0 0 0 0 0 0 1 0 0 0 0 0 0 0 0 0 0 0 0 0 0 0 0 0 0 0 0 0
 0 0 0 1 0 0 0 0 0 0 0 1 0 0 0 0 0 0 0 0 0 0 0 0 0 0 0 0 0 0 0 0 0 0 0 0 0
 0 0 0 0 0 0 0 0 0 0 0 0 0 0 0 0 0 0 0 0 0 0 0 0 0 0 0 0 0 0 0 0 0 0 0 0 1
 0 0 0 0 0 0 0 0 0 0 0 0 0 0 0 0 0 0 0 0 0 0 0 0 0 0 0 0 0 0 0 0 0 0 0 0 0
 0 0 0 0 0 0 0 1 0 0 0 0 1 0 0 0 0 0 0 0 0 0 0 0 0 0 1 1 0 0 0 0 0 0]"
20,Poly(ethylene glycol) methyl ether acrylate,Hydrophilic/Hydroxy Acrylates,C=CC(=O)OCCOCCOCCOCCOCCOCCOCCOCCOCCOCCOCCOCCOCCOCCOCCOCCOCCOCCOCCOCCOCCOCCOCCOC,"[ 2.2284992e-02  2.1383844e-02  2.7301457e-02  2.1470513e-02
  2.2120329e-02  2.7959010e-02  2.1399345e-02  2.2077195e-02
 -1.8526342e-02 -1.3801476e-02  4.9089886e-02 -1.7288884e-02
 -1.3943142e-02  4.9401235e-02 -1.7254993e-02 -1.3833930e-02
  5.4054055e-02  5.4054055e-02  2.7397260e-02  0.0000000e+00
  0.0000000e+00  0.0000000e+00  0.0000000e+00  0.0000000e+00
  4.5139999e+00  4.5190001e+00  4.5310001e+00  4.4730000e+00
  4.4629998e+00  4.4740000e+00  4.4299998e+00  4.4200001e+00
  4.1110001e+00  4.1079998e+00  4.1250000e+00  4.0710001e+00
  4.0549998e+00  4.0720000e+00  4.0279999e+00  4.0120001e+00
  4.5110002e+00  4.5159998e+00  4.5270000e+00  4.4699998e+00
  4.4600000e+00  4.4710002e+00  4.4280000e+00  4.4169998e+00
  3.8770001e+00  3.8720000e+00  3.9909999e+00  3.8360000e+00
  3.8210001e+00  3.9410000e+00  3.7939999e+00  3.7780001e+00
  4.4460001e+00  4.4489999e+00  4.4460001e+00  4.4050002e+00
  4.3930001e+00  4.3889999e+00  4.3620000e+00  4.3499999e+00
  5.3779998e+00  5.5409999e+00  5.8610001e+00  5.2900000e+00
  5.3850002e+00  5.7979999e+00  5.2490001e+00  5.3480000e+00
  1.5080000e+00  1.5330000e+00  1.7780000e+00  1.4470000e+00
  1.4470000e+00  1.6799999e+00  1.3860000e+00  1.3860000e+00
  1.1120000e+00  1.1300000e+00  1.3099999e+00  1.0660000e+00
  1.0660000e+00  1.2380000e+00  1.0210000e+00  1.0210000e+00
  1.4640000e+00  1.4880000e+00  1.7260000e+00  1.4050000e+00
  1.4050000e+00  1.6310000e+00  1.3450000e+00  1.3450000e+00
  4.0669999e+00  4.1329999e+00  4.7940001e+00  3.9010000e+00
  3.9010000e+00  4.5300002e+00  3.7360001e+00  3.7360001e+00
  5.9899998e-01  6.0900003e-01  7.0599997e-01  5.7499999e-01
  5.7499999e-01  6.6700000e-01  5.5100000e-01  5.5100000e-01
  9.2642998e+01  1.0918800e+02  1.0864800e+02  9.2564003e+01
  9.5523003e+01  9.9744003e+01  8.8781998e+01  9.1740997e+01
 -4.9300000e-01 -4.5300001e-01  9.1100001e-01 -4.9300000e-01
 -4.4299999e-01  9.3500000e-01 -4.9300000e-01 -4.4000000e-01
 -4.9300000e-01 -4.5300001e-01  9.1100001e-01 -4.9300000e-01
 -4.4299999e-01  9.3500000e-01 -4.9300000e-01 -4.4000000e-01
 -4.9300000e-01 -4.5300001e-01  9.1100001e-01 -4.9300000e-01
 -4.4299999e-01  9.3500000e-01 -4.9300000e-01 -4.4000000e-01
 -4.9300000e-01 -4.5300001e-01  9.1100001e-01 -4.9300000e-01
 -4.4299999e-01  9.3500000e-01 -4.9300000e-01 -4.4000000e-01
 -4.9300000e-01 -4.5300001e-01  9.1100001e-01 -4.9300000e-01
 -4.4299999e-01  9.3500000e-01 -4.9300000e-01 -4.4000000e-01
 -4.1100001e-01 -1.9400001e-01  6.5300000e-01 -4.2699999e-01
 -2.7000001e-01  6.9499999e-01 -4.2899999e-01 -2.6400000e-01
  1.4700000e+00  1.4400001e+00  9.0999998e-02  1.4700000e+00
  1.4270000e+00  6.4000003e-02  1.4690000e+00  1.4250000e+00
  1.4700000e+00  1.4400001e+00  9.0999998e-02  1.4700000e+00
  1.4270000e+00  6.4000003e-02  1.4690000e+00  1.4250000e+00
  1.4700000e+00  1.4400001e+00  9.0999998e-02  1.4700000e+00
  1.4270000e+00  6.4000003e-02  1.4690000e+00  1.4250000e+00
  1.4700000e+00  1.4400001e+00  9.0999998e-02  1.4700000e+00
  1.4270000e+00  6.4000003e-02  1.4690000e+00  1.4250000e+00
  1.4700000e+00  1.4400001e+00  9.0999998e-02  1.4700000e+00
  1.4270000e+00  6.4000003e-02  1.4690000e+00  1.4250000e+00
  1.3000000e+00  1.1849999e+00  3.4000000e-01  1.3140000e+00
  1.1640000e+00  2.1200000e-01  1.3200001e+00  1.1640000e+00]","[50  0 25  0  0  0  0  0  0  0  0  0  0  0  0  0  0  0  0  0  0  0  0  0
  0  0  0  0  0  0  0  0  0  0  0  0  0  0 46  0  0  0  0  0  1  0  0  0
  0  0  0  0  0  0  0  0  0  0 24  0  0  0  0  0  0  0  0  0  0  0  0  0
  0  0  0  0  0  0  0  0  0  0  0  0  0  0  0  0  0  1  0  0  0  0  0  0
  0  0  0  0  0  0  0  0  0  0  0  0  0 22  1  0  0  0  1  0  0  0  0  0
  0  0  1  0  0  0  0  0  0  0  0  0  0  0  0  0  0  0  0  0  0  0  0  0
  0  0  0  0  0  0  0  0  0  0  0  0  0  0  0  0  0  0  0  0  0  0  0 46
  0  0  0  0  0  0  0  0  0  0  0  0  0  0  0  0  1  0  0  0  0  0  0  0
  0  0  0  1  0  0  0  0  0  0  0  0  0  0  0  0  0  0  0  0  0  0  0  0
  0  0  0  0  0  0  0  0  0  0  0  0  0  1  0  0  0  0  0  0  0  0  0  0
  0  0  0  0  0  0  0  0  1  0  0  0  0  0  0  0]"
21,Poly(ethylene glycol) acrylate,Hydrophilic/Hydroxy Acrylates,C=CC(=O)OCCOCCOCCOCCOCCOCCOCCOCCOCCOCCOCCOCCOCCOCCOCCOCCOCCOCCOCCOCCOCCOCCOCCO,"[ 2.3015387e-02  2.1725280e-02  2.7315328e-02  2.2220576e-02
  2.2492232e-02  2.7983367e-02  2.2181930e-02  2.2465350e-02
 -1.8590057e-02 -1.4018472e-02  4.9794991e-02 -1.7357878e-02
 -1.4176501e-02  5.0152332e-02 -1.7326573e-02 -1.4076241e-02
  5.4794520e-02  5.4794520e-02  2.7777778e-02  0.0000000e+00
  0.0000000e+00  0.0000000e+00  0.0000000e+00  0.0000000e+00
  4.4990001e+00  4.5079999e+00  4.5200000e+00  4.4580002e+00
  4.4510002e+00  4.4629998e+00  4.4140000e+00  4.4070001e+00
  4.0999999e+00  4.0910001e+00  4.1090002e+00  4.0580001e+00
  4.0370002e+00  4.0549998e+00  4.0159998e+00  3.9940000e+00
  4.4970002e+00  4.5050001e+00  4.5159998e+00  4.4549999e+00
  4.4480000e+00  4.4590001e+00  4.4120002e+00  4.4050002e+00
  3.8670001e+00  3.8510001e+00  3.9719999e+00  3.8269999e+00
  3.7990000e+00  3.9210000e+00  3.7839999e+00  3.7550001e+00
  4.4310002e+00  4.4369998e+00  4.4340000e+00  4.3899999e+00
  4.3810000e+00  4.3769999e+00  4.3470001e+00  4.3369999e+00
  5.3499999e+00  5.5270000e+00  5.8319998e+00  5.2589998e+00
  5.3690000e+00  5.7680001e+00  5.2170000e+00  5.3309999e+00
  1.5000000e+00  1.5360000e+00  1.7660000e+00  1.4380000e+00
  1.4490000e+00  1.6680000e+00  1.3760000e+00  1.3870000e+00
  1.1050000e+00  1.1320000e+00  1.3020000e+00  1.0599999e+00
  1.0680000e+00  1.2290000e+00  1.0140001e+00  1.0220000e+00
  1.4560000e+00  1.4910001e+00  1.7150000e+00  1.3960000e+00
  1.4069999e+00  1.6190000e+00  1.3360000e+00  1.3460000e+00
  4.0440001e+00  4.1409998e+00  4.7630000e+00  3.8770001e+00
  3.9070001e+00  4.4980001e+00  3.7100000e+00  3.7400000e+00
  5.9600002e-01  6.1000001e-01  7.0200002e-01  5.7099998e-01
  5.7599998e-01  6.6299999e-01  5.4699999e-01  5.5100000e-01
  8.8822998e+01  1.0651900e+02  1.0628400e+02  8.8824997e+01
  9.2755997e+01  9.7477997e+01  8.5111000e+01  8.9041000e+01
 -4.8300001e-01 -4.6300000e-01  9.1000003e-01 -4.8199999e-01
 -4.5400000e-01  9.3500000e-01 -4.8199999e-01 -4.5199999e-01
 -4.8300001e-01 -4.6300000e-01  9.1000003e-01 -4.8199999e-01
 -4.5400000e-01  9.3500000e-01 -4.8199999e-01 -4.5199999e-01
 -4.8300001e-01 -4.6300000e-01  9.1000003e-01 -4.8199999e-01
 -4.5400000e-01  9.3500000e-01 -4.8199999e-01 -4.5199999e-01
 -4.8300001e-01 -4.6300000e-01  9.1000003e-01 -4.8199999e-01
 -4.5400000e-01  9.3500000e-01 -4.8199999e-01 -4.5199999e-01
 -4.8300001e-01 -4.6300000e-01  9.1000003e-01 -4.8199999e-01
 -4.5400000e-01  9.3500000e-01 -4.8199999e-01 -4.5199999e-01
 -3.8999999e-01 -1.8600000e-01  6.2699997e-01 -4.0599999e-01
 -2.6400000e-01  6.6799998e-01 -4.0700001e-01 -2.5799999e-01
  1.4500000e+00  1.4500000e+00  9.2000000e-02  1.4490000e+00
  1.4380000e+00  6.4999998e-02  1.4480000e+00  1.4370000e+00
  1.4500000e+00  1.4500000e+00  9.2000000e-02  1.4490000e+00
  1.4380000e+00  6.4999998e-02  1.4480000e+00  1.4370000e+00
  1.4500000e+00  1.4500000e+00  9.2000000e-02  1.4490000e+00
  1.4380000e+00  6.4999998e-02  1.4480000e+00  1.4370000e+00
  1.4500000e+00  1.4500000e+00  9.2000000e-02  1.4490000e+00
  1.4380000e+00  6.4999998e-02  1.4480000e+00  1.4370000e+00
  1.4500000e+00  1.4500000e+00  9.2000000e-02  1.4490000e+00
  1.4380000e+00  6.4999998e-02  1.4480000e+00  1.4370000e+00
  1.2770000e+00  1.1840000e+00  3.7099999e-01  1.2890000e+00
  1.1619999e+00  2.4300000e-01  1.2940000e+00  1.1610000e+00]","[49  0 24  1  0  0  0  0  0  0  0  0  0  0  0  0  0  0  0  0  0  0  0  0
  0  0  0  0  0  0  0  0  0  0  0  0  0  1 45  0  0  0  0  0  1  0  0  0
  0  0  0  0  0  0  0  0  0  0 23  0  0  0  0  0  0  0  0  0  0  0  0  0
  0  0  0  0  0  0  0  0  0  0  0  0  0  0  0  0  0  1  0  0  0  0  0  0
  0  0  0  0  1  0  0  0  0  0  0  0  0 22  0  0  0  0  1  0  0  0  0  0
  0  0  1  0  0  0  0  0  0  0  0  0  0  0  0  0  0  0  0  0  0  0  0  0
  0  0  0  0  0  0  0  0  0  0  0  0  0  0  0  0  0  0  0  0  0  0  0 44
  0  0  0  0  0  0  0  0  0  0  0  0  0  0  0  0  1  0  0  0  0  0  0  0
  0  0  0  0  0  0  0  0  0  0  0  0  0  0  0  0  0  0  0  0  0  0  0  0
  0  0  0  0  0  0  0  0  0  0  0  0  0  1  1  0  0  0  0  0  0  0  0  0
  0  0  0  0  0  0  0  0  1  1  0  0  0  0  0  0]"
22,Glycerol monomethacrylate,Hydrophilic/Hydroxy Acrylates,C=C(C)C(=O)OCC(O)CO,"[ 2.8034899e-02  1.7033247e-02  1.5156540e-02  1.3647771e-02
  2.5591834e-03 -2.4694836e-02 -4.3279279e-02  0.0000000e+00
 -3.3446956e-02 -5.3312965e-03  3.1514976e-02  5.2993917e-03
 -1.0761635e-02  2.0814985e-02  2.4014406e-02  0.0000000e+00
  4.0000001e-01  3.3333334e-01  1.8181819e-01  0.0000000e+00
  0.0000000e+00  0.0000000e+00  0.0000000e+00  0.0000000e+00
  2.5390000e+00  2.7579999e+00  2.7650001e+00  2.2449999e+00
  2.2790000e+00  2.1710000e+00  1.2990000e+00  0.0000000e+00
  2.2590001e+00  2.3800001e+00  2.2000000e+00  1.9370000e+00
  1.8950000e+00  1.7330000e+00  8.8800001e-01  0.0000000e+00
  2.5369999e+00  2.7550001e+00  2.7609999e+00  2.2420001e+00
  2.2770000e+00  2.1680000e+00  1.2960000e+00  0.0000000e+00
  2.1129999e+00  2.1900001e+00  1.8860000e+00  1.8110000e+00
  1.7170000e+00  1.5200000e+00  6.4700001e-01  0.0000000e+00
  2.4890001e+00  2.6889999e+00  2.6670001e+00  2.1840000e+00
  2.2070000e+00  2.0910001e+00  1.2290000e+00  0.0000000e+00
  3.5590000e+00  4.1110001e+00  3.7609999e+00  3.3020000e+00
  3.1780000e+00  2.6150000e+00  1.0990000e+00  0.0000000e+00
  2.0100001e-01  2.7100000e-01  2.9699999e-01  1.5400000e-01
  1.6500001e-01  1.5000001e-01  5.0999999e-02  0.0000000e+00
  1.4800000e-01  2.0000000e-01  2.1900000e-01  1.1400000e-01
  1.2200000e-01  1.1100000e-01  3.7999999e-02  0.0000000e+00
  1.9499999e-01  2.6300001e-01  2.8900000e-01  1.5000001e-01
  1.6000000e-01  1.4600000e-01  5.0000001e-02  0.0000000e+00
  5.4100001e-01  7.3000002e-01  8.0199999e-01  4.1600001e-01
  4.4499999e-01  4.0599999e-01  1.3800000e-01  0.0000000e+00
  7.9999998e-02  1.0800000e-01  1.1800000e-01  6.1000001e-02
  6.6000000e-02  5.9999999e-02  2.0000000e-02  0.0000000e+00
  5.3099999e+00  1.4532000e+01  2.3045000e+01  4.1389999e+00
  1.0848000e+01  9.1330004e+00  1.9400001e+00  0.0000000e+00
 -2.1400000e-01 -1.1600000e-01 -2.1400000e-01  2.9100001e-01
  6.6000000e-02 -1.7999999e-02 -1.0000000e+00  0.0000000e+00
 -2.1400000e-01 -1.1600000e-01 -2.1400000e-01  2.9100001e-01
  6.6000000e-02 -1.7999999e-02 -1.0000000e+00  0.0000000e+00
 -2.1400000e-01 -1.1600000e-01 -2.1400000e-01  2.9100001e-01
  6.6000000e-02 -1.7999999e-02 -1.0000000e+00  0.0000000e+00
 -2.1400000e-01 -1.1600000e-01 -2.1400000e-01  2.9100001e-01
  6.6000000e-02 -1.7999999e-02 -1.0000000e+00  0.0000000e+00
 -2.1400000e-01 -1.1600000e-01 -2.1400000e-01  2.9100001e-01
  6.6000000e-02 -1.7999999e-02 -1.0000000e+00  0.0000000e+00
 -6.3000001e-02  2.8299999e-01 -5.5400002e-01  5.4000001e-02
 -4.2100000e-01 -4.1000001e-02  3.1900001e-01  0.0000000e+00
  9.8199999e-01  9.8199999e-01  1.2500000e+00  5.6099999e-01
  8.4200001e-01  9.8199999e-01  1.9640000e+00  0.0000000e+00
  9.8199999e-01  9.8199999e-01  1.2500000e+00  5.6099999e-01
  8.4200001e-01  9.8199999e-01  1.9640000e+00  0.0000000e+00
  9.8199999e-01  9.8199999e-01  1.2500000e+00  5.6099999e-01
  8.4200001e-01  9.8199999e-01  1.9640000e+00  0.0000000e+00
  9.8199999e-01  9.8199999e-01  1.2500000e+00  5.6099999e-01
  8.4200001e-01  9.8199999e-01  1.9640000e+00  0.0000000e+00
  9.8199999e-01  9.8199999e-01  1.2500000e+00  5.6099999e-01
  8.4200001e-01  9.8199999e-01  1.9640000e+00  0.0000000e+00
  6.2699997e-01  6.0500002e-01  1.8140000e+00  6.8800002e-01
  1.6080000e+00  9.0700001e-01  0.0000000e+00  0.0000000e+00]","[8 0 2 2 0 0 0 0 0 0 0 0 0 0 0 0 0 0 0 0 0 0 0 0 0 0 0 0 0 0 0 0 0 0 0 0 0
 1 1 0 0 0 0 0 1 0 0 0 0 1 0 0 0 0 0 0 0 0 1 0 0 1 0 0 0 0 0 0 0 0 0 0 0 0
 0 0 0 0 0 0 0 0 0 0 0 0 0 0 0 0 0 0 0 0 0 0 0 0 0 0 0 0 0 0 0 0 0 0 0 0 0
 0 0 0 2 0 0 0 0 0 0 0 1 0 0 0 0 0 0 0 0 0 0 0 0 0 0 0 0 0 0 0 0 0 0 0 0 0
 0 0 0 1 0 0 0 0 0 0 0 0 0 1 0 0 0 0 0 0 0 0 0 0 0 0 0 0 0 0 0 0 0 0 0 0 0
 0 0 0 0 0 0 0 0 0 0 1 0 0 0 0 0 0 0 0 0 0 0 0 0 0 0 0 0 0 0 0 0 0 0 0 0 0
 0 0 0 0 0 0 0 0 0 1 0 0 0 0 0 0 0 0 0 0 0 0 0 0 0 0 1 2 0 0 0 0 0 0]"
23,"2,3-Dihydroxypropyl acrylate",Hydrophilic/Hydroxy Acrylates,C=CC(=O)OCC(O)CO,"[ 2.8666563e-02  2.2215208e-02  2.2063114e-02  2.0809792e-02
  7.9115313e-03 -1.9289132e-02 -4.4870429e-02  0.0000000e+00
 -3.7156604e-02 -4.9141771e-03  3.5976622e-02  6.7471266e-03
 -1.1216427e-02  2.9944213e-02  3.6145024e-02  0.0000000e+00
  4.4444445e-01  4.0000001e-01  2.2222222e-01  0.0000000e+00
  0.0000000e+00  0.0000000e+00  0.0000000e+00  0.0000000e+00
  2.4560001e+00  2.6220000e+00  2.5810001e+00  2.1329999e+00
  2.1710000e+00  1.8620000e+00  8.4700000e-01  0.0000000e+00
  2.1489999e+00  2.1750000e+00  2.0280001e+00  1.7819999e+00
  1.7330000e+00  1.3710001e+00  5.3899997e-01  0.0000000e+00
  2.4540000e+00  2.6190000e+00  2.5769999e+00  2.1300001e+00
  2.1680000e+00  1.8590000e+00  8.4500003e-01  0.0000000e+00
  1.9840000e+00  1.9360000e+00  1.7380000e+00  1.6320000e+00
  1.5200000e+00  1.1360000e+00  3.7500000e-01  0.0000000e+00
  2.4020000e+00  2.5430000e+00  2.4830000e+00  2.0650001e+00
  2.0910001e+00  1.7720000e+00  7.9299998e-01  0.0000000e+00
  3.6810000e+00  4.4169998e+00  3.5510001e+00  3.4289999e+00
  3.2830000e+00  2.6389999e+00  6.9300002e-01  0.0000000e+00
  2.0299999e-01  2.5200000e-01  2.4699999e-01  1.4600000e-01
  1.5400000e-01  1.1000000e-01  2.6000001e-02  0.0000000e+00
  1.5000001e-01  1.8500000e-01  1.8200000e-01  1.0700000e-01
  1.1400000e-01  8.1000000e-02  2.0000000e-02  0.0000000e+00
  1.9700000e-01  2.4400000e-01  2.3999999e-01  1.4100000e-01
  1.5000001e-01  1.0700000e-01  2.6000001e-02  0.0000000e+00
  5.4799998e-01  6.7799997e-01  6.6700000e-01  3.9300001e-01
  4.1700000e-01  2.9800001e-01  7.1000002e-02  0.0000000e+00
  8.1000000e-02  1.0000000e-01  9.7999997e-02  5.7999998e-02
  6.1000001e-02  4.4000000e-02  1.1000000e-02  0.0000000e+00
  1.1664000e+01  2.3121000e+01  2.2896999e+01  7.0190001e+00
  1.8038000e+01  1.1850000e+01  1.7340000e+00  0.0000000e+00
 -2.5900000e-01 -2.5000000e-01 -7.4000001e-02  2.5000000e-01
 -2.8000001e-02  4.1999999e-02 -1.0000000e+00  0.0000000e+00
 -2.5900000e-01 -2.5000000e-01 -7.4000001e-02  2.5000000e-01
 -2.8000001e-02  4.1999999e-02 -1.0000000e+00  0.0000000e+00
 -2.5900000e-01 -2.5000000e-01 -7.4000001e-02  2.5000000e-01
 -2.8000001e-02  4.1999999e-02 -1.0000000e+00  0.0000000e+00
 -2.5900000e-01 -2.5000000e-01 -7.4000001e-02  2.5000000e-01
 -2.8000001e-02  4.1999999e-02 -1.0000000e+00  0.0000000e+00
 -2.5900000e-01 -2.5000000e-01 -7.4000001e-02  2.5000000e-01
 -2.8000001e-02  4.1999999e-02 -1.0000000e+00  0.0000000e+00
 -1.7900001e-01  6.3300002e-01 -4.8899999e-01 -6.0000001e-03
 -7.3000002e-01 -3.4799999e-01  4.9000001e-01  0.0000000e+00
  1.0420001e+00  1.1250000e+00  1.0420001e+00  6.2500000e-01
  9.3800002e-01  9.3800002e-01  1.8750000e+00  0.0000000e+00
  1.0420001e+00  1.1250000e+00  1.0420001e+00  6.2500000e-01
  9.3800002e-01  9.3699998e-01  1.8750000e+00  0.0000000e+00
  1.0420001e+00  1.1250000e+00  1.0420001e+00  6.2500000e-01
  9.3800002e-01  9.3800002e-01  1.8750000e+00  0.0000000e+00
  1.0420001e+00  1.1250000e+00  1.0420001e+00  6.2500000e-01
  9.3800002e-01  9.3699998e-01  1.8750000e+00  0.0000000e+00
  1.0420001e+00  1.1250000e+00  1.0420001e+00  6.2500000e-01
  9.3699998e-01  9.3699998e-01  1.8750000e+00  0.0000000e+00
  7.8500003e-01  3.2600001e-01  1.4119999e+00  7.6700002e-01
  1.9400001e+00  1.4320000e+00  0.0000000e+00  0.0000000e+00]","[7 0 2 2 0 0 0 0 0 0 0 0 0 0 0 0 0 0 0 0 0 0 0 0 0 0 0 0 0 0 0 0 0 0 0 0 0
 1 1 0 0 0 0 0 1 0 0 0 0 0 0 0 0 0 0 0 0 0 1 0 0 0 0 0 0 0 0 0 0 0 0 0 0 0
 0 0 0 0 0 0 0 0 0 0 0 0 0 0 0 1 0 0 0 0 0 0 0 0 0 0 0 0 0 0 0 0 0 0 0 0 0
 0 0 0 2 0 0 0 0 0 0 0 1 0 0 0 0 0 0 0 0 0 0 0 0 0 0 0 0 0 0 0 0 0 0 0 0 0
 0 0 0 1 0 0 0 0 0 0 0 0 0 1 0 0 0 0 0 0 0 0 0 0 0 0 0 0 0 0 0 0 0 0 0 0 1
 0 0 0 0 0 0 0 0 0 0 0 0 0 0 0 0 0 0 0 0 0 0 0 0 0 0 0 0 0 0 0 0 0 0 0 0 0
 0 0 0 0 0 0 0 1 0 0 0 0 0 0 0 0 0 0 0 0 0 0 0 0 0 0 1 2 0 0 0 0 0 0]"
24,N-(2-Hydroxypropyl) methacrylamide,Hydrophilic/Hydroxy Acrylates,C=C(C)C(=O)NCC(C)O,"[ 5.1012650e-02  9.4248503e-03 -1.0929527e-02 -3.4984641e-03
 -1.0288152e-02 -1.0860960e-02  0.0000000e+00  0.0000000e+00
 -2.1460749e-02  4.1093873e-03  2.5906760e-02 -2.1488152e-02
  1.7371520e-02  1.3459332e-02  0.0000000e+00  0.0000000e+00
  4.4444445e-01  3.6363637e-01  2.2222222e-01  0.0000000e+00
  0.0000000e+00  0.0000000e+00  0.0000000e+00  0.0000000e+00
  2.3980000e+00  2.6310000e+00  2.4890001e+00  2.0369999e+00
  2.1329999e+00  1.7340000e+00  0.0000000e+00  0.0000000e+00
  2.1910000e+00  2.3230000e+00  2.0739999e+00  1.8609999e+00
  1.7819999e+00  1.4880000e+00  0.0000000e+00  0.0000000e+00
  2.3959999e+00  2.6280000e+00  2.4849999e+00  2.0350001e+00
  2.1300001e+00  1.7320000e+00  0.0000000e+00  0.0000000e+00
  2.0990000e+00  2.1860001e+00  1.8750000e+00  1.7760000e+00
  1.6320000e+00  1.3630000e+00  0.0000000e+00  0.0000000e+00
  2.3980000e+00  2.6229999e+00  2.4900000e+00  2.0039999e+00
  2.0650001e+00  1.6900001e+00  0.0000000e+00  0.0000000e+00
  3.6410000e+00  4.3179998e+00  3.8499999e+00  3.1640000e+00
  3.1059999e+00  1.6090000e+00  0.0000000e+00  0.0000000e+00
  9.0000004e-02  1.3100000e-01  1.1700000e-01  6.8999998e-02
  1.2400000e-01  5.5000000e-02  0.0000000e+00  0.0000000e+00
  9.2000000e-02  1.4200000e-01  1.3500001e-01  5.9999999e-02
  9.4999999e-02  4.6000000e-02  0.0000000e+00  0.0000000e+00
  8.6000003e-02  1.2500000e-01  1.1200000e-01  6.7000002e-02
  1.2000000e-01  5.2999999e-02  0.0000000e+00  0.0000000e+00
  2.9100001e-01  4.4100001e-01  4.1000000e-01  2.0299999e-01
  3.4099999e-01  1.6000000e-01  0.0000000e+00  0.0000000e+00
  7.5999998e-02  1.1600000e-01  1.1700000e-01  3.9999999e-02
  5.4000001e-02  2.9999999e-02  0.0000000e+00  0.0000000e+00
  1.0261000e+01  2.6281000e+01  3.2117001e+01  5.6840000e+00
  1.3731000e+01  6.0850000e+00  0.0000000e+00  0.0000000e+00
 -1.2800001e-01 -1.0500000e-01 -2.9899999e-01 -1.2800001e-01
  3.8400000e-01 -3.8400000e-01  0.0000000e+00  0.0000000e+00
 -1.8799999e-01 -5.9000000e-02 -3.0700001e-01 -7.1999997e-02
  3.0300000e-01 -3.2100001e-01  0.0000000e+00  0.0000000e+00
 -1.2600000e-01 -1.0700000e-01 -2.9899999e-01 -1.3000000e-01
  3.8699999e-01 -3.8600001e-01  0.0000000e+00  0.0000000e+00
 -1.6300000e-01 -7.7000000e-02 -3.0199999e-01 -9.8999999e-02
  3.4099999e-01 -3.5499999e-01  0.0000000e+00  0.0000000e+00
 -2.3400000e-01 -3.7999999e-02 -3.2600001e-01  7.0000002e-03
  2.0000000e-01 -1.9599999e-01  0.0000000e+00  0.0000000e+00
 -1.4600000e-01  3.8699999e-01 -8.7500000e-01  1.4900000e-01
 -4.2199999e-01  3.9300001e-01  0.0000000e+00  0.0000000e+00
  7.6999998e-01  9.4400001e-01  1.2309999e+00  9.2299998e-01
  9.2299998e-01  1.3839999e+00  0.0000000e+00  0.0000000e+00
  9.0100002e-01  9.5700002e-01  1.3580000e+00  7.8600001e-01
  7.8600001e-01  1.1790000e+00  0.0000000e+00  0.0000000e+00
  7.6499999e-01  9.4499999e-01  1.2280000e+00  9.2600000e-01
  9.2600000e-01  1.3890001e+00  0.0000000e+00  0.0000000e+00
  8.4100002e-01  9.4499999e-01  1.2900000e+00  8.5699999e-01
  8.5699999e-01  1.2850000e+00  0.0000000e+00  0.0000000e+00
  1.0530000e+00  1.0310000e+00  1.6070000e+00  5.4000002e-01
  5.4000002e-01  8.1000000e-01  0.0000000e+00  0.0000000e+00
  7.6800001e-01  5.6999999e-01  2.2309999e+00  5.0400001e-01
  1.4520000e+00  0.0000000e+00  0.0000000e+00  0.0000000e+00]","[7 1 1 1 0 0 0 0 0 0 0 1 0 0 0 0 0 0 0 0 0 0 0 0 0 0 0 0 0 0 0 0 0 0 0 0 0
 0 0 1 0 0 0 0 0 0 0 0 0 0 0 0 0 0 0 0 0 0 0 0 0 2 0 0 0 0 0 0 0 0 0 0 0 0
 0 0 0 0 0 0 0 0 0 0 0 0 0 0 0 0 0 0 0 0 0 0 0 0 0 0 0 0 0 0 0 0 0 0 0 0 0
 0 0 0 0 0 0 0 0 0 0 0 1 0 0 0 0 0 0 0 0 0 0 0 0 0 0 0 0 0 0 0 0 0 0 1 0 0
 0 0 0 1 0 0 0 0 0 0 1 0 0 0 0 0 0 0 0 0 0 0 0 0 0 0 0 0 0 0 0 1 0 0 0 0 0
 0 0 0 0 0 0 0 0 0 0 1 0 0 0 0 0 0 0 0 0 0 1 0 0 0 0 0 0 0 0 0 0 0 0 0 0 0
 1 0 0 0 0 0 0 0 0 0 0 0 0 1 0 0 0 0 0 0 0 0 0 0 0 0 1 1 0 0 0 0 0 0]"
25,N-(2-hydroxyethyl) acrylamide,Hydrophilic/Hydroxy Acrylates,C=CC(=O)NCCO,"[ 6.6504329e-02  2.7329087e-02  2.1280890e-02  1.2110148e-02
 -1.0762032e-02 -4.4870429e-02  0.0000000e+00  0.0000000e+00
 -2.6723908e-02  6.7348788e-03  3.3288289e-02 -2.9069714e-02
  3.4195688e-02  3.6930524e-02  0.0000000e+00  0.0000000e+00
  5.7142860e-01  5.7142860e-01  3.3333334e-01  0.0000000e+00
  0.0000000e+00  0.0000000e+00  0.0000000e+00  0.0000000e+00
  2.1970000e+00  2.2570000e+00  2.1259999e+00  1.7340000e+00
  1.6310000e+00  8.4700000e-01  0.0000000e+00  0.0000000e+00
  1.9380000e+00  1.8700000e+00  1.7460001e+00  1.4880000e+00
  1.1710000e+00  5.3899997e-01  0.0000000e+00  0.0000000e+00
  2.1940000e+00  2.2530000e+00  2.1229999e+00  1.7320000e+00
  1.6270000e+00  8.4500003e-01  0.0000000e+00  0.0000000e+00
  1.8180000e+00  1.6940000e+00  1.5720000e+00  1.3630000e+00
  9.7899997e-01  3.7500000e-01  0.0000000e+00  0.0000000e+00
  2.1970000e+00  2.2579999e+00  2.1129999e+00  1.6900001e+00
  1.5420001e+00  7.9299998e-01  0.0000000e+00  0.0000000e+00
  3.6550000e+00  4.5359998e+00  3.4230001e+00  2.6860001e+00
  2.5650001e+00  6.9300002e-01  0.0000000e+00  0.0000000e+00
  9.3000002e-02  9.6000001e-02  9.0000004e-02  6.8999998e-02
  8.6999997e-02  2.4000000e-02  0.0000000e+00  0.0000000e+00
  9.7000003e-02  1.1200000e-01  9.7999997e-02  5.7999998e-02
  6.3000001e-02  1.8999999e-02  0.0000000e+00  0.0000000e+00
  8.9000002e-02  9.2000000e-02  8.6000003e-02  6.7000002e-02
  8.3999999e-02  2.3000000e-02  0.0000000e+00  0.0000000e+00
  3.0399999e-01  3.4000000e-01  3.0500001e-01  2.0000000e-01
  2.3100001e-01  6.6000000e-02  0.0000000e+00  0.0000000e+00
  8.1000000e-02  9.7000003e-02  7.9000004e-02  3.7000000e-02
  3.3000000e-02  1.1000000e-02  0.0000000e+00  0.0000000e+00
  2.0159000e+01  2.8730000e+01  2.6479000e+01  1.4236000e+01
  1.2457000e+01  2.9189999e+00  0.0000000e+00  0.0000000e+00
 -1.9800000e-01 -1.7299999e-01 -1.4900000e-01 -3.1900001e-01
  6.4499998e-01 -1.1700000e+00  0.0000000e+00  0.0000000e+00
 -2.8700000e-01 -1.6000000e-01 -4.8999999e-02 -2.3999999e-01
  4.8800001e-01 -1.0750000e+00  0.0000000e+00  0.0000000e+00
 -1.9400001e-01 -1.7399999e-01 -1.5300000e-01 -3.2100001e-01
  6.4999998e-01 -1.1710000e+00  0.0000000e+00  0.0000000e+00
 -2.5000000e-01 -1.6200000e-01 -8.9000002e-02 -2.8099999e-01
  5.6199998e-01 -1.1370000e+00  0.0000000e+00  0.0000000e+00
 -3.5200000e-01 -1.7900001e-01  9.9999998e-03 -1.0400000e-01
  2.8600001e-01 -7.8399998e-01  0.0000000e+00  0.0000000e+00
 -2.5500000e-01  6.2699997e-01 -8.0199999e-01 -2.5400001e-01
 -4.6300000e-01  6.1299998e-01  0.0000000e+00  0.0000000e+00
  8.5200000e-01  9.3599999e-01  9.9299997e-01  1.1910000e+00
  7.9400003e-01  2.3820000e+00  0.0000000e+00  0.0000000e+00
  1.0080000e+00  1.0150000e+00  9.3800002e-01  1.0260000e+00
  6.8400002e-01  2.0520000e+00  0.0000000e+00  0.0000000e+00
  8.4600002e-01  9.3500000e-01  9.9599999e-01  1.1950001e+00
  7.9699999e-01  2.3900001e+00  0.0000000e+00  0.0000000e+00
  9.3800002e-01  9.6899998e-01  9.5499998e-01  1.1150000e+00
  7.4299997e-01  2.2300000e+00  0.0000000e+00  0.0000000e+00
  1.1750000e+00  1.2050000e+00  9.5499998e-01  7.0200002e-01
  4.6799999e-01  1.4040000e+00  0.0000000e+00  0.0000000e+00
  9.1900003e-01  4.0500000e-01  1.7370000e+00  1.0440000e+00
  1.3780000e+00  0.0000000e+00  0.0000000e+00  0.0000000e+00]","[5 1 1 1 0 0 0 0 0 0 0 1 0 0 0 0 0 0 0 0 0 0 0 0 0 0 0 0 0 0 0 0 0 0 0 0 0
 1 0 1 0 0 0 0 0 0 0 0 0 0 0 0 0 0 0 0 0 0 0 0 0 0 0 0 0 0 0 0 0 0 0 0 0 0
 0 0 0 0 0 0 0 0 0 0 0 0 0 0 0 1 0 1 0 0 0 0 0 0 0 0 0 0 0 0 0 0 0 0 1 0 0
 0 0 0 0 0 0 0 0 0 0 0 1 0 0 0 0 0 0 0 0 1 0 0 0 0 0 0 0 0 0 0 0 0 0 0 0 0
 0 0 0 0 0 0 0 0 0 0 0 0 0 1 0 0 0 0 0 0 0 0 0 0 0 0 0 0 0 0 0 1 0 0 0 0 0
 0 0 0 0 0 0 0 0 0 0 0 0 0 0 0 0 0 0 0 0 0 0 0 0 0 0 0 0 0 0 0 0 0 0 0 0 0
 0 0 0 0 0 0 0 0 0 0 0 0 0 1 0 0 0 0 0 0 0 0 0 0 0 0 1 1 0 0 0 0 0 0]"
26,Acrylic acid,Carboxylic Acid Acrylates,C=CC(=O)O,"[ 0.02596811 -0.01688896 -0.03426934  0.          0.          0.
  0.          0.         -0.05838975  0.01914854  0.03330606  0.
  0.          0.          0.          0.          1.          1.
  1.          0.          0.          0.          0.          0.
  1.734       1.862       1.299       0.          0.          0.
  0.          0.          1.488       1.371       0.888       0.
  0.          0.          0.          0.          1.732       1.859
  1.296       0.          0.          0.          0.          0.
  1.363       1.136       0.647       0.          0.          0.
  0.          0.          1.69        1.772       1.229       0.
  0.          0.          0.          0.          3.219       3.73
  2.197       0.          0.          0.          0.          0.
  0.088       0.11        0.053       0.          0.          0.
  0.          0.          0.065       0.081       0.039       0.
  0.          0.          0.          0.          0.086       0.107
  0.051       0.          0.          0.          0.          0.
  0.238       0.298       0.143       0.          0.          0.
  0.          0.          0.035       0.044       0.021       0.
  0.          0.          0.          0.         11.011      16.71
 11.6         0.          0.          0.          0.          0.
 -0.167       0.042      -1.          0.          0.          0.
  0.          0.         -0.167       0.042      -1.          0.
  0.          0.          0.          0.         -0.167       0.042
 -1.          0.          0.          0.          0.          0.
 -0.167       0.042      -1.          0.          0.          0.
  0.          0.         -0.167       0.042      -1.          0.
  0.          0.          0.          0.         -0.286      -0.147
 -0.385       0.          0.          0.          0.          0.
  0.833       0.833       1.667       0.          0.          0.
  0.          0.          0.833       0.833       1.667       0.
  0.          0.          0.          0.          0.833       0.833
  1.667       0.          0.          0.          0.          0.
  0.833       0.833       1.667       0.          0.          0.
  0.          0.          0.833       0.833       1.667       0.
  0.          0.          0.          0.          0.81        1.017
  1.346       0.          0.          0.          0.          0.        ]","[2 1 1 0 0 0 0 0 0 0 0 0 0 0 0 0 0 0 0 0 0 0 0 0 1 0 0 0 0 0 0 0 1 0 0 0 0
 0 0 0 0 0 0 0 0 0 0 0 0 1 0 0 0 0 0 0 0 0 0 0 0 0 0 0 0 0 0 0 0 0 0 0 0 0
 0 0 0 0 0 0 0 0 0 0 0 0 0 0 0 0 0 0 0 1 0 0 0 0 0 0 0 0 0 0 0 0 0 0 0 0 0
 0 0 0 0 0 0 0 0 0 0 0 1 0 0 0 0 0 0 0 0 0 0 0 0 0 0 0 0 0 0 0 0 0 0 0 0 0
 0 0 0 1 0 0 0 0 0 0 1 0 0 0 0 0 0 0 0 0 0 0 0 0 0 0 0 0 0 0 0 0 0 0 0 0 0
 0 0 0 0 0 0 0 0 0 0 0 0 0 0 0 0 0 0 0 0 0 0 0 0 0 0 0 0 0 0 0 0 0 0 0 0 0
 0 0 0 0 0 0 0 0 0 0 0 0 0 0 0 0 0 0 0 0 0 0 0 0 0 0 0 0 0 0 0 0 0 0]"
27,Methacrylic acid,Carboxylic Acid Acrylates,C=C(C)C(=O)O,"[ 2.5244471e-02 -1.4218159e-02 -3.3054121e-02  0.0000000e+00
  0.0000000e+00  0.0000000e+00  0.0000000e+00  0.0000000e+00
 -4.6743549e-02  1.0208621e-02  2.2113405e-02  0.0000000e+00
  0.0000000e+00  0.0000000e+00  0.0000000e+00  0.0000000e+00
  8.0000001e-01  6.6666669e-01  5.0000000e-01  0.0000000e+00
  0.0000000e+00  0.0000000e+00  0.0000000e+00  0.0000000e+00
  1.8970000e+00  2.1329999e+00  1.8450000e+00  0.0000000e+00
  0.0000000e+00  0.0000000e+00  0.0000000e+00  0.0000000e+00
  1.6920000e+00  1.7819999e+00  1.3500000e+00  0.0000000e+00
  0.0000000e+00  0.0000000e+00  0.0000000e+00  0.0000000e+00
  1.8950000e+00  2.1300001e+00  1.8420000e+00  0.0000000e+00
  0.0000000e+00  0.0000000e+00  0.0000000e+00  0.0000000e+00
  1.5910000e+00  1.6320000e+00  1.0360000e+00  0.0000000e+00
  0.0000000e+00  0.0000000e+00  0.0000000e+00  0.0000000e+00
  1.8590000e+00  2.0650001e+00  1.7640001e+00  0.0000000e+00
  0.0000000e+00  0.0000000e+00  0.0000000e+00  0.0000000e+00
  3.0179999e+00  3.2449999e+00  2.8329999e+00  0.0000000e+00
  0.0000000e+00  0.0000000e+00  0.0000000e+00  0.0000000e+00
  8.6000003e-02  1.3500001e-01  9.7999997e-02  0.0000000e+00
  0.0000000e+00  0.0000000e+00  0.0000000e+00  0.0000000e+00
  6.3000001e-02  9.8999999e-02  7.1999997e-02  0.0000000e+00
  0.0000000e+00  0.0000000e+00  0.0000000e+00  0.0000000e+00
  8.2999997e-02  1.3100000e-01  9.4999999e-02  0.0000000e+00
  0.0000000e+00  0.0000000e+00  0.0000000e+00  0.0000000e+00
  2.3100001e-01  3.6399999e-01  2.6499999e-01  0.0000000e+00
  0.0000000e+00  0.0000000e+00  0.0000000e+00  0.0000000e+00
  3.4000002e-02  5.4000001e-02  3.9000001e-02  0.0000000e+00
  0.0000000e+00  0.0000000e+00  0.0000000e+00  0.0000000e+00
  4.9980001e+00  1.2024000e+01  1.4668000e+01  0.0000000e+00
  0.0000000e+00  0.0000000e+00  0.0000000e+00  0.0000000e+00
 -1.0000000e-01  2.5000000e-01 -1.0000000e+00  0.0000000e+00
  0.0000000e+00  0.0000000e+00  0.0000000e+00  0.0000000e+00
 -1.0000000e-01  2.5000000e-01 -1.0000000e+00  0.0000000e+00
  0.0000000e+00  0.0000000e+00  0.0000000e+00  0.0000000e+00
 -1.0000000e-01  2.5000000e-01 -1.0000000e+00  0.0000000e+00
  0.0000000e+00  0.0000000e+00  0.0000000e+00  0.0000000e+00
 -1.0000000e-01  2.5000000e-01 -1.0000000e+00  0.0000000e+00
  0.0000000e+00  0.0000000e+00  0.0000000e+00  0.0000000e+00
 -1.0000000e-01  2.5000000e-01 -1.0000000e+00  0.0000000e+00
  0.0000000e+00  0.0000000e+00  0.0000000e+00  0.0000000e+00
 -1.3000000e-02 -1.7800000e-01 -4.6700001e-01  0.0000000e+00
  0.0000000e+00  0.0000000e+00  0.0000000e+00  0.0000000e+00
  7.5000000e-01  6.2500000e-01  1.8750000e+00  0.0000000e+00
  0.0000000e+00  0.0000000e+00  0.0000000e+00  0.0000000e+00
  7.5000000e-01  6.2500000e-01  1.8750000e+00  0.0000000e+00
  0.0000000e+00  0.0000000e+00  0.0000000e+00  0.0000000e+00
  7.5000000e-01  6.2500000e-01  1.8750000e+00  0.0000000e+00
  0.0000000e+00  0.0000000e+00  0.0000000e+00  0.0000000e+00
  7.5000000e-01  6.2500000e-01  1.8750000e+00  0.0000000e+00
  0.0000000e+00  0.0000000e+00  0.0000000e+00  0.0000000e+00
  7.5000000e-01  6.2500000e-01  1.8750000e+00  0.0000000e+00
  0.0000000e+00  0.0000000e+00  0.0000000e+00  0.0000000e+00
  5.3299999e-01  9.8100001e-01  1.6109999e+00  0.0000000e+00
  0.0000000e+00  0.0000000e+00  0.0000000e+00  0.0000000e+00]","[3 1 1 0 0 0 0 0 0 0 0 0 0 0 0 0 0 0 0 0 0 0 0 0 1 0 0 0 0 0 0 0 1 0 0 0 0
 0 0 0 0 0 0 0 0 0 0 0 0 0 0 0 0 0 0 0 0 0 0 0 0 1 0 0 0 0 0 0 0 0 0 0 0 0
 0 0 0 0 0 0 0 0 0 0 0 0 0 0 0 0 0 0 0 1 0 0 0 0 0 0 0 0 0 0 0 0 0 0 0 0 0
 0 0 0 0 0 0 0 0 0 0 0 1 0 0 0 0 0 0 0 0 0 0 0 0 0 0 0 0 0 0 0 0 0 0 0 0 0
 0 0 0 0 0 0 0 0 0 0 1 0 0 0 0 1 0 0 0 0 0 0 0 0 0 0 0 0 0 0 0 0 0 0 0 0 0
 0 0 1 0 0 0 0 0 0 0 0 0 0 0 0 0 0 0 0 0 0 0 0 0 0 0 0 0 0 0 0 0 0 0 0 0 0
 0 0 0 0 0 0 0 0 0 0 0 0 0 0 0 0 0 0 0 0 0 0 0 0 0 0 0 0 0 0 0 0 0 0]"
28,Carboxyethyl acrylate,Carboxylic Acid Acrylates,C=CC(=O)OCCC(=O)O,"[ 1.2207642e-02  1.6877461e-03  4.2591859e-03  1.2745708e-02
  2.8926987e-02 -8.8538146e-03 -3.4269344e-02  0.0000000e+00
 -5.2131459e-02  1.6358420e-02 -1.8575620e-02  6.8670534e-02
 -6.3966498e-02  2.8246040e-02  3.3682570e-02  0.0000000e+00
  6.6666669e-01  5.0000000e-01  3.7500000e-01  5.0000000e-01
  8.0000001e-01  1.0000000e+00  1.0000000e+00  0.0000000e+00
  2.4560001e+00  2.6540000e+00  2.3970001e+00  2.1840000e+00
  1.9450001e+00  2.1059999e+00  1.2990000e+00  0.0000000e+00
  2.1489999e+00  2.1510000e+00  1.9859999e+00  1.7470000e+00
  1.6380000e+00  1.4930000e+00  8.8800001e-01  0.0000000e+00
  2.4540000e+00  2.6500001e+00  2.3950000e+00  2.1810000e+00
  1.9430000e+00  2.1010001e+00  1.2960000e+00  0.0000000e+00
  1.9840000e+00  1.9000000e+00  1.7450000e+00  1.5829999e+00
  1.4730000e+00  1.2010000e+00  6.4700001e-01  0.0000000e+00
  2.4020000e+00  2.5630000e+00  2.3280001e+00  2.0960000e+00
  1.8910000e+00  1.9940000e+00  1.2290000e+00  0.0000000e+00
  3.8850000e+00  4.5110002e+00  3.6380000e+00  3.7790000e+00
  3.5170000e+00  4.5070000e+00  2.1970000e+00  0.0000000e+00
  2.0299999e-01  2.6499999e-01  1.9400001e-01  1.5899999e-01
  1.1500000e-01  1.5000001e-01  5.2999999e-02  0.0000000e+00
  1.5000001e-01  1.9499999e-01  1.4300001e-01  1.1700000e-01
  8.5000001e-02  1.1100000e-01  3.9000001e-02  0.0000000e+00
  1.9700000e-01  2.5700000e-01  1.8900000e-01  1.5400000e-01
  1.1100000e-01  1.4600000e-01  5.0999999e-02  0.0000000e+00
  5.4799998e-01  7.1399999e-01  5.2399999e-01  4.2899999e-01
  3.0899999e-01  4.0500000e-01  1.4300001e-01  0.0000000e+00
  8.1000000e-02  1.0500000e-01  7.7000000e-02  6.3000001e-02
  4.6000000e-02  5.9999999e-02  2.1000000e-02  0.0000000e+00
  2.3517000e+01  3.4910999e+01  3.3112000e+01  1.8583000e+01
  1.7211000e+01  3.3689999e+01  1.1300000e+01  0.0000000e+00
 -2.5900000e-01 -0.0000000e+00 -5.8300000e-01  6.6700000e-01
 -3.3300000e-01  3.3300000e-01 -1.0000000e+00  0.0000000e+00
 -2.5900000e-01 -0.0000000e+00 -5.8300000e-01  6.6700000e-01
 -3.3300000e-01  3.3300000e-01 -1.0000000e+00  0.0000000e+00
 -2.5900000e-01  0.0000000e+00 -5.8300000e-01  6.6700000e-01
 -3.3300000e-01  3.3300000e-01 -1.0000000e+00  0.0000000e+00
 -2.5900000e-01  0.0000000e+00 -5.8300000e-01  6.6700000e-01
 -3.3300000e-01  3.3300000e-01 -1.0000000e+00  0.0000000e+00
 -2.5900000e-01 -0.0000000e+00 -5.8300000e-01  6.6700000e-01
 -3.3300000e-01  3.3300000e-01 -1.0000000e+00  0.0000000e+00
 -1.5300000e-01  2.9999999e-02 -5.0900000e-01 -1.0900000e-01
 -2.0999999e-01  5.3100002e-01 -3.9899999e-01  0.0000000e+00
  1.0420001e+00  9.3800002e-01  1.4060000e+00  3.1299999e-01
  1.1250000e+00  7.5000000e-01  1.8750000e+00  0.0000000e+00
  1.0420001e+00  9.3800002e-01  1.4060000e+00  3.1200001e-01
  1.1250000e+00  7.5000000e-01  1.8750000e+00  0.0000000e+00
  1.0420001e+00  9.3800002e-01  1.4060000e+00  3.1299999e-01
  1.1250000e+00  7.5000000e-01  1.8750000e+00  0.0000000e+00
  1.0420001e+00  9.3699998e-01  1.4060000e+00  3.1200001e-01
  1.1250000e+00  7.5000000e-01  1.8750000e+00  0.0000000e+00
  1.0420001e+00  9.3699998e-01  1.4060000e+00  3.1200001e-01
  1.1250000e+00  7.5000000e-01  1.8750000e+00  0.0000000e+00
  7.7700001e-01  8.6400002e-01  1.3570000e+00  9.0399998e-01
  1.0730000e+00  9.3000001e-01  1.5380000e+00  0.0000000e+00]","[5 1 3 0 0 0 0 0 0 0 0 0 0 0 0 0 0 0 0 0 0 0 0 1 1 0 0 0 0 0 0 0 1 0 0 0 0
 0 1 0 0 0 0 0 1 0 0 0 0 0 0 0 0 0 0 0 0 0 1 0 0 0 0 0 0 0 1 0 0 0 0 0 0 0
 0 0 0 0 0 0 0 0 0 0 0 0 0 0 0 1 0 0 0 1 0 0 0 0 0 0 0 0 0 0 0 0 0 0 0 0 0
 0 0 0 1 0 0 0 0 0 0 0 1 0 0 0 0 0 0 0 0 0 0 0 0 0 0 0 0 0 0 0 0 0 0 0 0 0
 0 0 0 0 0 0 0 0 0 0 1 0 0 0 0 0 0 0 0 0 0 0 0 0 0 0 0 0 0 0 0 0 0 0 0 0 2
 0 0 0 0 0 0 0 0 0 0 0 0 0 0 0 0 1 0 0 0 0 0 0 0 0 0 0 0 0 0 0 0 0 0 0 0 0
 0 0 0 0 0 0 0 1 0 0 0 0 0 0 0 0 0 0 0 0 0 0 0 0 0 0 1 0 0 0 0 0 0 0]"
29,2-(Acryloyloxy)propanoic acid,Carboxylic Acid Acrylates,C=CC(=O)OC(C)C(=O)O,"[ 2.2992224e-02  8.5393516e-03 -3.0893811e-03  1.2976323e-02
 -3.6531941e-03 -3.4269344e-02  0.0000000e+00  0.0000000e+00
 -5.5467173e-02 -3.8376248e-03  4.6401333e-02 -4.7676049e-02
  2.2936329e-02  3.3363186e-02  0.0000000e+00  0.0000000e+00
  6.6666669e-01  5.4545456e-01  5.0000000e-01  5.7142860e-01
  8.3333331e-01  1.0000000e+00  0.0000000e+00  0.0000000e+00
  2.4560001e+00  2.7440000e+00  2.6540000e+00  2.2330000e+00
  2.2210000e+00  1.2990000e+00  0.0000000e+00  0.0000000e+00
  2.1489999e+00  2.2309999e+00  2.1510000e+00  1.9260000e+00
  1.6960000e+00  8.8800001e-01  0.0000000e+00  0.0000000e+00
  2.4540000e+00  2.7400000e+00  2.6500001e+00  2.2309999e+00
  2.2170000e+00  1.2960000e+00  0.0000000e+00  0.0000000e+00
  1.9840000e+00  1.9660000e+00  1.9000000e+00  1.7610000e+00
  1.4640000e+00  6.4700001e-01  0.0000000e+00  0.0000000e+00
  2.4020000e+00  2.6520000e+00  2.5630000e+00  2.1789999e+00
  2.1220000e+00  1.2290000e+00  0.0000000e+00  0.0000000e+00
  4.0040002e+00  4.6680002e+00  4.3030000e+00  3.8220000e+00
  4.5180001e+00  2.1970000e+00  0.0000000e+00  0.0000000e+00
  2.0299999e-01  2.9100001e-01  2.6499999e-01  1.5899999e-01
  1.6800000e-01  5.2999999e-02  0.0000000e+00  0.0000000e+00
  1.5000001e-01  2.1500000e-01  1.9499999e-01  1.1700000e-01
  1.2400000e-01  3.9000001e-02  0.0000000e+00  0.0000000e+00
  1.9700000e-01  2.8299999e-01  2.5700000e-01  1.5400000e-01
  1.6300000e-01  5.0999999e-02  0.0000000e+00  0.0000000e+00
  5.4799998e-01  7.8600001e-01  7.1399999e-01  4.2899999e-01
  4.5199999e-01  1.4300001e-01  0.0000000e+00  0.0000000e+00
  8.1000000e-02  1.1600000e-01  1.0500000e-01  6.3000001e-02
  6.7000002e-02  2.1000000e-02  0.0000000e+00  0.0000000e+00
  2.0974001e+01  2.8771000e+01  3.3285000e+01  2.6457001e+01
  3.6743999e+01  1.1900000e+01  0.0000000e+00  0.0000000e+00
 -2.5900000e-01 -9.0999998e-02 -0.0000000e+00 -2.8600001e-01
  3.8900000e-01 -1.0000000e+00  0.0000000e+00  0.0000000e+00
 -2.5900000e-01 -9.0999998e-02 -0.0000000e+00 -2.8600001e-01
  3.8900000e-01 -1.0000000e+00  0.0000000e+00  0.0000000e+00
 -2.5900000e-01 -9.0999998e-02  0.0000000e+00 -2.8600001e-01
  3.8900000e-01 -1.0000000e+00  0.0000000e+00  0.0000000e+00
 -2.5900000e-01 -9.0999998e-02  0.0000000e+00 -2.8600001e-01
  3.8900000e-01 -1.0000000e+00  0.0000000e+00  0.0000000e+00
 -2.5900000e-01 -9.0999998e-02 -0.0000000e+00 -2.8600001e-01
  3.8900000e-01 -1.0000000e+00  0.0000000e+00  0.0000000e+00
 -2.0700000e-01  2.8000001e-02 -2.5299999e-01 -4.9700001e-01
  5.6199998e-01 -4.0500000e-01  0.0000000e+00  0.0000000e+00
  1.0420001e+00  1.0230000e+00  9.3800002e-01  1.0710000e+00
  6.2500000e-01  1.8750000e+00  0.0000000e+00  0.0000000e+00
  1.0420001e+00  1.0230000e+00  9.3800002e-01  1.0710000e+00
  6.2500000e-01  1.8750000e+00  0.0000000e+00  0.0000000e+00
  1.0420001e+00  1.0230000e+00  9.3800002e-01  1.0710000e+00
  6.2500000e-01  1.8750000e+00  0.0000000e+00  0.0000000e+00
  1.0420001e+00  1.0230000e+00  9.3699998e-01  1.0710000e+00
  6.2500000e-01  1.8750000e+00  0.0000000e+00  0.0000000e+00
  1.0420001e+00  1.0230000e+00  9.3699998e-01  1.0710000e+00
  6.2500000e-01  1.8750000e+00  0.0000000e+00  0.0000000e+00
  7.8799999e-01  7.7300000e-01  1.1400000e+00  1.4040000e+00
  8.1999999e-01  1.6260000e+00  0.0000000e+00  0.0000000e+00]","[5 2 3 0 0 0 0 0 0 0 0 0 0 0 0 0 0 0 1 0 0 0 0 0 1 0 0 0 0 0 0 0 1 0 0 0 0
 0 0 0 0 0 0 0 0 0 0 0 0 0 0 0 0 0 0 0 0 0 1 0 0 1 0 0 0 0 0 0 0 0 0 0 0 0
 0 0 0 0 0 0 0 0 0 0 0 0 0 0 0 2 0 0 0 1 0 0 1 0 0 0 0 0 0 0 0 0 0 0 0 0 0
 0 0 0 1 0 0 0 0 0 0 0 1 0 0 0 0 0 0 0 0 0 0 0 0 0 0 0 0 0 0 0 0 0 0 0 0 0
 0 0 0 0 0 0 0 0 0 0 1 0 0 0 0 0 0 0 0 0 0 0 0 0 0 0 0 0 0 0 0 0 0 0 0 0 1
 0 0 0 0 0 0 0 0 0 0 0 0 0 0 0 0 0 0 0 0 0 0 0 0 0 0 0 0 0 0 0 0 0 0 0 0 0
 0 0 0 0 0 0 0 1 0 0 0 0 0 0 0 0 0 0 0 0 0 0 0 0 0 0 1 0 0 0 0 0 0 0]"
30,4-(Acryloyloxy)butanoic acid,Carboxylic Acid Acrylates,C=CC(=O)OCCCC(=O)O,"[ 1.3063359e-02 -9.9258134e-03 -1.0198784e-02  5.3795353e-03
  2.1731168e-02  2.8926987e-02 -8.8538146e-03 -3.4269344e-02
 -4.8141725e-02  1.7690668e-02  5.8477549e-03 -2.8335433e-02
  7.1461529e-02 -6.3255399e-02  2.8318545e-02  3.3693641e-02
  6.0000002e-01  4.5454547e-01  2.2222222e-01  1.4285715e-01
  5.0000000e-01  8.0000001e-01  1.0000000e+00  1.0000000e+00
  2.5390000e+00  2.7219999e+00  2.4840000e+00  2.2330000e+00
  2.1840000e+00  1.9450001e+00  2.1059999e+00  1.2990000e+00
  2.2590001e+00  2.2609999e+00  2.1150000e+00  1.9260000e+00
  1.7470000e+00  1.6380000e+00  1.4930000e+00  8.8800001e-01
  2.5369999e+00  2.7190001e+00  2.4820001e+00  2.2309999e+00
  2.1810000e+00  1.9430000e+00  2.1010001e+00  1.2960000e+00
  2.1129999e+00  2.0390000e+00  1.9060000e+00  1.7610000e+00
  1.5829999e+00  1.4730000e+00  1.2010000e+00  6.4700001e-01
  2.4890001e+00  2.6370001e+00  2.4210000e+00  2.1789999e+00
  2.0960000e+00  1.8910000e+00  1.9940000e+00  1.2290000e+00
  3.9050000e+00  4.5219998e+00  3.6199999e+00  3.3499999e+00
  3.7790000e+00  3.5170000e+00  4.5070000e+00  2.1970000e+00
  2.0100001e-01  2.7500001e-01  1.9700000e-01  1.4600000e-01
  1.5899999e-01  1.0600000e-01  1.5500000e-01  5.0999999e-02
  1.4800000e-01  2.0299999e-01  1.4500000e-01  1.0800000e-01
  1.1700000e-01  7.8000002e-02  1.1400000e-01  3.7999999e-02
  1.9499999e-01  2.6699999e-01  1.9100000e-01  1.4200000e-01
  1.5400000e-01  1.0300000e-01  1.5099999e-01  5.0000001e-02
  5.4100001e-01  7.4299997e-01  5.3100002e-01  3.9300001e-01
  4.2800000e-01  2.8500000e-01  4.1800001e-01  1.3800000e-01
  7.9999998e-02  1.0900000e-01  7.8000002e-02  5.7999998e-02
  6.3000001e-02  4.1999999e-02  6.1999999e-02  2.0000000e-02
  2.4129000e+01  3.7178001e+01  3.3438000e+01  2.5364000e+01
  1.8297001e+01  1.5030000e+01  3.5243000e+01  1.0273000e+01
 -2.1400000e-01  7.1000002e-02 -4.7600001e-01 -3.2699999e-01
  7.0200002e-01 -3.7099999e-01  4.1400000e-01 -1.0000000e+00
 -2.1400000e-01  7.1000002e-02 -4.7600001e-01 -3.2699999e-01
  7.0200002e-01 -3.7099999e-01  4.1400000e-01 -1.0000000e+00
 -2.1400000e-01  7.1000002e-02 -4.7600001e-01 -3.2699999e-01
  7.0200002e-01 -3.7099999e-01  4.1400000e-01 -1.0000000e+00
 -2.1400000e-01  7.1000002e-02 -4.7600001e-01 -3.2699999e-01
  7.0200002e-01 -3.7099999e-01  4.1400000e-01 -1.0000000e+00
 -2.1400000e-01  7.1000002e-02 -4.7600001e-01 -3.2699999e-01
  7.0200002e-01 -3.7099999e-01  4.1400000e-01 -1.0000000e+00
 -1.0300000e-01  9.2000000e-02 -4.4600001e-01 -2.8299999e-01
 -1.1500000e-01 -2.2000000e-01  6.3599998e-01 -4.3399999e-01
  9.8199999e-01  8.9300001e-01  1.3099999e+00  1.1220000e+00
  3.2699999e-01  1.1790000e+00  7.8600001e-01  1.9640000e+00
  9.8199999e-01  8.9300001e-01  1.3099999e+00  1.1220000e+00
  3.2699999e-01  1.1790000e+00  7.8600001e-01  1.9640000e+00
  9.8199999e-01  8.9300001e-01  1.3099999e+00  1.1220000e+00
  3.2699999e-01  1.1790000e+00  7.8600001e-01  1.9640000e+00
  9.8199999e-01  8.9300001e-01  1.3099999e+00  1.1220000e+00
  3.2699999e-01  1.1790000e+00  7.8600001e-01  1.9640000e+00
  9.8199999e-01  8.9300001e-01  1.3099999e+00  1.1220000e+00
  3.2699999e-01  1.1790000e+00  7.8600001e-01  1.9640000e+00
  7.3199999e-01  8.2200003e-01  1.2960000e+00  1.0840000e+00
  9.4700003e-01  1.1230000e+00  9.7399998e-01  1.6100000e+00]","[6 1 3 0 0 0 0 0 0 0 0 0 0 0 0 0 0 0 0 0 0 0 0 0 2 0 0 0 0 0 0 0 1 1 0 0 0
 0 1 0 0 0 0 0 1 0 0 0 0 0 0 0 0 0 0 0 0 0 1 0 0 0 0 0 0 0 1 0 0 0 0 0 0 0
 0 0 0 0 0 0 0 0 0 1 0 0 0 0 0 1 0 0 0 1 0 0 0 0 0 0 0 0 0 0 0 0 0 0 0 0 0
 0 0 0 1 0 0 0 0 0 0 0 1 0 0 0 0 0 0 1 0 0 0 0 0 0 0 0 0 0 0 0 0 0 0 0 0 0
 0 0 0 0 0 0 0 0 0 0 1 0 0 0 0 0 0 0 0 0 0 0 0 0 0 0 0 0 0 0 0 0 0 0 0 0 2
 0 0 0 0 0 0 0 0 0 0 0 0 0 0 0 0 0 0 0 0 0 0 0 0 0 0 0 0 0 0 0 0 0 0 0 0 0
 0 0 0 0 0 0 0 1 0 0 0 0 0 0 0 0 0 0 0 0 0 0 0 0 0 0 1 0 0 0 0 0 0 0]"
31,2-Carboxyethyl methacrylate,Carboxylic Acid Acrylates,C=C(C)C(=O)OCCC(=O)O,"[ 1.3221869e-02 -7.2971299e-05  2.2273957e-04  6.7356997e-03
  2.7566625e-02 -1.4062017e-02 -3.3054121e-02  0.0000000e+00
 -4.6925437e-02  1.2389656e-02 -1.2583712e-02  5.8656357e-02
 -5.3499032e-02  2.0632954e-02  2.2378376e-02  0.0000000e+00
  6.0000002e-01  4.1666666e-01  3.0000001e-01  4.2857143e-01
  6.6666669e-01  8.3333331e-01  5.0000000e-01  0.0000000e+00
  2.5390000e+00  2.7860000e+00  2.6140001e+00  2.2909999e+00
  2.0790000e+00  2.2210000e+00  1.8450000e+00  0.0000000e+00
  2.2590001e+00  2.3599999e+00  2.1650000e+00  1.9080000e+00
  1.8160000e+00  1.6960000e+00  1.3500000e+00  0.0000000e+00
  2.5369999e+00  2.7830000e+00  2.6110001e+00  2.2880001e+00
  2.0769999e+00  2.2170000e+00  1.8420000e+00  0.0000000e+00
  2.1129999e+00  2.1619999e+00  1.8930000e+00  1.7690001e+00
  1.6799999e+00  1.4640000e+00  1.0360000e+00  0.0000000e+00
  2.4890001e+00  2.7060001e+00  2.5400000e+00  2.2119999e+00
  2.0320001e+00  2.1220000e+00  1.7640001e+00  0.0000000e+00
  3.7869999e+00  4.2370000e+00  3.8320000e+00  3.7479999e+00
  3.4270000e+00  4.3000002e+00  2.8329999e+00  0.0000000e+00
  2.0100001e-01  2.8999999e-01  2.3300000e-01  1.7299999e-01
  1.2000000e-01  1.7000000e-01  1.0200000e-01  0.0000000e+00
  1.4800000e-01  2.1400000e-01  1.7200001e-01  1.2800001e-01
  8.9000002e-02  1.2500000e-01  7.5000003e-02  0.0000000e+00
  1.9499999e-01  2.8200001e-01  2.2700000e-01  1.6800000e-01
  1.1700000e-01  1.6500001e-01  9.8999999e-02  0.0000000e+00
  5.4100001e-01  7.8200001e-01  6.3000000e-01  4.6700001e-01
  3.2499999e-01  4.5699999e-01  2.7500001e-01  0.0000000e+00
  7.9999998e-02  1.1500000e-01  9.3000002e-02  6.8999998e-02
  4.8000000e-02  6.7000002e-02  4.1000001e-02  0.0000000e+00
  1.7774000e+01  3.3581001e+01  3.5584000e+01  1.9194000e+01
  1.3942000e+01  3.4497002e+01  1.8000999e+01  0.0000000e+00
 -2.1400000e-01  1.1300000e-01 -6.8599999e-01  6.8400002e-01
 -2.1400000e-01  4.4000000e-01 -1.0000000e+00  0.0000000e+00
 -2.1400000e-01  1.1300000e-01 -6.8599999e-01  6.8400002e-01
 -2.1400000e-01  4.4000000e-01 -1.0000000e+00  0.0000000e+00
 -2.1400000e-01  1.1300000e-01 -6.8599999e-01  6.8400002e-01
 -2.1400000e-01  4.4000000e-01 -1.0000000e+00  0.0000000e+00
 -2.1400000e-01  1.1300000e-01 -6.8599999e-01  6.8400002e-01
 -2.1400000e-01  4.4000000e-01 -1.0000000e+00  0.0000000e+00
 -2.1400000e-01  1.1300000e-01 -6.8599999e-01  6.8400002e-01
 -2.1400000e-01  4.4000000e-01 -1.0000000e+00  0.0000000e+00
 -3.7999999e-02 -9.3000002e-02 -5.2300000e-01  7.7000000e-02
 -3.5000000e-02  4.5100001e-01 -4.5100001e-01  0.0000000e+00
  9.8199999e-01  8.1800002e-01  1.5710000e+00  2.8099999e-01
  9.8199999e-01  6.5499997e-01  1.9640000e+00  0.0000000e+00
  9.8199999e-01  8.1800002e-01  1.5710000e+00  2.8099999e-01
  9.8199999e-01  6.5499997e-01  1.9640000e+00  0.0000000e+00
  9.8199999e-01  8.1800002e-01  1.5710000e+00  2.8099999e-01
  9.8199999e-01  6.5499997e-01  1.9640000e+00  0.0000000e+00
  9.8199999e-01  8.1800002e-01  1.5710000e+00  2.8099999e-01
  9.8199999e-01  6.5499997e-01  1.9640000e+00  0.0000000e+00
  9.8199999e-01  8.1800002e-01  1.5710000e+00  2.8099999e-01
  9.8199999e-01  6.5499997e-01  1.9640000e+00  0.0000000e+00
  6.2300003e-01  9.4300002e-01  1.4660000e+00  7.1600002e-01
  8.7099999e-01  1.0000000e+00  1.6410000e+00  0.0000000e+00]","[6 1 3 0 0 0 0 0 0 0 0 0 0 0 0 0 0 0 0 0 0 0 0 1 1 0 0 0 0 0 0 0 1 0 0 0 0
 0 1 0 0 0 0 0 1 0 0 0 0 1 0 0 0 0 0 0 0 0 1 0 0 1 0 0 0 0 1 0 0 0 0 0 0 0
 0 0 0 0 0 0 0 0 0 0 0 0 0 0 0 0 0 0 0 1 0 0 0 0 0 0 0 0 0 0 0 0 0 0 0 0 0
 0 0 0 1 0 0 0 0 0 0 0 1 0 0 0 0 0 0 0 0 0 0 0 0 0 0 0 0 0 0 0 0 0 0 0 0 0
 0 0 0 0 0 0 0 0 0 0 1 0 0 0 0 0 0 0 0 0 0 0 0 0 0 0 0 0 0 0 0 0 0 0 0 0 1
 0 0 0 0 0 0 0 0 0 0 1 0 0 0 0 0 1 0 0 0 0 0 0 0 0 0 0 0 0 0 0 0 0 0 0 0 0
 0 0 0 0 0 0 0 0 0 1 0 0 0 0 0 0 0 0 0 0 0 0 0 0 0 0 1 0 0 0 0 0 0 0]"
32,Maleic anhydride,Carboxylic Acid Acrylates,O=C1OC(=O)C=C1,"[ 8.6765653e-03 -6.2840325e-03  9.4001610e-03  2.3286762e-02
  0.0000000e+00  0.0000000e+00  0.0000000e+00  0.0000000e+00
 -5.8058225e-02  3.1856675e-02 -4.5500696e-02  6.0688663e-02
  0.0000000e+00  0.0000000e+00  0.0000000e+00  0.0000000e+00
  1.0000000e+00  1.0000000e+00  1.0000000e+00  1.0000000e+00
  0.0000000e+00  0.0000000e+00  0.0000000e+00  0.0000000e+00
  2.2330000e+00  2.5560000e+00  1.8450000e+00  1.0210000e+00
  0.0000000e+00  0.0000000e+00  0.0000000e+00  0.0000000e+00
  1.9260000e+00  2.0639999e+00  1.3500000e+00  4.1299999e-01
  0.0000000e+00  0.0000000e+00  0.0000000e+00  0.0000000e+00
  2.2309999e+00  2.5520000e+00  1.8420000e+00  1.0160000e+00
  0.0000000e+00  0.0000000e+00  0.0000000e+00  0.0000000e+00
  1.7610000e+00  1.8300000e+00  1.0360000e+00  1.8799999e-01
  0.0000000e+00  0.0000000e+00  0.0000000e+00  0.0000000e+00
  2.1789999e+00  2.4649999e+00  1.7640001e+00  9.0100002e-01
  0.0000000e+00  0.0000000e+00  0.0000000e+00  0.0000000e+00
  4.1799998e+00  5.0110002e+00  4.3860002e+00  3.9119999e+00
  0.0000000e+00  0.0000000e+00  0.0000000e+00  0.0000000e+00
  1.6900000e-01  2.4100000e-01  1.0800000e-01  3.5999998e-02
  0.0000000e+00  0.0000000e+00  0.0000000e+00  0.0000000e+00
  1.2400000e-01  1.7800000e-01  7.9999998e-02  2.7000001e-02
  0.0000000e+00  0.0000000e+00  0.0000000e+00  0.0000000e+00
  1.6400000e-01  2.3400000e-01  1.0500000e-01  3.5000000e-02
  0.0000000e+00  0.0000000e+00  0.0000000e+00  0.0000000e+00
  4.5500001e-01  6.4999998e-01  2.9100001e-01  9.7000003e-02
  0.0000000e+00  0.0000000e+00  0.0000000e+00  0.0000000e+00
  6.7000002e-02  9.6000001e-02  4.3000001e-02  1.4000000e-02
  0.0000000e+00  0.0000000e+00  0.0000000e+00  0.0000000e+00
  1.7764000e+01  1.0999000e+01  1.4815000e+01  8.2989998e+00
  0.0000000e+00  0.0000000e+00  0.0000000e+00  0.0000000e+00
 -2.5000000e-01  1.0200000e-01 -1.0000000e+00  1.3329999e+00
  0.0000000e+00  0.0000000e+00  0.0000000e+00  0.0000000e+00
 -2.5000000e-01  1.0200000e-01 -1.0000000e+00  1.3329999e+00
  0.0000000e+00  0.0000000e+00  0.0000000e+00  0.0000000e+00
 -2.5000000e-01  1.0200000e-01 -1.0000000e+00  1.3329999e+00
  0.0000000e+00  0.0000000e+00  0.0000000e+00  0.0000000e+00
 -2.5000000e-01  1.0200000e-01 -1.0000000e+00  1.3329999e+00
  0.0000000e+00  0.0000000e+00  0.0000000e+00  0.0000000e+00
 -2.5000000e-01  1.0200000e-01 -1.0000000e+00  1.3329999e+00
  0.0000000e+00  0.0000000e+00  0.0000000e+00  0.0000000e+00
 -3.6100000e-01  6.7000002e-02 -8.9300001e-01  2.0009999e+00
  0.0000000e+00  0.0000000e+00  0.0000000e+00  0.0000000e+00
  1.0000000e+00  7.7800000e-01  1.7500000e+00  0.0000000e+00
  0.0000000e+00  0.0000000e+00  0.0000000e+00  0.0000000e+00
  1.0000000e+00  7.7800000e-01  1.7500000e+00  0.0000000e+00
  0.0000000e+00  0.0000000e+00  0.0000000e+00  0.0000000e+00
  1.0000000e+00  7.7800000e-01  1.7500000e+00  0.0000000e+00
  0.0000000e+00  0.0000000e+00  0.0000000e+00  0.0000000e+00
  1.0000000e+00  7.7800000e-01  1.7500000e+00  0.0000000e+00
  0.0000000e+00  0.0000000e+00  0.0000000e+00  0.0000000e+00
  1.0000000e+00  7.7800000e-01  1.7500000e+00  0.0000000e+00
  0.0000000e+00  0.0000000e+00  0.0000000e+00  0.0000000e+00
  1.0990000e+00  6.1900002e-01  1.9340000e+00  0.0000000e+00
  0.0000000e+00  0.0000000e+00  0.0000000e+00  0.0000000e+00]","[4 0 3 0 0 0 0 0 0 0 0 0 0 0 0 0 0 0 0 0 0 0 0 0 0 0 0 0 0 0 0 0 0 0 0 0 0
 0 0 0 0 0 0 0 0 0 0 0 0 0 0 0 0 0 0 0 0 0 1 0 0 0 0 0 0 0 0 0 0 0 0 0 0 0
 0 0 0 0 0 0 0 0 0 0 0 0 0 0 0 2 0 0 0 0 0 0 0 0 0 0 0 0 0 0 0 0 0 0 0 0 0
 0 0 0 2 0 0 0 0 0 1 0 0 0 0 0 0 0 0 0 0 0 0 0 0 0 0 0 0 0 0 0 0 0 0 0 0 0
 0 0 0 0 0 0 0 0 0 0 0 2 0 0 0 0 0 0 0 0 0 0 0 0 0 0 0 0 0 0 0 0 0 0 0 0 0
 0 0 0 0 0 0 0 0 0 0 0 0 0 0 0 0 0 0 0 0 0 0 0 0 0 0 0 0 0 0 0 0 0 0 0 0 0
 0 0 0 0 0 0 0 2 0 0 0 0 0 0 0 0 0 0 0 0 0 0 0 0 0 0 2 0 0 0 0 0 0 0]"
33,Itaconic acid,Carboxylic Acid Acrylates,OC(=O)C(=C)CC(=O)O,"[ 2.6137514e-02 -1.4800389e-02 -2.0808578e-02  2.9570475e-02
  4.8818901e-02  0.0000000e+00  0.0000000e+00  0.0000000e+00
 -5.3574651e-02  1.5526054e-02  6.5926313e-03 -6.6843845e-02
  1.3280696e-01  0.0000000e+00  0.0000000e+00  0.0000000e+00
  7.5000000e-01  6.0000002e-01  7.5000000e-01  1.0000000e+00
  1.0000000e+00  0.0000000e+00  0.0000000e+00  0.0000000e+00
  2.3350000e+00  2.6300001e+00  2.3970001e+00  2.1960001e+00
  2.0920000e+00  0.0000000e+00  0.0000000e+00  0.0000000e+00
  2.0620000e+00  2.1840000e+00  1.9859999e+00  1.6660000e+00
  1.1130000e+00  0.0000000e+00  0.0000000e+00  0.0000000e+00
  2.3329999e+00  2.6270001e+00  2.3950000e+00  2.1930001e+00
  2.0850000e+00  0.0000000e+00  0.0000000e+00  0.0000000e+00
  1.9200000e+00  1.9780000e+00  1.7450000e+00  1.3160000e+00
  6.0200000e-01  0.0000000e+00  0.0000000e+00  0.0000000e+00
  2.2860000e+00  2.5469999e+00  2.3280001e+00  2.1110001e+00
  1.9240000e+00  0.0000000e+00  0.0000000e+00  0.0000000e+00
  3.5680001e+00  3.7720001e+00  3.5490000e+00  3.5739999e+00
  4.1739998e+00  0.0000000e+00  0.0000000e+00  0.0000000e+00
  1.9599999e-01  2.6400000e-01  2.0700000e-01  1.6300000e-01
  1.3600001e-01  0.0000000e+00  0.0000000e+00  0.0000000e+00
  1.4500000e-01  1.9499999e-01  1.5300000e-01  1.2100000e-01
  1.0000000e-01  0.0000000e+00  0.0000000e+00  0.0000000e+00
  1.9000000e-01  2.5700000e-01  2.0100001e-01  1.5899999e-01
  1.3200000e-01  0.0000000e+00  0.0000000e+00  0.0000000e+00
  5.2899998e-01  7.1300000e-01  5.5800003e-01  4.4100001e-01
  3.6700001e-01  0.0000000e+00  0.0000000e+00  0.0000000e+00
  7.8000002e-02  1.0500000e-01  8.2000002e-02  6.4999998e-02
  5.4000001e-02  0.0000000e+00  0.0000000e+00  0.0000000e+00
  1.5601000e+01  3.4469002e+01  2.6172001e+01  1.9997999e+01
  3.6000000e+01  0.0000000e+00  0.0000000e+00  0.0000000e+00
 -1.0000000e-01  1.7000000e-01 -5.5000001e-01 -1.0000000e+00
  1.2500000e+00  0.0000000e+00  0.0000000e+00  0.0000000e+00
 -1.0000000e-01  1.7000000e-01 -5.5000001e-01 -1.0000000e+00
  1.2500000e+00  0.0000000e+00  0.0000000e+00  0.0000000e+00
 -1.0000000e-01  1.7000000e-01 -5.5000001e-01 -1.0000000e+00
  1.2500000e+00  0.0000000e+00  0.0000000e+00  0.0000000e+00
 -1.0000000e-01  1.7000000e-01 -5.5000001e-01 -1.0000000e+00
  1.2500000e+00  0.0000000e+00  0.0000000e+00  0.0000000e+00
 -1.0000000e-01  1.7000000e-01 -5.5000001e-01 -1.0000000e+00
  1.2500000e+00  0.0000000e+00  0.0000000e+00  0.0000000e+00
 -4.0000002e-03 -2.5999999e-01 -2.0500000e-01 -2.8000000e-01
  3.6399999e-01  0.0000000e+00  0.0000000e+00  0.0000000e+00
  8.9999998e-01  7.2000003e-01  1.3500000e+00  1.8000000e+00
  0.0000000e+00  0.0000000e+00  0.0000000e+00  0.0000000e+00
  8.9999998e-01  7.2000003e-01  1.3500000e+00  1.8000000e+00
  0.0000000e+00  0.0000000e+00  0.0000000e+00  0.0000000e+00
  8.9999998e-01  7.2000003e-01  1.3500000e+00  1.8000000e+00
  0.0000000e+00  0.0000000e+00  0.0000000e+00  0.0000000e+00
  8.9999998e-01  7.2000003e-01  1.3500000e+00  1.8000000e+00
  0.0000000e+00  0.0000000e+00  0.0000000e+00  0.0000000e+00
  8.9999998e-01  7.2000003e-01  1.3500000e+00  1.8000000e+00
  0.0000000e+00  0.0000000e+00  0.0000000e+00  0.0000000e+00
  5.7300001e-01  1.0690000e+00  9.8299998e-01  1.2130001e+00
  1.3970000e+00  0.0000000e+00  0.0000000e+00  0.0000000e+00]","[3 2 2 0 0 0 0 0 0 0 0 0 0 0 0 0 0 0 0 0 0 0 0 0 2 0 0 0 0 0 0 0 2 0 0 0 0
 0 0 0 0 0 0 0 0 0 0 0 0 0 0 0 0 0 0 0 0 0 0 0 0 0 0 0 0 0 1 0 0 0 0 0 0 0
 0 0 0 0 0 0 0 0 0 0 0 0 0 0 0 0 0 0 0 2 0 0 0 0 0 0 0 0 0 0 0 0 0 0 1 0 0
 0 0 0 0 0 0 0 0 0 0 0 1 0 0 0 0 0 0 0 0 0 0 0 0 0 0 0 0 0 0 0 0 0 0 0 0 0
 0 0 0 0 0 0 0 0 0 0 2 0 0 0 0 1 0 0 0 0 0 0 0 0 0 0 0 0 0 0 0 0 0 0 0 0 1
 0 0 1 0 0 0 0 0 0 0 0 0 0 0 0 0 0 0 0 0 0 0 0 0 0 0 0 0 0 0 0 0 0 0 0 0 0
 0 0 0 0 0 0 0 0 0 0 0 0 0 0 0 0 0 0 0 0 0 0 0 0 1 0 0 0 0 0 0 0 0 0]"
34,2-Acrylamido-2-methylpropane sulfonic acid (AMPS),Carboxylic Acid Acrylates,C=CC(=O)NC(C)(C)CS(=O)(=O)O,"[ 2.9316196e-02  2.1690644e-02  3.0385074e-03  2.1905327e-02
  3.4936484e-02 -3.9499733e-04 -4.9482066e-02  0.0000000e+00
 -2.6996577e-02  9.6827932e-03 -7.8139808e-03  2.0536477e-02
 -3.0151349e-02  2.3262033e-02  2.1358788e-02  0.0000000e+00
  3.3333334e-01  2.7777779e-01  1.5384616e-01  1.1764706e-01
  2.5000000e-01  5.7142860e-01  6.6666669e-01  0.0000000e+00
  3.1359999e+00  3.2400000e+00  3.0580001e+00  3.1910000e+00
  2.6550000e+00  2.5639999e+00  1.6090000e+00  0.0000000e+00
  2.4820001e+00  2.7179999e+00  2.5339999e+00  2.6559999e+00
  2.1020000e+00  1.7690001e+00  1.1460000e+00  0.0000000e+00
  2.7090001e+00  3.1719999e+00  2.7850001e+00  3.1199999e+00
  2.3499999e+00  2.4289999e+00  1.6059999e+00  0.0000000e+00
  2.4510000e+00  2.5550001e+00  2.5030000e+00  2.4500000e+00
  2.0490000e+00  1.5330000e+00  8.6000001e-01  0.0000000e+00
  2.6429999e+00  3.1300001e+00  2.7320001e+00  3.0669999e+00
  2.2679999e+00  2.2960000e+00  1.5319999e+00  0.0000000e+00
  4.0310001e+00  5.2199998e+00  4.0419998e+00  4.9540000e+00
  3.6659999e+00  5.1170001e+00  2.7730000e+00  0.0000000e+00
  1.0829999e+00  8.3600003e-01  1.1690000e+00  7.9900002e-01
  7.1700001e-01  4.3599999e-01  6.4999998e-02  0.0000000e+00
  2.7500001e-01  3.3500001e-01  2.3000000e-01  3.0599999e-01
  1.5800001e-01  1.9100000e-01  5.2999999e-02  0.0000000e+00
  1.3699999e-01  3.3300000e-01  1.9700000e-01  3.1000000e-01
  1.3100000e-01  2.0999999e-01  7.4000001e-02  0.0000000e+00
  1.3000000e+00  1.1600000e+00  8.2700002e-01  1.0030000e+00
  6.7400002e-01  7.6899999e-01  1.7600000e-01  0.0000000e+00
  1.5200000e-01  2.3199999e-01  1.5500000e-01  2.1400000e-01
  8.3999999e-02  9.3999997e-02  3.0999999e-02  0.0000000e+00
  5.0000999e+01  9.8487999e+01  5.8365002e+01  9.6095001e+01
  3.5470001e+01  5.4433998e+01  1.9898001e+01  0.0000000e+00
  1.5000001e-01 -1.3000000e-02 -2.6400000e-01 -1.0000000e-01
 -7.0000000e-02 -2.8999999e-01 -1.1300000e-01  0.0000000e+00
 -4.8800001e-01  1.9300000e-01 -1.9200000e-01 -3.3000000e-02
 -2.9600000e-01  5.0700003e-01 -7.4800003e-01  0.0000000e+00
  5.7000000e-02  2.5099999e-01 -2.3100001e-01 -3.7599999e-01
 -2.0999999e-01  4.1000000e-01 -1.1660000e+00  0.0000000e+00
 -6.2699997e-01  2.0800000e-01 -1.2800001e-01 -2.7000001e-02
 -3.4400001e-01  5.2800000e-01 -5.1800001e-01  0.0000000e+00
 -3.6300001e-01  5.2000001e-02 -2.7900001e-01  1.1200000e-01
 -1.7299999e-01  3.2200000e-01 -7.4299997e-01  0.0000000e+00
 -1.6900000e-01  9.3999997e-02 -2.3400000e-01 -3.3100000e-01
 -1.2899999e-01  7.7899998e-01 -6.3300002e-01  0.0000000e+00
  1.6730000e+00  4.5100001e-01  1.5620000e+00  5.4799998e-01
  1.4800000e+00  1.0750000e+00  2.6600000e-01  0.0000000e+00
  1.4610000e+00  6.4399999e-01  1.0750000e+00  8.8300002e-01
  1.2190000e+00  7.7399999e-01  1.5800000e+00  0.0000000e+00
  6.3900000e-01  6.8199998e-01  9.6899998e-01  1.3470000e+00
  1.0599999e+00  1.0160000e+00  2.3269999e+00  0.0000000e+00
  1.7920001e+00  4.9900001e-01  1.1030000e+00  7.6499999e-01
  1.3960000e+00  7.6499999e-01  1.2150000e+00  0.0000000e+00
  1.2940000e+00  9.6499997e-01  1.1530000e+00  8.1699997e-01
  9.1500002e-01  6.4999998e-01  1.4470000e+00  0.0000000e+00
  8.6600000e-01  8.3899999e-01  9.9299997e-01  1.3040000e+00
  9.4800001e-01  6.5700001e-01  1.7520000e+00  0.0000000e+00]","[7 2 3 0 0 0 0 0 0 0 0 1 0 0 0 0 0 0 0 0 0 0 0 0 2 0 0 0 0 0 0 0 1 0 0 0 0
 0 0 0 0 0 0 0 0 0 0 0 0 0 0 0 0 0 0 0 0 0 1 0 0 2 0 0 0 0 0 0 0 0 0 0 0 0
 0 0 0 0 0 0 0 0 0 0 0 0 0 0 0 1 0 0 0 0 0 0 0 0 0 0 0 0 0 0 0 0 0 0 1 0 0
 0 0 0 0 0 0 0 0 0 0 0 1 0 0 0 0 0 0 0 0 1 0 0 0 0 0 0 0 0 0 0 0 0 0 0 0 0
 0 0 0 0 0 0 0 0 0 0 1 0 0 0 0 0 0 0 0 0 0 0 1 0 0 0 0 0 0 0 0 1 0 0 0 0 1
 0 0 0 1 0 0 0 0 0 0 0 0 0 0 0 0 0 0 0 0 0 0 0 0 0 0 0 0 0 0 0 0 0 0 1 0 0
 0 0 0 0 0 0 0 0 0 0 1 0 0 0 0 0 0 0 0 0 0 0 0 0 0 0 1 0 0 0 0 0 0 1]"
35,[2-(Acryloyloxy)ethyl]trimethylammonium chloride,Cationic Acrylates,C=CC(=O)OCC[N+](C)(C)C,"[ 3.7416205e-02  2.4702458e-02  1.8812619e-02  1.4885324e-02
  2.2915050e-02 -7.7425996e-03 -3.1562850e-02  0.0000000e+00
 -3.8022019e-02  4.3551405e-03  2.7524840e-02 -3.4282465e-02
  2.2075692e-02 -2.4008912e-03 -6.2237210e-03  0.0000000e+00
  4.0000001e-01  3.0769232e-01  2.2222222e-01  0.0000000e+00
  0.0000000e+00  0.0000000e+00  0.0000000e+00  0.0000000e+00
  2.5390000e+00  2.7690001e+00  2.4470000e+00  2.2509999e+00
  2.0439999e+00  2.2149999e+00  1.3860000e+00  0.0000000e+00
  2.2170000e+00  2.5190001e+00  2.1619999e+00  1.8900000e+00
  1.8410000e+00  1.9320000e+00  1.3860000e+00  0.0000000e+00
  2.5350001e+00  2.7670000e+00  2.4440000e+00  2.2479999e+00
  2.0409999e+00  2.2130001e+00  1.3860000e+00  0.0000000e+00
  2.0620000e+00  2.4150000e+00  2.0339999e+00  1.6940000e+00
  1.7760000e+00  1.7900000e+00  1.3860000e+00  0.0000000e+00
  2.5490000e+00  2.7330000e+00  2.4150000e+00  2.2110000e+00
  2.0610001e+00  2.1880000e+00  1.3860000e+00  0.0000000e+00
  3.6810000e+00  4.4050002e+00  3.4790001e+00  3.2579999e+00
  3.1570001e+00  3.5699999e+00  1.3860000e+00  0.0000000e+00
  1.0300000e-01  1.7700000e-01  1.1000000e-01  9.6000001e-02
  5.2999999e-02  8.2000002e-02  1.7000001e-02  0.0000000e+00
  1.1300000e-01  1.4800000e-01  1.1000000e-01  8.6000003e-02
  7.0000000e-02  7.5999998e-02  1.6000001e-02  0.0000000e+00
  9.7999997e-02  1.7100000e-01  1.0500000e-01  9.2000000e-02
  5.0000001e-02  7.9000004e-02  1.6000001e-02  0.0000000e+00
  3.4700000e-01  5.0900000e-01  3.5299999e-01  2.8700000e-01
  2.0299999e-01  2.5000000e-01  5.2999999e-02  0.0000000e+00
  9.8999999e-02  9.7000003e-02  8.2000002e-02  5.9999999e-02
  6.4000003e-02  5.5000000e-02  1.2000000e-02  0.0000000e+00
  1.1907000e+01  2.9368000e+01  2.0263000e+01  1.4012000e+01
  7.3629999e+00  2.3886000e+01  3.9779999e+00  0.0000000e+00
 -4.0599999e-01  2.1200000e-01 -4.1000001e-02 -6.1799997e-01
  3.8800001e-01 -4.0599999e-01  3.3800000e-01  0.0000000e+00
 -5.4699999e-01  1.5200000e-01  1.2100000e-01 -6.2300003e-01
  5.1099998e-01 -4.1800001e-01  3.7200001e-01  0.0000000e+00
 -4.0000001e-01  2.1400000e-01 -4.8000000e-02 -6.1600000e-01
  3.8100001e-01 -4.0400001e-01  3.3600000e-01  0.0000000e+00
 -4.8899999e-01  1.8000001e-01  5.2999999e-02 -6.2900001e-01
  4.7000000e-01 -4.1800001e-01  3.6199999e-01  0.0000000e+00
 -6.4300001e-01  7.8000002e-02  2.4699999e-01 -5.4299998e-01
  5.0500000e-01 -3.7500000e-01  3.6199999e-01  0.0000000e+00
 -9.6000001e-02  5.9500003e-01 -3.6600000e-01 -4.5100001e-01
 -6.7000002e-02 -9.4199997e-01  3.8999999e-01  0.0000000e+00
  1.1900001e+00  7.4299997e-01  1.0730000e+00  1.8049999e+00
  2.4800000e-01  1.3800000e+00  0.0000000e+00  0.0000000e+00
  1.4830000e+00  7.2200000e-01  8.4700000e-01  1.7010000e+00
  3.1200001e-01  1.3400000e+00  0.0000000e+00  0.0000000e+00
  1.1799999e+00  7.4299997e-01  1.0810000e+00  1.8070000e+00
  2.4900000e-01  1.3810000e+00  0.0000000e+00  0.0000000e+00
  1.3460000e+00  7.3500001e-01  9.4800001e-01  1.7589999e+00
  2.6199999e-01  1.3660001e+00  0.0000000e+00  0.0000000e+00
  1.8570000e+00  6.5700001e-01  6.0699999e-01  1.4680001e+00
  6.0100001e-01  1.2210000e+00  0.0000000e+00  0.0000000e+00
  7.1600002e-01  2.9699999e-01  1.3640000e+00  1.2190000e+00
  8.4399998e-01  2.5860000e+00  0.0000000e+00  0.0000000e+00]","[8 0 2 0 0 0 0 0 0 0 0 0 0 0 0 0 1 0 0 0 0 0 0 0 0 0 0 0 0 0 0 0 0 0 0 0 0
 1 1 0 1 0 0 0 1 0 0 0 0 0 0 0 0 0 0 0 0 0 1 0 0 0 0 0 0 0 0 0 0 0 0 0 0 0
 0 0 0 0 0 0 0 0 0 0 0 0 0 0 0 1 0 0 0 0 0 0 0 0 0 0 0 0 0 0 0 0 0 0 0 0 0
 0 0 0 1 0 0 0 0 0 0 0 1 0 0 1 0 0 0 0 0 0 0 0 0 0 0 0 0 0 0 0 0 0 0 0 0 0
 0 0 0 0 0 0 0 0 0 0 0 0 0 0 0 0 0 0 0 0 0 1 0 0 0 0 0 0 0 0 0 0 0 0 0 0 1
 0 0 0 0 0 0 0 0 0 0 0 0 0 0 0 0 0 0 0 0 3 0 0 0 0 0 0 0 0 0 0 0 0 0 0 0 0
 0 0 0 0 0 0 0 1 0 0 0 0 0 0 0 0 0 0 1 0 0 0 0 0 0 0 1 0 0 0 0 0 0 0]"
36,[2-(Acryloyloxy)ethyl]trimethylammonium methyl sulfate,Cationic Acrylates,C=CC(=O)OCCC[N+](C)(C)C,"[ 2.4918282e-02  1.5765958e-02 -7.9833921e-03  2.1612104e-02
  2.2587148e-02  2.2915050e-02 -7.7425996e-03 -3.1562850e-02
 -3.3031348e-02  8.4313583e-03 -1.0415470e-03  2.2919951e-02
 -3.2073505e-02  2.2639835e-02 -2.3561870e-03 -6.2150490e-03
  3.6363637e-01  2.8571430e-01  2.0000000e-01  0.0000000e+00
  0.0000000e+00  0.0000000e+00  0.0000000e+00  0.0000000e+00
  2.6150000e+00  2.8299999e+00  2.5250001e+00  2.2909999e+00
  2.2509999e+00  2.0439999e+00  2.2149999e+00  1.3860000e+00
  2.3199999e+00  2.5960000e+00  2.2639999e+00  2.1110001e+00
  1.8900000e+00  1.8410000e+00  1.9320000e+00  1.3860000e+00
  2.6120000e+00  2.8280001e+00  2.5230000e+00  2.2890000e+00
  2.2479999e+00  2.0409999e+00  2.2130001e+00  1.3860000e+00
  2.1819999e+00  2.5009999e+00  2.1329999e+00  2.0460000e+00
  1.6940000e+00  1.7760000e+00  1.7900000e+00  1.3860000e+00
  2.6240001e+00  2.7960000e+00  2.4960001e+00  2.2790000e+00
  2.2110000e+00  2.0610001e+00  2.1880000e+00  1.3860000e+00
  3.7060001e+00  4.4169998e+00  3.4710000e+00  3.1320000e+00
  3.2579999e+00  3.1570001e+00  3.5699999e+00  1.3860000e+00
  1.0100000e-01  1.7399999e-01  1.0400000e-01  7.2999999e-02
  8.9000002e-02  5.0999999e-02  7.5999998e-02  1.4000000e-02
  1.1000000e-01  1.4500000e-01  9.3999997e-02  7.9999998e-02
  7.9999998e-02  6.8000004e-02  7.0000000e-02  1.4000000e-02
  9.6000001e-02  1.6800000e-01  1.0000000e-01  6.8999998e-02
  8.6000003e-02  4.8999999e-02  7.2999999e-02  1.4000000e-02
  3.3800000e-01  5.0000000e-01  3.1200001e-01  2.4800000e-01
  2.6800001e-01  1.9800000e-01  2.3100001e-01  4.5000002e-02
  9.4999999e-02  9.3999997e-02  6.7000002e-02  6.4999998e-02
  5.6000002e-02  6.1999999e-02  5.0999999e-02  9.9999998e-03
  1.1390000e+01  3.0296000e+01  1.9879999e+01  1.2941000e+01
  1.3176000e+01  6.1719999e+00  2.2402000e+01  3.3429999e+00
 -3.5600001e-01  2.2900000e-01 -3.4900001e-01  2.8400001e-01
 -6.2800002e-01  3.9800000e-01 -4.2199999e-01  3.0100000e-01
 -4.7900000e-01  1.6800000e-01 -3.4500000e-01  4.5699999e-01
 -6.3499999e-01  5.3500003e-01 -4.3500000e-01  3.3100000e-01
 -3.5100001e-01  2.3100001e-01 -3.4900001e-01  2.7599999e-01
 -6.2699997e-01  3.9100000e-01 -4.1999999e-01  3.0000001e-01
 -4.2899999e-01  1.9599999e-01 -3.5200000e-01  3.8999999e-01
 -6.3999999e-01  4.8800001e-01 -4.3500000e-01  3.2200000e-01
 -5.6500000e-01  9.0000004e-02 -2.9300001e-01  5.4000002e-01
 -5.5599999e-01  5.3899997e-01 -3.9300001e-01  3.2200000e-01
 -6.3000001e-02  6.0500002e-01 -3.4799999e-01 -1.2500000e-01
 -4.6700001e-01 -7.7000000e-02 -9.4300002e-01  3.4700000e-01
  1.1580000e+00  7.3799998e-01  1.3520000e+00  4.9599999e-01
  1.9310000e+00  2.6499999e-01  1.4770000e+00  0.0000000e+00
  1.4380000e+00  7.1499997e-01  1.2700000e+00  3.4400001e-01
  1.8150001e+00  3.3300000e-01  1.4299999e+00  0.0000000e+00
  1.1480000e+00  7.3900002e-01  1.3530000e+00  5.0300002e-01
  1.9330000e+00  2.6600000e-01  1.4770000e+00  0.0000000e+00
  1.3070000e+00  7.2899997e-01  1.3150001e+00  4.0300000e-01
  1.8789999e+00  2.7900001e-01  1.4590000e+00  0.0000000e+00
  1.8030000e+00  6.5200001e-01  1.0970000e+00  2.6600000e-01
  1.5680000e+00  6.4099997e-01  1.3030000e+00  0.0000000e+00
  6.9300002e-01  2.9400000e-01  1.3430001e+00  8.8099998e-01
  1.2990000e+00  8.9899999e-01  2.7550001e+00  0.0000000e+00]","[9 0 2 0 0 0 0 0 0 0 0 0 0 0 0 1 1 0 0 0 0 0 0 0 1 0 0 0 0 0 0 0 0 1 0 0 0
 0 1 0 1 0 0 0 1 0 0 0 0 0 0 0 0 0 0 0 0 0 1 0 0 0 0 0 0 0 0 0 0 0 0 0 0 0
 0 0 0 0 0 0 0 0 0 0 0 0 0 0 0 1 0 0 0 0 0 0 0 0 0 0 0 0 0 0 0 0 0 0 0 0 0
 0 0 0 1 0 0 0 0 0 0 0 1 0 0 0 0 0 0 0 0 0 0 0 0 0 0 0 0 0 0 0 0 0 0 0 0 0
 0 0 0 0 0 0 0 0 0 0 0 0 0 0 0 1 0 0 0 0 0 1 0 0 0 0 0 0 0 0 0 0 0 0 0 0 1
 0 0 0 0 0 0 0 0 0 0 0 0 0 0 0 0 0 0 0 0 3 0 0 0 0 0 0 0 0 0 0 0 0 0 0 0 0
 0 0 0 0 0 0 0 1 0 0 0 0 0 0 0 0 0 0 1 0 0 0 0 0 0 0 1 0 0 0 0 0 0 0]"
37,[2-(Acryloyloxy)ethyl]trimethylammonium bromide,Cationic Acrylates,C=CC(=O)OCCC[N+](C)(C)C,"[ 2.4918282e-02  1.5765958e-02 -7.9833921e-03  2.1612104e-02
  2.2587148e-02  2.2915050e-02 -7.7425996e-03 -3.1562850e-02
 -3.3031348e-02  8.4313583e-03 -1.0415470e-03  2.2919951e-02
 -3.2073505e-02  2.2639835e-02 -2.3561870e-03 -6.2150490e-03
  3.6363637e-01  2.8571430e-01  2.0000000e-01  0.0000000e+00
  0.0000000e+00  0.0000000e+00  0.0000000e+00  0.0000000e+00
  2.6150000e+00  2.8299999e+00  2.5250001e+00  2.2909999e+00
  2.2509999e+00  2.0439999e+00  2.2149999e+00  1.3860000e+00
  2.3199999e+00  2.5960000e+00  2.2639999e+00  2.1110001e+00
  1.8900000e+00  1.8410000e+00  1.9320000e+00  1.3860000e+00
  2.6120000e+00  2.8280001e+00  2.5230000e+00  2.2890000e+00
  2.2479999e+00  2.0409999e+00  2.2130001e+00  1.3860000e+00
  2.1819999e+00  2.5009999e+00  2.1329999e+00  2.0460000e+00
  1.6940000e+00  1.7760000e+00  1.7900000e+00  1.3860000e+00
  2.6240001e+00  2.7960000e+00  2.4960001e+00  2.2790000e+00
  2.2110000e+00  2.0610001e+00  2.1880000e+00  1.3860000e+00
  3.7060001e+00  4.4169998e+00  3.4710000e+00  3.1320000e+00
  3.2579999e+00  3.1570001e+00  3.5699999e+00  1.3860000e+00
  1.0100000e-01  1.7399999e-01  1.0400000e-01  7.2999999e-02
  8.9000002e-02  5.0999999e-02  7.5999998e-02  1.4000000e-02
  1.1000000e-01  1.4500000e-01  9.3999997e-02  7.9999998e-02
  7.9999998e-02  6.8000004e-02  7.0000000e-02  1.4000000e-02
  9.6000001e-02  1.6800000e-01  1.0000000e-01  6.8999998e-02
  8.6000003e-02  4.8999999e-02  7.2999999e-02  1.4000000e-02
  3.3800000e-01  5.0000000e-01  3.1200001e-01  2.4800000e-01
  2.6800001e-01  1.9800000e-01  2.3100001e-01  4.5000002e-02
  9.4999999e-02  9.3999997e-02  6.7000002e-02  6.4999998e-02
  5.6000002e-02  6.1999999e-02  5.0999999e-02  9.9999998e-03
  1.1390000e+01  3.0296000e+01  1.9879999e+01  1.2941000e+01
  1.3176000e+01  6.1719999e+00  2.2402000e+01  3.3429999e+00
 -3.5600001e-01  2.2900000e-01 -3.4900001e-01  2.8400001e-01
 -6.2800002e-01  3.9800000e-01 -4.2199999e-01  3.0100000e-01
 -4.7900000e-01  1.6800000e-01 -3.4500000e-01  4.5699999e-01
 -6.3499999e-01  5.3500003e-01 -4.3500000e-01  3.3100000e-01
 -3.5100001e-01  2.3100001e-01 -3.4900001e-01  2.7599999e-01
 -6.2699997e-01  3.9100000e-01 -4.1999999e-01  3.0000001e-01
 -4.2899999e-01  1.9599999e-01 -3.5200000e-01  3.8999999e-01
 -6.3999999e-01  4.8800001e-01 -4.3500000e-01  3.2200000e-01
 -5.6500000e-01  9.0000004e-02 -2.9300001e-01  5.4000002e-01
 -5.5599999e-01  5.3899997e-01 -3.9300001e-01  3.2200000e-01
 -6.3000001e-02  6.0500002e-01 -3.4799999e-01 -1.2500000e-01
 -4.6700001e-01 -7.7000000e-02 -9.4300002e-01  3.4700000e-01
  1.1580000e+00  7.3799998e-01  1.3520000e+00  4.9599999e-01
  1.9310000e+00  2.6499999e-01  1.4770000e+00  0.0000000e+00
  1.4380000e+00  7.1499997e-01  1.2700000e+00  3.4400001e-01
  1.8150001e+00  3.3300000e-01  1.4299999e+00  0.0000000e+00
  1.1480000e+00  7.3900002e-01  1.3530000e+00  5.0300002e-01
  1.9330000e+00  2.6600000e-01  1.4770000e+00  0.0000000e+00
  1.3070000e+00  7.2899997e-01  1.3150001e+00  4.0300000e-01
  1.8789999e+00  2.7900001e-01  1.4590000e+00  0.0000000e+00
  1.8030000e+00  6.5200001e-01  1.0970000e+00  2.6600000e-01
  1.5680000e+00  6.4099997e-01  1.3030000e+00  0.0000000e+00
  6.9300002e-01  2.9400000e-01  1.3430001e+00  8.8099998e-01
  1.2990000e+00  8.9899999e-01  2.7550001e+00  0.0000000e+00]","[9 0 2 0 0 0 0 0 0 0 0 0 0 0 0 1 1 0 0 0 0 0 0 0 1 0 0 0 0 0 0 0 0 1 0 0 0
 0 1 0 1 0 0 0 1 0 0 0 0 0 0 0 0 0 0 0 0 0 1 0 0 0 0 0 0 0 0 0 0 0 0 0 0 0
 0 0 0 0 0 0 0 0 0 0 0 0 0 0 0 1 0 0 0 0 0 0 0 0 0 0 0 0 0 0 0 0 0 0 0 0 0
 0 0 0 1 0 0 0 0 0 0 0 1 0 0 0 0 0 0 0 0 0 0 0 0 0 0 0 0 0 0 0 0 0 0 0 0 0
 0 0 0 0 0 0 0 0 0 0 0 0 0 0 0 1 0 0 0 0 0 1 0 0 0 0 0 0 0 0 0 0 0 0 0 0 1
 0 0 0 0 0 0 0 0 0 0 0 0 0 0 0 0 0 0 0 0 3 0 0 0 0 0 0 0 0 0 0 0 0 0 0 0 0
 0 0 0 0 0 0 0 1 0 0 0 0 0 0 0 0 0 0 1 0 0 0 0 0 0 0 1 0 0 0 0 0 0 0]"
38,[2-(Methacryloyloxy)ethyl]trimethylammonium chloride,Cationic Acrylates,C=C(C)C(=O)OCC[N+](C)(C)C,"[ 3.6046539e-02  2.0225255e-02  1.2497044e-02  9.3591157e-03
  1.5452279e-02 -1.2891820e-02 -3.0443601e-02  0.0000000e+00
 -3.4569606e-02  2.7917516e-03  2.4613004e-02 -3.0486982e-02
  1.7998686e-02 -5.7886681e-04 -4.1349796e-03  0.0000000e+00
  3.6363637e-01  2.6666668e-01  1.8181819e-01  0.0000000e+00
  0.0000000e+00  0.0000000e+00  0.0000000e+00  0.0000000e+00
  2.6150000e+00  2.8870001e+00  2.6540000e+00  2.3510001e+00
  2.1659999e+00  2.3350000e+00  1.9460000e+00  0.0000000e+00
  2.3199999e+00  2.6680000e+00  2.3139999e+00  2.0300000e+00
  1.9880000e+00  2.0360000e+00  1.9460000e+00  0.0000000e+00
  2.6120000e+00  2.8850000e+00  2.6520000e+00  2.3480000e+00
  2.1630001e+00  2.3320000e+00  1.9460000e+00  0.0000000e+00
  2.1819999e+00  2.5799999e+00  2.1470001e+00  1.8630000e+00
  1.9330000e+00  1.8890001e+00  1.9460000e+00  0.0000000e+00
  2.6240001e+00  2.8550000e+00  2.6110001e+00  2.3150001e+00
  2.1810000e+00  2.3230000e+00  1.9460000e+00  0.0000000e+00
  3.5590000e+00  4.0939999e+00  3.7030001e+00  3.2049999e+00
  3.0450001e+00  3.4010000e+00  1.9460000e+00  0.0000000e+00
  1.0100000e-01  1.7800000e-01  1.4100000e-01  9.3999997e-02
  5.6000002e-02  8.2000002e-02  2.8999999e-02  0.0000000e+00
  1.1000000e-01  1.4900000e-01  1.3400000e-01  8.3999999e-02
  7.2999999e-02  8.2000002e-02  2.7000001e-02  0.0000000e+00
  9.6000001e-02  1.7200001e-01  1.3500001e-01  9.0999998e-02
  5.2999999e-02  7.9000004e-02  2.8000001e-02  0.0000000e+00
  3.3800000e-01  5.1400000e-01  4.4000000e-01  2.8299999e-01
  2.1300000e-01  2.6199999e-01  9.0000004e-02  0.0000000e+00
  9.4999999e-02  9.7999997e-02  9.7000003e-02  5.9999999e-02
  6.6000000e-02  6.4999998e-02  2.1000000e-02  0.0000000e+00
  5.0850000e+00  1.7153000e+01  1.9250000e+01  1.0380000e+01
  3.9110000e+00  1.4400000e+01  4.4499998e+00  0.0000000e+00
 -3.5600001e-01  2.3400000e-01 -2.3700000e-01 -5.1200002e-01
  3.8400000e-01 -4.2199999e-01  3.0100000e-01  0.0000000e+00
 -4.7900000e-01  1.7900001e-01 -8.3999999e-02 -5.1400000e-01
  5.0599998e-01 -4.8699999e-01  3.3100000e-01  0.0000000e+00
 -3.5100001e-01  2.3500000e-01 -2.4300000e-01 -5.1099998e-01
  3.7799999e-01 -4.1900000e-01  3.0000001e-01  0.0000000e+00
 -4.2899999e-01  2.0500000e-01 -1.5099999e-01 -5.1999998e-01
  4.6399999e-01 -4.6399999e-01  3.2200000e-01  0.0000000e+00
 -5.6500000e-01  1.0600000e-01  6.6000000e-02 -4.4600001e-01
  5.0800002e-01 -5.0199997e-01  3.2200000e-01  0.0000000e+00
 -1.2000000e-02  2.7100000e-01 -4.4700000e-01 -3.0199999e-01
  9.9999998e-03 -5.2899998e-01  2.5799999e-01  0.0000000e+00
  1.1580000e+00  6.8900001e-01  1.5170000e+00  1.6900001e+00
  2.2700000e-01  1.3920000e+00  0.0000000e+00  0.0000000e+00
  1.4380000e+00  6.6700000e-01  1.2290000e+00  1.5880001e+00
  2.8600001e-01  1.4940000e+00  0.0000000e+00  0.0000000e+00
  1.1480000e+00  6.8900001e-01  1.5270000e+00  1.6920000e+00
  2.2800000e-01  1.3880000e+00  0.0000000e+00  0.0000000e+00
  1.3070000e+00  6.8099999e-01  1.3620000e+00  1.6440001e+00
  2.3999999e-01  1.4500000e+00  0.0000000e+00  0.0000000e+00
  1.8030000e+00  6.0799998e-01  8.6699998e-01  1.3720000e+00
  5.5000001e-01  1.5860000e+00  0.0000000e+00  0.0000000e+00
  5.7900000e-01  5.5199999e-01  1.8180000e+00  1.1010000e+00
  7.2000003e-01  2.1889999e+00  0.0000000e+00  0.0000000e+00]","[9 0 2 0 0 0 0 0 0 0 0 0 0 0 0 0 1 0 0 0 0 0 0 0 0 0 0 0 0 0 0 0 0 0 0 0 0
 1 1 0 1 0 0 0 1 0 0 0 0 1 0 0 0 0 0 0 0 0 1 0 0 1 0 0 0 0 0 0 0 0 0 0 0 0
 0 0 0 0 0 0 0 0 0 0 0 0 0 0 0 0 0 0 0 0 0 0 0 0 0 0 0 0 0 0 0 0 0 0 0 0 0
 0 0 0 1 0 0 0 0 0 0 0 1 0 0 1 0 0 0 0 0 0 0 0 0 0 0 0 0 0 0 0 0 0 0 0 0 0
 0 0 0 0 0 0 0 0 0 0 0 0 0 0 0 0 0 0 0 0 0 1 0 0 0 0 0 0 0 0 0 0 0 0 0 0 0
 0 0 0 0 0 0 0 0 0 0 1 0 0 0 0 0 0 0 0 0 3 0 0 0 0 0 0 0 0 0 0 0 0 0 0 0 0
 0 0 0 0 0 0 0 0 0 1 0 0 0 0 0 0 0 0 1 0 0 0 0 0 0 0 1 0 0 0 0 0 0 0]"
39,[3-(Methacryloylamino)propyl]trimethylammonium chloride,Cationic Acrylates,C=C(C)C(=O)NCCC[N+](C)(C)C,"[ 5.0448429e-02  6.8106493e-03 -1.4420240e-02  4.0147107e-02
  7.1290925e-02  1.5452279e-02 -1.2891820e-02 -3.0443601e-02
 -2.1022640e-02  5.6884210e-03  3.5525395e-03  1.4909589e-02
 -2.1943171e-02  1.8136902e-02 -1.4847228e-03 -4.2480920e-03
  3.3333334e-01  2.5000000e-01  1.6666667e-01  0.0000000e+00
  0.0000000e+00  0.0000000e+00  0.0000000e+00  0.0000000e+00
  2.6619999e+00  2.9119999e+00  2.6849999e+00  2.3699999e+00
  2.3020000e+00  2.1659999e+00  2.3350000e+00  1.9460000e+00
  2.4219999e+00  2.7430000e+00  2.4140000e+00  2.2290001e+00
  2.0469999e+00  1.9880000e+00  2.0360000e+00  1.9460000e+00
  2.6589999e+00  2.9089999e+00  2.6830001e+00  2.3680000e+00
  2.2990000e+00  2.1630001e+00  2.3320000e+00  1.9460000e+00
  2.3230000e+00  2.6819999e+00  2.2890000e+00  2.1800001e+00
  1.9390000e+00  1.9330000e+00  1.8890001e+00  1.9460000e+00
  2.7049999e+00  2.9250000e+00  2.6940000e+00  2.3859999e+00
  2.3390000e+00  2.1810000e+00  2.3230000e+00  1.9460000e+00
  3.6919999e+00  4.3239999e+00  3.8030000e+00  3.1710000e+00
  3.3729999e+00  3.0450001e+00  3.4010000e+00  1.9460000e+00
  6.3000001e-02  9.3000002e-02  7.9999998e-02  4.6000000e-02
  4.6000000e-02  5.0999999e-02  6.3000001e-02  1.6000001e-02
  9.6000001e-02  1.2600000e-01  1.0100000e-01  7.1000002e-02
  6.7000002e-02  7.0000000e-02  7.1999997e-02  2.1000000e-02
  5.9000000e-02  8.8000000e-02  7.5999998e-02  4.3000001e-02
  4.3000001e-02  4.8000000e-02  5.9999999e-02  1.5000000e-02
  2.5900000e-01  3.5900000e-01  2.9300001e-01  1.9000000e-01
  1.8400000e-01  2.0000000e-01  2.1799999e-01  5.9999999e-02
  1.1100000e-01  1.2600000e-01  1.0200000e-01  8.8000000e-02
  7.5999998e-02  6.7000002e-02  6.6000000e-02  2.2000000e-02
  8.4560003e+00  2.8195999e+01  2.5639999e+01  1.0487000e+01
  1.5050000e+01  4.5100002e+00  1.5311000e+01  4.9720001e+00
 -3.0199999e-01  1.8000001e-01 -4.4100001e-01  1.8900000e-01
 -3.7200001e-01  5.5800003e-01 -5.8099997e-01  2.5799999e-01
 -4.3000001e-01  1.8099999e-01 -4.6700001e-01  4.2100000e-01
 -4.9000001e-01  5.8300000e-01 -5.4500002e-01  2.9800001e-01
 -2.9499999e-01  1.7800000e-01 -4.3799999e-01  1.8000001e-01
 -3.6500001e-01  5.5199999e-01 -5.7999998e-01  2.5600001e-01
 -3.8400000e-01  1.9000000e-01 -4.6599999e-01  3.2400000e-01
 -4.4900000e-01  5.9899998e-01 -5.7200003e-01  2.8700000e-01
 -4.8899999e-01  1.1800000e-01 -4.2399999e-01  6.1100000e-01
 -5.3100002e-01  4.3599999e-01 -4.3399999e-01  2.9200000e-01
 -2.8999999e-02  3.5699999e-01 -4.8699999e-01 -4.5000002e-02
 -4.2500001e-01  1.5000000e-02 -4.7900000e-01  2.5400001e-01
  1.0500000e+00  6.2900001e-01  1.6770000e+00  5.5800003e-01
  1.2589999e+00  3.5900000e-01  2.2000000e+00  0.0000000e+00
  1.4150000e+00  6.3499999e-01  1.5630000e+00  3.5499999e-01
  1.5470001e+00  3.3899999e-01  1.7710000e+00  0.0000000e+00
  1.0340000e+00  6.3000000e-01  1.6799999e+00  5.6599998e-01
  1.2460001e+00  3.6399999e-01  2.2160001e+00  0.0000000e+00
  1.2690001e+00  6.2400001e-01  1.6180000e+00  4.4100001e-01
  1.4340000e+00  3.2300001e-01  1.9579999e+00  0.0000000e+00
  1.6720001e+00  6.9199997e-01  1.4250000e+00  1.7700000e-01
  1.7380000e+00  4.7400001e-01  1.3680000e+00  0.0000000e+00
  6.7799997e-01  5.4100001e-01  1.8540000e+00  7.7300000e-01
  1.4950000e+00  6.3999999e-01  1.9440000e+00  0.0000000e+00]","[10  1  1  0  0  0  0  0  0  0  0  1  0  0  0  1  1  0  0  0  0  0  0  0
  1  0  0  0  0  0  0  0  0  0  0  0  0  0  0  1  1  0  0  0  0  0  0  0
  1  0  0  0  0  0  0  0  0  0  0  0  0  1  0  0  0  0  0  0  0  0  0  0
  0  0  0  0  0  0  0  0  0  0  0  0  0  0  0  0  0  0  0  0  0  0  0  0
  0  0  0  0  0  0  0  1  0  0  0  0  0  0  0  0  0  0  0  0  0  0  0  0
  0  0  1  0  0  0  0  0  0  0  0  0  0  0  0  0  0  0  0  0  0  0  0  0
  0  0  0  0  0  0  0  0  0  0  0  0  0  0  0  0  0  0  0  0  0  0  0  0
  0  1  0  0  0  0  0  0  0  0  0  1  0  0  0  0  0  0  0  0  0  0  0  0
  0  0  0  1  0  0  0  0  0  0  0  0  0  3  1  0  0  0  0  0  0  0  0  0
  0  0  0  0  0  0  1  0  0  0  0  0  0  0  0  0  0  0  0  1  0  0  0  0
  1  0  0  0  0  0  0  0  1  0  0  0  0  0  0  0]"
40,[2-(Acryloyloxy)ethyl]dimethylbenzylammonium chloride,Cationic Acrylates,C=CC(=O)OCC[N+](C)(C)CC1=CC=CC=C1,"[ 2.6973225e-02  1.4040050e-02  1.6680575e-04 -1.4261662e-02
 -1.4072714e-02 -1.8277472e-02 -2.1258874e-02 -9.6160490e-03
 -2.2121383e-02  3.0042639e-03  1.4714713e-02 -1.4561316e-02
  7.1622659e-03 -5.3633115e-04 -1.1101151e-03  1.4696850e-03
  5.8823532e-01  4.5454547e-01  2.6315790e-01  0.0000000e+00
  6.2500000e-02  2.0000000e-01  6.0000002e-01  1.0000000e+00
  2.9790001e+00  3.2230000e+00  3.0860000e+00  2.9870000e+00
  2.9020000e+00  2.8810000e+00  2.4849999e+00  2.3020000e+00
  2.7839999e+00  3.0530000e+00  2.9020000e+00  2.7809999e+00
  2.7579999e+00  2.6619999e+00  2.3169999e+00  2.0969999e+00
  2.9770000e+00  3.2210000e+00  3.0840001e+00  2.9849999e+00
  2.9010000e+00  2.8789999e+00  2.4830000e+00  2.3010001e+00
  2.6989999e+00  2.9870000e+00  2.8269999e+00  2.6870000e+00
  2.7070000e+00  2.5569999e+00  2.2370000e+00  1.9970000e+00
  2.9849999e+00  3.2060001e+00  3.0810001e+00  2.9809999e+00
  2.9100001e+00  2.8529999e+00  2.4530001e+00  2.2650001e+00
  4.7760000e+00  5.1339998e+00  4.5650001e+00  4.2150002e+00
  4.2100000e+00  4.4580002e+00  4.2150002e+00  4.7709999e+00
  8.8000000e-02  1.7200001e-01  1.1700000e-01  9.7000003e-02
  8.6999997e-02  9.6000001e-02  5.7999998e-02  5.2999999e-02
  9.3999997e-02  1.4600000e-01  1.2800001e-01  9.6000001e-02
  1.0300000e-01  8.6999997e-02  5.0000001e-02  4.5000002e-02
  8.5000001e-02  1.6599999e-01  1.1200000e-01  9.3000002e-02
  8.2999997e-02  9.3000002e-02  5.6000002e-02  5.2000001e-02
  2.9300001e-01  4.9900001e-01  3.9800000e-01  3.0700001e-01
  3.1099999e-01  2.8999999e-01  1.7100000e-01  1.5600000e-01
  7.9999998e-02  9.7999997e-02  1.0600000e-01  7.7000000e-02
  9.0000004e-02  6.1000001e-02  3.3000000e-02  2.9999999e-02
  3.2108002e+01  4.9220001e+01  4.6470001e+01  3.7888000e+01
  3.4554001e+01  4.4611000e+01  2.1108999e+01  2.0554001e+01
 -1.9599999e-01  2.4300000e-01  4.8999999e-02 -2.3500000e-01
  1.8700001e-01 -2.9200000e-01 -2.0299999e-01 -3.0300000e-01
 -2.6499999e-01  1.7100000e-01  1.1400000e-01 -2.7599999e-01
  2.5400001e-01 -2.8200001e-01 -1.6800000e-01 -2.6300001e-01
 -1.9300000e-01  2.4600001e-01  4.6000000e-02 -2.3300000e-01
  1.8400000e-01 -2.9100001e-01 -2.0400000e-01 -3.0399999e-01
 -2.3600000e-01  2.0500000e-01  8.9000002e-02 -2.6100001e-01
  2.3100001e-01 -2.8999999e-01 -1.8600000e-01 -2.8500000e-01
 -3.1700000e-01  7.7000000e-02  1.4200000e-01 -2.9300001e-01
  2.5999999e-01 -2.3600000e-01 -1.0500000e-01 -1.8300000e-01
  1.3100000e-01  4.9599999e-01 -1.6700000e-01 -5.3200001e-01
 -4.0200001e-01 -7.7399999e-01  0.0000000e+00  6.4499998e-01
  1.0010000e+00  6.7600000e-01  8.3899999e-01  1.1880000e+00
  4.6500000e-01  1.4870000e+00  1.2740000e+00  1.5930001e+00
  1.2340000e+00  7.2000003e-01  8.3800000e-01  1.2930000e+00
  5.4900002e-01  1.3600000e+00  1.0700001e+00  1.3380001e+00
  9.9299997e-01  6.7500001e-01  8.3999997e-01  1.1840000e+00
  4.6399999e-01  1.4910001e+00  1.2800000e+00  1.6000000e+00
  1.1240000e+00  7.0099998e-01  8.3099997e-01  1.2450000e+00
  4.9900001e-01  1.4250000e+00  1.1720001e+00  1.4650000e+00
  1.5500000e+00  7.6599997e-01  9.0700001e-01  1.4160000e+00
  7.6999998e-01  1.1360000e+00  7.3799998e-01  9.2299998e-01
  6.0799998e-01  4.1900000e-01  1.0829999e+00  1.3110000e+00
  1.1910000e+00  1.9220001e+00  8.6500001e-01  5.8999997e-01]","[8 0 2 0 6 0 0 0 0 0 1 0 0 0 0 0 1 0 0 0 2 0 0 0 0 0 0 0 0 0 0 0 0 0 0 0 0
 1 1 0 1 0 0 0 1 0 0 0 0 0 0 0 0 0 0 0 0 0 1 0 0 0 0 0 0 0 0 0 0 0 0 0 0 0
 0 0 0 0 0 0 0 0 0 0 0 0 3 0 0 1 0 0 0 0 0 0 0 0 0 0 0 0 0 0 0 0 0 0 0 0 1
 0 0 0 1 0 0 0 0 0 0 0 1 0 0 1 0 0 0 0 0 0 0 0 0 0 0 0 0 0 0 0 0 0 0 0 0 0
 0 0 0 0 0 0 0 0 0 0 0 0 0 0 0 0 0 0 0 0 0 0 0 1 1 0 0 0 0 0 0 0 0 0 0 0 1
 0 0 0 0 0 0 0 0 0 0 0 0 0 0 0 0 0 0 0 0 2 0 0 0 0 0 0 0 0 0 0 0 0 0 0 0 0
 0 0 0 5 0 0 0 1 0 0 0 0 0 0 0 0 0 0 1 0 0 0 0 0 0 1 1 0 0 0 0 0 0 0]"
41,Vinylbenzyl trimethylammonium chloride,Cationic Acrylates,C=CC1=CC=C(C[N+](C)(C)C)C=C1,"[ 3.3129200e-02  1.8544724e-02 -4.0848579e-04 -1.8541051e-02
 -2.5750499e-02 -3.6137111e-02 -5.3460993e-02 -3.1562850e-02
 -6.4805653e-03  2.1775004e-03  3.3875071e-03  1.7862307e-03
 -2.3005733e-03  9.5836370e-04  4.8848023e-03 -6.6887978e-03
  6.1538464e-01  5.0000000e-01  5.0000000e-01  2.5000000e-01
  1.1111111e-01  0.0000000e+00  0.0000000e+00  0.0000000e+00
  2.6860001e+00  2.9530001e+00  2.7300000e+00  2.5899999e+00
  2.3190000e+00  1.8190000e+00  1.6420000e+00  1.3860000e+00
  2.5669999e+00  2.9319999e+00  2.6750000e+00  2.5270000e+00
  2.2780001e+00  1.7510000e+00  1.5599999e+00  1.3860000e+00
  2.6840000e+00  2.9530001e+00  2.7290001e+00  2.5890000e+00
  2.3180001e+00  1.8180000e+00  1.6410000e+00  1.3860000e+00
  2.5260000e+00  2.9250000e+00  2.6570001e+00  2.5060000e+00
  2.2639999e+00  1.7270000e+00  1.5310000e+00  1.3860000e+00
  2.7190001e+00  2.9600000e+00  2.7460001e+00  2.6090000e+00
  2.3310001e+00  1.8390000e+00  1.6660000e+00  1.3860000e+00
  4.3569999e+00  4.6989999e+00  4.6129999e+00  3.9770000e+00
  3.5020001e+00  2.5650001e+00  2.6740000e+00  1.3860000e+00
  8.9999996e-03  4.9999999e-03  6.0000001e-03  6.0000001e-03
  3.0000000e-03  3.0000000e-03  2.0000001e-03  0.0000000e+00
  2.0000000e-02  9.9999998e-03  1.2000000e-02  1.2000000e-02
  7.0000002e-03  6.0000001e-03  4.9999999e-03  1.0000000e-03
  8.9999996e-03  4.0000002e-03  4.9999999e-03  4.9999999e-03
  3.0000000e-03  2.0000001e-03  2.0000001e-03  0.0000000e+00
  4.6999998e-02  2.4000000e-02  2.9999999e-02  2.8000001e-02
  1.7000001e-02  1.3000000e-02  1.2000000e-02  2.0000001e-03
  2.8999999e-02  1.5000000e-02  1.7999999e-02  1.7000001e-02
  9.9999998e-03  8.0000004e-03  8.0000004e-03  2.0000001e-03
  1.8306000e+01  3.1701000e+01  2.6004999e+01  2.2257999e+01
  1.6768000e+01  5.4720001e+00  7.6529999e+00  5.0300002e+00
 -2.5000000e-01  2.3000000e-02 -7.1000002e-02 -9.7000003e-02
 -3.7000000e-02 -1.3300000e-01 -1.8700001e-01  8.2999997e-02
 -2.5000000e-01  2.3000000e-02 -7.1000002e-02 -9.7000003e-02
 -3.7000000e-02 -1.3300000e-01 -1.8799999e-01  8.2999997e-02
 -2.5000000e-01  2.3000000e-02 -7.1000002e-02 -9.7000003e-02
 -3.7000000e-02 -1.3300000e-01 -1.8700001e-01  8.2999997e-02
 -2.5000000e-01  2.3000000e-02 -7.1000002e-02 -9.7000003e-02
 -3.7000000e-02 -1.3300000e-01 -1.8799999e-01  8.2999997e-02
 -2.5000000e-01  2.3000000e-02 -7.1000002e-02 -9.7000003e-02
 -3.7000000e-02 -1.3300000e-01 -1.8700001e-01  8.2999997e-02
  1.3100000e-01  4.2399999e-01  1.1100000e-01 -9.1799998e-01
 -8.3899999e-01  2.9499999e-01 -7.4699998e-01  8.9600003e-01
  2.0000000e+00  3.6100000e-01  9.2900002e-01  1.0829999e+00
  7.2200000e-01  1.3000000e+00  1.6250000e+00  0.0000000e+00
  2.0000000e+00  3.6100000e-01  9.2900002e-01  1.0829999e+00
  7.2200000e-01  1.3000000e+00  1.6250000e+00  0.0000000e+00
  2.0000000e+00  3.6100000e-01  9.2900002e-01  1.0829999e+00
  7.2200000e-01  1.3000000e+00  1.6250000e+00  0.0000000e+00
  2.0000000e+00  3.6100000e-01  9.2900002e-01  1.0829999e+00
  7.2200000e-01  1.3000000e+00  1.6250000e+00  0.0000000e+00
  2.0000000e+00  3.6100000e-01  9.2900002e-01  1.0829999e+00
  7.2200000e-01  1.3000000e+00  1.6250000e+00  0.0000000e+00
  7.1399999e-01  5.5100000e-01  8.7699997e-01  1.8570000e+00
  1.7380000e+00  3.7400001e-01  1.6790000e+00  0.0000000e+00]","[6 0 0 0 6 0 0 0 0 0 0 0 0 0 0 0 1 0 0 0 4 0 0 0 0 0 0 0 0 0 0 0 0 0 0 0 0
 0 0 0 0 0 0 0 0 0 0 0 0 0 0 0 0 0 0 0 0 0 0 0 0 0 0 0 0 0 0 0 1 0 0 0 0 0
 0 0 0 0 0 0 0 0 0 0 0 0 0 0 0 0 0 0 0 0 0 0 0 0 0 0 0 0 0 0 0 0 0 0 0 0 1
 0 0 0 0 0 0 0 0 0 0 0 1 0 0 0 0 0 0 0 1 0 0 0 0 0 0 0 0 0 0 0 0 0 0 0 0 0
 0 0 0 0 0 0 0 0 0 0 0 0 0 0 0 0 0 0 0 0 0 0 0 1 2 0 0 0 0 0 0 0 0 0 0 0 0
 0 0 0 0 0 0 0 0 0 0 0 0 0 1 0 0 0 0 0 0 3 0 0 0 0 0 0 0 0 0 0 0 0 0 1 0 0
 0 0 0 4 0 0 0 0 0 0 0 0 0 0 0 0 0 0 1 0 0 0 0 0 0 1 0 0 0 0 0 0 0 0]"
42,"N,N-Dimethylaminoethyl acrylate",Cationic Acrylates,C=CC(=O)OCCN(C)C,"[ 3.2477111e-02  1.9264204e-02  1.5808972e-02  1.4076900e-02
  1.6181700e-02 -1.0089573e-02 -3.1562850e-02  0.0000000e+00
 -3.0654827e-02  5.9275231e-03  2.3726605e-02 -1.7559024e-02
  1.1757264e-02  6.8728528e-03  1.2446634e-03  0.0000000e+00
  4.4444445e-01  4.0000001e-01  2.5000000e-01  0.0000000e+00
  0.0000000e+00  0.0000000e+00  0.0000000e+00  0.0000000e+00
  2.4419999e+00  2.5599999e+00  2.3559999e+00  2.0999999e+00
  1.9050000e+00  1.9210000e+00  1.0990000e+00  0.0000000e+00
  2.1300001e+00  2.2420001e+00  2.0390000e+00  1.7750000e+00
  1.6680000e+00  1.6460000e+00  1.0990000e+00  0.0000000e+00
  2.4389999e+00  2.5580001e+00  2.3529999e+00  2.0969999e+00
  1.9020000e+00  1.9190000e+00  1.0990000e+00  0.0000000e+00
  1.9790000e+00  2.1040001e+00  1.8940001e+00  1.6070000e+00
  1.5910000e+00  1.5120000e+00  1.0990000e+00  0.0000000e+00
  2.4419999e+00  2.5160000e+00  2.3210001e+00  2.0690000e+00
  1.9240000e+00  1.9040000e+00  1.0990000e+00  0.0000000e+00
  3.6810000e+00  4.3740001e+00  3.5020001e+00  3.1500001e+00
  3.3080001e+00  3.2190001e+00  1.0990000e+00  0.0000000e+00
  1.0400000e-01  1.6599999e-01  1.1000000e-01  8.2999997e-02
  4.8000000e-02  6.1999999e-02  1.4000000e-02  0.0000000e+00
  1.0900000e-01  1.3699999e-01  1.0900000e-01  7.5999998e-02
  6.6000000e-02  5.9000000e-02  1.3000000e-02  0.0000000e+00
  9.8999999e-02  1.6000000e-01  1.0600000e-01  7.9999998e-02
  4.6000000e-02  5.9999999e-02  1.3000000e-02  0.0000000e+00
  3.4000000e-01  4.7499999e-01  3.5299999e-01  2.5200000e-01
  1.8900000e-01  1.9300000e-01  4.3000001e-02  0.0000000e+00
  9.0999998e-02  8.9000002e-02  7.9999998e-02  5.5000000e-02
  6.1000001e-02  4.5000002e-02  9.9999998e-03  0.0000000e+00
  1.1664000e+01  2.4304001e+01  2.0805000e+01  1.3438000e+01
  5.4610000e+00  1.7183001e+01  3.4670000e+00  0.0000000e+00
 -3.8499999e-01  1.5400000e-01 -9.4999999e-02 -5.1300001e-01
  3.8499999e-01 -3.8499999e-01  3.8499999e-01  0.0000000e+00
 -4.9399999e-01  7.5999998e-02  7.5999998e-02 -5.3200001e-01
  5.0900000e-01 -4.2500001e-01  4.2500001e-01  0.0000000e+00
 -3.8000000e-01  1.5600000e-01 -1.0300000e-01 -5.1099998e-01
  3.7799999e-01 -3.8200000e-01  3.8200000e-01  0.0000000e+00
 -4.5100001e-01  1.1100000e-01  4.0000002e-03 -5.3100002e-01
  4.6900001e-01 -4.1299999e-01  4.1299999e-01  0.0000000e+00
 -5.5699998e-01 -6.0000001e-03  2.1600001e-01 -4.7900000e-01
  4.9100000e-01 -4.1299999e-01  4.1299999e-01  0.0000000e+00
 -1.7900001e-01  5.9899998e-01 -4.3000001e-01 -4.5100001e-01
  8.1000000e-02 -9.2500001e-01  4.9000001e-01  0.0000000e+00
  1.1550000e+00  8.9999998e-01  1.1240000e+00  1.5000000e+00
  2.7700001e-01  1.2460001e+00  0.0000000e+00  0.0000000e+00
  1.3520000e+00  8.7699997e-01  8.9099997e-01  1.4620000e+00
  3.4999999e-01  1.2830000e+00  0.0000000e+00  0.0000000e+00
  1.1480000e+00  8.9999998e-01  1.1330000e+00  1.5000000e+00
  2.7800000e-01  1.2440000e+00  0.0000000e+00  0.0000000e+00
  1.2620000e+00  8.9300001e-01  9.9500000e-01  1.4880000e+00
  2.9300001e-01  1.2710000e+00  0.0000000e+00  0.0000000e+00
  1.5800000e+00  7.9799998e-01  6.3800001e-01  1.3300000e+00
  6.7299998e-01  1.2720000e+00  0.0000000e+00  0.0000000e+00
  7.8500003e-01  3.7700000e-01  1.4310000e+00  1.2220000e+00
  7.6099998e-01  2.3160000e+00  0.0000000e+00  0.0000000e+00]","[7 0 2 0 0 0 0 0 0 0 0 0 0 0 0 0 0 0 1 0 0 0 0 0 0 0 0 0 0 0 0 0 0 0 1 0 0
 0 1 0 0 0 0 0 1 0 0 0 0 0 0 0 0 0 1 0 0 0 1 0 0 0 0 0 0 0 0 0 0 0 0 0 0 0
 0 0 0 0 0 0 0 0 0 0 0 0 0 0 0 1 0 0 0 0 0 0 0 0 0 0 0 0 0 0 0 0 0 0 0 0 0
 0 0 0 1 0 0 0 0 0 0 0 1 0 0 0 0 0 0 0 0 0 0 0 0 0 0 0 0 0 0 0 0 0 0 0 0 0
 0 0 0 0 0 0 0 0 0 0 0 0 0 0 1 0 0 0 0 0 0 0 0 1 0 0 0 0 0 0 0 0 0 0 0 0 1
 0 0 0 0 0 0 0 0 0 0 0 0 0 0 0 0 0 0 0 0 0 0 0 0 0 0 2 0 0 0 0 0 0 0 0 0 0
 0 0 0 0 0 0 0 1 0 0 0 0 0 0 0 0 0 0 0 0 0 0 0 0 0 0 1 0 0 0 0 0 0 1]"
43,"N,N-Diethylaminoethyl acrylate",Cationic Acrylates,C=CC(=O)OCCN(CC)CC,"[ 2.12404802e-02  8.39939341e-03  7.64530792e-04  5.17527945e-03
  8.74223094e-03 -1.86648406e-02 -1.04008662e-02  2.23499089e-02
 -2.55361199e-02  7.62456050e-03  1.55326100e-02 -1.33476015e-02
  1.59607995e-02 -6.92839327e-04  4.17562947e-03  4.81505087e-03
  3.63636374e-01  3.33333343e-01  1.66666672e-01  0.00000000e+00
  0.00000000e+00  0.00000000e+00  0.00000000e+00  0.00000000e+00
  2.60200000e+00  2.72600007e+00  2.67799997e+00  2.41300011e+00
  2.23900008e+00  2.17799997e+00  2.03699994e+00  1.09899998e+00
  2.34400010e+00  2.39100003e+00  2.45799994e+00  2.18600011e+00
  1.90600002e+00  1.97200000e+00  1.86099994e+00  1.09899998e+00
  2.59999990e+00  2.72300005e+00  2.67600012e+00  2.41100001e+00
  2.23600006e+00  2.17600012e+00  2.03500009e+00  1.09899998e+00
  2.22300005e+00  2.24499989e+00  2.36500001e+00  2.07800007e+00
  1.76100004e+00  1.87699997e+00  1.77600002e+00  1.09899998e+00
  2.60299993e+00  2.70600009e+00  2.65199995e+00  2.39000010e+00
  2.22700000e+00  2.16400003e+00  2.00399995e+00  1.09899998e+00
  3.73000002e+00  4.42299986e+00  3.61500001e+00  3.27099991e+00
  3.53600001e+00  3.34400010e+00  3.21900010e+00  1.09899998e+00
  9.89999995e-02  1.67999998e-01  1.19000003e-01  8.50000009e-02
  8.29999968e-02  6.19999990e-02  5.60000017e-02  9.99999978e-03
  1.01999998e-01  1.50000006e-01  1.19000003e-01  7.90000036e-02
  9.30000022e-02  5.99999987e-02  4.80000004e-02  8.99999961e-03
  9.49999988e-02  1.62000000e-01  1.14000000e-01  8.20000023e-02
  7.90000036e-02  5.99999987e-02  5.40000014e-02  8.99999961e-03
  3.21999997e-01  5.01999974e-01  3.81999999e-01  2.61000007e-01
  2.86000013e-01  1.94000006e-01  1.63000003e-01  2.99999993e-02
  8.50000009e-02  1.08000003e-01  8.90000015e-02  5.79999983e-02
  7.69999996e-02  4.50000018e-02  3.20000015e-02  7.00000022e-03
  1.10909996e+01  2.52900009e+01  2.22180004e+01  1.54029999e+01
  5.88800001e+00  1.59860001e+01  1.73430004e+01  2.40799999e+00
 -2.91000009e-01  9.60000008e-02  4.89999987e-02 -2.61000007e-01
 -2.89999992e-02 -2.15000004e-01 -1.80999994e-01  3.00999999e-01
 -3.72000009e-01 -5.60000017e-02  1.82999998e-01 -2.64999986e-01
  1.07000001e-01 -2.36000001e-01 -1.34000003e-01  3.31000000e-01
 -2.87000000e-01  1.01999998e-01  4.30000015e-02 -2.59999990e-01
 -3.50000001e-02 -2.14000002e-01 -1.81999996e-01  3.00000012e-01
 -3.38999987e-01  1.09999999e-02  1.28000006e-01 -2.66999990e-01
  5.40000014e-02 -2.30000004e-01 -1.57000005e-01  3.21999997e-01
 -4.21000004e-01 -2.11999997e-01  2.77000010e-01 -2.33999997e-01
  1.81999996e-01 -2.30000004e-01 -5.79999983e-02  3.21999997e-01
 -9.20000002e-02  5.80999970e-01 -1.78000003e-01 -1.97999999e-01
 -7.10000023e-02 -6.21999979e-01 -6.54999971e-01  3.77999991e-01
  1.08500004e+00  9.95000005e-01  8.61000001e-01  1.14900005e+00
  1.13600004e+00  1.02300000e+00  1.05999994e+00  0.00000000e+00
  1.26199996e+00  1.15699995e+00  6.77999973e-01  1.11199999e+00
  1.05400002e+00  1.04600000e+00  8.97000015e-01  0.00000000e+00
  1.07900000e+00  9.89000022e-01  8.67999971e-01  1.14900005e+00
  1.13999999e+00  1.02100003e+00  1.06400001e+00  0.00000000e+00
  1.18099999e+00  1.08200002e+00  7.59000003e-01  1.13399994e+00
  1.08000004e+00  1.03900003e+00  9.80000019e-01  0.00000000e+00
  1.47800004e+00  1.35500002e+00  4.86000001e-01  1.01400006e+00
  1.07900000e+00  1.03900003e+00  6.16999984e-01  0.00000000e+00
  7.25000024e-01  3.79000008e-01  1.07799995e+00  9.20000017e-01
  8.70999992e-01  1.88800001e+00  2.15700006e+00  0.00000000e+00]","[9 0 2 0 0 0 0 0 0 0 0 0 0 0 0 0 0 0 1 0 0 0 0 0 0 0 0 0 0 0 0 0 0 0 1 0 0
 0 1 0 0 0 0 0 1 0 0 0 0 0 0 0 0 0 3 0 0 0 1 0 0 2 0 0 0 0 0 0 0 0 0 0 0 0
 0 0 0 0 0 0 0 0 0 0 0 0 0 0 0 1 0 0 0 0 0 0 0 0 0 0 0 0 0 0 0 0 0 0 0 0 0
 0 0 0 1 0 0 0 0 0 0 0 1 0 0 0 0 0 0 0 0 0 0 0 0 0 0 0 0 0 0 0 0 0 0 0 0 0
 0 0 0 0 0 0 0 0 0 0 0 1 0 0 0 0 0 0 0 0 0 0 0 1 0 0 0 0 0 0 0 0 0 0 0 0 1
 0 0 0 0 0 0 0 0 0 0 0 0 0 0 0 0 0 0 0 0 0 0 0 0 0 0 0 2 0 0 0 0 0 0 0 0 0
 0 0 0 0 0 0 0 1 0 0 0 0 0 0 0 0 0 0 0 0 0 0 0 0 0 0 1 0 0 0 0 0 0 1]"
44,[2-(Acryloyloxy)ethyl]triethylammonium chloride,Cationic Acrylates,C=CC(=O)OCC[N+](CC)(CC)CC,"[ 2.20145378e-02  1.08951796e-02 -5.25586400e-03  6.03989791e-03
  1.19912205e-02 -1.74507257e-02 -1.04008662e-02  2.23499089e-02
 -2.99605690e-02  4.89421468e-03  1.31211551e-02 -1.95926055e-02
  1.77466590e-02 -3.80781805e-03 -1.14868872e-03  1.39945711e-03
  3.07692319e-01  2.50000000e-01  1.11111112e-01  0.00000000e+00
  0.00000000e+00  0.00000000e+00  0.00000000e+00  0.00000000e+00
  2.75099993e+00  2.96700001e+00  3.02300000e+00  2.74099994e+00
  2.46099997e+00  2.49799991e+00  2.39800000e+00  1.38600004e+00
  2.49900007e+00  2.68700004e+00  2.87299991e+00  2.53500009e+00
  2.13299990e+00  2.29299998e+00  2.21300006e+00  1.38600004e+00
  2.74900007e+00  2.96399999e+00  3.02099991e+00  2.73900008e+00
  2.45799994e+00  2.49699998e+00  2.39599991e+00  1.38600004e+00
  2.38499999e+00  2.56999993e+00  2.81200004e+00  2.43700004e+00
  1.98399997e+00  2.19600010e+00  2.12400007e+00  1.38600004e+00
  2.75900006e+00  2.95799994e+00  3.00500011e+00  2.71700001e+00
  2.44099998e+00  2.47799993e+00  2.36400008e+00  1.38600004e+00
  3.75399995e+00  4.45800018e+00  3.72399998e+00  3.46600008e+00
  3.52600002e+00  3.70099998e+00  3.61100006e+00  1.38600004e+00
  9.49999988e-02  1.77000001e-01  1.27000004e-01  9.89999995e-02
  9.79999974e-02  7.59999976e-02  7.00000003e-02  1.09999999e-02
  1.01999998e-01  1.60999998e-01  1.28000006e-01  9.00000036e-02
  1.04999997e-01  7.00000003e-02  5.99999987e-02  9.99999978e-03
  9.09999982e-02  1.70000002e-01  1.22000001e-01  9.60000008e-02
  9.39999968e-02  7.29999989e-02  6.70000017e-02  9.99999978e-03
  3.17000002e-01  5.33999979e-01  4.11000013e-01  3.00999999e-01
  3.30000013e-01  2.32999995e-01  2.03999996e-01  3.29999998e-02
  8.79999995e-02  1.19000003e-01  9.79999974e-02  6.49999976e-02
  8.50000009e-02  5.20000011e-02  3.99999991e-02  8.00000038e-03
  1.01680002e+01  3.03959999e+01  2.32439995e+01  1.66620007e+01
  8.70499992e+00  2.05289993e+01  2.19729996e+01  2.45600009e+00
 -2.86000013e-01  1.26000002e-01  1.16999999e-01 -2.31999993e-01
 -9.09999982e-02 -2.38000005e-01 -2.14000002e-01  2.47999996e-01
 -3.84000003e-01 -1.89999994e-02  2.21000001e-01 -2.25999996e-01
  4.50000018e-02 -2.40999997e-01 -1.72999993e-01  2.70999998e-01
 -2.82000005e-01  1.30999997e-01  1.12000003e-01 -2.31999993e-01
 -9.70000029e-02 -2.37000003e-01 -2.16000006e-01  2.46000007e-01
 -3.44000012e-01  4.60000001e-02  1.79000005e-01 -2.31999993e-01
 -9.99999978e-03 -2.43000001e-01 -1.94000006e-01  2.63999999e-01
 -4.53999996e-01 -1.73999995e-01  2.84999996e-01 -1.87999994e-01
  1.37999997e-01 -2.15000004e-01 -1.00000001e-01  2.63999999e-01
 -1.79999992e-02  5.95000029e-01 -6.10000007e-02 -1.33000001e-01
 -2.22000003e-01 -6.39999986e-01 -6.56000018e-01  2.82999992e-01
  1.11000001e+00  9.02000010e-01  6.49999976e-01  1.17799997e+00
  1.40100002e+00  1.17100000e+00  1.20099998e+00  0.00000000e+00
  1.37399995e+00  1.11600006e+00  5.09999990e-01  1.10300004e+00
  1.26300001e+00  1.13000000e+00  1.01199996e+00  0.00000000e+00
  1.10099995e+00  8.94999981e-01  6.56000018e-01  1.17999995e+00
  1.40699995e+00  1.17200005e+00  1.20599997e+00  0.00000000e+00
  1.25000000e+00  1.01499999e+00  5.72000027e-01  1.14300001e+00
  1.31799996e+00  1.15400004e+00  1.10699999e+00  0.00000000e+00
  1.72300005e+00  1.39999998e+00  3.65999997e-01  9.53999996e-01
  1.17999995e+00  1.03100002e+00  6.97000027e-01  0.00000000e+00
  6.61000013e-01  2.96999991e-01  8.18000019e-01  7.87999988e-01
  1.00899994e+00  2.19300008e+00  2.40799999e+00  0.00000000e+00]","[11  0  2  0  0  0  0  0  0  0  0  0  0  0  0  0  1  0  0  0  0  0  0  0
  0  0  0  0  0  0  0  0  0  0  0  0  0  1  1  0  4  0  0  0  1  0  0  0
  0  0  0  0  0  0  0  0  0  0  1  0  0  3  0  0  0  0  0  0  0  0  0  0
  0  0  0  0  0  0  0  0  0  0  0  0  3  0  0  0  0  1  0  0  0  0  0  0
  0  0  0  0  0  0  0  0  0  0  0  0  0  0  0  0  0  0  1  0  0  0  0  0
  0  0  1  0  0  1  0  0  0  0  0  0  0  0  0  0  0  0  0  0  0  0  0  0
  0  0  0  0  0  0  0  0  0  0  0  0  0  0  0  0  0  0  0  0  0  0  0  0
  0  0  0  0  0  0  0  0  0  0  0  0  0  0  0  0  1  0  0  0  0  0  0  0
  0  0  0  0  0  0  0  0  0  0  0  0  0  1  0  0  0  0  0  0  0  0  0  0
  0  0  0  0  0  0  0  0  0  0  0  0  0  1  0  0  0  0  0  0  0  0  0  0
  1  0  0  0  0  0  0  0  1  0  0  0  0  0  0  0]"
45,2-Phenoxyethyl acrylate,Aromatic Acrylates,C=CC(=O)OCCOC1=CC=CC=C1,"[ 1.6208153e-02  7.3456024e-03 -8.6530978e-03 -1.4753017e-02
 -3.3563495e-02 -2.5688136e-02 -1.7117653e-03  8.3341345e-04
 -2.7474198e-02  1.3703159e-03  2.5964122e-02 -2.4495548e-02
  1.5241300e-02  6.2937522e-03 -1.4867513e-03  1.4681350e-03
  7.8571427e-01  7.5000000e-01  5.7142860e-01  3.0000001e-01
  5.5555558e-01  8.7500000e-01  1.0000000e+00  1.0000000e+00
  2.8130000e+00  2.9840000e+00  2.8590000e+00  2.5120001e+00
  2.4660001e+00  2.3350000e+00  2.3020000e+00  2.1589999e+00
  2.6080000e+00  2.6949999e+00  2.5710001e+00  2.2880001e+00
  2.1580000e+00  2.0620000e+00  2.0969999e+00  2.0050001e+00
  2.8120000e+00  2.9820001e+00  2.8559999e+00  2.5100000e+00
  2.4630001e+00  2.3329999e+00  2.3010001e+00  2.1580000e+00
  2.5070000e+00  2.5599999e+00  2.4410000e+00  2.1770000e+00
  2.0239999e+00  1.9200000e+00  1.9970000e+00  1.9330000e+00
  2.7760000e+00  2.9300001e+00  2.8039999e+00  2.4710000e+00
  2.4059999e+00  2.2860000e+00  2.2650001e+00  2.1300001e+00
  4.7900000e+00  5.2189999e+00  4.7249999e+00  4.0009999e+00
  4.4219999e+00  4.2220001e+00  4.7709999e+00  4.6409998e+00
  1.3900000e-01  2.2499999e-01  2.0200001e-01  1.0500000e-01
  1.4900000e-01  9.4999999e-02  8.1000000e-02  6.1999999e-02
  1.0200000e-01  1.6599999e-01  1.4900000e-01  7.7000000e-02
  1.1000000e-01  7.0000000e-02  5.9999999e-02  4.6000000e-02
  1.3400000e-01  2.1900000e-01  1.9599999e-01  1.0200000e-01
  1.4500000e-01  9.2000000e-02  7.9000004e-02  6.1000001e-02
  3.7300000e-01  6.0699999e-01  5.4400003e-01  2.8200001e-01
  4.0200001e-01  2.5500000e-01  2.1900000e-01  1.6900000e-01
  5.5000000e-02  8.9000002e-02  7.9999998e-02  4.1999999e-02
  5.9000000e-02  3.7999999e-02  3.2000002e-02  2.5000000e-02
  2.1219000e+01  2.1774000e+01  3.2554001e+01  2.3305000e+01
  1.4471000e+01  1.2581000e+01  1.3804000e+01  1.2638000e+01
 -1.8200000e-01  8.0000004e-03  6.1000001e-02 -2.3600000e-01
  2.2600000e-01 -3.6399999e-01 -2.0500000e-01 -9.0999998e-02
 -1.8200000e-01  8.0000004e-03  6.1000001e-02 -2.3600000e-01
  2.2600000e-01 -3.6399999e-01 -2.0500000e-01 -9.0999998e-02
 -1.8200000e-01  8.0000004e-03  6.1000001e-02 -2.3600000e-01
  2.2600000e-01 -3.6399999e-01 -2.0500000e-01 -9.0999998e-02
 -1.8200000e-01  8.0000004e-03  6.1000001e-02 -2.3600000e-01
  2.2600000e-01 -3.6399999e-01 -2.0500000e-01 -9.0999998e-02
 -1.8200000e-01  8.0000004e-03  6.1000001e-02 -2.3600000e-01
  2.2600000e-01 -3.6399999e-01 -2.0500000e-01 -9.0999998e-02
 -1.6700000e-01  3.2300001e-01 -4.1000000e-01 -4.9700001e-01
  1.5000001e-01 -5.3299999e-01  4.0900001e-01  1.5500000e-01
  9.8500001e-01  1.0340000e+00  9.8500001e-01  1.1030000e+00
  9.1900003e-01  1.3789999e+00  1.0340000e+00  7.8799999e-01
  9.8500001e-01  1.0340000e+00  9.8500001e-01  1.1030000e+00
  9.1900003e-01  1.3789999e+00  1.0340000e+00  7.8799999e-01
  9.8500001e-01  1.0340000e+00  9.8500001e-01  1.1030000e+00
  9.1900003e-01  1.3789999e+00  1.0340000e+00  7.8799999e-01
  9.8500001e-01  1.0340000e+00  9.8500001e-01  1.1030000e+00
  9.1900003e-01  1.3789999e+00  1.0340000e+00  7.8799999e-01
  9.8500001e-01  1.0340000e+00  9.8500001e-01  1.1030000e+00
  9.1900003e-01  1.3789999e+00  1.0340000e+00  7.8799999e-01
  8.9999998e-01  5.0400001e-01  1.3820000e+00  1.5180000e+00
  7.6700002e-01  1.3060000e+00  6.3800001e-01  1.0220000e+00]","[5 0 3 0 6 0 0 0 0 0 0 0 0 0 0 0 0 0 0 0 0 0 0 0 0 0 0 0 0 0 0 0 0 0 0 1 0
 0 2 0 0 0 0 0 1 0 0 0 0 0 0 0 0 0 0 0 0 0 1 1 0 0 0 0 0 0 0 0 0 0 0 0 0 0
 0 0 0 0 0 0 0 0 0 0 0 0 3 0 0 1 0 0 0 0 0 0 0 1 0 0 0 0 0 0 0 0 0 0 0 0 0
 0 0 0 1 0 0 0 0 0 0 0 1 0 0 0 0 0 0 0 0 0 0 0 0 0 0 0 0 0 0 0 0 0 0 0 0 0
 0 0 0 0 0 0 0 0 0 0 0 0 0 0 0 0 0 0 0 1 0 0 0 0 0 0 0 0 0 0 0 0 0 0 0 0 1
 0 0 0 0 0 0 0 0 0 0 0 0 0 1 0 0 0 0 0 0 0 0 0 0 0 0 0 0 0 0 0 0 0 0 0 0 0
 0 0 1 5 0 0 0 1 0 0 0 0 0 0 0 0 0 0 0 0 0 0 0 0 0 0 3 0 0 0 0 0 0 0]"
46,Phenyl acrylate,Aromatic Acrylates,C=CC(=O)OC1=CC=CC=C1,"[ 1.6720487e-02 -6.1491202e-03 -1.5642513e-02 -8.6503774e-03
  8.3341345e-04  1.2359468e-02  2.4521310e-02  0.0000000e+00
 -2.4660798e-02  8.7256394e-03  5.6668255e-03 -2.0218370e-03
  1.3834720e-03  6.2534194e-03  5.6932713e-03  0.0000000e+00
  1.0000000e+00  1.0000000e+00  1.0000000e+00  1.0000000e+00
  1.0000000e+00  1.0000000e+00  1.0000000e+00  0.0000000e+00
  2.5650001e+00  2.7790000e+00  2.6150000e+00  2.3020000e+00
  2.1589999e+00  1.6740000e+00  6.9300002e-01  0.0000000e+00
  2.4110000e+00  2.5150001e+00  2.3580000e+00  2.0969999e+00
  2.0050001e+00  1.5510000e+00  6.9300002e-01  0.0000000e+00
  2.5639999e+00  2.7770000e+00  2.6129999e+00  2.3010001e+00
  2.1580000e+00  1.6730000e+00  6.9300002e-01  0.0000000e+00
  2.3380001e+00  2.4000001e+00  2.2270000e+00  1.9970000e+00
  1.9330000e+00  1.4940000e+00  6.9300002e-01  0.0000000e+00
  2.5360000e+00  2.7279999e+00  2.5690000e+00  2.2650001e+00
  2.1300001e+00  1.6500000e+00  6.9300002e-01  0.0000000e+00
  4.7220001e+00  5.1780000e+00  4.6989999e+00  4.7709999e+00
  4.6409998e+00  3.9700000e+00  1.6090000e+00  0.0000000e+00
  7.8000002e-02  1.6900000e-01  1.0400000e-01  6.7000002e-02
  5.0999999e-02  2.7000001e-02  4.0000002e-03  0.0000000e+00
  5.7999998e-02  1.2400000e-01  7.7000000e-02  5.0000001e-02
  3.7999999e-02  2.0000000e-02  3.0000000e-03  0.0000000e+00
  7.5999998e-02  1.6400000e-01  1.0100000e-01  6.6000000e-02
  5.0000001e-02  2.7000001e-02  4.0000002e-03  0.0000000e+00
  2.1100000e-01  4.5500001e-01  2.8000000e-01  1.8200000e-01
  1.3800000e-01  7.4000001e-02  9.9999998e-03  0.0000000e+00
  3.0999999e-02  6.7000002e-02  4.1000001e-02  2.7000001e-02
  2.0000000e-02  1.1000000e-02  1.0000000e-03  0.0000000e+00
  1.1274000e+01  1.2597000e+01  1.9292000e+01  1.0180000e+01
  6.9520001e+00  4.2270002e+00  1.1880000e+00  0.0000000e+00
 -1.1100000e-01  1.7500000e-01 -3.3300000e-01 -2.3600000e-01
 -1.2700000e-01 -8.2999997e-02  2.2200000e-01  0.0000000e+00
 -1.1100000e-01  1.7500000e-01 -3.3300000e-01 -2.3600000e-01
 -1.2700000e-01 -8.2999997e-02  2.2200000e-01  0.0000000e+00
 -1.1100000e-01  1.7500000e-01 -3.3300000e-01 -2.3600000e-01
 -1.2700000e-01 -8.2999997e-02  2.2200000e-01  0.0000000e+00
 -1.1100000e-01  1.7500000e-01 -3.3300000e-01 -2.3600000e-01
 -1.2700000e-01 -8.2999997e-02  2.2200000e-01  0.0000000e+00
 -1.1100000e-01  1.7500000e-01 -3.3300000e-01 -2.3600000e-01
 -1.2700000e-01 -8.2999997e-02  2.2200000e-01  0.0000000e+00
 -3.4799999e-01  2.7900001e-01 -6.8300003e-01  3.4200001e-01
  2.6000001e-02 -5.4000001e-02 -4.8899999e-01  0.0000000e+00
  8.3300000e-01  9.4000000e-01  1.3890001e+00  1.1460000e+00
  8.7300003e-01  7.6400000e-01  0.0000000e+00  0.0000000e+00
  8.3300000e-01  9.4000000e-01  1.3890001e+00  1.1460000e+00
  8.7300003e-01  7.6400000e-01  0.0000000e+00  0.0000000e+00
  8.3300000e-01  9.4000000e-01  1.3890001e+00  1.1460000e+00
  8.7300003e-01  7.6400000e-01  0.0000000e+00  0.0000000e+00
  8.3300000e-01  9.4000000e-01  1.3890001e+00  1.1460000e+00
  8.7300003e-01  7.6400000e-01  0.0000000e+00  0.0000000e+00
  8.3300000e-01  9.4000000e-01  1.3890001e+00  1.1460000e+00
  8.7300003e-01  7.6400000e-01  0.0000000e+00  0.0000000e+00
  1.0290000e+00  4.7999999e-01  1.5820000e+00  6.9199997e-01
  1.1080000e+00  1.2640001e+00  1.6849999e+00  0.0000000e+00]","[3 0 2 0 6 0 0 0 0 0 0 0 0 0 0 0 0 0 0 0 0 0 0 0 0 0 0 0 0 0 0 0 0 0 0 0 0
 0 0 0 0 0 0 0 0 0 0 0 0 0 0 0 0 0 0 0 0 0 0 1 0 0 0 0 0 0 0 0 0 0 0 0 0 0
 0 0 0 0 0 0 0 0 0 0 0 0 3 0 0 1 0 0 0 0 0 0 0 0 0 0 0 0 0 0 0 0 0 0 0 0 0
 0 0 0 1 0 0 0 0 0 0 0 1 0 0 0 0 0 0 0 0 0 0 0 0 0 0 0 0 0 0 0 0 0 0 0 0 0
 0 0 0 0 0 0 0 0 0 0 0 0 0 0 0 0 0 0 0 0 0 0 0 0 0 0 0 0 0 0 0 0 0 0 0 0 1
 0 0 1 0 0 0 0 0 0 0 0 0 0 1 0 0 0 0 0 0 0 0 0 0 0 0 0 0 0 0 0 0 0 0 0 0 0
 1 0 1 5 0 0 0 0 0 0 0 0 0 0 0 0 0 0 0 0 0 0 0 0 0 0 3 0 0 0 0 0 0 0]"
47,4-Methylbenzyl acrylate,Aromatic Acrylates,C=CC(=O)OCC1=CC=C(C)C=C1,"[ 1.4338475e-02  5.2788258e-03 -1.0704622e-03 -1.2534730e-02
 -8.8642202e-03  7.7539403e-04  5.1721404e-03  7.1016341e-03
 -2.0583909e-02  7.4991519e-03  5.9036324e-03  3.9821665e-04
  7.1132445e-04  4.8397449e-03  1.8998735e-03  4.6257102e-03
  7.6923078e-01  6.8750000e-01  5.7142860e-01  6.6666669e-01
  8.8888890e-01  8.7500000e-01  8.0000001e-01  3.3333334e-01
  2.7079999e+00  2.9319999e+00  2.8130000e+00  2.3980000e+00
  2.3980000e+00  2.3020000e+00  1.8460000e+00  1.4660000e+00
  2.5760000e+00  2.7509999e+00  2.6080000e+00  2.2130001e+00
  2.2130001e+00  2.0969999e+00  1.7430000e+00  1.3120000e+00
  2.7070000e+00  2.9310000e+00  2.8120000e+00  2.3959999e+00
  2.3959999e+00  2.3010001e+00  1.8450000e+00  1.4650000e+00
  2.5150001e+00  2.6789999e+00  2.5070000e+00  2.1240001e+00
  2.1240001e+00  1.9970000e+00  1.6960000e+00  1.2400000e+00
  2.6830001e+00  2.8950000e+00  2.7760000e+00  2.3640001e+00
  2.3640001e+00  2.2650001e+00  1.8260000e+00  1.4370000e+00
  4.5500002e+00  5.0200000e+00  4.6450000e+00  4.1739998e+00
  4.7080002e+00  4.6370001e+00  3.3670001e+00  2.6150000e+00
  6.8999998e-02  1.5300000e-01  9.4999999e-02  5.9000000e-02
  5.9000000e-02  5.6000002e-02  2.5000000e-02  2.0000000e-02
  5.0999999e-02  1.1300000e-01  7.0000000e-02  4.3000001e-02
  4.3000001e-02  4.1000001e-02  1.7999999e-02  1.4000000e-02
  6.7000002e-02  1.4900000e-01  9.3000002e-02  5.7000000e-02
  5.7000000e-02  5.5000000e-02  2.4000000e-02  1.8999999e-02
  1.8700001e-01  4.1400000e-01  2.5700000e-01  1.5800001e-01
  1.5800001e-01  1.5099999e-01  6.7000002e-02  5.2999999e-02
  2.8000001e-02  6.1000001e-02  3.7999999e-02  2.3000000e-02
  2.3000000e-02  2.2000000e-02  9.9999998e-03  8.0000004e-03
  2.2975000e+01  2.8384001e+01  3.3710999e+01  1.9306000e+01
  2.0316000e+01  1.7349001e+01  1.3186000e+01  1.2498000e+01
 -9.0999998e-02  2.9300001e-01 -2.3999999e-01 -2.1200000e-01
 -2.1200000e-01 -2.6100001e-01 -5.5000000e-02 -2.1200000e-01
 -9.0999998e-02  2.9300001e-01 -2.3999999e-01 -2.1200000e-01
 -2.1200000e-01 -2.6100001e-01 -5.5000000e-02 -2.1200000e-01
 -9.0999998e-02  2.9300001e-01 -2.3999999e-01 -2.1200000e-01
 -2.1200000e-01 -2.6100001e-01 -5.5000000e-02 -2.1200000e-01
 -9.0999998e-02  2.9300001e-01 -2.3999999e-01 -2.1200000e-01
 -2.1200000e-01 -2.6100001e-01 -5.5000000e-02 -2.1200000e-01
 -9.0999998e-02  2.9300001e-01 -2.3999999e-01 -2.1200000e-01
 -2.1200000e-01 -2.6100001e-01 -5.5000000e-02 -2.1200000e-01
 -2.2100000e-01 -1.0000000e-03 -4.9300000e-01  2.8999999e-02
  5.0700003e-01  2.9899999e-01 -5.4699999e-01 -8.3399999e-01
  8.1800002e-01  6.6500002e-01  1.2660000e+00  1.1820000e+00
  1.1820000e+00  1.3300000e+00  7.0899999e-01  1.1820000e+00
  8.1800002e-01  6.6500002e-01  1.2660000e+00  1.1820000e+00
  1.1820000e+00  1.3300000e+00  7.0899999e-01  1.1820000e+00
  8.1800002e-01  6.6500002e-01  1.2660000e+00  1.1820000e+00
  1.1820000e+00  1.3300000e+00  7.0899999e-01  1.1820000e+00
  8.1800002e-01  6.6500002e-01  1.2660000e+00  1.1820000e+00
  1.1820000e+00  1.3300000e+00  7.0899999e-01  1.1820000e+00
  8.1800002e-01  6.6500002e-01  1.2660000e+00  1.1820000e+00
  1.1820000e+00  1.3300000e+00  7.0899999e-01  1.1820000e+00
  8.9999998e-01  8.1199998e-01  1.3750000e+00  7.9799998e-01
  5.6500000e-01  8.2200003e-01  1.6280000e+00  2.3570001e+00]","[5 0 2 0 6 0 0 0 0 0 0 0 0 0 0 0 0 0 0 0 4 0 0 0 0 0 0 0 0 0 0 0 0 1 0 0 0
 0 0 0 0 0 0 0 0 0 0 0 0 0 0 0 0 0 0 0 0 0 2 0 0 0 0 0 0 0 0 1 0 0 0 0 0 0
 0 0 0 0 0 0 0 0 0 0 0 0 0 0 0 1 0 0 0 0 0 0 0 0 0 0 0 0 0 0 0 0 0 0 0 0 0
 0 0 0 1 0 0 0 0 0 0 1 1 0 0 0 0 0 0 0 0 0 0 0 0 0 0 0 0 0 0 0 0 0 0 0 0 0
 0 0 0 0 0 0 0 0 0 0 0 0 0 0 0 0 0 0 0 0 0 0 0 0 2 0 0 0 0 0 0 0 0 0 0 0 1
 0 0 0 0 0 0 0 0 1 0 0 0 0 0 0 0 0 1 0 0 0 0 0 0 0 0 0 0 0 0 0 0 0 0 0 0 0
 0 0 0 4 0 0 0 1 0 0 0 0 0 0 0 0 0 0 0 0 0 0 0 0 0 0 1 0 0 0 0 0 0 0]"
48,2-Phenylethyl acrylate,Aromatic Acrylates,C=CC(=O)OCCC1=CC=CC=C1,"[ 1.5598772e-02  6.1435746e-03 -2.9921366e-03 -1.8185932e-02
 -1.8682880e-02 -9.6160490e-03  8.3341345e-04  1.2359468e-02
 -1.9502698e-02  7.7361264e-03  4.9128262e-03  1.9045821e-03
  2.7748733e-03  2.4008804e-03  2.7043787e-03  6.4402134e-03
  7.6923078e-01  6.6666669e-01  4.6153846e-01  3.3333334e-01
  7.5000000e-01  1.0000000e+00  1.0000000e+00  1.0000000e+00
  2.7079999e+00  2.8780000e+00  2.7300000e+00  2.3980000e+00
  2.3020000e+00  2.3020000e+00  2.1589999e+00  1.6740000e+00
  2.5760000e+00  2.6849999e+00  2.5539999e+00  2.2130001e+00
  2.0969999e+00  2.0969999e+00  2.0050001e+00  1.5510000e+00
  2.7070000e+00  2.8759999e+00  2.7279999e+00  2.3959999e+00
  2.3010001e+00  2.3010001e+00  2.1580000e+00  1.6730000e+00
  2.5150001e+00  2.6080000e+00  2.4700000e+00  2.1240001e+00
  1.9970000e+00  1.9970000e+00  1.9330000e+00  1.4940000e+00
  2.6830001e+00  2.8390000e+00  2.6970000e+00  2.3640001e+00
  2.2650001e+00  2.2650001e+00  2.1300001e+00  1.6500000e+00
  4.7249999e+00  5.0830002e+00  4.4390001e+00  4.0209999e+00
  4.1849999e+00  4.7709999e+00  4.6409998e+00  3.9700000e+00
  6.8999998e-02  1.5099999e-01  8.1000000e-02  5.9000000e-02
  5.6000002e-02  5.6000002e-02  4.1999999e-02  2.2000000e-02
  5.0999999e-02  1.1100000e-01  5.9999999e-02  4.3000001e-02
  4.1000001e-02  4.1000001e-02  3.0999999e-02  1.6000001e-02
  6.7000002e-02  1.4600000e-01  7.9000004e-02  5.7000000e-02
  5.5000000e-02  5.5000000e-02  4.1000001e-02  2.2000000e-02
  1.8700001e-01  4.0700001e-01  2.1799999e-01  1.5800001e-01
  1.5099999e-01  1.5099999e-01  1.1300000e-01  5.9999999e-02
  2.8000001e-02  5.9999999e-02  3.2000002e-02  2.3000000e-02
  2.2000000e-02  2.2000000e-02  1.7000001e-02  8.9999996e-03
  2.3315001e+01  2.4406000e+01  3.2915001e+01  2.2992001e+01
  1.6527000e+01  1.4101000e+01  1.3049000e+01  7.7300000e+00
 -9.0999998e-02  3.0000001e-01 -1.8200000e-01 -2.1200000e-01
 -2.6100001e-01 -2.6100001e-01 -1.5600000e-01 -1.1400000e-01
 -9.0999998e-02  3.0000001e-01 -1.8200000e-01 -2.1200000e-01
 -2.6100001e-01 -2.6100001e-01 -1.5600000e-01 -1.1400000e-01
 -9.0999998e-02  3.0000001e-01 -1.8200000e-01 -2.1200000e-01
 -2.6100001e-01 -2.6100001e-01 -1.5600000e-01 -1.1400000e-01
 -9.0999998e-02  3.0000001e-01 -1.8200000e-01 -2.1200000e-01
 -2.6100001e-01 -2.6100001e-01 -1.5600000e-01 -1.1400000e-01
 -9.0999998e-02  3.0000001e-01 -1.8200000e-01 -2.1200000e-01
 -2.6100001e-01 -2.6100001e-01 -1.5600000e-01 -1.1400000e-01
 -5.0999999e-02  2.4100000e-01 -6.3000000e-01 -3.1700000e-01
 -2.6499999e-01  3.9100000e-01  1.5600000e-01  3.2000002e-02
  8.1800002e-01  7.0899999e-01  1.0910000e+00  1.1820000e+00
  1.3300000e+00  1.3300000e+00  1.0130000e+00  8.8599998e-01
  8.1800002e-01  7.0899999e-01  1.0910000e+00  1.1820000e+00
  1.3300000e+00  1.3300000e+00  1.0130000e+00  8.8599998e-01
  8.1800002e-01  7.0899999e-01  1.0910000e+00  1.1820000e+00
  1.3300000e+00  1.3300000e+00  1.0130000e+00  8.8599998e-01
  8.1800002e-01  7.0899999e-01  1.0910000e+00  1.1820000e+00
  1.3300000e+00  1.3300000e+00  1.0130000e+00  8.8599998e-01
  8.1800002e-01  7.0899999e-01  1.0910000e+00  1.1820000e+00
  1.3300000e+00  1.3300000e+00  1.0130000e+00  8.8599998e-01
  7.8500003e-01  6.1799997e-01  1.6289999e+00  1.2869999e+00
  1.0840000e+00  5.9100002e-01  9.4599998e-01  1.0790000e+00]","[5 0 2 0 6 0 0 0 0 0 0 0 0 0 0 0 0 0 0 0 2 0 0 0 0 0 0 0 0 0 0 0 1 0 0 0 1
 0 1 0 0 0 0 0 1 0 0 0 0 0 0 0 0 0 0 0 0 0 1 0 0 0 0 0 0 0 0 0 0 0 0 0 0 0
 0 0 0 0 0 0 0 0 0 0 0 0 3 0 0 1 0 0 0 0 0 0 0 0 0 0 0 0 0 0 0 0 0 0 0 0 0
 0 0 0 1 0 0 0 0 0 0 0 1 0 0 0 0 0 0 0 0 0 0 0 0 0 0 0 0 0 0 0 0 0 0 0 0 0
 0 0 0 0 0 0 0 0 0 0 0 0 0 0 0 0 0 0 0 0 0 0 0 0 1 0 0 0 0 0 0 0 0 0 0 0 1
 0 0 0 0 0 0 0 0 0 0 0 0 0 0 0 0 0 0 0 0 0 0 0 0 0 0 0 1 0 0 0 1 0 0 0 0 0
 0 0 0 5 0 0 0 1 0 0 0 0 0 0 0 0 0 0 0 0 0 0 0 0 0 0 1 0 0 0 0 0 0 0]"
49,4-tert-Butylphenyl acrylate,Aromatic Acrylates,C=CC(=O)OC1=CC=C(C(C)(C)C)C=C1,"[ 8.1321811e-03  1.7067311e-04 -4.1035102e-03  1.6123586e-03
  2.6144678e-02 -1.3131951e-02 -1.6576204e-02 -1.9882030e-03
 -1.8081259e-02  6.2363707e-03  4.2458759e-03 -1.1650798e-03
 -1.7586224e-04  1.0828018e-02 -8.2409270e-03  5.7003903e-03
  7.3333335e-01  6.1904764e-01  5.7894737e-01  5.3333336e-01
  6.3636363e-01  5.0000000e-01  1.6666667e-01  0.0000000e+00
  2.8329999e+00  3.1819999e+00  3.0760000e+00  2.8329999e+00
  2.5650001e+00  2.3350000e+00  1.9920000e+00  2.1970000e+00
  2.7179999e+00  3.0139999e+00  2.9219999e+00  2.7179999e+00
  2.4110000e+00  2.0620000e+00  1.9040000e+00  1.9660000e+00
  2.8320000e+00  3.1810000e+00  3.0739999e+00  2.8320000e+00
  2.5639999e+00  2.3329999e+00  1.9920000e+00  2.1949999e+00
  2.6650000e+00  2.9460001e+00  2.8490000e+00  2.6650000e+00
  2.3380001e+00  1.9200000e+00  1.8650000e+00  1.8510000e+00
  2.8110001e+00  3.1480000e+00  3.0469999e+00  2.8110001e+00
  2.5360000e+00  2.2860000e+00  1.9750000e+00  2.1550000e+00
  4.5999999e+00  5.1739998e+00  4.9410000e+00  4.9120002e+00
  4.6929998e+00  3.6870000e+00  3.0639999e+00  3.5620000e+00
  6.1999999e-02  1.6500001e-01  9.0999998e-02  6.1999999e-02
  5.4000001e-02  5.9000000e-02  2.3000000e-02  4.6000000e-02
  4.6000000e-02  1.2200000e-01  6.7000002e-02  4.6000000e-02
  3.9999999e-02  4.3000001e-02  1.7000001e-02  3.4000002e-02
  5.9999999e-02  1.6000000e-01  8.9000002e-02  5.9999999e-02
  5.2000001e-02  5.7000000e-02  2.2000000e-02  4.5000002e-02
  1.6700000e-01  4.4600001e-01  2.4600001e-01  1.6700000e-01
  1.4500000e-01  1.5899999e-01  6.1000001e-02  1.2400000e-01
  2.5000000e-02  6.6000000e-02  3.5999998e-02  2.5000000e-02
  2.1000000e-02  2.3000000e-02  8.9999996e-03  1.7999999e-02
  2.7466000e+01  4.1465000e+01  4.0624001e+01  3.4362999e+01
  2.6350000e+01  1.5823000e+01  1.5373000e+01  3.1187000e+01
 -7.7000000e-02  2.3600000e-01 -1.5000001e-01 -7.7000000e-02
 -1.6100000e-01 -4.2300001e-01 -3.7999999e-02 -3.4099999e-01
 -7.7000000e-02  2.3600000e-01 -1.5000001e-01 -7.7000000e-02
 -1.6100000e-01 -4.2300001e-01 -3.7999999e-02 -3.4099999e-01
 -7.7000000e-02  2.3600000e-01 -1.5000001e-01 -7.7000000e-02
 -1.6100000e-01 -4.2300001e-01 -3.7999999e-02 -3.4099999e-01
 -7.7000000e-02  2.3600000e-01 -1.5000001e-01 -7.7000000e-02
 -1.6100000e-01 -4.2300001e-01 -3.7999999e-02 -3.4099999e-01
 -7.7000000e-02  2.3600000e-01 -1.5000001e-01 -7.7000000e-02
 -1.6100000e-01 -4.2300001e-01 -3.7999999e-02 -3.4099999e-01
 -6.1000001e-02  3.7200001e-01 -4.9399999e-01  2.0000000e-02
  4.6799999e-01 -5.3799999e-01 -5.4000001e-02 -1.2610000e+00
  8.0800003e-01  7.6899999e-01  1.0630000e+00  8.0800003e-01
  1.1010000e+00  2.0190001e+00  6.7299998e-01  1.7309999e+00
  8.0800003e-01  7.6899999e-01  1.0630000e+00  8.0800003e-01
  1.1010000e+00  2.0190001e+00  6.7299998e-01  1.7309999e+00
  8.0800003e-01  7.6899999e-01  1.0630000e+00  8.0800003e-01
  1.1010000e+00  2.0190001e+00  6.7299998e-01  1.7309999e+00
  8.0800003e-01  7.6899999e-01  1.0630000e+00  8.0800003e-01
  1.1010000e+00  2.0190001e+00  6.7299998e-01  1.7309999e+00
  8.0800003e-01  7.6899999e-01  1.0630000e+00  8.0800003e-01
  1.1010000e+00  2.0190001e+00  6.7299998e-01  1.7309999e+00
  7.5300002e-01  4.5500001e-01  1.2990000e+00  9.1200000e-01
  6.0699999e-01  1.3940001e+00  1.1130000e+00  3.0390000e+00]","[7 0 2 0 6 0 0 0 0 0 0 0 0 0 0 0 0 0 0 0 2 0 0 0 0 0 0 0 0 0 0 0 0 0 0 0 0
 0 0 0 0 0 0 0 0 0 0 0 0 0 0 0 0 0 0 0 0 0 0 1 0 3 0 0 0 0 0 0 0 0 0 0 0 0
 0 0 0 0 0 0 0 0 0 0 0 0 0 0 0 1 0 0 0 0 0 0 0 0 0 0 0 0 0 0 0 0 0 0 0 0 0
 0 0 0 1 0 0 0 0 0 0 0 1 0 0 0 0 0 0 0 0 0 0 0 0 0 0 0 0 0 0 0 0 0 0 0 0 0
 0 0 0 0 0 0 0 0 0 0 0 0 0 0 0 0 0 0 0 0 0 0 0 0 1 0 0 0 0 0 1 0 0 0 0 0 1
 0 0 1 0 0 0 0 0 0 0 0 0 0 1 0 0 0 0 0 0 0 0 0 0 0 0 0 0 0 0 0 0 0 0 1 0 0
 1 0 1 4 0 0 0 0 0 0 0 0 0 0 0 0 0 1 0 0 0 0 0 0 0 0 3 0 0 0 0 0 0 0]"
50,2-(4-Chlorophenoxy)ethyl acrylate,Aromatic Acrylates,C=CC(=O)OCCOC1=CC=C(Cl)C=C1,"[ 2.8221291e-02  2.0168183e-02  9.0077538e-03  1.7354218e-02
 -6.0900081e-02 -4.0389165e-02 -1.7772369e-02 -8.1890207e-03
 -2.6611181e-02  1.4318872e-03  2.2499766e-02 -2.7315956e-02
  1.9446442e-02  4.0779547e-03 -6.4454162e-03  9.2452746e-03
  7.3333335e-01  6.6666669e-01  5.0000000e-01  2.7272728e-01
  5.0000000e-01  7.7777779e-01  8.8888890e-01  8.7500000e-01
  2.9760001e+00  3.2449999e+00  3.1500001e+00  2.7270000e+00
  2.7539999e+00  2.5860000e+00  2.5610001e+00  2.5330000e+00
  2.6849999e+00  2.8320000e+00  2.7260001e+00  2.3929999e+00
  2.2440000e+00  2.1919999e+00  2.2230000e+00  2.1050000e+00
  2.8850000e+00  3.1029999e+00  2.9920001e+00  2.6080000e+00
  2.5969999e+00  2.4489999e+00  2.4200001e+00  2.3350000e+00
  2.6040001e+00  2.7349999e+00  2.6359999e+00  2.3080001e+00
  2.0960000e+00  2.0860000e+00  2.1520000e+00  2.0109999e+00
  2.8450000e+00  3.0460000e+00  2.9349999e+00  2.5639999e+00
  2.5239999e+00  2.3970001e+00  2.3780000e+00  2.2839999e+00
  4.6869998e+00  5.2940001e+00  4.9540000e+00  3.9770000e+00
  4.5570002e+00  4.2480001e+00  4.7360001e+00  4.7379999e+00
  8.2599998e-01  1.2160000e+00  1.1510000e+00  6.8300003e-01
  5.2999997e-01  6.0600001e-01  6.1799997e-01  4.8500001e-01
  9.0000004e-02  1.6400000e-01  1.5000001e-01  7.1000002e-02
  1.3699999e-01  6.4999998e-02  5.6000002e-02  7.0000000e-02
  1.7900001e-01  2.7399999e-01  2.4699999e-01  1.3800000e-01
  2.0000000e-01  1.2400000e-01  1.1100000e-01  1.2000000e-01
  3.1999999e-01  5.9700000e-01  5.4699999e-01  2.5200000e-01
  5.2499998e-01  2.3400000e-01  2.0100001e-01  2.7800000e-01
  7.0000000e-02  1.0900000e-01  9.7999997e-02  5.4000001e-02
  7.9000004e-02  4.8999999e-02  4.3000001e-02  4.6000000e-02
  2.4399000e+01  2.5858000e+01  3.5352001e+01  2.5302999e+01
  1.6337999e+01  1.6174000e+01  1.7257999e+01  1.5246000e+01
 -3.7000000e-02 -1.1300000e-01 -1.3100000e-01 -8.3999999e-02
  1.5600000e-01 -1.3900000e-01 -1.0800000e-01  1.9900000e-01
 -1.3600001e-01  8.2000002e-02  1.3400000e-01 -1.5899999e-01
 -8.0000004e-03 -2.3500000e-01 -1.2200000e-01 -3.8800001e-01
 -1.8900000e-01 -8.8000000e-02 -5.5000000e-02 -2.5999999e-01
  4.0500000e-01 -3.9700001e-01 -2.3999999e-01  2.5000000e-01
 -1.2400000e-01  9.3000002e-02  1.4300001e-01 -1.4200000e-01
 -5.2000001e-02 -2.0900001e-01 -1.0600000e-01 -4.3700001e-01
 -1.9100000e-01 -7.5999998e-02 -3.9999999e-02 -2.5999999e-01
  3.8699999e-01 -3.9600000e-01 -2.3700000e-01  2.1100000e-01
 -3.0899999e-01  2.4800000e-01 -2.4600001e-01 -5.6999999e-01
  3.2499999e-01 -3.6500001e-01  2.7300000e-01  3.5499999e-01
  5.7200003e-01  9.0399998e-01  1.0039999e+00  7.5999999e-01
  5.8099997e-01  9.2799997e-01  9.0399998e-01  6.9900000e-01
  9.0799999e-01  9.2000002e-01  8.6799997e-01  9.9500000e-01
  1.2650000e+00  1.2170000e+00  9.2000002e-01  1.2480000e+00
  9.8199999e-01  1.0580000e+00  1.0270000e+00  1.1020000e+00
  7.9000002e-01  1.3470000e+00  1.0580000e+00  6.6200000e-01
  8.8000000e-01  9.0100002e-01  8.5500002e-01  9.6899998e-01
  1.2880000e+00  1.1840000e+00  9.0100002e-01  1.2920001e+00
  9.9199998e-01  1.0540000e+00  1.0180000e+00  1.1070000e+00
  8.2800001e-01  1.3540000e+00  1.0540000e+00  6.9900000e-01
  1.0490000e+00  5.6099999e-01  1.1670001e+00  1.5450000e+00
  5.5699998e-01  1.1990000e+00  8.2400000e-01  7.9600000e-01]","[5 0 3 0 6 0 0 0 1 0 0 0 0 0 0 0 0 0 0 0 0 0 0 0 0 0 0 0 0 0 0 0 0 0 0 1 0
 0 2 0 0 0 0 0 1 0 0 0 0 0 0 0 0 0 0 0 0 1 1 1 0 0 0 0 0 0 0 0 0 0 0 0 0 0
 0 0 0 0 0 0 0 0 0 0 0 0 0 0 0 1 0 0 0 1 0 0 0 1 0 0 0 0 0 0 0 0 0 0 0 0 0
 0 0 0 1 0 0 0 0 0 0 0 1 2 0 0 0 0 0 0 0 0 0 0 0 0 0 0 0 0 0 0 0 0 0 0 0 0
 0 0 0 0 0 0 0 0 0 0 0 0 0 0 0 0 0 0 0 1 0 0 0 0 0 0 0 0 0 0 0 0 0 0 0 0 1
 0 0 1 0 0 0 0 0 0 0 0 0 0 1 0 0 0 0 0 0 0 0 0 0 0 0 0 0 0 0 0 0 0 0 0 0 0
 0 0 1 4 0 0 0 1 0 0 0 0 0 0 0 0 0 0 0 0 0 0 0 0 0 0 3 0 0 0 0 0 0 0]"
51,2-(4-Nitrophenoxy)ethyl acrylate,Aromatic Acrylates,C=CC(=O)OCCOC1=CC=C([N+](=O)[O-])C=C1,"[ 8.43301415e-03  6.58472534e-03 -2.10817158e-03 -2.92286277e-02
 -1.54170515e-02 -2.05751173e-02  1.90909579e-03 -6.91195112e-03
 -2.34264731e-02 -2.32524751e-03  1.51749626e-02 -2.43761912e-02
  8.25135782e-03  2.59450097e-02 -1.55399106e-02 -1.12863036e-03
  8.23529422e-01  8.09523821e-01  6.99999988e-01  5.33333361e-01
  6.66666687e-01  8.18181813e-01  7.27272749e-01  8.00000012e-01
  3.04099989e+00  3.27900004e+00  3.22300005e+00  2.93499994e+00
  2.77200007e+00  2.71099997e+00  2.62700009e+00  2.55599999e+00
  2.73499990e+00  2.90499997e+00  2.85999990e+00  2.60100007e+00
  2.36299992e+00  2.26600003e+00  2.33500004e+00  2.24099994e+00
  3.03900003e+00  3.27600002e+00  3.22000003e+00  2.93300009e+00
  2.76900005e+00  2.70799994e+00  2.62400007e+00  2.55299997e+00
  2.59999990e+00  2.72799993e+00  2.67700005e+00  2.42100000e+00
  2.17100000e+00  2.06100011e+00  2.18600011e+00  2.09200001e+00
  3.01799989e+00  3.22600007e+00  3.17499995e+00  2.88800001e+00
  2.71300006e+00  2.64299989e+00  2.59100008e+00  2.51799989e+00
  4.88999987e+00  5.53900003e+00  5.46700001e+00  5.08699989e+00
  4.71199989e+00  4.76100016e+00  4.83500004e+00  4.79400015e+00
  2.57999986e-01  4.11000013e-01  3.72999996e-01  2.68999994e-01
  2.41999999e-01  2.50000000e-01  1.85000002e-01  1.67999998e-01
  2.46000007e-01  3.31999987e-01  3.05000007e-01  2.18999997e-01
  2.02000007e-01  1.95999995e-01  1.53999999e-01  1.48000002e-01
  2.46999994e-01  3.98000002e-01  3.61000001e-01  2.59999990e-01
  2.33999997e-01  2.41999999e-01  1.79000005e-01  1.62000000e-01
  8.05999994e-01  1.16400003e+00  1.06500006e+00  7.64999986e-01
  6.99000001e-01  6.97000027e-01  5.32999992e-01  5.00999987e-01
  1.79000005e-01  2.06000000e-01  1.93000004e-01  1.36000007e-01
  1.27000004e-01  1.16999999e-01  9.89999995e-02  1.00000001e-01
  3.26479988e+01  4.74869995e+01  4.41430016e+01  3.29309998e+01
  2.90249996e+01  1.79020004e+01  3.20410004e+01  2.82269993e+01
  8.99999961e-03 -2.00000009e-03 -1.93000004e-01 -3.84999990e-01
  3.00000003e-03  1.78000003e-01 -2.80000001e-01 -1.14000000e-01
  1.15000002e-01 -4.89999987e-02 -2.29000002e-01 -3.88000011e-01
  8.60000029e-02  1.07000001e-01 -2.96000004e-01  8.99999961e-03
  4.99999989e-03 -0.00000000e+00 -1.92000002e-01 -3.84999990e-01
 -0.00000000e+00  1.80999994e-01 -2.79000014e-01 -1.18000001e-01
  6.89999983e-02 -2.80000009e-02 -2.15000004e-01 -3.89999986e-01
  4.89999987e-02  1.41000003e-01 -2.91000009e-01 -4.60000001e-02
  2.16999993e-01 -1.04999997e-01 -2.54000008e-01 -3.52999985e-01
  1.73999995e-01  8.99999961e-03 -2.89000005e-01  1.50000006e-01
 -2.13000000e-01  1.18000001e-01 -3.40000018e-02  8.00000038e-03
 -3.99999991e-02 -2.70000007e-02 -1.57000005e-01 -3.03999990e-01
  7.78999984e-01  9.33000028e-01  1.09500003e+00  1.26800001e+00
  1.00800002e+00  8.90999973e-01  1.10000002e+00  9.78999972e-01
  7.31999993e-01  9.70000029e-01  1.12600005e+00  1.25399995e+00
  9.02999997e-01  9.25999999e-01  1.12199998e+00  8.67999971e-01
  7.82000005e-01  9.31999981e-01  1.09399998e+00  1.26699996e+00
  1.01199996e+00  8.88999999e-01  1.09899998e+00  9.82999980e-01
  7.46999979e-01  9.54999983e-01  1.11399996e+00  1.26600003e+00
  9.52000022e-01  9.11000013e-01  1.11500001e+00  9.17999983e-01
  7.50999987e-01  9.98000026e-01  1.13600004e+00  1.16999996e+00
  7.59000003e-01  9.52000022e-01  1.11300004e+00  7.34000027e-01
  9.13999975e-01  6.76999986e-01  8.74000013e-01  9.84000027e-01
  8.75999987e-01  8.16999972e-01  1.11500001e+00  1.27900004e+00]","[5 0 5 0 6 0 0 0 0 0 0 0 0 0 0 0 1 0 0 0 0 0 0 0 0 0 0 0 0 0 0 0 0 0 0 1 0
 0 2 0 0 0 0 0 1 0 0 0 0 0 0 0 0 0 0 0 0 0 1 1 0 0 0 0 0 0 0 0 0 0 0 0 0 0
 0 0 0 0 0 1 0 0 0 0 0 1 0 0 0 1 0 0 0 0 0 0 0 1 0 0 0 0 0 0 0 0 0 0 0 0 0
 0 0 0 1 0 0 0 0 0 0 0 1 0 0 0 0 0 0 2 0 0 0 0 0 0 1 0 0 1 0 0 0 0 0 0 0 0
 0 0 0 0 0 0 0 0 0 0 0 0 0 0 0 0 0 0 0 1 0 0 0 0 0 0 0 0 0 0 0 0 0 0 0 0 1
 0 0 0 0 0 0 0 0 0 0 0 0 0 1 0 0 0 0 0 0 0 0 0 0 0 0 0 0 0 0 0 0 0 0 0 0 0
 0 0 1 4 1 0 0 1 0 0 0 0 0 0 1 0 0 0 0 0 0 0 0 0 0 0 3 0 0 0 0 0 0 0]"
52,2-(4-Methoxyphenoxy)ethyl acrylate,Aromatic Acrylates,C=CC(=O)OCCOC1=CC=C(OC)C=C1,"[ 1.2882936e-02 -2.0170996e-04 -6.0269581e-03 -4.6286013e-02
 -2.8654885e-02 -1.1323818e-02  8.6711338e-03 -3.4858352e-03
 -3.0892391e-02  2.3241972e-03  1.9797731e-02 -2.9545393e-02
  3.8116369e-02 -6.2153907e-03 -1.2155257e-02  3.1927899e-02
  7.5000000e-01  7.3684210e-01  5.5555558e-01  3.0769232e-01
  5.4545456e-01  6.9999999e-01  8.0000001e-01  8.8888890e-01
  2.9610000e+00  3.1540000e+00  3.0960000e+00  2.7509999e+00
  2.6770000e+00  2.5639999e+00  2.5120001e+00  2.4370000e+00
  2.7079999e+00  2.8469999e+00  2.8039999e+00  2.5320001e+00
  2.3190000e+00  2.2290001e+00  2.2880001e+00  2.1910000e+00
  2.9600000e+00  3.1520000e+00  3.0929999e+00  2.7500000e+00
  2.6750000e+00  2.5620000e+00  2.5100000e+00  2.4349999e+00
  2.5790000e+00  2.6970000e+00  2.6659999e+00  2.4219999e+00
  2.1719999e+00  2.0450001e+00  2.1770000e+00  2.0940001e+00
  2.9159999e+00  3.0969999e+00  3.0409999e+00  2.7110000e+00
  2.6070001e+00  2.5060000e+00  2.4710000e+00  2.3870001e+00
  4.7100000e+00  5.2770000e+00  4.9759998e+00  4.0999999e+00
  4.5520000e+00  4.2880001e+00  4.7389998e+00  4.7280002e+00
  2.0700000e-01  2.9699999e-01  2.7599999e-01  1.5899999e-01
  2.2800000e-01  1.5200000e-01  1.2400000e-01  1.4500000e-01
  1.5300000e-01  2.1900000e-01  2.0299999e-01  1.1700000e-01
  1.6800000e-01  1.1200000e-01  9.2000000e-02  1.0700000e-01
  2.0100001e-01  2.8799999e-01  2.6800001e-01  1.5400000e-01
  2.2100000e-01  1.4700000e-01  1.2100000e-01  1.4100000e-01
  5.5800003e-01  8.0000001e-01  7.4400002e-01  4.2800000e-01
  6.1400002e-01  4.0900001e-01  3.3500001e-01  3.9100000e-01
  8.2000002e-02  1.1800000e-01  1.1000000e-01  6.3000001e-02
  9.0000004e-02  5.9999999e-02  4.8999999e-02  5.7999998e-02
  2.5563999e+01  2.9681999e+01  3.8766998e+01  2.8975000e+01
  1.8796000e+01  1.6195999e+01  2.1922001e+01  2.1039000e+01
 -2.5000000e-01 -8.8000000e-02 -3.7000000e-02 -1.7900001e-01
  4.5500001e-01 -4.6700001e-01 -2.0000000e-01  3.3300000e-01
 -2.5000000e-01 -8.8000000e-02 -3.7000000e-02 -1.7900001e-01
  4.5500001e-01 -4.6700001e-01 -2.0000000e-01  3.3300000e-01
 -2.5000000e-01 -8.8000000e-02 -3.7000000e-02 -1.7900001e-01
  4.5500001e-01 -4.6700001e-01 -2.0000000e-01  3.3300000e-01
 -2.5000000e-01 -8.8000000e-02 -3.7000000e-02 -1.7900001e-01
  4.5500001e-01 -4.6700001e-01 -2.0000000e-01  3.3300000e-01
 -2.5000000e-01 -8.8000000e-02 -3.7000000e-02 -1.7900001e-01
  4.5500001e-01 -4.6700001e-01 -2.0000000e-01  3.3300000e-01
 -3.1500000e-01  2.8099999e-01 -3.2200000e-01 -6.2199998e-01
  3.5400000e-01 -3.3100000e-01  4.7600001e-01  5.2600002e-01
  1.0940000e+00  1.0530000e+00  9.7200000e-01  9.6200001e-01
  6.8199998e-01  1.5000000e+00  1.0000000e+00  5.5599999e-01
  1.0940000e+00  1.0530000e+00  9.7200000e-01  9.6200001e-01
  6.8199998e-01  1.5000000e+00  1.0000000e+00  5.5599999e-01
  1.0940000e+00  1.0530000e+00  9.7200000e-01  9.6200001e-01
  6.8199998e-01  1.5000000e+00  1.0000000e+00  5.5599999e-01
  1.0940000e+00  1.0530000e+00  9.7200000e-01  9.6200001e-01
  6.8199998e-01  1.5000000e+00  1.0000000e+00  5.5599999e-01
  1.0940000e+00  1.0530000e+00  9.7200000e-01  9.6200001e-01
  6.8199998e-01  1.5000000e+00  1.0000000e+00  5.5599999e-01
  1.0210000e+00  5.3799999e-01  1.2140000e+00  1.5110000e+00
  5.0599998e-01  1.1260000e+00  6.8000001e-01  6.9900000e-01]","[6 0 4 0 6 0 0 0 0 0 0 0 0 0 0 0 0 0 0 0 0 0 0 0 0 0 0 0 0 0 0 0 0 0 0 1 0
 0 2 0 0 0 0 0 1 0 0 0 0 0 0 0 0 0 0 0 0 0 1 2 0 0 0 0 0 0 0 0 0 0 0 0 0 0
 0 0 0 0 0 0 0 0 0 0 0 0 0 0 0 1 0 0 0 0 0 0 0 1 0 0 0 0 0 0 0 0 0 0 0 0 0
 0 0 0 1 0 0 0 0 0 0 0 1 0 0 0 0 0 0 0 0 0 0 0 1 0 0 0 0 0 0 0 0 0 0 0 0 0
 0 0 0 0 0 0 0 0 0 0 0 0 0 0 0 0 0 0 0 1 0 0 0 0 0 0 0 0 0 0 0 0 0 0 0 0 1
 0 0 0 0 0 0 0 0 0 0 1 0 0 2 0 0 0 0 0 0 0 0 0 0 0 0 0 0 0 0 0 0 0 0 0 0 0
 0 0 2 4 0 0 0 1 0 0 0 0 0 0 0 0 0 0 0 0 0 0 0 0 0 0 5 0 0 0 0 0 0 0]"
53,N-Phenylacrylamide,Aromatic Acrylates,C=CC(=O)NC1=CC=CC=C1,"[ 1.5831254e-02 -8.8219754e-03 -2.1091346e-02 -1.2198692e-02
  8.3341345e-04  1.2359468e-02  2.4521310e-02  0.0000000e+00
 -1.3752852e-02  8.1627192e-03  6.0082669e-03  9.3908235e-04
  3.5420959e-03  7.0660124e-03  5.8135628e-03  0.0000000e+00
  1.0000000e+00  1.0000000e+00  1.0000000e+00  1.0000000e+00
  1.0000000e+00  1.0000000e+00  1.0000000e+00  0.0000000e+00
  2.5390000e+00  2.7330000e+00  2.5769999e+00  2.2860000e+00
  2.1589999e+00  1.6740000e+00  6.9300002e-01  0.0000000e+00
  2.4189999e+00  2.5280001e+00  2.3710001e+00  2.1029999e+00
  2.0050001e+00  1.5510000e+00  6.9300002e-01  0.0000000e+00
  2.5369999e+00  2.7309999e+00  2.5750000e+00  2.2839999e+00
  2.1580000e+00  1.6730000e+00  6.9300002e-01  0.0000000e+00
  2.3710001e+00  2.4519999e+00  2.2809999e+00  2.0190001e+00
  1.9330000e+00  1.4940000e+00  6.9300002e-01  0.0000000e+00
  2.5490000e+00  2.7500000e+00  2.5869999e+00  2.2730000e+00
  2.1300001e+00  1.6500000e+00  6.9300002e-01  0.0000000e+00
  4.7649999e+00  5.3270001e+00  4.8150001e+00  4.8200002e+00
  4.6409998e+00  3.9700000e+00  1.6090000e+00  0.0000000e+00
  3.9999999e-02  8.1000000e-02  5.5000000e-02  4.1999999e-02
  3.5999998e-02  1.8999999e-02  2.0000001e-03  0.0000000e+00
  4.8000000e-02  1.0400000e-01  6.4000003e-02  4.4000000e-02
  3.4000002e-02  1.7999999e-02  2.0000001e-03  0.0000000e+00
  3.7999999e-02  7.5999998e-02  5.2000001e-02  3.9999999e-02
  3.5000000e-02  1.7999999e-02  2.0000001e-03  0.0000000e+00
  1.4300001e-01  3.0199999e-01  1.9200000e-01  1.3699999e-01
  1.1200000e-01  5.9999999e-02  7.0000002e-03  0.0000000e+00
  4.6000000e-02  9.7999997e-02  6.1000001e-02  3.5999998e-02
  2.5000000e-02  1.4000000e-02  2.0000001e-03  0.0000000e+00
  1.5330000e+01  1.7997000e+01  2.2886999e+01  9.5539999e+00
  4.8880000e+00  2.9990001e+00  8.8900000e-01  0.0000000e+00
 -6.4999998e-02  1.5899999e-01 -2.6100001e-01 -2.5299999e-01
 -2.1400000e-01 -1.6300000e-01  1.9599999e-01  0.0000000e+00
 -1.0100000e-01  1.8600000e-01 -3.2200000e-01 -2.4699999e-01
 -1.5400000e-01 -1.0700000e-01  2.2000000e-01  0.0000000e+00
 -6.4000003e-02  1.5600000e-01 -2.5799999e-01 -2.5200000e-01
 -2.1600001e-01 -1.6500001e-01  1.9400001e-01  0.0000000e+00
 -8.6999997e-02  1.8500000e-01 -3.0000001e-01 -2.5400001e-01
 -1.8400000e-01 -1.3400000e-01  2.1300000e-01  0.0000000e+00
 -1.2500000e-01  1.2700000e-01 -3.4000000e-01 -2.0500000e-01
 -6.8000004e-02 -3.3000000e-02  2.1500000e-01  0.0000000e+00
 -5.0400001e-01  4.5300001e-01 -7.2100002e-01  3.3000001e-01
 -0.0000000e+00 -5.2999999e-02 -3.4099999e-01  0.0000000e+00
  6.5300000e-01  7.3600000e-01  1.1960000e+00  1.3450000e+00
  1.3650000e+00  1.1950001e+00  0.0000000e+00  0.0000000e+00
  7.8700000e-01  8.6900002e-01  1.3420000e+00  1.2060000e+00
  1.0140001e+00  8.8700002e-01  0.0000000e+00  0.0000000e+00
  6.4800000e-01  7.3299998e-01  1.1900001e+00  1.3490000e+00
  1.3770000e+00  1.2050000e+00  0.0000000e+00  0.0000000e+00
  7.2799999e-01  7.9699999e-01  1.2800000e+00  1.2730000e+00
  1.1770000e+00  1.0300000e+00  0.0000000e+00  0.0000000e+00
  9.1600001e-01  1.1070000e+00  1.4680001e+00  1.0190001e+00
  5.9299999e-01  5.1899999e-01  0.0000000e+00  0.0000000e+00
  1.2050000e+00  3.6700001e-01  1.6530000e+00  6.6100001e-01
  1.0330000e+00  1.1770000e+00  1.5700001e+00  0.0000000e+00]","[3 1 1 0 6 0 0 0 0 0 1 1 0 0 0 0 0 0 0 0 0 0 0 1 0 0 0 0 0 0 0 0 0 0 0 0 0
 0 0 0 0 0 0 0 0 0 0 0 0 0 0 0 0 0 0 0 0 0 0 0 0 0 0 0 0 0 0 0 0 0 0 0 0 0
 0 0 0 0 0 0 0 0 0 0 0 0 3 0 0 1 0 0 0 0 2 0 0 0 0 0 0 0 0 0 0 0 0 0 1 0 0
 0 0 0 0 0 0 0 0 0 0 0 1 0 0 0 0 0 1 0 0 0 0 0 0 0 0 0 0 0 0 0 0 0 1 0 0 0
 0 0 0 0 0 0 0 0 0 0 0 0 0 0 0 0 0 0 0 0 0 0 0 0 0 0 0 0 0 0 0 1 0 0 0 0 0
 0 0 0 0 0 0 0 0 0 0 0 0 0 0 0 0 0 0 0 0 0 0 0 0 0 0 0 0 0 0 0 0 0 0 0 0 0
 0 0 0 5 0 0 0 0 0 0 0 0 0 0 0 0 0 0 0 0 0 0 0 0 0 0 1 0 0 0 0 0 0 0]"
54,N-Benzylacrylamide,Aromatic Acrylates,C=CC(=O)NCC1=CC=CC=C1,"[ 3.2785442e-02 -1.7201562e-03 -2.8408637e-02 -4.1024387e-02
 -2.2287764e-02  8.3341345e-04  1.2359468e-02  2.4521310e-02
 -1.2431369e-02  7.6707411e-03  6.8793106e-03  2.0635878e-03
  3.2112654e-03  4.2232871e-03  7.1675293e-03  5.8264532e-03
  8.3333331e-01  7.8571427e-01  6.6666669e-01  7.5000000e-01
  1.0000000e+00  1.0000000e+00  1.0000000e+00  1.0000000e+00
  2.6150000e+00  2.7860000e+00  2.6510000e+00  2.2690001e+00
  2.2860000e+00  2.1589999e+00  1.6740000e+00  6.9300002e-01
  2.5039999e+00  2.6229999e+00  2.4600000e+00  2.1080000e+00
  2.1029999e+00  2.0050001e+00  1.5510000e+00  6.9300002e-01
  2.6140001e+00  2.7839999e+00  2.6489999e+00  2.2670000e+00
  2.2839999e+00  2.1580000e+00  1.6730000e+00  6.9300002e-01
  2.4600000e+00  2.5639999e+00  2.3780000e+00  2.0420001e+00
  2.0190001e+00  1.9330000e+00  1.4940000e+00  6.9300002e-01
  2.6240001e+00  2.7939999e+00  2.6600001e+00  2.2809999e+00
  2.2730000e+00  2.1300001e+00  1.6500000e+00  6.9300002e-01
  4.7509999e+00  5.1989999e+00  4.7309999e+00  4.3530002e+00
  4.8200002e+00  4.6409998e+00  3.9700000e+00  1.6090000e+00
  3.7999999e-02  7.5999998e-02  5.2000001e-02  3.0999999e-02
  3.7999999e-02  3.3000000e-02  1.7000001e-02  2.0000001e-03
  4.5000002e-02  9.4999999e-02  6.1000001e-02  3.7999999e-02
  3.9999999e-02  3.0999999e-02  1.6000001e-02  2.0000001e-03
  3.5999998e-02  7.1999997e-02  4.8999999e-02  2.9999999e-02
  3.5999998e-02  3.2000002e-02  1.7000001e-02  2.0000001e-03
  1.3500001e-01  2.8000000e-01  1.8200000e-01  1.1100000e-01
  1.2400000e-01  1.0100000e-01  5.4000001e-02  6.0000001e-03
  4.3000001e-02  8.6999997e-02  5.7000000e-02  3.5999998e-02
  3.3000000e-02  2.3000000e-02  1.2000000e-02  2.0000001e-03
  2.2787001e+01  2.5750000e+01  3.1750999e+01  1.8344000e+01
  1.1751000e+01  8.2709999e+00  4.9990001e+00  1.3580000e+00
 -5.9000000e-02  2.2700000e-01 -2.3600000e-01 -1.7700000e-01
 -2.6499999e-01 -2.2700000e-01 -1.7600000e-01  1.7700000e-01
 -9.0999998e-02  2.8700000e-01 -2.8900000e-01 -2.3600000e-01
 -2.5999999e-01 -1.7000000e-01 -1.2400000e-01  1.9800000e-01
 -5.7999998e-02  2.2300000e-01 -2.3300000e-01 -1.7399999e-01
 -2.6400000e-01 -2.2800000e-01 -1.7800000e-01  1.7500000e-01
 -7.8000002e-02  2.7300000e-01 -2.7000001e-01 -2.1300000e-01
 -2.6699999e-01 -1.9800000e-01 -1.4900000e-01  1.9200000e-01
 -1.1300000e-01  2.5000000e-01 -3.0700001e-01 -2.6600000e-01
 -2.1900000e-01 -8.3999999e-02 -5.0000001e-02  1.9400001e-01
 -3.3100000e-01  2.6400000e-01 -5.8999997e-01 -1.2500000e-01
  3.3300000e-01  4.1999999e-02 -3.7000000e-02 -4.6300000e-01
  6.4800000e-01  6.4700001e-01  1.1870000e+00  9.7100002e-01
  1.4550000e+00  1.4780000e+00  1.2930000e+00  0.0000000e+00
  7.7899998e-01  6.7400002e-01  1.3279999e+00  1.1690000e+00
  1.3030000e+00  1.0950000e+00  9.5800000e-01  0.0000000e+00
  6.4300001e-01  6.4800000e-01  1.1810000e+00  9.6399999e-01
  1.4600000e+00  1.4910001e+00  1.3040000e+00  0.0000000e+00
  7.2200000e-01  6.4999998e-01  1.2680000e+00  1.0829999e+00
  1.3760000e+00  1.2720000e+00  1.1130000e+00  0.0000000e+00
  9.0700001e-01  8.0199999e-01  1.4550000e+00  1.3609999e+00
  1.1010000e+00  6.4099997e-01  5.6099999e-01  0.0000000e+00
  1.0590000e+00  6.1299998e-01  1.5950000e+00  1.0900000e+00
  5.9299999e-01  9.2600000e-01  1.0549999e+00  1.4069999e+00]","[4 1 1 0 6 0 0 0 0 0 0 1 0 0 0 0 0 0 0 0 2 0 0 0 0 0 0 0 0 0 0 0 0 0 0 0 0
 0 0 0 0 0 0 0 0 0 0 0 0 0 0 0 0 0 0 0 0 0 1 0 0 0 0 0 0 0 0 0 0 0 0 0 0 0
 0 0 0 0 0 0 0 0 0 0 0 0 3 0 0 1 0 0 0 0 0 0 0 0 0 0 0 0 0 0 0 0 0 0 1 0 0
 0 0 0 0 0 0 0 0 0 0 0 1 0 0 0 0 0 0 0 0 1 1 0 0 0 0 0 0 0 0 0 0 0 0 0 0 0
 0 0 0 0 0 0 0 0 0 0 0 0 0 0 0 0 0 0 0 0 0 0 0 0 1 0 0 0 0 0 0 1 0 0 0 0 0
 0 0 0 1 0 0 0 0 0 0 0 1 0 0 0 0 0 0 0 0 0 0 0 0 0 0 0 0 0 0 0 0 0 0 0 0 0
 0 0 0 5 0 0 0 0 0 0 0 0 0 0 0 0 0 0 0 0 0 0 0 0 0 0 1 0 0 0 0 0 0 0]"
55,Acrylamide,Acrylamides,C=CC(=O)N,"[ 7.6736987e-02 -1.7345022e-02 -9.0857588e-02  0.0000000e+00
  0.0000000e+00  0.0000000e+00  0.0000000e+00  0.0000000e+00
 -3.8398206e-02  1.9838395e-02  2.9787071e-02  0.0000000e+00
  0.0000000e+00  0.0000000e+00  0.0000000e+00  0.0000000e+00
  1.0000000e+00  1.0000000e+00  1.0000000e+00  0.0000000e+00
  0.0000000e+00  0.0000000e+00  0.0000000e+00  0.0000000e+00
  1.7050000e+00  1.8010000e+00  1.2520000e+00  0.0000000e+00
  0.0000000e+00  0.0000000e+00  0.0000000e+00  0.0000000e+00
  1.4980000e+00  1.3900000e+00  9.0499997e-01  0.0000000e+00
  0.0000000e+00  0.0000000e+00  0.0000000e+00  0.0000000e+00
  1.7020000e+00  1.7960000e+00  1.2490000e+00  0.0000000e+00
  0.0000000e+00  0.0000000e+00  0.0000000e+00  0.0000000e+00
  1.4060000e+00  1.2130001e+00  7.3199999e-01  0.0000000e+00
  0.0000000e+00  0.0000000e+00  0.0000000e+00  0.0000000e+00
  1.7050000e+00  1.8020000e+00  1.2530000e+00  0.0000000e+00
  0.0000000e+00  0.0000000e+00  0.0000000e+00  0.0000000e+00
  3.2190001e+00  3.7300000e+00  2.1970000e+00  0.0000000e+00
  0.0000000e+00  0.0000000e+00  0.0000000e+00  0.0000000e+00
  5.0000001e-02  5.5000000e-02  2.9999999e-02  0.0000000e+00
  0.0000000e+00  0.0000000e+00  0.0000000e+00  0.0000000e+00
  5.6000002e-02  6.8999998e-02  3.3000000e-02  0.0000000e+00
  0.0000000e+00  0.0000000e+00  0.0000000e+00  0.0000000e+00
  4.6999998e-02  5.2000001e-02  2.8000001e-02  0.0000000e+00
  0.0000000e+00  0.0000000e+00  0.0000000e+00  0.0000000e+00
  1.6900000e-01  2.0500000e-01  1.0200000e-01  0.0000000e+00
  0.0000000e+00  0.0000000e+00  0.0000000e+00  0.0000000e+00
  5.0000001e-02  6.1000001e-02  2.9999999e-02  0.0000000e+00
  0.0000000e+00  0.0000000e+00  0.0000000e+00  0.0000000e+00
  1.1011000e+01  1.6709999e+01  1.1600000e+01  0.0000000e+00
  0.0000000e+00  0.0000000e+00  0.0000000e+00  0.0000000e+00
 -1.4100000e-01 -6.1999999e-02 -8.4500003e-01  0.0000000e+00
  0.0000000e+00  0.0000000e+00  0.0000000e+00  0.0000000e+00
 -1.6500001e-01  3.4000002e-02 -9.8900002e-01  0.0000000e+00
  0.0000000e+00  0.0000000e+00  0.0000000e+00  0.0000000e+00
 -1.3900000e-01 -6.8000004e-02 -8.3600003e-01  0.0000000e+00
  0.0000000e+00  0.0000000e+00  0.0000000e+00  0.0000000e+00
 -1.5800001e-01  6.0000001e-03 -9.4599998e-01  0.0000000e+00
  0.0000000e+00  0.0000000e+00  0.0000000e+00  0.0000000e+00
 -1.6000000e-01  1.4000000e-02 -9.5800000e-01  0.0000000e+00
  0.0000000e+00  0.0000000e+00  0.0000000e+00  0.0000000e+00
 -2.8600001e-01 -1.4700000e-01 -3.8499999e-01  0.0000000e+00
  0.0000000e+00  0.0000000e+00  0.0000000e+00  0.0000000e+00
  7.8200001e-01  9.3699998e-01  1.5630000e+00  0.0000000e+00
  0.0000000e+00  0.0000000e+00  0.0000000e+00  0.0000000e+00
  8.2999998e-01  8.4100002e-01  1.6590000e+00  0.0000000e+00
  0.0000000e+00  0.0000000e+00  0.0000000e+00  0.0000000e+00
  7.7899998e-01  9.4300002e-01  1.5570000e+00  0.0000000e+00
  0.0000000e+00  0.0000000e+00  0.0000000e+00  0.0000000e+00
  8.1500000e-01  8.6900002e-01  1.6310000e+00  0.0000000e+00
  0.0000000e+00  0.0000000e+00  0.0000000e+00  0.0000000e+00
  8.1900001e-01  8.6100000e-01  1.6390001e+00  0.0000000e+00
  0.0000000e+00  0.0000000e+00  0.0000000e+00  0.0000000e+00
  8.1000000e-01  1.0170000e+00  1.3460000e+00  0.0000000e+00
  0.0000000e+00  0.0000000e+00  0.0000000e+00  0.0000000e+00]","[3 1 1 0 0 0 0 0 0 0 0 0 0 0 0 0 0 0 0 0 0 0 0 0 0 0 0 0 0 0 0 0 0 0 0 0 0
 0 0 0 0 0 0 0 0 0 0 0 0 0 0 0 0 0 0 0 0 0 0 0 0 0 0 0 0 0 0 0 0 0 0 0 0 0
 0 0 0 0 0 0 0 0 0 0 0 0 0 0 0 1 0 0 0 0 0 0 0 0 0 0 0 0 0 0 0 0 0 0 1 0 0
 0 0 0 0 0 0 0 0 0 0 0 1 0 0 0 1 0 0 0 0 0 0 0 0 0 0 0 0 0 0 0 0 0 0 0 0 0
 0 0 0 0 0 0 0 0 0 0 0 0 0 0 0 0 0 0 0 0 0 0 0 0 0 0 0 0 0 0 0 1 0 0 0 0 0
 0 0 0 0 0 0 0 0 0 0 0 0 0 0 0 0 0 0 0 0 0 0 0 0 0 0 0 0 0 0 0 0 0 0 0 0 0
 0 0 0 0 0 0 0 0 0 0 0 0 0 0 0 0 0 0 0 0 0 0 0 0 0 0 1 0 0 0 0 0 0 0]"
56,N-Methylacrylamide,Acrylamides,C=CC(=O)NC,"[ 7.3049106e-02 -2.3945048e-03 -3.3558995e-02 -3.1562850e-02
  0.0000000e+00  0.0000000e+00  0.0000000e+00  0.0000000e+00
 -3.0941147e-02  1.5516238e-02  1.4207418e-02 -5.9266028e-04
  0.0000000e+00  0.0000000e+00  0.0000000e+00  0.0000000e+00
  8.0000001e-01  8.0000001e-01  5.0000000e-01  0.0000000e+00
  0.0000000e+00  0.0000000e+00  0.0000000e+00  0.0000000e+00
  1.8970000e+00  1.9529999e+00  1.7630000e+00  6.9300002e-01
  0.0000000e+00  0.0000000e+00  0.0000000e+00  0.0000000e+00
  1.6550000e+00  1.6120000e+00  1.4320000e+00  6.9300002e-01
  0.0000000e+00  0.0000000e+00  0.0000000e+00  0.0000000e+00
  1.8940001e+00  1.9500000e+00  1.7600000e+00  6.9300002e-01
  0.0000000e+00  0.0000000e+00  0.0000000e+00  0.0000000e+00
  1.5490000e+00  1.4730000e+00  1.2620000e+00  6.9300002e-01
  0.0000000e+00  0.0000000e+00  0.0000000e+00  0.0000000e+00
  1.9160000e+00  1.9550000e+00  1.7420000e+00  6.9300002e-01
  0.0000000e+00  0.0000000e+00  0.0000000e+00  0.0000000e+00
  3.6020000e+00  4.4699998e+00  3.1780000e+00  6.9300002e-01
  0.0000000e+00  0.0000000e+00  0.0000000e+00  0.0000000e+00
  4.8000000e-02  6.1999999e-02  5.5000000e-02  7.0000002e-03
  0.0000000e+00  0.0000000e+00  0.0000000e+00  0.0000000e+00
  5.9999999e-02  7.7000000e-02  5.6000002e-02  8.0000004e-03
  0.0000000e+00  0.0000000e+00  0.0000000e+00  0.0000000e+00
  4.6000000e-02  5.9000000e-02  5.2999999e-02  7.0000002e-03
  0.0000000e+00  0.0000000e+00  0.0000000e+00  0.0000000e+00
  1.7500000e-01  2.2800000e-01  1.7800000e-01  2.4000000e-02
  0.0000000e+00  0.0000000e+00  0.0000000e+00  0.0000000e+00
  5.9000000e-02  6.8000004e-02  4.5000002e-02  7.0000002e-03
  0.0000000e+00  0.0000000e+00  0.0000000e+00  0.0000000e+00
  1.5501000e+01  1.7680000e+01  2.2525000e+01  5.1890001e+00
  0.0000000e+00  0.0000000e+00  0.0000000e+00  0.0000000e+00
 -2.5799999e-01  8.6000003e-02 -6.4300001e-01  4.2899999e-01
  0.0000000e+00  0.0000000e+00  0.0000000e+00  0.0000000e+00
 -3.7200001e-01  1.9200000e-01 -6.4899999e-01  4.9500000e-01
  0.0000000e+00  0.0000000e+00  0.0000000e+00  0.0000000e+00
 -2.5200000e-01  7.9999998e-02 -6.4099997e-01  4.2500001e-01
  0.0000000e+00  0.0000000e+00  0.0000000e+00  0.0000000e+00
 -3.2800001e-01  1.6100000e-01 -6.6000003e-01  4.7600001e-01
  0.0000000e+00  0.0000000e+00  0.0000000e+00  0.0000000e+00
 -4.3200001e-01  1.6900000e-01 -5.4299998e-01  4.8100001e-01
  0.0000000e+00  0.0000000e+00  0.0000000e+00  0.0000000e+00
 -6.1400002e-01  6.9999999e-01 -1.1150000e+00  1.0270000e+00
  0.0000000e+00  0.0000000e+00  0.0000000e+00  0.0000000e+00
  8.5799998e-01  8.5699999e-01  1.6070000e+00  0.0000000e+00
  0.0000000e+00  0.0000000e+00  0.0000000e+00  0.0000000e+00
  1.0599999e+00  7.5700003e-01  1.4780000e+00  0.0000000e+00
  0.0000000e+00  0.0000000e+00  0.0000000e+00  0.0000000e+00
  8.5000002e-01  8.6299998e-01  1.6090000e+00  0.0000000e+00
  0.0000000e+00  0.0000000e+00  0.0000000e+00  0.0000000e+00
  9.7500002e-01  7.8700000e-01  1.5480000e+00  0.0000000e+00
  0.0000000e+00  0.0000000e+00  0.0000000e+00  0.0000000e+00
  1.2280000e+00  7.7899998e-01  1.2420000e+00  0.0000000e+00
  0.0000000e+00  0.0000000e+00  0.0000000e+00  0.0000000e+00
  1.1540000e+00  2.4600001e-01  2.0000000e+00  0.0000000e+00
  0.0000000e+00  0.0000000e+00  0.0000000e+00  0.0000000e+00]","[4 1 1 0 0 0 0 0 0 0 0 1 0 0 0 0 0 0 0 0 0 0 0 0 0 0 0 0 0 0 0 0 0 0 0 0 0
 0 0 0 0 0 0 0 0 0 0 0 0 0 0 0 0 0 0 0 0 0 0 0 0 0 0 0 0 0 1 0 0 0 0 0 0 0
 0 0 0 0 0 0 0 0 0 0 0 0 0 0 0 1 0 0 0 0 0 0 0 0 0 0 0 0 0 0 0 0 0 0 1 0 0
 0 0 0 0 0 0 0 0 0 0 0 1 0 0 0 0 0 0 0 0 1 0 0 0 0 0 0 0 0 0 0 0 0 0 0 0 0
 0 0 0 0 0 0 0 0 0 0 0 0 0 0 0 0 0 0 0 0 0 0 0 0 0 0 0 0 0 0 0 1 0 0 0 0 0
 0 0 0 0 0 0 0 1 0 0 0 0 0 0 0 0 0 0 0 0 0 0 0 0 0 0 0 0 0 0 0 0 0 0 0 0 0
 0 0 0 0 0 0 0 0 0 0 0 0 0 0 0 0 0 0 0 0 0 0 0 0 0 0 1 0 0 0 0 0 0 0]"
57,"N,N-Dimethylacrylamide",Acrylamides,C=CC(=O)N(C)C,"[ 4.0294230e-02  1.2435859e-02 -1.2352687e-02 -3.1562850e-02
  0.0000000e+00  0.0000000e+00  0.0000000e+00  0.0000000e+00
 -2.6265608e-02  1.1048539e-02  8.7623829e-03 -8.5399492e-04
  0.0000000e+00  0.0000000e+00  0.0000000e+00  0.0000000e+00
  6.6666669e-01  5.7142860e-01  3.3333334e-01  0.0000000e+00
  0.0000000e+00  0.0000000e+00  0.0000000e+00  0.0000000e+00
  2.0580001e+00  2.2030001e+00  2.0999999e+00  1.0990000e+00
  0.0000000e+00  0.0000000e+00  0.0000000e+00  0.0000000e+00
  1.7900000e+00  1.9480000e+00  1.7750000e+00  1.0990000e+00
  0.0000000e+00  0.0000000e+00  0.0000000e+00  0.0000000e+00
  2.0550001e+00  2.2000000e+00  2.0969999e+00  1.0990000e+00
  0.0000000e+00  0.0000000e+00  0.0000000e+00  0.0000000e+00
  1.6730000e+00  1.8510000e+00  1.6070000e+00  1.0990000e+00
  0.0000000e+00  0.0000000e+00  0.0000000e+00  0.0000000e+00
  2.0899999e+00  2.2040000e+00  2.0690000e+00  1.0990000e+00
  0.0000000e+00  0.0000000e+00  0.0000000e+00  0.0000000e+00
  3.4230001e+00  4.0430002e+00  3.4660001e+00  1.0990000e+00
  0.0000000e+00  0.0000000e+00  0.0000000e+00  0.0000000e+00
  4.8999999e-02  7.1000002e-02  7.2999999e-02  9.9999998e-03
  0.0000000e+00  0.0000000e+00  0.0000000e+00  0.0000000e+00
  6.4999998e-02  8.6000003e-02  7.1000002e-02  1.1000000e-02
  0.0000000e+00  0.0000000e+00  0.0000000e+00  0.0000000e+00
  4.6999998e-02  6.7000002e-02  7.0000000e-02  9.9999998e-03
  0.0000000e+00  0.0000000e+00  0.0000000e+00  0.0000000e+00
  1.8500000e-01  2.5600001e-01  2.3000000e-01  3.5000000e-02
  0.0000000e+00  0.0000000e+00  0.0000000e+00  0.0000000e+00
  6.7000002e-02  7.5999998e-02  5.5000000e-02  9.9999998e-03
  0.0000000e+00  0.0000000e+00  0.0000000e+00  0.0000000e+00
  9.3950005e+00  1.5965000e+01  2.5760000e+01  4.6440001e+00
  0.0000000e+00  0.0000000e+00  0.0000000e+00  0.0000000e+00
 -3.2800001e-01  1.9300000e-01 -5.9600002e-01  3.4599999e-01
  0.0000000e+00  0.0000000e+00  0.0000000e+00  0.0000000e+00
 -4.9000001e-01  2.9300001e-01 -5.6599998e-01  3.9600000e-01
  0.0000000e+00  0.0000000e+00  0.0000000e+00  0.0000000e+00
 -3.1999999e-01  1.8700001e-01 -5.9500003e-01  3.4299999e-01
  0.0000000e+00  0.0000000e+00  0.0000000e+00  0.0000000e+00
 -4.2600000e-01  2.6300001e-01 -5.9100002e-01  3.8200000e-01
  0.0000000e+00  0.0000000e+00  0.0000000e+00  0.0000000e+00
 -5.8700001e-01  2.7100000e-01 -4.4100001e-01  3.8600001e-01
  0.0000000e+00  0.0000000e+00  0.0000000e+00  0.0000000e+00
 -2.0500000e-01  3.2200000e-01 -9.3400002e-01  5.3799999e-01
  0.0000000e+00  0.0000000e+00  0.0000000e+00  0.0000000e+00
  9.4400001e-01  6.9199997e-01  1.7490000e+00  0.0000000e+00
  0.0000000e+00  0.0000000e+00  0.0000000e+00  0.0000000e+00
  1.2830000e+00  6.0600001e-01  1.5100000e+00  0.0000000e+00
  0.0000000e+00  0.0000000e+00  0.0000000e+00  0.0000000e+00
  9.3099999e-01  6.9700003e-01  1.7560000e+00  0.0000000e+00
  0.0000000e+00  0.0000000e+00  0.0000000e+00  0.0000000e+00
  1.1339999e+00  6.3099998e-01  1.6289999e+00  0.0000000e+00
  0.0000000e+00  0.0000000e+00  0.0000000e+00  0.0000000e+00
  1.6050000e+00  6.2400001e-01  1.1660000e+00  0.0000000e+00
  0.0000000e+00  0.0000000e+00  0.0000000e+00  0.0000000e+00
  7.4500000e-01  5.5800003e-01  2.1029999e+00  0.0000000e+00
  0.0000000e+00  0.0000000e+00  0.0000000e+00  0.0000000e+00]","[6 0 1 0 0 0 0 0 0 0 0 0 0 0 0 0 0 0 0 0 0 0 0 0 0 0 0 0 0 0 0 0 0 0 0 0 0
 0 0 0 0 0 0 0 0 0 0 0 0 0 0 0 0 0 0 0 0 0 0 0 0 2 0 0 0 0 0 0 0 0 0 0 0 0
 0 0 0 0 0 0 0 0 0 0 0 0 0 0 0 1 0 0 0 0 0 0 0 0 0 0 0 0 0 0 0 0 0 0 0 0 0
 0 0 0 0 0 0 0 0 0 0 0 1 0 0 0 0 0 0 0 0 0 1 0 0 0 0 0 0 0 0 0 0 0 0 0 0 0
 0 0 0 0 0 0 0 1 0 0 0 0 0 0 0 0 0 0 0 1 0 0 0 0 0 0 0 0 0 0 0 0 0 0 0 0 0
 0 0 0 0 0 0 0 1 0 0 0 0 0 0 0 0 1 0 0 0 0 0 0 0 0 0 0 0 0 0 0 0 0 0 0 0 0
 0 0 0 0 0 0 0 0 0 0 0 0 0 0 0 0 0 0 0 0 0 0 0 0 0 0 1 0 0 0 0 0 0 0]"
58,N-Ethylacrylamide,Acrylamides,C=CC(=O)NCC,"[ 5.5986863e-02 -1.9037647e-02 -3.4867801e-02 -1.0400867e-02
  2.2349909e-02  0.0000000e+00  0.0000000e+00  0.0000000e+00
 -2.6310282e-02  1.5944025e-02  8.5322242e-03  3.8976651e-03
  4.4623255e-03  0.0000000e+00  0.0000000e+00  0.0000000e+00
  6.6666669e-01  6.6666669e-01  4.0000001e-01  0.0000000e+00
  0.0000000e+00  0.0000000e+00  0.0000000e+00  0.0000000e+00
  2.0369999e+00  2.1059999e+00  1.9210000e+00  1.4660000e+00
  6.9300002e-01  0.0000000e+00  0.0000000e+00  0.0000000e+00
  1.8300000e+00  1.7530000e+00  1.6460000e+00  1.3120000e+00
  6.9300002e-01  0.0000000e+00  0.0000000e+00  0.0000000e+00
  2.0339999e+00  2.1029999e+00  1.9190000e+00  1.4650000e+00
  6.9300002e-01  0.0000000e+00  0.0000000e+00  0.0000000e+00
  1.7410001e+00  1.6070000e+00  1.5120000e+00  1.2400000e+00
  6.9300002e-01  0.0000000e+00  0.0000000e+00  0.0000000e+00
  2.0530000e+00  2.1220000e+00  1.9040000e+00  1.4370000e+00
  6.9300002e-01  0.0000000e+00  0.0000000e+00  0.0000000e+00
  3.6289999e+00  4.5250001e+00  3.2449999e+00  2.5650001e+00
  6.9300002e-01  0.0000000e+00  0.0000000e+00  0.0000000e+00
  4.6999998e-02  6.7000002e-02  5.4000001e-02  2.8999999e-02
  4.9999999e-03  0.0000000e+00  0.0000000e+00  0.0000000e+00
  5.7999998e-02  8.6999997e-02  5.6000002e-02  2.7000001e-02
  6.0000001e-03  0.0000000e+00  0.0000000e+00  0.0000000e+00
  4.5000002e-02  6.4000003e-02  5.2000001e-02  2.8000001e-02
  4.9999999e-03  0.0000000e+00  0.0000000e+00  0.0000000e+00
  1.7000000e-01  2.5400001e-01  1.7500000e-01  8.9000002e-02
  1.7000001e-02  0.0000000e+00  0.0000000e+00  0.0000000e+00
  5.6000002e-02  8.2000002e-02  4.6000000e-02  2.0000000e-02
  4.9999999e-03  0.0000000e+00  0.0000000e+00  0.0000000e+00
  1.9035999e+01  2.3690001e+01  2.4358000e+01  1.3760000e+01
  3.8120000e+00  0.0000000e+00  0.0000000e+00  0.0000000e+00
 -1.9300000e-01  3.2000002e-02 -4.6200001e-01 -1.9200000e-01
  3.4599999e-01  0.0000000e+00  0.0000000e+00  0.0000000e+00
 -2.7800000e-01  6.3000001e-02 -4.5899999e-01 -1.0400000e-01
  3.9600000e-01  0.0000000e+00  0.0000000e+00  0.0000000e+00
 -1.8900000e-01  2.8999999e-02 -4.6000001e-01 -1.9499999e-01
  3.4299999e-01  0.0000000e+00  0.0000000e+00  0.0000000e+00
 -2.4500000e-01  6.1999999e-02 -4.6900001e-01 -1.4600000e-01
  3.8200000e-01  0.0000000e+00  0.0000000e+00  0.0000000e+00
 -3.2600001e-01 -8.9999996e-03 -3.8000000e-01  8.9999996e-03
  3.8600001e-01  0.0000000e+00  0.0000000e+00  0.0000000e+00
 -3.8299999e-01  5.2700001e-01 -7.7899998e-01 -4.1200000e-01
  7.6800001e-01  0.0000000e+00  0.0000000e+00  0.0000000e+00
  8.0800003e-01  9.4199997e-01  1.4540000e+00  1.0760000e+00
  0.0000000e+00  0.0000000e+00  0.0000000e+00  0.0000000e+00
  9.9000001e-01  1.0000000e+00  1.3250000e+00  8.1199998e-01
  0.0000000e+00  0.0000000e+00  0.0000000e+00  0.0000000e+00
  8.0100000e-01  9.4300002e-01  1.4570000e+00  1.0840000e+00
  0.0000000e+00  0.0000000e+00  0.0000000e+00  0.0000000e+00
  9.1299999e-01  9.5800000e-01  1.3920000e+00  9.3800002e-01
  0.0000000e+00  0.0000000e+00  0.0000000e+00  0.0000000e+00
  1.1490000e+00  1.1849999e+00  1.1150000e+00  4.7299999e-01
  0.0000000e+00  0.0000000e+00  0.0000000e+00  0.0000000e+00
  1.0070000e+00  4.4400001e-01  1.6820000e+00  1.2950000e+00
  0.0000000e+00  0.0000000e+00  0.0000000e+00  0.0000000e+00]","[5 1 1 0 0 0 0 0 0 0 0 1 0 0 0 0 0 0 0 0 0 0 0 0 0 0 0 0 0 0 0 0 0 0 0 0 0
 0 0 1 0 0 0 0 0 0 0 0 0 0 0 0 0 0 0 0 0 0 0 0 0 1 0 0 0 0 0 0 0 0 0 0 0 0
 0 0 0 0 0 0 0 0 0 0 0 0 0 0 0 1 0 0 0 0 0 0 0 0 0 0 0 0 0 0 0 0 0 0 1 0 0
 0 0 0 0 0 0 0 0 0 0 0 1 0 0 0 0 0 0 0 0 1 0 0 0 0 0 0 0 0 0 0 1 0 0 0 0 0
 0 0 0 0 0 0 0 0 0 0 0 0 0 0 0 0 0 0 0 0 0 0 0 0 0 0 0 0 0 0 0 1 0 0 0 0 0
 0 0 0 0 0 0 0 0 0 0 0 0 0 0 0 0 0 0 0 0 0 0 0 0 0 0 0 0 0 0 0 0 0 0 0 0 0
 0 0 0 0 0 0 0 0 0 0 0 0 0 1 0 0 0 0 0 0 0 0 0 0 0 0 1 0 0 0 0 0 0 0]"
59,"N,N-Diethylacrylamide",Acrylamides,C=CC(=O)N(CC)CC,"[ 2.28895824e-02 -5.33146551e-04 -2.12970879e-02 -5.94862690e-03
  2.23499089e-02  0.00000000e+00  0.00000000e+00  0.00000000e+00
 -2.05116700e-02  1.25029925e-02  2.22653197e-03  3.55334627e-03
  4.43815812e-03  0.00000000e+00  0.00000000e+00  0.00000000e+00
  5.00000000e-01  4.44444448e-01  2.00000003e-01  0.00000000e+00
  0.00000000e+00  0.00000000e+00  0.00000000e+00  0.00000000e+00
  2.28600001e+00  2.43199992e+00  2.49799991e+00  2.15899992e+00
  1.09899998e+00  0.00000000e+00  0.00000000e+00  0.00000000e+00
  2.07800007e+00  2.14400005e+00  2.29299998e+00  2.00500011e+00
  1.09899998e+00  0.00000000e+00  0.00000000e+00  0.00000000e+00
  2.28299999e+00  2.42899990e+00  2.49699998e+00  2.15799999e+00
  1.09899998e+00  0.00000000e+00  0.00000000e+00  0.00000000e+00
  1.99199998e+00  2.02999997e+00  2.19600010e+00  1.93299997e+00
  1.09899998e+00  0.00000000e+00  0.00000000e+00  0.00000000e+00
  2.31100011e+00  2.45499992e+00  2.47799993e+00  2.13000011e+00
  1.09899998e+00  0.00000000e+00  0.00000000e+00  0.00000000e+00
  3.48600006e+00  4.11100006e+00  3.61999989e+00  3.25799990e+00
  1.09899998e+00  0.00000000e+00  0.00000000e+00  0.00000000e+00
  4.60000001e-02  7.69999996e-02  7.10000023e-02  4.60000001e-02
  6.00000005e-03  0.00000000e+00  0.00000000e+00  0.00000000e+00
  5.90000004e-02  1.01000004e-01  7.10000023e-02  4.39999998e-02
  7.00000022e-03  0.00000000e+00  0.00000000e+00  0.00000000e+00
  4.39999998e-02  7.29999989e-02  6.80000037e-02  4.39999998e-02
  6.00000005e-03  0.00000000e+00  0.00000000e+00  0.00000000e+00
  1.71000004e-01  2.91999996e-01  2.26999998e-01  1.43000007e-01
  2.09999997e-02  0.00000000e+00  0.00000000e+00  0.00000000e+00
  5.99999987e-02  9.60000008e-02  5.70000000e-02  3.29999998e-02
  6.00000005e-03  0.00000000e+00  0.00000000e+00  0.00000000e+00
  8.93099976e+00  1.36520004e+01  2.56790009e+01  1.99290009e+01
  2.80999994e+00  0.00000000e+00  0.00000000e+00  0.00000000e+00
 -2.18999997e-01  8.39999989e-02 -2.75000006e-01 -1.78000003e-01
  2.50000000e-01  0.00000000e+00  0.00000000e+00  0.00000000e+00
 -3.28000009e-01  9.00000036e-02 -2.47999996e-01 -1.11000001e-01
  2.82999992e-01  0.00000000e+00  0.00000000e+00  0.00000000e+00
 -2.14000002e-01  8.10000002e-02 -2.75000006e-01 -1.80000007e-01
  2.47999996e-01  0.00000000e+00  0.00000000e+00  0.00000000e+00
 -2.84999996e-01  9.79999974e-02 -2.64999986e-01 -1.43000007e-01
  2.73999989e-01  0.00000000e+00  0.00000000e+00  0.00000000e+00
 -3.95999998e-01  8.00000038e-03 -1.80999994e-01 -2.09999997e-02
  2.75999993e-01  0.00000000e+00  0.00000000e+00  0.00000000e+00
 -7.50000030e-02  3.31000000e-01 -4.56999987e-01 -4.37000006e-01
  3.74000013e-01  0.00000000e+00  0.00000000e+00  0.00000000e+00
  8.75999987e-01  8.88999999e-01  1.29900002e+00  1.14199996e+00
  0.00000000e+00  0.00000000e+00  0.00000000e+00  0.00000000e+00
  1.17900002e+00  1.05499995e+00  1.11000001e+00  8.52999985e-01
  0.00000000e+00  0.00000000e+00  0.00000000e+00  0.00000000e+00
  8.65000010e-01  8.85999978e-01  1.30499995e+00  1.15100002e+00
  0.00000000e+00  0.00000000e+00  0.00000000e+00  0.00000000e+00
  1.04600000e+00  9.67000008e-01  1.20099998e+00  9.87999976e-01
  0.00000000e+00  0.00000000e+00  0.00000000e+00  0.00000000e+00
  1.47800004e+00  1.34300005e+00  8.59000027e-01  4.97999996e-01
  0.00000000e+00  0.00000000e+00  0.00000000e+00  0.00000000e+00
  6.66000009e-01  5.42999983e-01  1.51300001e+00  1.52100003e+00
  0.00000000e+00  0.00000000e+00  0.00000000e+00  0.00000000e+00]","[8 0 1 0 0 0 0 0 0 0 0 0 0 0 0 0 0 0 0 0 0 0 0 0 2 0 0 0 0 0 0 0 0 0 0 0 0
 0 0 0 0 0 0 0 0 0 0 0 0 0 0 0 0 0 0 0 0 0 0 0 0 2 0 0 0 0 0 0 0 0 0 0 0 0
 0 0 0 0 0 0 0 0 0 0 0 0 0 0 0 1 0 0 0 0 0 0 0 0 0 0 0 0 0 0 0 0 0 0 0 0 0
 0 0 0 0 0 0 0 0 0 0 0 1 0 0 0 0 0 0 0 0 0 1 0 0 0 0 0 0 0 0 0 0 0 0 0 0 0
 0 0 0 0 0 0 0 0 0 0 0 0 2 0 0 0 0 0 0 1 0 0 0 0 0 0 0 0 0 0 0 0 0 0 0 0 0
 0 0 0 0 0 0 0 1 0 0 0 0 0 0 0 0 1 0 0 0 0 0 0 0 0 0 0 0 0 0 0 0 0 0 0 0 0
 0 0 0 0 0 0 0 0 0 0 0 0 0 0 0 0 0 0 0 0 0 1 0 0 0 0 1 0 0 0 0 0 0 0]"
60,N-Isopropylacrylamide (NIPAM),Acrylamides,C=CC(=O)NC(C)C,"[ 4.3895867e-02 -2.4408646e-02 -3.5741005e-02 -6.2181028e-03
  2.2349909e-02  0.0000000e+00  0.0000000e+00  0.0000000e+00
 -2.3110671e-02  1.4226581e-02  4.9603763e-03  4.5015016e-03
  4.2136600e-03  0.0000000e+00  0.0000000e+00  0.0000000e+00
  5.7142860e-01  5.0000000e-01  3.3333334e-01  0.0000000e+00
  0.0000000e+00  0.0000000e+00  0.0000000e+00  0.0000000e+00
  2.1589999e+00  2.3399999e+00  2.0580001e+00  1.8970000e+00
  1.0990000e+00  0.0000000e+00  0.0000000e+00  0.0000000e+00
  1.9780000e+00  2.0190001e+00  1.8230000e+00  1.6920000e+00
  1.0990000e+00  0.0000000e+00  0.0000000e+00  0.0000000e+00
  2.1570001e+00  2.3369999e+00  2.0560000e+00  1.8950000e+00
  1.0990000e+00  0.0000000e+00  0.0000000e+00  0.0000000e+00
  1.9030000e+00  1.8890001e+00  1.7110000e+00  1.5910000e+00
  1.0990000e+00  0.0000000e+00  0.0000000e+00  0.0000000e+00
  2.1740000e+00  2.3650000e+00  2.0420001e+00  1.8590000e+00
  1.0990000e+00  0.0000000e+00  0.0000000e+00  0.0000000e+00
  3.8210001e+00  4.6050000e+00  3.6459999e+00  3.2190001e+00
  1.0990000e+00  0.0000000e+00  0.0000000e+00  0.0000000e+00
  4.5000002e-02  7.5999998e-02  5.2000001e-02  4.5000002e-02
  8.0000004e-03  0.0000000e+00  0.0000000e+00  0.0000000e+00
  5.5000000e-02  1.0100000e-01  5.4000001e-02  4.1999999e-02
  8.9999996e-03  0.0000000e+00  0.0000000e+00  0.0000000e+00
  4.3000001e-02  7.1999997e-02  5.0000001e-02  4.4000000e-02
  7.0000002e-03  0.0000000e+00  0.0000000e+00  0.0000000e+00
  1.6200000e-01  2.9100001e-01  1.6900000e-01  1.3900000e-01
  2.6000001e-02  0.0000000e+00  0.0000000e+00  0.0000000e+00
  5.2999999e-02  9.7000003e-02  4.4000000e-02  2.9999999e-02
  8.0000004e-03  0.0000000e+00  0.0000000e+00  0.0000000e+00
  1.5748000e+01  3.0832001e+01  2.0333000e+01  2.1084000e+01
  6.7230000e+00  0.0000000e+00  0.0000000e+00  0.0000000e+00
 -1.5200000e-01  3.2000002e-02 -3.5499999e-01 -3.2900000e-01
  2.9100001e-01  0.0000000e+00  0.0000000e+00  0.0000000e+00
 -2.2100000e-01  2.3000000e-02 -3.4799999e-01 -2.4200000e-01
  3.3000001e-01  0.0000000e+00  0.0000000e+00  0.0000000e+00
 -1.4900000e-01  3.0999999e-02 -3.5400000e-01 -3.3100000e-01
  2.8799999e-01  0.0000000e+00  0.0000000e+00  0.0000000e+00
 -1.9400001e-01  3.7000000e-02 -3.5800001e-01 -2.8600001e-01
  3.1900001e-01  0.0000000e+00  0.0000000e+00  0.0000000e+00
 -2.5999999e-01 -6.8999998e-02 -2.8700000e-01 -1.0900000e-01
  3.2200000e-01  0.0000000e+00  0.0000000e+00  0.0000000e+00
 -3.1000000e-01  4.1999999e-01 -4.4200000e-01 -8.1099999e-01
  7.5599998e-01  0.0000000e+00  0.0000000e+00  0.0000000e+00
  7.7499998e-01  9.0399998e-01  1.3550000e+00  1.4440000e+00
  0.0000000e+00  0.0000000e+00  0.0000000e+00  0.0000000e+00
  9.4400001e-01  1.0770000e+00  1.2270000e+00  1.0829999e+00
  0.0000000e+00  0.0000000e+00  0.0000000e+00  0.0000000e+00
  7.6800001e-01  8.9999998e-01  1.3580000e+00  1.4550000e+00
  0.0000000e+00  0.0000000e+00  0.0000000e+00  0.0000000e+00
  8.7099999e-01  9.8600000e-01  1.2920001e+00  1.2539999e+00
  0.0000000e+00  0.0000000e+00  0.0000000e+00  0.0000000e+00
  1.0960000e+00  1.3700000e+00  1.0350000e+00  6.3200003e-01
  0.0000000e+00  0.0000000e+00  0.0000000e+00  0.0000000e+00
  9.1399997e-01  5.7300001e-01  1.3440000e+00  1.7920001e+00
  0.0000000e+00  0.0000000e+00  0.0000000e+00  0.0000000e+00]","[6 2 1 0 0 0 0 0 0 0 0 1 0 0 0 0 0 0 0 0 0 1 0 0 0 0 0 0 0 0 0 0 0 0 0 0 0
 0 0 0 0 0 0 0 0 0 0 0 0 0 0 0 0 0 0 0 0 0 0 0 0 2 0 0 0 0 0 0 0 0 0 0 0 0
 0 0 0 0 0 0 0 0 0 0 0 0 0 0 0 1 0 0 0 0 0 0 0 0 0 0 0 0 0 0 0 0 0 0 1 0 0
 0 0 0 0 0 0 0 0 0 0 0 1 0 0 0 0 0 0 0 0 1 0 0 0 0 0 1 0 0 0 0 0 0 0 0 0 0
 0 0 0 0 0 0 0 0 0 0 0 0 0 0 0 0 0 0 0 0 0 0 0 0 0 0 0 0 0 0 0 1 0 0 0 0 0
 0 0 0 0 0 0 0 0 0 0 0 0 0 0 0 0 0 0 0 0 0 0 0 0 0 0 0 0 0 0 0 0 0 0 0 0 0
 0 0 0 0 0 0 0 0 0 0 0 0 0 0 0 0 0 0 0 0 0 0 0 0 0 0 1 0 0 0 0 0 0 0]"
61,N-Propylacrylamide,Acrylamides,C=CC(=O)NCCC,"[ 5.0955139e-02 -2.0507175e-02 -4.6098724e-02 -1.7826406e-02
  7.5700525e-03  2.2349909e-02  0.0000000e+00  0.0000000e+00
 -2.2316605e-02  1.3125269e-02  1.1101107e-02 -1.6313398e-03
  7.0287120e-03  5.9629348e-03  0.0000000e+00  0.0000000e+00
  5.7142860e-01  5.7142860e-01  3.3333334e-01  0.0000000e+00
  0.0000000e+00  0.0000000e+00  0.0000000e+00  0.0000000e+00
  2.1589999e+00  2.2210000e+00  2.0790000e+00  1.6740000e+00
  1.4660000e+00  6.9300002e-01  0.0000000e+00  0.0000000e+00
  1.9780000e+00  1.9130000e+00  1.7830000e+00  1.5510000e+00
  1.3120000e+00  6.9300002e-01  0.0000000e+00  0.0000000e+00
  2.1570001e+00  2.2179999e+00  2.0760000e+00  1.6730000e+00
  1.4650000e+00  6.9300002e-01  0.0000000e+00  0.0000000e+00
  1.9030000e+00  1.7900000e+00  1.6410000e+00  1.4940000e+00
  1.2400000e+00  6.9300002e-01  0.0000000e+00  0.0000000e+00
  2.1740000e+00  2.2360001e+00  2.0790000e+00  1.6500000e+00
  1.4370000e+00  6.9300002e-01  0.0000000e+00  0.0000000e+00
  3.6550000e+00  4.5359998e+00  3.4230001e+00  2.6860001e+00
  2.5650001e+00  6.9300002e-01  0.0000000e+00  0.0000000e+00
  4.5000002e-02  7.0000000e-02  5.4000001e-02  2.8000001e-02
  2.5000000e-02  4.0000002e-03  0.0000000e+00  0.0000000e+00
  5.5000000e-02  8.9000002e-02  6.1000001e-02  2.7000001e-02
  2.3000000e-02  4.0000002e-03  0.0000000e+00  0.0000000e+00
  4.3000001e-02  6.6000000e-02  5.2000001e-02  2.7000001e-02
  2.4000000e-02  4.0000002e-03  0.0000000e+00  0.0000000e+00
  1.6200000e-01  2.6100001e-01  1.8500000e-01  8.9000002e-02
  7.5999998e-02  1.3000000e-02  0.0000000e+00  0.0000000e+00
  5.2999999e-02  8.2999997e-02  5.5000000e-02  2.1000000e-02
  1.7000001e-02  4.0000002e-03  0.0000000e+00  0.0000000e+00
  2.0159000e+01  2.8730000e+01  2.6479000e+01  1.4236000e+01
  1.2457000e+01  2.9189999e+00  0.0000000e+00  0.0000000e+00
 -1.5200000e-01  1.0600000e-01 -4.8400000e-01 -9.7000003e-02
 -2.2600000e-01  2.9100001e-01  0.0000000e+00  0.0000000e+00
 -2.2100000e-01  1.5200000e-01 -5.5100000e-01 -2.7000001e-02
 -1.4600000e-01  3.3000001e-01  0.0000000e+00  0.0000000e+00
 -1.4900000e-01  1.0200000e-01 -4.7999999e-01 -9.8999999e-02
 -2.2800000e-01  2.8799999e-01  0.0000000e+00  0.0000000e+00
 -1.9400001e-01  1.4500000e-01 -5.3100002e-01 -5.9000000e-02
 -1.8500000e-01  3.1900001e-01  0.0000000e+00  0.0000000e+00
 -2.5999999e-01  8.9000002e-02 -5.3700000e-01  5.2000001e-02
 -3.7999999e-02  3.2200000e-01  0.0000000e+00  0.0000000e+00
 -2.5500000e-01  6.2699997e-01 -8.0199999e-01 -2.5400001e-01
 -4.6300000e-01  6.1299998e-01  0.0000000e+00  0.0000000e+00
  7.7499998e-01  9.0300000e-01  1.5060000e+00  9.0300000e-01
  1.2029999e+00  0.0000000e+00  0.0000000e+00  0.0000000e+00
  9.4400001e-01  9.5300001e-01  1.5520000e+00  6.7699999e-01
  9.0200001e-01  0.0000000e+00  0.0000000e+00  0.0000000e+00
  7.6800001e-01  9.0399998e-01  1.5030000e+00  9.1000003e-01
  1.2130001e+00  0.0000000e+00  0.0000000e+00  0.0000000e+00
  8.7099999e-01  9.1500002e-01  1.5390000e+00  7.8399998e-01
  1.0450000e+00  0.0000000e+00  0.0000000e+00  0.0000000e+00
  1.0960000e+00  1.1300000e+00  1.5420001e+00  3.9500001e-01
  5.2700001e-01  0.0000000e+00  0.0000000e+00  0.0000000e+00
  9.1900003e-01  4.0500000e-01  1.7370000e+00  1.0440000e+00
  1.3780000e+00  0.0000000e+00  0.0000000e+00  0.0000000e+00]","[6 1 1 0 0 0 0 0 0 0 0 1 0 0 0 0 0 0 0 0 0 0 0 0 1 0 0 0 0 0 0 0 0 0 0 0 0
 0 0 1 0 0 0 0 0 0 0 0 1 0 0 0 0 0 0 0 0 0 0 0 0 1 0 0 0 0 0 0 0 0 0 0 0 0
 0 0 0 0 0 0 0 0 0 0 0 0 0 0 0 1 0 0 0 0 0 0 0 0 0 0 0 0 0 0 0 0 0 0 1 0 0
 0 0 0 0 0 0 0 0 0 0 0 1 0 0 0 0 0 0 0 0 1 0 0 0 0 0 0 0 0 0 0 0 0 0 0 0 0
 0 0 0 0 0 0 0 0 0 0 0 0 0 0 0 0 0 0 0 0 0 0 0 0 0 0 0 0 0 0 0 1 0 0 0 0 0
 0 0 0 0 0 0 0 0 0 0 0 0 0 0 0 0 0 0 0 0 0 0 0 0 0 0 0 0 0 0 0 0 0 0 0 0 0
 0 0 0 0 0 0 0 0 0 0 0 0 0 1 0 0 0 0 0 0 0 0 1 0 0 0 1 0 0 0 0 0 0 0]"
62,N-tert-Butylacrylamide,Acrylamides,C=CC(=O)NC(C)(C)C,"[ 3.4714520e-02 -2.3272084e-02 -3.6364149e-02 -4.3900376e-03
  2.2349909e-02  0.0000000e+00  0.0000000e+00  0.0000000e+00
 -2.0767994e-02  1.1929652e-02  2.5963970e-03  4.5547145e-03
  3.9657536e-03  0.0000000e+00  0.0000000e+00  0.0000000e+00
  5.0000000e-01  3.6363637e-01  2.8571430e-01  0.0000000e+00
  0.0000000e+00  0.0000000e+00  0.0000000e+00  0.0000000e+00
  2.2690001e+00  2.6070001e+00  2.1780000e+00  2.1970000e+00
  1.3860000e+00  0.0000000e+00  0.0000000e+00  0.0000000e+00
  2.1080000e+00  2.3310001e+00  1.9720000e+00  1.9660000e+00
  1.3860000e+00  0.0000000e+00  0.0000000e+00  0.0000000e+00
  2.2670000e+00  2.6029999e+00  2.1760001e+00  2.1949999e+00
  1.3860000e+00  0.0000000e+00  0.0000000e+00  0.0000000e+00
  2.0420001e+00  2.2230000e+00  1.8770000e+00  1.8510000e+00
  1.3860000e+00  0.0000000e+00  0.0000000e+00  0.0000000e+00
  2.2809999e+00  2.6340001e+00  2.1640000e+00  2.1550000e+00
  1.3860000e+00  0.0000000e+00  0.0000000e+00  0.0000000e+00
  3.7300000e+00  4.6609998e+00  3.4579999e+00  3.5620000e+00
  1.3860000e+00  0.0000000e+00  0.0000000e+00  0.0000000e+00
  4.3000001e-02  8.6000003e-02  4.8999999e-02  5.7999998e-02
  8.9999996e-03  0.0000000e+00  0.0000000e+00  0.0000000e+00
  5.2000001e-02  1.1500000e-01  5.0999999e-02  5.4000001e-02
  9.9999998e-03  0.0000000e+00  0.0000000e+00  0.0000000e+00
  4.1000001e-02  8.1000000e-02  4.6999998e-02  5.6000002e-02
  8.9999996e-03  0.0000000e+00  0.0000000e+00  0.0000000e+00
  1.5300000e-01  3.3000001e-01  1.6000000e-01  1.7800000e-01
  3.0999999e-02  0.0000000e+00  0.0000000e+00  0.0000000e+00
  5.0000001e-02  1.1200000e-01  4.3000001e-02  3.7999999e-02
  8.9999996e-03  0.0000000e+00  0.0000000e+00  0.0000000e+00
  1.8794001e+01  4.2023998e+01  2.2417999e+01  2.9409000e+01
  7.1729999e+00  0.0000000e+00  0.0000000e+00  0.0000000e+00
 -1.2500000e-01  4.5000002e-02 -2.8600001e-01 -3.9300001e-01
  2.5000000e-01  0.0000000e+00  0.0000000e+00  0.0000000e+00
 -1.8200000e-01  1.8999999e-02 -2.7800000e-01 -3.0800000e-01
  2.8299999e-01  0.0000000e+00  0.0000000e+00  0.0000000e+00
 -1.2300000e-01  4.5000002e-02 -2.8500000e-01 -3.9500001e-01
  2.4800000e-01  0.0000000e+00  0.0000000e+00  0.0000000e+00
 -1.6000000e-01  3.9000001e-02 -2.8700000e-01 -3.5200000e-01
  2.7399999e-01  0.0000000e+00  0.0000000e+00  0.0000000e+00
 -2.1500000e-01 -7.5000003e-02 -2.2800000e-01 -1.7000000e-01
  2.7599999e-01  0.0000000e+00  0.0000000e+00  0.0000000e+00
 -1.9000000e-01  3.9399999e-01 -4.5800000e-01 -8.1699997e-01
  5.3799999e-01  0.0000000e+00  0.0000000e+00  0.0000000e+00
  7.5099999e-01  8.1900001e-01  1.2850000e+00  1.7130001e+00
  0.0000000e+00  0.0000000e+00  0.0000000e+00  0.0000000e+00
  9.1000003e-01  1.0590000e+00  1.1600000e+00  1.2790000e+00
  0.0000000e+00  0.0000000e+00  0.0000000e+00  0.0000000e+00
  7.4400002e-01  8.1199998e-01  1.2890000e+00  1.7270000e+00
  0.0000000e+00  0.0000000e+00  0.0000000e+00  0.0000000e+00
  8.4100002e-01  9.4000000e-01  1.2220000e+00  1.4830000e+00
  0.0000000e+00  0.0000000e+00  0.0000000e+00  0.0000000e+00
  1.0580000e+00  1.4050000e+00  9.7799999e-01  7.4699998e-01
  0.0000000e+00  0.0000000e+00  0.0000000e+00  0.0000000e+00
  8.5299999e-01  5.6900001e-01  1.3430001e+00  1.9299999e+00
  0.0000000e+00  0.0000000e+00  0.0000000e+00  0.0000000e+00]","[7 1 1 0 0 0 0 0 0 0 0 1 0 0 0 0 0 0 0 0 0 0 0 0 0 0 0 0 0 0 0 0 0 0 0 0 0
 0 0 0 0 0 0 0 0 0 0 0 0 0 0 0 0 0 0 0 0 0 0 0 0 3 0 0 0 0 0 0 1 0 0 0 0 0
 0 0 0 0 0 0 0 0 0 0 0 0 0 0 0 1 0 0 0 0 0 0 0 0 0 0 0 0 0 0 0 0 0 0 1 0 0
 0 0 0 0 0 0 0 0 0 0 0 1 0 0 0 0 0 0 0 0 1 0 0 0 0 0 0 0 0 0 0 0 0 0 0 0 0
 0 0 0 0 0 0 0 0 0 0 0 0 0 0 0 0 0 0 0 0 0 0 1 0 0 0 0 0 0 0 0 1 0 0 0 0 0
 0 0 0 0 0 0 0 0 0 0 0 0 0 0 0 0 0 0 0 0 0 0 0 0 0 0 0 0 0 0 0 0 0 0 0 0 0
 0 0 0 0 0 0 0 0 0 0 1 0 0 0 0 0 0 0 0 0 0 0 0 0 0 0 1 0 0 0 0 0 0 0]"
63,N-(2-Hydroxypropyl) acrylamide,Acrylamides,C=CC(=O)NCC(C)O,"[ 5.4595485e-02  1.3491831e-02  3.6967525e-03  1.6667120e-03
 -6.4348020e-03 -1.1260260e-02  0.0000000e+00  0.0000000e+00
 -2.4113096e-02  6.3292794e-03  3.0403946e-02 -2.5409829e-02
  2.2246230e-02  2.0068133e-02  0.0000000e+00  0.0000000e+00
  5.0000000e-01  4.4444445e-01  2.8571430e-01  0.0000000e+00
  0.0000000e+00  0.0000000e+00  0.0000000e+00  0.0000000e+00
  2.3020000e+00  2.4749999e+00  2.2570000e+00  1.8970000e+00
  2.0070000e+00  1.2040000e+00  0.0000000e+00  0.0000000e+00
  2.0730000e+00  2.1040001e+00  1.8700000e+00  1.6920000e+00
  1.5970000e+00  9.9900001e-01  0.0000000e+00  0.0000000e+00
  2.3000000e+00  2.4719999e+00  2.2530000e+00  1.8950000e+00
  2.0039999e+00  1.2020000e+00  0.0000000e+00  0.0000000e+00
  1.9680001e+00  1.9310000e+00  1.6940000e+00  1.5910000e+00
  1.4150000e+00  8.9800000e-01  0.0000000e+00  0.0000000e+00
  2.3030000e+00  2.4660001e+00  2.2579999e+00  1.8590000e+00
  1.9290000e+00  1.1660000e+00  0.0000000e+00  0.0000000e+00
  3.7539999e+00  4.6090002e+00  3.6199999e+00  3.3080001e+00
  3.2190001e+00  1.0990000e+00  0.0000000e+00  0.0000000e+00
  9.2000000e-02  1.2300000e-01  9.3000002e-02  7.0000000e-02
  1.1900000e-01  3.0999999e-02  0.0000000e+00  0.0000000e+00
  9.4999999e-02  1.3400000e-01  1.0800000e-01  5.9999999e-02
  8.9000002e-02  2.6000001e-02  0.0000000e+00  0.0000000e+00
  8.8000000e-02  1.1800000e-01  8.8000000e-02  6.7000002e-02
  1.1500000e-01  2.9999999e-02  0.0000000e+00  0.0000000e+00
  3.0000001e-01  4.1700000e-01  3.2800001e-01  2.0400000e-01
  3.2400000e-01  8.9000002e-02  0.0000000e+00  0.0000000e+00
  7.9000004e-02  1.1100000e-01  9.3999997e-02  3.9000001e-02
  5.0000001e-02  1.7000001e-02  0.0000000e+00  0.0000000e+00
  1.6983000e+01  3.2194000e+01  2.8672001e+01  9.4080000e+00
  1.9737000e+01  5.3119998e+00  0.0000000e+00  0.0000000e+00
 -1.5700001e-01 -2.1400000e-01 -1.7299999e-01 -1.9599999e-01
  3.1799999e-01 -3.5699999e-01  0.0000000e+00  0.0000000e+00
 -2.2800000e-01 -1.7700000e-01 -1.4500000e-01 -1.3100000e-01
  2.3199999e-01 -2.8700000e-01  0.0000000e+00  0.0000000e+00
 -1.5400000e-01 -2.1600001e-01 -1.7500000e-01 -1.9800000e-01
  3.2100001e-01 -3.5900000e-01  0.0000000e+00  0.0000000e+00
 -1.9800000e-01 -1.9200000e-01 -1.5400000e-01 -1.6300000e-01
  2.7100000e-01 -3.2400000e-01  0.0000000e+00  0.0000000e+00
 -2.8200001e-01 -1.5500000e-01 -1.5400000e-01 -2.9999999e-02
  1.3800000e-01 -1.5800001e-01  0.0000000e+00  0.0000000e+00
 -3.1600001e-01  7.5800002e-01 -9.1600001e-01  1.0200000e-01
 -8.2599998e-01  6.2000000e-01  0.0000000e+00  0.0000000e+00
  8.0400002e-01  1.0710000e+00  1.0100000e+00  1.0280000e+00
  1.0280000e+00  1.2850000e+00  0.0000000e+00  0.0000000e+00
  9.4599998e-01  1.0910000e+00  1.0880001e+00  8.8000000e-01
  8.8000000e-01  1.1000000e+00  0.0000000e+00  0.0000000e+00
  7.9900002e-01  1.0720000e+00  1.0089999e+00  1.0319999e+00
  1.0319999e+00  1.2900000e+00  0.0000000e+00  0.0000000e+00
  8.8200003e-01  1.0760000e+00  1.0410000e+00  9.5800000e-01
  9.5800000e-01  1.1980000e+00  0.0000000e+00  0.0000000e+00
  1.1040000e+00  1.1740000e+00  1.2940000e+00  6.0299999e-01
  6.0299999e-01  7.5400001e-01  0.0000000e+00  0.0000000e+00
  9.4700003e-01  2.7500001e-01  1.9140000e+00  6.2000000e-01
  1.8890001e+00  0.0000000e+00  0.0000000e+00  0.0000000e+00]","[6 1 1 1 0 0 0 0 0 0 0 1 0 0 0 0 0 0 0 0 0 0 0 0 0 0 0 0 0 0 0 0 0 0 0 0 0
 0 0 1 0 0 0 0 0 0 0 0 0 0 0 0 0 0 0 0 0 0 0 0 0 1 0 0 0 0 0 0 0 0 0 0 0 0
 0 0 0 0 0 0 0 0 0 0 0 0 0 0 0 1 0 0 0 0 0 0 0 0 0 0 0 0 0 0 0 0 0 0 1 0 0
 0 0 0 0 0 0 0 0 0 0 0 1 0 0 0 0 0 0 0 0 1 0 0 0 0 0 0 0 0 0 0 0 0 0 1 0 0
 0 0 0 1 0 0 0 0 0 0 1 0 0 0 0 0 0 0 0 0 0 0 0 0 0 0 0 0 0 0 0 1 0 0 0 0 0
 0 0 0 0 0 0 0 0 0 0 0 0 0 0 0 0 0 0 0 0 0 0 0 0 0 0 0 0 0 0 0 0 0 0 0 0 0
 0 0 0 0 0 0 0 0 0 0 0 0 0 1 0 0 0 0 0 0 0 0 0 0 0 0 1 1 0 0 0 0 0 0]"
64,"N,N-Dimethylaminopropyl acrylamide",Acrylamides,C=CC(=O)NCCCN(C)C,"[ 5.01163192e-02  4.99858113e-04 -2.63651833e-03  4.77722026e-02
  6.65570870e-02  1.61816999e-02 -1.00895735e-02 -3.15628499e-02
 -1.50199905e-02  8.64138547e-03  4.73520486e-03  1.61194671e-02
 -1.05193453e-02  1.56586021e-02  7.29379524e-03  1.28183782e-03
  4.00000006e-01  3.63636374e-01  2.22222224e-01  0.00000000e+00
  0.00000000e+00  0.00000000e+00  0.00000000e+00  0.00000000e+00
  2.49900007e+00  2.59400010e+00  2.41300011e+00  2.16300011e+00
  2.05800009e+00  1.90499997e+00  1.92100000e+00  1.09899998e+00
  2.25200009e+00  2.35400009e+00  2.16400003e+00  1.98599994e+00
  1.78999996e+00  1.66799998e+00  1.64600003e+00  1.09899998e+00
  2.49499989e+00  2.59100008e+00  2.41000009e+00  2.16000009e+00
  2.05500007e+00  1.90199995e+00  1.91900003e+00  1.09899998e+00
  2.14899993e+00  2.26300001e+00  2.05200005e+00  1.92400002e+00
  1.67299998e+00  1.59099996e+00  1.51199996e+00  1.09899998e+00
  2.53900003e+00  2.61299992e+00  2.42400002e+00  2.18300009e+00
  2.08999991e+00  1.92400002e+00  1.90400004e+00  1.09899998e+00
  3.79900002e+00  4.58799982e+00  3.54600000e+00  3.28299999e+00
  3.27099991e+00  3.30800009e+00  3.21900010e+00  1.09899998e+00
  6.30000010e-02  8.60000029e-02  6.70000017e-02  4.60000001e-02
  4.30000015e-02  4.60000001e-02  4.69999984e-02  7.00000022e-03
  9.49999988e-02  1.18000001e-01  8.60000029e-02  6.89999983e-02
  6.10000007e-02  6.40000030e-02  5.20000011e-02  9.99999978e-03
  5.90000004e-02  8.20000023e-02  6.30000010e-02  4.30000015e-02
  4.10000011e-02  4.30000015e-02  4.39999998e-02  7.00000022e-03
  2.56999999e-01  3.35000008e-01  2.46999994e-01  1.86000004e-01
  1.69000000e-01  1.81999996e-01  1.58999994e-01  2.80000009e-02
  1.08999997e-01  1.18000001e-01  8.79999995e-02  8.39999989e-02
  6.70000017e-02  6.10000007e-02  4.60000001e-02  9.99999978e-03
  1.66639996e+01  3.75550003e+01  2.66669998e+01  1.55559998e+01
  1.75559998e+01  5.66599989e+00  1.73339996e+01  3.55599999e+00
 -2.96999991e-01  1.19999997e-01 -3.65000010e-01  1.64000005e-01
 -4.14000005e-01  5.84999979e-01 -5.60000002e-01  3.19999993e-01
 -4.23000008e-01  1.04999997e-01 -3.93999994e-01  4.23999995e-01
 -5.23999989e-01  6.02999985e-01 -4.92000014e-01  3.72000009e-01
 -2.89999992e-01  1.19000003e-01 -3.61999989e-01  1.53999999e-01
 -4.07999992e-01  5.78000009e-01 -5.60000002e-01  3.17000002e-01
 -3.77999991e-01  1.22000001e-01 -3.89999986e-01  3.14000010e-01
 -4.88000005e-01  6.25999987e-01 -5.32999992e-01  3.58000010e-01
 -4.79000002e-01  2.60000005e-02 -3.63000005e-01  6.43000007e-01
 -5.49000025e-01  4.21000004e-01 -3.54999989e-01  3.63999993e-01
 -1.77000001e-01  7.09999979e-01 -4.81000006e-01 -1.14000000e-01
 -5.78999996e-01  7.40000010e-02 -8.43999982e-01  4.56000000e-01
  9.90999997e-01  8.00000012e-01  1.34399998e+00  6.28000021e-01
  1.28400004e+00  4.39000010e-01  1.97800004e+00  0.00000000e+00
  1.29299998e+00  8.13000023e-01  1.29900002e+00  4.02000010e-01
  1.48000002e+00  4.18000013e-01  1.52900004e+00  0.00000000e+00
  9.77999985e-01  8.00999999e-01  1.34500003e+00  6.35999978e-01
  1.27499998e+00  4.46000010e-01  1.99500000e+00  0.00000000e+00
  1.17400002e+00  7.97999978e-01  1.32599998e+00  4.99000013e-01
  1.40699995e+00  3.98000002e-01  1.72599995e+00  0.00000000e+00
  1.49500000e+00  8.85999978e-01  1.21500003e+00  2.01000005e-01
  1.58800006e+00  5.83999991e-01  1.10399997e+00  0.00000000e+00
  8.51000011e-01  3.38000000e-01  1.48199999e+00  9.07000005e-01
  1.49800003e+00  6.97000027e-01  2.12199998e+00  0.00000000e+00]","[8 1 1 0 0 0 0 0 0 0 0 1 0 0 0 0 0 0 1 0 0 0 0 0 1 0 0 0 0 0 0 0 0 0 1 0 0
 0 0 1 0 0 0 0 0 0 0 0 1 0 0 0 0 0 1 0 0 0 0 0 0 0 0 0 0 0 0 0 0 0 0 0 0 0
 0 0 0 0 0 0 0 0 0 0 0 0 0 0 0 1 0 0 0 0 0 0 0 0 0 0 0 0 0 0 0 0 0 0 1 1 0
 0 0 0 0 0 0 0 0 0 0 0 1 0 0 0 0 0 0 0 0 1 0 0 0 0 0 0 0 0 0 0 0 0 0 0 0 0
 0 0 0 0 0 1 0 0 0 0 0 0 0 0 1 0 0 0 0 0 0 0 0 0 0 0 0 0 0 0 0 1 0 0 0 0 0
 0 0 0 0 0 0 0 0 0 0 0 0 0 0 0 0 0 0 0 0 0 0 0 0 0 0 2 0 0 0 0 0 0 0 0 0 0
 0 0 0 0 0 0 0 0 0 0 0 0 0 1 0 0 0 0 0 0 0 0 0 0 0 0 1 0 0 0 0 0 0 0]"
