Step Rg RMSD_XY E_Interface E_Poly_Internal T_Local
841200 42.885335942358203454 0.12348950359033300517 -21955.639295328699518 121753.06302204799431 296.22011448811201717
841440 42.885451815397502173 0.32174922603898298279 -21931.950438287600264 121640.21951477500261 293.87001036388699049
841680 42.886806576278502234 0.43899309985891799002 -21879.796250647999841 121671.3937316119991 294.88731481952697777
841920 42.887707146367496591 0.52016625731055199378 -21850.108480566199432 121185.43646725200233 297.64026946019197339
842160 42.888944443547998731 0.57972556677897701949 -21781.81815135440047 121578.21405758800393 295.94999056426297557
842400 42.891804941404998885 0.62213470061092202013 -21793.622570532999816 120890.70279962700442 297.68723290193099729
842640 42.89575818533030116 0.65313679673290303551 -21877.836419437200675 121254.03809953200107 297.06632623199499221
842880 42.898407410819700658 0.68353566452503999873 -21765.564592563601764 121574.79184852399339 294.27675892250698553
843120 42.901743935057602641 0.7135618936991530159 -21966.419468460899225 121553.86398020699562 294.65241558117600107
843360 42.904464578856803314 0.73924392667121197054 -21889.126239722201717 121391.96650036500068 299.07103443248502117
843600 42.906717559992898714 0.75931738935428905179 -21847.531949399599398 121595.59449224200216 294.71354764477098342
843840 42.909788800988799551 0.77498384989092794495 -21931.807395585099584 121407.76740019199497 299.23776741433897541
844080 42.913671103633298287 0.78649167588029400555 -22023.075016483900981 120983.9488837599929 295.54855681641100773
844320 42.916844035509399191 0.79805181255745605284 -22077.270328937600425 121381.36659952100308 298.7149578952079878
844560 42.919033313969002563 0.81020902676641304296 -21985.725096201298584 121435.16033197799698 298.53785004755098953
844800 42.921830458925199991 0.82048009490249496078 -21990.257390051701805 121601.3374546720006 295.5030267955249883
845040 42.92372529660129743 0.83196222179366996485 -21979.58934734309878 121835.04917578000459 295.60680013867801108
845280 42.924127138063099096 0.84333601084494702604 -22076.723107121099019 121741.75027108599897 298.07645245324300731
845520 42.924165727851502083 0.85449477684835895008 -21943.216627303201676 121581.53833127999678 297.75613821811299431
845760 42.922230451453998512 0.86624688548163797375 -21905.814795989601407 121619.25152094100486 297.0243409230329803
846000 42.919624452407397541 0.87535558711586503033 -21967.688786926599278 121877.07606737599417 296.50377906052398203
846240 42.917284784829398347 0.88461358754581498332 -22036.706625628499751 121706.27137764300278 296.0189045088450257
846480 42.915932630258296854 0.89549648160567496546 -22021.574514536601782 121354.07398719299817 298.37031921436397397
846720 42.914369408818096474 0.90641237796362694734 -21953.594093473700923 121224.80867624400707 298.94012132468401433
846960 42.913760351948496918 0.91736271121841594933 -21992.425470441899961 121414.69908592700085 296.63279218512400348
847200 42.913756986803100801 0.92734587076925401039 -22039.180825314899266 121095.70123285299633 300.81693273165802793
847440 42.914904616614897748 0.93648924800980604122 -22144.547778496100364 121518.22620187100256 298.74538457942702507
847680 42.915255212275702945 0.94220308763471904978 -22033.787641774899384 121625.67887432000134 296.81860351806398057
847920 42.916109126802098217 0.94573741899362395724 -21943.125364038500265 121412.74678180899355 297.59333657316000199
848160 42.917832380481002019 0.94905704241476096517 -22155.260970036000799 121677.30035436000617 299.78982874178598195
848400 42.918348336922299779 0.95154111280723097099 -22116.396353500400437 121793.31356453700573 297.62237770623102051
848640 42.9174116421438967 0.95575863265621496812 -21987.454827979501715 121454.98510729000554 297.05329965329002562
848880 42.91732066563830017 0.96284792115372097587 -22101.8983948296991 121533.59703437700227 297.72681123855500118
849120 42.91758322822960281 0.96758696064811999804 -22020.593374163199769 121595.2676247299969 297.59371582397199063
849360 42.916796781353099277 0.97229302626139002541 -22015.923693744000047 121231.69073293899419 298.73843207638401509
849600 42.915982719309702986 0.97674223478723298797 -21959.158880292099639 120917.46127163800702 296.02304562155302392
849840 42.916227766123697052 0.98231978226855898306 -22084.636946032998821 121193.29983674900723 297.21748078530902148
850080 42.917613376629297761 0.98828747801846894561 -22039.352185335599643 121229.23734039699775 296.64656375656102227
850320 42.918052701927003056 0.99662572537506299852 -22083.837660801898892 121591.13111120100075 296.02605330186599986
850560 42.917594946237201725 1.0060996018200301094 -22126.895152264598437 121614.26152697300131 296.67264654366499599
850800 42.918257737672803387 1.0117387310514700527 -22138.301240579599835 121260.50202860200079 297.15122315420501309
851040 42.918556447663696929 1.0165939256563301107 -22074.90061033569873 121569.44722628999443 296.4559922191140231
851280 42.91851446173659923 1.0205425467554400942 -22079.941386770300596 121485.01613885299594 297.68386003278902763
851520 42.918408794478800417 1.022115797913510038 -22090.727053180900839 121205.77665495900146 296.4799683770920069
851760 42.918381300328597661 1.0259350813468499641 -22049.215808001401456 121572.18908616999397 294.31990230160499777
852000 42.918354805502296756 1.0303451776636500803 -22025.713981900698855 121572.53829594500712 295.94842888148900784
852240 42.918935627314901637 1.0363500683405599823 -22090.337698041399562 121386.92327672999818 297.16331202734602357
852480 42.920016448901598949 1.0413969614687099696 -22102.594122883201635 121139.40841491099854 297.16374439468501123
852720 42.919184053259002098 1.0452997691784600143 -22146.558155955699476 121048.6784612610063 297.42974383948200057
852960 42.918051790909203191 1.0518061101698399362 -22100.378944928401324 121283.76963606699428 298.8361741044599853
853200 42.917930995012298467 1.0526371097406099775 -22055.256263665400184 121107.50508068200725 297.65990912233098697
853440 42.918275851963997525 1.0516988316341600029 -21990.389813915098784 121232.93421790799766 298.11122145413798989
853680 42.917978083456397087 1.0530939802598300314 -22117.663712739398761 121614.30814475400257 297.4088162623230005
853920 42.919416079480001258 1.0582131767314899573 -22117.893165988898545 121876.79007241400541 296.53840986173099736
854160 42.921361764052100796 1.0609759367914699535 -22163.290485155001079 121491.94171957099752 297.32116768839097176
854400 42.922306298382096656 1.0654801337277499673 -22114.812413001000095 121698.67690095500438 297.14968018366801061
854640 42.922135984552802768 1.0697847495861501077 -22037.27640454719949 121419.44622380299552 299.51877150808201122
854880 42.921977932519297383 1.072551316846380054 -21969.487792508200073 121636.34905456099659 295.57001082929002678
855120 42.922922775675097284 1.0759570417970800715 -21920.764290939001512 121340.05554868400213 296.89076255091697476
855360 42.925740091844900803 1.0779817481906099896 -22124.386371423301171 121649.99723266900401 298.26798804471599169
855600 42.92997496661570267 1.0808094068509399577 -21938.18759905960178 121554.10398319399974 295.51826853743199308
855840 42.9343085425127029 1.0811305839277700613 -21955.997312989798957 121270.05434101700666 297.24261983790700015
856080 42.938030739706100292 1.0835221410928799202 -22031.938416477001738 121564.90453379599785 300.05676554465998151
856320 42.942184249177401512 1.0878452312498900767 -22068.960543916000461 121533.89982458400482 296.7870717063859729
856560 42.946669414301297252 1.0914077450560200067 -21985.270330035200459 121495.11969898399548 296.98836481416998367
856800 42.952013728035403517 1.0944291084887500798 -22020.424716553799954 121548.42441448100726 296.90227015586697235
857040 42.957512290787697395 1.0968677515817200074 -22088.37668735690022 121825.61857469100505 297.75177075941797966
857280 42.961979040224200332 1.1000334666559499208 -22032.009435479998501 121293.86950216400146 297.47620613574997606
857520 42.965681262496097759 1.1000288299173799356 -22153.098585400501179 121585.9321431319986 296.19733138693698038
857760 42.968693386733598061 1.1021878155221200846 -22121.104464044801716 121338.6873174909997 298.19786586028698139
858000 42.971688974580899867 1.1038927233986599585 -22177.1591327171991 121556.31459618000372 295.35927974930200435
858240 42.974893007181798055 1.1043381522282700313 -22176.418586397798208 121678.81132078300288 296.71079126250901936
858480 42.978558448130399938 1.1087693921793699836 -22152.054569658499531 121362.74192551399756 298.40364054637700519
858720 42.981296257103998926 1.1123290983559599443 -22173.918218318100116 121476.24066403899633 298.64896276912998019
858960 42.983758544599297124 1.1152628224456200279 -22159.630080517901661 121855.65459941100562 296.08853672295401793
859200 42.985532164884901363 1.1180632506795500358 -22151.902150483998412 121922.96396296900639 297.22518958994402283
859440 42.985928570203796539 1.1217985524921099127 -22196.720594795900979 121755.73945295800513 300.69699532258698582
859680 42.985096195061800017 1.1273492951667600792 -22153.635402136398625 121758.45721706500626 294.5303266268609832
859920 42.985155532213298102 1.1334702338581399417 -22173.893536996998591 121528.15872563999437 297.11176364940399708
860160 42.985635911017297417 1.1372289022404200587 -22193.590665460098535 121757.1735711270012 297.75285467521297278
860400 42.986504747264497439 1.1418831413324099788 -22057.376493762199971 121425.38859721799963 296.13666832489298031
860640 42.987518179335197033 1.1462912015902000373 -22119.032927077299973 121160.70322313399811 300.23450757754699225
860880 42.989267140108196941 1.1482016465149400553 -22041.982874329798506 121300.56682689599984 296.09156153212302343
861120 42.991653524741799686 1.1506072702497400773 -22102.285601171399321 121232.37792719299614 298.77359887897398494
861360 42.993865392638397793 1.1515615393850999748 -22105.462173717300175 121542.36201609499403 295.14549502369902712
861600 42.996279850424301117 1.154322341642340044 -21966.570184426698688 121127.68471494900587 297.68065100571101311
861840 42.999461780924399079 1.1607033267396600351 -21974.252707745399675 121655.73123085500265 296.89993079056097258
862080 43.003371678402800171 1.1629982809741099548 -21992.810374418801075 122046.14145022099547 296.52878803665498708
862320 43.00686774957559777 1.1663695568087000254 -22005.07013887229914 121720.96853344599367 297.58840642364901896
862560 43.010680454581198262 1.1699540328224600216 -22001.920200862899947 121412.48426646800363 295.69360251233797499
862800 43.013540232057799528 1.1736120388914399459 -21946.337473122301162 121342.59757136099506 296.88202423786901818
863040 43.015042369235203523 1.1788295126152699144 -22032.063291209200543 121574.17045191599755 294.36692184117401894
863280 43.015171158270000262 1.180770361870570051 -22087.517291066400503 121229.42245631999685 294.98079015122198143
863520 43.01554439518319839 1.1821372831985099694 -21994.827726639501634 121053.15899972399347 295.69408033037797168
863760 43.015764674223902375 1.1836442069937200827 -21998.087993739998637 121059.82470386699424 298.92923056093599143
864000 43.015156347630203015 1.1858719522530900559 -22015.339975129900267 121485.29813154699514 294.69947561638997513
864240 43.01454572666190046 1.1872959729978200816 -22079.950129306900635 120903.27940165699692 298.21005871096701867
864480 43.013336384708402704 1.1905858314106398943 -22039.586351644600654 121098.67800084799819 296.41718339423999851
864720 43.011990880399899595 1.1919704884605200057 -22078.33047681719836 121699.89463846400031 296.8058149115719857
864960 43.011007035251601849 1.194335103265079967 -21934.804138465500728 121697.16461934600375 298.26965182388801168
865200 43.010771028338602662 1.1954653177108700568 -22048.671935803300585 121516.18634035000287 297.22542372219902518
865440 43.012548079859200811 1.1972956019600500266 -21966.715442462100327 121353.01217293400259 297.93036249522799608
865680 43.014964149568001517 1.1995895502650300024 -22006.192155690401705 121367.74758755300718 297.62167298870298282
865920 43.015999224575196536 1.2014861708229100934 -22057.040288509400852 121301.0122322459938 298.1475753816220049
866160 43.016767068165002286 1.2054786052903398996 -22025.469077453999489 121444.764420943 298.74332885250601066
866400 43.019105457380597102 1.2087121021187299252 -22038.382736384301097 121537.09467215499899 295.84896649942902513
866640 43.023010060430003421 1.2118478709552000794 -22014.837386870098271 121582.75655844599532 299.10434592987797942
866880 43.025850158575799753 1.2151920552806199094 -21903.320858467199287 121458.06931049299601 298.0958527538300018
867120 43.028902495306702747 1.2174123776978300615 -21946.155438175901509 121592.7316408350016 297.98072668125797691
867360 43.030974108087896468 1.2201898681732599172 -21852.332106633100921 121717.70120076200692 297.17988914420601532
867600 43.031496375279502331 1.2278889069884000307 -21996.809810834900418 121391.45656630500162 298.5483328225810169
867840 43.031940133544999583 1.2323270044086700459 -21912.949756839600013 121749.27430774699314 298.88532351324801084
868080 43.032939183077900225 1.236260497481149967 -21915.644219017398427 121418.65414006299397 296.16410069493002766
868320 43.033841578557499474 1.2389869692660400169 -21898.59341149609827 121654.40586765699845 298.86471022017400401
868560 43.034078708866196905 1.2409554134271199022 -21889.933989756598748 121776.40020951800398 297.43375463512501256
868800 43.034525080586199408 1.2474631393029300686 -21871.902754813600041 121727.20780668100633 296.82117510314600395
869040 43.034356619912202291 1.2527837395055900771 -21863.682520001100784 122018.41892198199639 297.11624267931699706
869280 43.035513255635599705 1.2610161286285999083 -21920.325356084900704 121654.91681714900187 296.2591019892560098
869520 43.037751039468197689 1.2653034825649700501 -22013.60660593529974 121314.24952358499286 298.99191073232498184
869760 43.041596767373697219 1.2720618835865100671 -22086.643760306498734 121750.98340860199824 299.33222796665199894
870000 43.046384831777302793 1.2762261469158699967 -21915.023045017398545 121291.21668013599992 297.75032980001401484
870240 43.05188269069709861 1.2788500016393500314 -22085.971709500699944 121609.50507687100617 296.33461159573397481
870480 43.057567834120803241 1.2816326804831199571 -22001.513077096500638 121816.06543053200585 296.19535313454497327
870720 43.063048138481498484 1.2823816642541499 -21963.911214172501786 121851.88255370499974 297.15334708914997464
870960 43.067485032299899217 1.2821154915143799791 -21920.040595890201075 121628.42672055200092 297.21489431487600541
871200 43.072341337120697347 1.2832484014410299178 -21929.97878612740169 122009.23988106299657 297.05159011644298062
871440 43.076437978502397641 1.2861441191842100107 -21908.709157508401404 121952.30869445900316 296.7986307264470156
871680 43.078939584852200539 1.2877434198759198924 -21992.398251181599335 121935.88707861800503 298.58854894436899485
871920 43.082530509006602415 1.2913218888779101068 -21990.327002436599287 121401.07234727799369 297.91394531797101308
872160 43.087709409238101443 1.2958492642093100145 -21983.58192964599948 121613.79918451300182 295.06317464185099197
872400 43.093057785719700803 1.2982504225808100262 -21901.598862394101161 121338.94962648500223 298.00035169076198827
872640 43.097729582673302673 1.2998070746746199777 -21865.20255562139937 121781.49267606600188 298.29046820667400652
872880 43.102382810705996974 1.300011758474340029 -21821.160623566098366 121312.37373853400641 297.8047554411750184
873120 43.106698416626997528 1.3019050930600999383 -21767.980918348999694 121213.60748811600206 295.95403288383698737
873360 43.110876982076199226 1.3019001761462900557 -21731.939924483500363 121489.84717620500305 299.04628986167301719
873600 43.115250835099999449 1.3050843352366499062 -21833.963732443000481 121628.49804255799972 297.0915361222000115
873840 43.119221835634498063 1.3103011618745299405 -21780.916356851099408 121379.35985962400446 298.45846155228599628
874080 43.123070179882702746 1.3165163260320900118 -21733.871775042698573 121514.38945924199652 299.26453633789202513
874320 43.127600290971599861 1.3214106705783099649 -21744.149233418298536 121562.31462443400233 298.95019204323199347
874560 43.131189452748699864 1.324876671392809957 -21798.673629269800585 121683.92261861800216 298.38593135621499641
874800 43.133908123548501123 1.3263676935316299765 -21778.290351984200242 121748.96723198700056 296.58460694170099714
875040 43.136303438355199091 1.3298166323469799988 -21821.306238506600494 121536.81384533000528 301.01733358708600008
875280 43.139167332145298417 1.3313735534224200308 -21718.30860214869972 121583.43842155300081 298.9292078763019731
875520 43.142484910895703365 1.3347276169018200687 -21760.921299890600494 121652.12347660699743 296.98005407000300693
875760 43.145055996882099691 1.3363746402409999448 -21693.743639790198358 121910.15648339499603 295.28916672805598864
876000 43.14775259536889962 1.337111095178779907 -21671.514401756499865 121370.42943131900392 297.96804925378501139
876240 43.150247297282497527 1.3395211082103100075 -21708.982010319901747 122182.43216373400355 296.5347300218090254
876480 43.151810321500796874 1.3394601566897499367 -21657.051674624100997 122053.573304414007 298.64538928999098744
876720 43.154179621772399855 1.3402911861010100569 -21624.236209138798586 121918.89228247299616 298.72394151540999019
876960 43.155918098757098278 1.3405715081187699056 -21703.638283529700857 121949.45744314500189 297.65390843329799964
877200 43.157817668531301081 1.3407689682908499051 -21726.576051817999542 121583.39306332099659 299.85530155505398398
877440 43.160545953615397252 1.3462525398409399546 -21647.004701916899648 121770.72732704899681 297.3566320489400141
877680 43.16311120952919822 1.349363318731529926 -21621.200709235701652 121480.76117671400425 298.81208171121897976
877920 43.16496488702200196 1.3514813282767499381 -21733.683342480599094 121339.10146004699345 298.7435029536910065
878160 43.167147394918899295 1.3553711803887300569 -21591.724485703998653 121593.15189021900005 296.42914287134198048
878400 43.169194631019699671 1.3592518385592700092 -21752.197909034199256 121550.7222344979964 297.66800107954600207
878640 43.172371839526796578 1.3645493260621599507 -21736.830068763298186 121794.01744768899516 297.50778448607201199
878880 43.176180882088900148 1.3698162613185700387 -21666.654295265998371 121786.8024544880027 298.83854491659900532
879120 43.180167635142503002 1.37528938506076992 -21645.553573670298647 121300.37299026700202 298.71307535695001434
879360 43.183615255116400533 1.3811746638565400858 -21665.709759380399191 121805.76087199499307 296.30325553769097269
879600 43.186521671655398791 1.3851467206787000386 -21668.072351440201601 121667.52054379800393 296.67450517250398434
879840 43.190899807708198921 1.3891119332104799877 -21672.527167015301529 121793.00765669399698 299.1030227910110284
880080 43.19573586251379993 1.3916723830258099781 -21700.980984595698828 121606.13296501600416 299.55518664605500589
880320 43.201281999954403545 1.3944571602942998911 -21752.688113955398876 122082.17652053599886 296.38491289657798688
880560 43.206831749177098345 1.3990239594946900503 -21718.682091154900263 121963.82408951800608 296.03044923688901235
880800 43.212406088770997314 1.4043052466454299942 -21624.753190572300809 121409.4691272360069 298.60621773150302261
881040 43.217248428138297811 1.4065943546964299049 -21733.71715492309886 121665.71281818600255 297.22449663361300054
881280 43.223414766421200284 1.4080474579737500829 -21646.386478523498226 121398.3050659569999 296.94656414889499274
881520 43.229490474153202229 1.4097588428935698968 -21595.305735024299793 121677.22422992199427 298.14252409337899508
881760 43.234927064352596915 1.4098024519059499937 -21690.642148619499494 121220.61532961300691 298.18668066433201602
882000 43.239307783225100934 1.4108881996807600689 -21730.612545261199557 121469.90083615999902 295.90306559564498912
882240 43.242190223314402431 1.4142338672631800112 -21690.470218864400522 121100.70765390600718 299.0695651926030223
882480 43.245037235416099008 1.4172073617119200772 -21643.586622163598804 121806.89702948600461 292.90021019017001436
882720 43.246091618695203351 1.4191947199762899867 -21737.592611942400254 121610.27710977000243 295.97739089603999219
882960 43.247762240616296481 1.4214912326164499401 -21659.067970396099554 121365.66977789500379 296.64574766041300791
883200 43.24940772779920195 1.425275466138379965 -21715.202327015700575 121710.94284550199518 296.29472504782302167
883440 43.252604749585401578 1.426515647768400008 -21727.478609380399575 121757.15544726900407 296.02364998116900097
883680 43.257393943485197951 1.4265854989637800632 -21728.199975561499741 121600.93674773299426 297.55930017114502562
883920 43.263808439130897909 1.425138330303979961 -21698.686936892201629 121575.09420888200111 294.01325630371701436
884160 43.270589089580099085 1.4246496004983499883 -21541.168104594798933 121350.25970484600111 296.14528407649800101
884400 43.275746996202002492 1.4249257874302099225 -21689.331442834798509 121367.20000176099711 295.9351834512140158
884640 43.279597174460100462 1.4251624729831000593 -21641.481102485500742 121153.98800557400682 294.98366836958598469
884880 43.282885436758299136 1.4255371065705100264 -21686.36705566980163 121209.44901052099885 296.27940059535302453
885120 43.284970613732397737 1.4250230798590699521 -21694.458618860400748 121155.56345892199897 296.7464650241209938
885360 43.285727755993200105 1.4246670559485099528 -21651.327111104801588 121446.0736789980001 292.89051020474300913
885600 43.286505456770100864 1.4253358162639699902 -21636.915385935099039 121566.73409487999743 293.85944428912097237
885840 43.287696588534601005 1.4255835507870300294 -21574.822203226598504 121650.77805880100641 294.49067855305298735
886080 43.288097901787999433 1.4281167825952199024 -21616.2037565007995 121669.49095777999901 296.33436940588597963
886320 43.289129676650603074 1.4323661254773500939 -21691.285653693201311 121453.53808305099665 294.65144688183801236
886560 43.290587628914103391 1.4368236845585400374 -21665.367207743398467 121705.37516935600433 293.41579890639701489
886800 43.292843231463301379 1.4399896242290899373 -21740.082988484500675 121630.04976394500409 294.53277205865100541
887040 43.295025063026201906 1.4412504135442900655 -21779.109327608701278 121406.40830842600553 296.55886857541798918
887280 43.296076609483002073 1.4436944092543999574 -21825.127820286899805 121376.34434767600033 295.02177723897301576
887520 43.296778475724899238 1.4470858463383200476 -21734.094067739399179 121270.70600326900603 296.34119142402602165
887760 43.297266975362099117 1.4505755424614898974 -21805.110911805801152 121286.93873469099344 295.91818651481099778
888000 43.297943563402299105 1.4520041688245099998 -21637.715506301101414 121293.77747182500025 297.25592924025602315
888240 43.297787940236702298 1.4555476463271099785 -21651.203673680600332 121285.3430347120011 296.80076138839700661
888480 43.297379341945600117 1.4581990675811000724 -21630.726806135600782 121494.52768321700569 296.72307616403202246
888720 43.296099534498800665 1.4620461438307099655 -21675.867944413199439 121257.18104327699984 294.38076597436298698
888960 43.293913162891300317 1.4628129259681699192 -21699.109048920199712 121068.47713677199499 295.6210402656619749
889200 43.292652720712801795 1.4658023565499800345 -21638.128055992299778 121499.3900360520056 295.23254425714202398
889440 43.291630234332401983 1.4685819496918499638 -21600.456580604601186 121390.93646394599637 293.65041181757999311
889680 43.290464896314496457 1.4678287382892900581 -21664.340722690900293 121422.74859989600373 293.26840949096498434
889920 43.289656931508297077 1.4684259576445699569 -21643.673418059901451 121438.92124631399929 296.42010578351198546
890160 43.289233348894200049 1.4707901717500999617 -21661.014814957499766 121735.50222568599565 293.91343569731901653
890400 43.290342628624202348 1.4737908868087699066 -21629.943726376201084 121545.77372629099409 295.25097343799001237
890640 43.292283682012097756 1.4763149127827299711 -21589.696262245601247 121035.7644795840024 296.99848498740601599
890880 43.293799053534499421 1.4803326980205200325 -21606.008271026599687 121604.10942931400496 294.58344048458900488
891120 43.296609189476896518 1.484647630970979959 -21739.177117172599537 121316.4621866249945 296.45197618519802063
891360 43.299989240693399495 1.4871348804100699148 -21662.280426353001531 121005.93195004400332 297.3094253184730178
891600 43.303194932194600142 1.4897980993408699302 -21775.115646341298998 121374.37379188800696 294.68276711096302733
891840 43.307065421834700203 1.4910055608119499038 -21790.744734655301727 121495.31077538299724 294.93393163491202813
892080 43.311143043054201485 1.4953033157425199562 -21647.916486430800433 121510.20699949900154 295.11134819065597412
892320 43.316669089611202992 1.4985621282725600789 -21636.549570309398405 121086.34412206799607 296.97450892799599842
892560 43.32243917723720017 1.5002222964191200827 -21616.916379086400411 121245.7551542900037 295.51229598403500631
892800 43.32796087774700311 1.5008258623183499125 -21694.349416469500284 121036.36405583799933 295.79616048437401332
893040 43.330974201195097351 1.5030517105132199518 -21619.677854739598843 121407.81835277999926 294.4243147913419989
893280 43.333275460128000134 1.5053255168687600385 -21645.821992267199676 121552.93668750599318 293.50690016201400567
893520 43.335801392391601894 1.5062441241820199167 -21599.781153464100498 121162.87595351200434 294.91059055377502318
893760 43.339037025657603408 1.5075737964320199413 -21626.301002891599637 121135.13850589199865 296.2662015644340272
894000 43.342684892487099546 1.5085951071718399774 -21633.429082356200524 121869.181424401002 295.32097979132402088
894240 43.345269399622900153 1.509480520953500049 -21714.722324428799766 121811.95290521600691 294.32707973725598549
894480 43.347632052132603064 1.5092156645825800521 -21540.833732868301013 121124.84407436399488 297.16834994355400568
894720 43.348449933595098571 1.5081385506076900871 -21662.157557638998696 121239.01388256800419 295.3962661931810203
894960 43.349481539272503028 1.5072311857193099183 -21623.392830363500252 121222.37295816000551 297.17872232982398373
895200 43.35017177352140294 1.5104382868009400553 -21555.578289188899362 121032.80676315700111 296.25752440589201342
895440 43.34969219850459865 1.5136774240232100386 -21521.917977699398762 120952.25592307699844 296.29511721703300964
895680 43.350054372393699964 1.5184261251905399881 -21461.648569911398226 121371.49318599299295 296.76564585726902123
895920 43.350402205647100118 1.5198056228808700663 -21442.211638842200045 121562.11434371799987 293.99833679341702464
896160 43.351847855800698994 1.5211553067782199733 -21534.649899774500227 121461.10916781399283 295.00497058348497603
896400 43.355416789137400713 1.5253201383663999025 -21540.316624773899093 121529.76133123099862 297.91051547281000467
896640 43.359301777359497976 1.5292411804415100285 -21562.242368909399374 121152.01598488799937 297.39045080724497438
896880 43.362737301426498959 1.5335306434117998986 -21513.151737276999484 121234.56055594400095 298.91780072278498892
897120 43.367522691438097127 1.5383839676360899773 -21588.907791984700452 121572.08875237300526 294.04223060813097845
897360 43.37162230713899902 1.5427240243268400821 -21482.638203212598455 121690.03340648900485 295.55077154901698577
897600 43.37448015517330191 1.5441027393310600146 -21532.820367253498262 121583.42243009299273 294.96913053860799891
897840 43.376260780846301657 1.5456910074606700078 -21616.797547294998367 121616.92796173199895 295.95071608081400427
898080 43.378112553998697365 1.5458579462163999363 -21559.139103993100434 121636.94493173999945 298.55402755625198097
898320 43.38128856981219883 1.5461776925139600891 -21436.009794754700124 121394.00090812100098 297.49013462731801383
898560 43.384509760177998317 1.5474734183256899644 -21534.467411797100795 121341.89524014100607 296.73195403619200761
898800 43.386029231362698511 1.5481306581193698957 -21568.760474502498255 121720.24094486799731 297.07962573170601672
899040 43.386398879887202895 1.5473973143052299761 -21489.182398341399676 121845.22457653899619 295.49044370539598958
899280 43.38632124829810266 1.5474516333922299083 -21484.383175149501767 121615.6393806039996 296.50226780145601424
899520 43.389145619060698778 1.5449718201265099093 -21549.304161700500117 121447.52924391100532 297.00835541171699106
899760 43.394109185100802506 1.5440290394454099232 -21557.829265332798968 121824.9276391339954 296.67827750421099609
900000 43.3980853418448973 1.5435305881058500876 -21598.474317041600443 121359.24362242399366 295.05698554360901653
900240 43.400951627998097138 1.5414615801835900299 -21646.200591117198201 121150.23346110299462 298.29932704619301376
900480 43.403664063326900191 1.5426001246779499354 -21461.50609555399933 121203.23222398200596 298.03365944711799784
900720 43.404944527178102476 1.543887074392040093 -21504.220222363699577 121888.63531486100692 292.90884427312198568
900960 43.406446691858796783 1.5443978650020200316 -21585.79071601060059 121413.31480349499907 297.99525068715797715
901200 43.406692198294798857 1.5473831515245499713 -21583.019823265000014 121440.59975694300374 296.27628977760497264
901440 43.406879559884501418 1.5508746012569500916 -21558.251205126100103 121695.96141905699915 296.86203924879401939
901680 43.40631525045989747 1.5528016040073300275 -21571.444318367499363 121294.46043676100089 298.1767534999170266
901920 43.406402636994201316 1.5532339385299800405 -21495.946393122099835 121579.92588366799464 296.60810102015699385
902160 43.408178617894797924 1.5553662132220000824 -21461.890140655701543 121791.80615818999649 294.15921610022502364
902400 43.409216060305098495 1.5564843877297200869 -21437.97719427750053 121531.73868777000462 294.41073060584398036
902640 43.408983053256399387 1.5569374818801100524 -21401.170833726799174 121637.85036481700081 294.78266694607901854
902880 43.407843387282596836 1.5606341376234600382 -21462.578619667900057 121305.39731454399589 297.13625950171700651
903120 43.405249893661796534 1.5635801830067199703 -21507.160483124800521 121487.16129345700028 296.21920468893898715
903360 43.403958306198298089 1.5669159532540399837 -21473.590137802399113 121683.62073241200414 296.33691431570997565
903600 43.404349070925597687 1.5672526511266999805 -21361.824255716601328 121387.7007332219946 295.28755651472999944
903840 43.405092468054697008 1.5674418308853299564 -21517.698950146699644 121212.24428042799991 295.243311420273983
904080 43.407656996680998418 1.5685115034428800396 -21254.442348048800341 121085.09591127399472 296.23286336311099376
904320 43.411964751412696728 1.5715540560869600828 -21320.600146572098311 121247.8379017010011 296.43428150967702095
904560 43.415648570161600617 1.5741978215565000099 -21499.686652102798689 121440.3086689519987 294.06596115802398117
904800 43.418430425742300827 1.577618059896630065 -21436.125998614901619 121761.50594321099925 294.08637706906500853
905040 43.421338607217300876 1.5809699388903200035 -21485.045449969798938 122097.79546410999319 295.93693253046899372
905280 43.4245385840676974 1.5838633829378701012 -21395.313024046401551 121328.90441356699739 294.64665359737801964
905520 43.427016945669500103 1.5864063892563300406 -21465.412787089400808 121531.91167118800513 293.74174682113999779
905760 43.429300801420502864 1.5888949383388599745 -21559.654707654201047 121738.89837418400566 293.98638975645701521
906000 43.431956617134098053 1.5905639990223698899 -21396.940160701498826 121593.48059659800492 295.43211064328102111
906240 43.435408493777202921 1.593666836516510088 -21574.999995270300133 121606.13657101499848 295.751387089148011
906480 43.438971331461303294 1.5966343012107699906 -21470.041843299099128 121734.70282946400403 296.48962140413300403
906720 43.441828658878200997 1.5986967327138099648 -21462.803008753500762 121412.497527058993 293.89450092477301268
906960 43.445176447117297869 1.5962796709513700222 -21356.94462153170025 121143.40790424900479 298.12264754099601305
907200 43.449428982644498376 1.5961231458471800693 -21402.629857603300479 121512.2546584130032 295.9375053857179978
907440 43.454675837953999462 1.597101186987289978 -21484.069965558701369 121796.40548004400625 294.71933310699802178
907680 43.460495981800399079 1.599450255678730004 -21432.061226811001688 121841.72252039299929 294.6452812307859972
907920 43.466111479616600377 1.5997820591073899088 -21406.769388174201595 121257.24496683399775 295.17295526526601179
908160 43.471445964813199225 1.5961046148211299744 -21404.697453237400623 121819.66502462199423 294.20595899090102421
908400 43.476561392921901472 1.5940375849957799659 -21449.689885199699347 121682.92042638899875 296.38580823722298874
908640 43.480377923953199115 1.592374757206209912 -21352.555766675301129 121145.59886741600349 294.990261523081017
908880 43.483008378669502747 1.5905867693782500538 -21370.055342105999443 121081.93622924499505 295.76553188409201312
909120 43.486757065761501906 1.5921217176255499925 -21400.909450239698344 121451.12473723100265 295.84638115794598434
909360 43.490912933785800476 1.5940984559929800568 -21435.724613805301487 121431.58830210199812 294.93222336684101492
909600 43.493897423635196731 1.5962828268268500764 -21373.288561637498788 121212.56155430899526 295.53539742037600035
909840 43.495726082238000743 1.5990363489033700972 -21331.530506379698636 121111.70379872199555 295.21868859507401339
910080 43.497554228080403504 1.6024877460777600113 -21360.531602256200131 121197.16338979800639 295.84183264373797329
910320 43.499333161547802717 1.6058229989803700644 -21498.583107465801731 121475.5635000809998 296.12722789071000307
910560 43.501262896317001605 1.6070158739551299032 -21429.240276973101572 121274.41926018499362 292.11618236239098678
910800 43.502715826195597515 1.6090833828064199373 -21443.207088319501054 121219.81788549099292 295.27091056828697901
911040 43.505019873864902991 1.6099640842578799571 -21409.712009299099009 121434.30784904900065 295.58256193473999929
911280 43.507260438680098957 1.6118247895257000746 -21352.864294491599139 121248.09898583100585 295.55718121135998899
911520 43.509740785774702942 1.6135657011419799467 -21432.675466049899114 121344.55150328100717 295.91140314459602223
911760 43.512270941612499087 1.6130154198565200829 -21607.58467405239935 121428.86692169599701 295.92870289513899706
912000 43.513593075471696636 1.6127969728068500821 -21556.863158716299949 121213.03409048100002 295.31800421945399648
912240 43.514389206285599698 1.6113153836657900797 -21517.923849397200684 121248.66632411400496 297.79495608138000762
912480 43.515360962609300088 1.6102919133514199679 -21390.691637926200201 121271.39510378800333 297.75441543860199545
912720 43.518769518456302592 1.610457735133250079 -21504.017480327300291 121444.05169809100335 293.46536702138200781
912960 43.522937314221699978 1.6119985112100800873 -21445.547183287500957 121379.31920663100027 296.6915449513249996
913200 43.526099855762502955 1.616092948672809948 -21337.332164488299895 121202.91472258900467 292.88932389177199411
913440 43.529582624255802159 1.6198447200469299201 -21297.837194598399947 121299.49864161999722 295.99331435249399647
913680 43.532246781983296557 1.6216855929601798891 -21322.920815463799954 121426.45382621600584 297.25513076599798978
913920 43.53538326858709695 1.6250862688132599043 -21353.528209195301315 121254.66086328600068 294.7893934735880066
914160 43.537020746443602093 1.6289507777215099793 -21354.323581374799687 121290.41209608799545 295.62279712903699647
914400 43.537168506468603368 1.6334718775197700769 -21311.610918762300571 121440.94721539100283 297.05819794315601712
914640 43.537694609238698717 1.6399105121506198923 -21265.509497898601694 121303.04701264499454 294.12026014145101271
914880 43.539035290814503298 1.6453211122188100557 -21164.290308729898243 121457.87644245500269 293.64617652643198653
915120 43.540161677054598499 1.6483810744713900398 -21263.851994740598457 121483.75369545200374 295.60066124076598726
915360 43.54078411743969923 1.648436902330590037 -21373.060162393099745 121186.07503385099699 295.39326821686097446
915600 43.542279195744498566 1.6475644315394999406 -21236.886728130200936 121234.78589797099994 293.9262852570150244
915840 43.543405479131600089 1.6470428329297799319 -21188.155292748499051 121660.45668197699706 295.55471814440801381
916080 43.542627116455697944 1.6491231792949199164 -21237.756718664099026 121545.7009175849962 293.98658070906702733
916320 43.542318588008399161 1.6517673918271500444 -21268.783608404501138 121364.54907712699787 295.84813203184097574
916560 43.541684227615903069 1.6514375010747199823 -21249.819500152498222 121272.33182613299869 293.74470493411001826
916800 43.540909207757202637 1.6534727768732200293 -21318.43153850680028 121147.29446429800009 294.81332150374902312
917040 43.540243393559102003 1.6539251236109699938 -21293.22908095350067 121482.34394555799372 296.32969793031799099
917280 43.538632031699499692 1.6565792472289699866 -21380.711607831901347 121287.50668296999356 295.98065386134697974
917520 43.536895168040800286 1.6626015642987899135 -21280.456278812398523 121338.59350641300261 295.15849472652399754
917760 43.535924997286898019 1.6642498398594101072 -21272.133538531099475 120988.43902710000111 295.46245474281897714
918000 43.537085440013299831 1.6650520238880499591 -21223.552881614799844 121183.17121392200352 292.86455895288497686
918240 43.537872243807399286 1.6682281118992801083 -21251.577780471998267 121316.08562220699969 294.72188351112600913
918480 43.536994904923297156 1.6705375766476300292 -21168.519664498198836 121009.23377249900659 295.78075997629002813
918720 43.534267704823101042 1.6719970995247999124 -21173.408921350401215 121399.71446535400173 292.99830283535402486
918960 43.533238368543898389 1.6715672018831500001 -21315.184091086699482 121267.47279585700016 294.04271228185399423
919200 43.533207461971102248 1.6704521134358600865 -21156.381677060198854 121374.00255111699516 294.65446224477301485
919440 43.533778974822098462 1.6688039066741000571 -21179.995175022198964 121572.72064381200471 294.12721831628897462
919680 43.536735873967899124 1.667448680043720044 -21274.942266426798597 121409.84540583699709 294.07914907868502041
919920 43.539676295207897283 1.6651910352614800459 -21267.364465761598694 121401.7845753760048 293.42032802357499577
920160 43.54277942831689785 1.6663013733586200527 -21283.366518749899114 121695.83898088999558 294.67732777457200655
920400 43.545784776723998277 1.668385164372020002 -21203.59599649950178 121064.17781294199813 291.84439918176798301
920640 43.549424819383801832 1.6710434194812600062 -21282.653518424598587 121124.51334769900132 293.89560469637302731
920880 43.55112561844679675 1.6790589081457401033 -21187.417379711598187 121609.66378824799904 292.72399330121999128
921120 43.551349459435101608 1.6840992991979699678 -21160.469755615900795 120931.17248247399402 293.69899258449498802
921360 43.552415334489296583 1.6905510467750100023 -21294.354526737599372 121264.3977237729996 294.65651318732699337
921600 43.554586812694502385 1.6943441768846900786 -21268.64845440370118 121186.76356295299775 294.59875325704501847
921840 43.557450080391596714 1.69664614145032 -21246.168026794399339 121037.03674627500004 294.12432281940897383
922080 43.55998924255929694 1.695973689070870094 -21222.890272683398507 121222.77955648800707 294.9054657698109736
922320 43.562708374525598742 1.6946818348335999094 -21322.463229079301527 121424.25138912799594 295.67008280609201165
922560 43.566845537679796507 1.6948472487765200434 -21245.750011921798432 121321.88678862300003 294.71109811559699665
922800 43.5717235253447015 1.6939796151977499772 -21280.692643309499545 121426.62690300999384 294.48791869418897704
923040 43.575888244902699853 1.6909615284573900063 -21335.172530520099826 121324.75487574900035 295.34873592305797274
923280 43.580643021991399166 1.6909115962526299892 -21233.942741101098363 121279.04510711900366 296.3092593900889824
923520 43.58471043030859704 1.6929667336332099303 -21271.925843357101257 121462.4528770869947 293.34080733292597643
923760 43.586816735362702957 1.6972866813537998976 -21300.131588062398805 121323.81918768900505 295.20480329388999508
924000 43.587519062985798257 1.6981030727727899343 -21245.785773601801338 121050.36788574399543 292.697100011620023
924240 43.587613928775603256 1.7001586983163499145 -21238.244385349898948 121465.13111953700718 293.98653290376597624
924480 43.588545386405201043 1.7022841599845899285 -21258.03700205990026 121230.53772985799878 293.12622150824802247
924720 43.590252471890103436 1.7043883483724300287 -21286.466503017698415 121193.74858726799721 296.62384646141100575
924960 43.594143101021401776 1.7074502856244000437 -21278.403372866101563 121203.46197030000621 295.04169840833498029
925200 43.597386612356203273 1.710867013458740038 -21229.787407475600048 121092.65698596699804 293.22075020378599675
925440 43.599763516636500071 1.712963140694790054 -21210.831027198899392 120977.53435679999529 294.60257947011302804
925680 43.60184436847409728 1.7150016006110000433 -21308.142990204298258 120918.55237875999592 292.86048544574299513
925920 43.603351719815599097 1.7193579992649599131 -21252.932774558001256 121306.84137979199295 294.39261517805101676
926160 43.605255502307400661 1.7230432599102900593 -21266.610729162901407 121144.30461687300703 293.46640037182100968
926400 43.607763761180201811 1.7254283240837999802 -21185.08003715149971 121182.8734369110025 294.00839547228702031
926640 43.611123089872002367 1.7272243734738399468 -21215.300617168199096 121371.64772095100489 292.62229835559901403
926880 43.614894464123203477 1.7299540043060199768 -21297.742255558601755 121111.49267401000543 295.49347393187798616
927120 43.618385831318697399 1.7340473049452800325 -21263.819076427898835 121375.83056221599691 294.36462717722298521
927360 43.622810332332100813 1.7369304960677700578 -21241.971800532701309 121027.73345371500181 294.08808952621399158
927600 43.626679011493202154 1.7382261995085499517 -21261.676025878099608 121521.679350987004 295.23281364074699695
927840 43.63022575324649921 1.7388856057238499808 -21237.909824268699595 121118.02713276600116 295.18989455747600914
928080 43.634282704942897624 1.7394278071334599023 -21124.129241883900249 121138.86241442100436 295.75762951832200542
928320 43.638052953113501076 1.7389149491408599779 -21155.300856617301179 121525.72541006100073 293.22460388396098097
928560 43.641207661943901996 1.7398802708936900174 -21220.521439972100779 121252.78011126200727 293.79819431501999816
928800 43.643634736947497288 1.7405657042407500779 -21232.53543003770028 121580.2889070490055 291.78543441798399272
929040 43.645123088909301146 1.7410374943294100181 -21272.020760874100233 121266.3036721279932 295.31987762060902014
929280 43.646862924960700525 1.7362856720995500925 -21291.225922155499575 121253.61655462099588 296.05351485601801187
929520 43.648905841123998073 1.733317242218959997 -21348.609915525601537 121248.22287200299616 294.7678579087170192
929760 43.651964626713898099 1.7323099220331898973 -21417.559660975701263 121421.24486385300406 294.91071396950599137
930000 43.655273422135998374 1.7328886199468100937 -21325.81101596499866 121333.96576726800413 293.56009112265297745
930240 43.657431959452402737 1.7349099004073700314 -21302.951880873501068 121337.81190943499678 294.9245833006830253
930480 43.659429091891702512 1.7378459691692800249 -21318.426526699400711 121361.40586250499473 294.93491577919297697
930720 43.661957858023598078 1.7383798483139900615 -21265.496672689499974 121640.2278012780007 292.95868057505902016
930960 43.664583110307901848 1.737473924273140069 -21348.077958249799849 121482.82051186400349 295.8693963836009857
931200 43.667508527761697223 1.7387120160310300943 -21306.870133270400402 121464.09497225900122 294.64714045835097522
931440 43.669512459902101398 1.7401238070330999896 -21336.8103495018986 121025.31910395300656 295.44414488788999051
931680 43.669977775822502508 1.7429024020840200304 -21390.768979601500178 121033.6762245669961 294.51246053251202284
931920 43.67136053074010249 1.7454694534230799086 -21268.323951610298536 121329.0036265259987 295.42818889919698222
932160 43.672519761123901105 1.7466966176912399611 -21312.746812298100849 121701.25082360900706 291.97819503344197756
932400 43.673478973892699173 1.7479420597967199047 -21267.369861500901607 121546.70707267199759 291.8912076620820244
932640 43.675320783329297569 1.7485063613971099095 -21242.206849562000571 120866.93958234699676 297.01608857914902728
932880 43.677553614461601228 1.7497252027456400292 -21204.515106279901374 121180.57336817700707 294.41279854088497814
933120 43.67935559982770144 1.7505379890529899622 -21269.244019186899095 121240.29454386800353 295.33922788682002647
933360 43.681488837549800053 1.7494298834253900754 -21211.659532394700364 120890.93921664899972 295.41052343791398016
933600 43.684004163629403195 1.7492775625452199328 -21187.419656167199719 121237.08024336599919 295.32244634325797961
933840 43.685776274282900999 1.7487410090508099803 -21088.063481765799224 121030.14647378500376 295.78694187364800428
934080 43.687495413638899322 1.751883443000350038 -21227.101957669499825 121461.80373797900393 293.45263230589199566
934320 43.689304275875500139 1.7547908195745600679 -21176.468554016300914 121316.40178151600412 296.34262618252199672
934560 43.690533264597497976 1.7570948529454000209 -21211.921441593000054 120865.20558678900125 295.04137040962700667
934800 43.691407220554502544 1.7583197829488399488 -21254.108265085098537 121029.66918199899374 295.35573552786598839
935040 43.693935505199597458 1.760082876068749913 -21300.289309719501034 120910.04481617700367 295.99152390446198524
935280 43.696105270836099521 1.7605416761948800008 -21123.607065579199116 121945.1979324020067 294.0175866845079895
935520 43.696672673021296873 1.7610681441735800412 -21198.484948934601562 121525.77659101900645 295.32737438447298928
935760 43.697502002196998205 1.7615462089204099172 -21262.830590773501171 121310.32426726400445 295.15926408227301181
936000 43.698689119355002219 1.7631535848570301095 -21297.132802850199369 120842.69527373599703 297.52297061317398175
936240 43.700156235750100109 1.7653012107400500863 -21343.656868820900854 121304.60027242499928 293.9067877491049785
936480 43.702839774766999881 1.7694279846972800208 -21384.911732978198415 121385.72120470200025 294.54504387304899637
936720 43.706317086306000874 1.7760084665953899119 -21261.987465448899457 121472.7453628009971 294.7739821545520158
936960 43.71052920024609989 1.7825756400660099921 -21298.656136815701757 121235.51491190100205 295.40129992597002229
937200 43.715253462309902943 1.7883309107420699569 -21386.189067034298205 121289.08714550899458 293.82734529016101988
937440 43.720671758165202903 1.7934038573535899808 -21356.157999066501361 121449.97524910200445 293.39643303526401041
937680 43.722876969333000829 1.798782815247089939 -21304.416651713898318 121378.4038882629975 296.13565089078798565
937920 43.723874930421899876 1.8044560726765399572 -21468.191747433400451 121572.27528935899318 293.1880820705109727
938160 43.726830980904097146 1.8052427835911200038 -21358.858206479399087 121716.16334185599408 295.54979365291700333
938400 43.72926396710639807 1.8038059066651499496 -21355.352350135101005 121841.31681377900532 296.66488121595000393
938640 43.730526307590899648 1.8039220585146200637 -21413.108308985298208 121757.15941163500247 293.90227357449998635
938880 43.73100375553799779 1.806527030375340015 -21432.082791902601457 121310.8787938930036 298.96222960708502114
939120 43.731663602006797475 1.8120078561876400425 -21266.865383964799548 121401.76464392899652 294.90646475198002463
939360 43.732253105131597692 1.8161331325577199092 -21480.393597004698677 121460.63353419299528 298.25032769337201444
939600 43.733571999390399299 1.8211992706252400076 -21303.175442637300876 121334.89735599300184 296.02488312632198131
939840 43.735759359486799269 1.8253974208451100303 -21359.950606893999066 121329.33787521200429 295.57750567390201013
940080 43.738480087666701479 1.8294735677729601075 -21194.323740460600675 121402.56421901799331 296.06800957932398433
940320 43.740082532960201434 1.8326418655282799008 -21241.645245150299161 121554.066309878006 296.68162094360701531
940560 43.740847505538603457 1.8361965913056998989 -21338.015965561498888 121210.21924976000446 295.68545930973101576
940800 43.74264791750810133 1.8376769305058799908 -21247.445062107799458 121547.79218768500141 295.26563283496602708
941040 43.746830426010298254 1.839064524307870041 -21180.60613299869874 121469.54074361499806 295.59025846503999446
941280 43.749642393198797663 1.839448179960019969 -21176.69790509969971 121346.57127100799698 296.83964520024898093
941520 43.7521532602966019 1.8405401618596100022 -21199.72849116929865 121525.46521706599742 298.07146172061499101
941760 43.755282424254097862 1.8396650106388698909 -21131.107865379599389 121017.43374465199304 297.51908788137700412
942000 43.758677691938096643 1.8398042581881099977 -21251.926634923700476 121351.01093235200096 297.67494668064102825
942240 43.761908408789501834 1.8417180725557900089 -21281.648107967001124 121723.87326137699711 294.57106328786102267
942480 43.764829461703399716 1.8421929086081700877 -21180.404529628598539 121337.41192340399721 294.7454394164259952
942720 43.768170487399601143 1.8427519550717499364 -21245.454440469100518 121466.93827714699728 295.03487574335099453
942960 43.77022538522420092 1.8422805105170700912 -21104.834573472500779 121246.51351951800461 293.60418003282899235
943200 43.77023504864860115 1.8419318599748100151 -21208.595963224699517 121363.65691445900302 295.3920722825670282
943440 43.770055717031496556 1.8449362394266199949 -21224.348265330598224 121495.04987981999875 295.50189710276600863
943680 43.77102858511639738 1.8481124547113800816 -21121.073470199200528 121486.06644096199307 296.23613633743002538
943920 43.772736094365200188 1.8534158345272400137 -21127.929207958899497 121337.36212051700568 295.38460584917601182
944160 43.775218890729298948 1.8550705357876300372 -21231.808905860099912 121192.25587884199922 293.9772550102529749
944400 43.778630321906398137 1.85707473267602996 -21223.663615747798758 121405.57548094900267 294.90611204732300621
944640 43.781973780153698783 1.8579428810618099366 -21160.492231940999773 120952.42883970700495 297.38159455267901876
944880 43.785313264697101943 1.8605300838159799515 -21260.085465802898398 121245.93012810200162 296.80365257469401286
945120 43.787126692638800307 1.864782364547060034 -21188.101632546698966 121175.0035876280017 293.11696625493300417
945360 43.789411052031802285 1.8687723028698399741 -21251.65903731330036 121521.72142761900614 293.67154996325700722
945600 43.793035033147099 1.8706340451765899324 -21316.745375096899807 121554.38079195500177 293.72843926049398533
945840 43.796825725996299639 1.8724144372306998907 -21327.100683908498468 121130.73984253400704 297.5075704001729946
946080 43.801071975799601432 1.8760826156713499291 -21250.690617497199128 121710.96852009800205 297.08036976496697434
946320 43.804783124988496468 1.8782452506885700672 -21228.407209812201472 121429.26011196500622 294.60502273782799421
946560 43.807141637355300645 1.880930033454639938 -21375.421657544498885 121120.716956054006 296.65518036449202555
946800 43.808704765095399125 1.8821931037662700259 -21225.904104752400599 120441.30763715300418 296.62940870780397518
947040 43.8090717855941989 1.8861193551902599719 -21243.976542377698934 121036.98301224299939 296.67670035423498121
947280 43.809325055186697284 1.8873778585192100277 -21093.546538795901142 120813.02966301000561 296.52833543537798278
947520 43.808911046192598349 1.8888062878280200696 -21133.365606770701561 120972.26515560799453 294.90341041215498308
947760 43.810375260332200753 1.8915008550334899695 -21162.788885169298737 121219.63730708499497 297.3994840121529819
948000 43.813255550850598752 1.8926419039259199106 -21135.507843023900932 121357.06125923899526 296.06143150364800931
948240 43.817756766523302758 1.8929130788107400019 -21086.809012243200414 121071.67404805400292 296.25359048312600407
948480 43.82167646931679883 1.8922083765833499491 -21159.954147915901558 121435.72415700099373 296.00474104844499834
948720 43.82593966539489827 1.8905138493185900117 -21210.6640074327006 121591.44848569600435 293.16668711535697867
948960 43.830548492163899255 1.8903923197115299892 -21113.015569333700114 121152.6772425740055 294.84249773723001908
949200 43.835103345105700612 1.892478730806729903 -21186.849742311598675 120903.8922033800045 296.2075026261609878
949440 43.839045710791701538 1.8964348147318099702 -21241.644824543698633 120817.39005575800547 297.14306906768200633
949680 43.843849372578098667 1.9012045936040899985 -21237.034323366598983 121055.23559229599778 295.8065990016809792
949920 43.848595071924300726 1.9052062232590900592 -21232.007208924500446 120916.56914055999368 295.00963118027897281
950160 43.853407273666498156 1.9055576070057900218 -21187.702667035799095 121150.6215856869967 296.21021877752599494
950400 43.857729498404196988 1.9055578834090800555 -21130.460577075700712 120925.99504569800047 297.07102087118897771
950640 43.86042132853970088 1.9079892623014400588 -21213.651912213699688 121600.00166094000451 294.61447994409797957
950880 43.862702065735298618 1.9082274776401699778 -21087.435747771698516 121160.06154043499555 295.17743014238601518
951120 43.866812869496399685 1.9102412031559699024 -21101.76022078620008 121360.35678305900365 295.99366660673200613
951360 43.871601539803499747 1.9123599903904999753 -21250.806058734000544 121710.07902648100571 294.89785693064300176
951600 43.876485913610302703 1.9148104446858200678 -21200.851848532598524 121552.80493131899857 296.28115468552198308
951840 43.881133987168503552 1.9167997300315100517 -21152.611677013599547 121443.26235199699295 295.30644437533800328
952080 43.885754689003100282 1.9186967274708399689 -21167.995664283000224 121077.21218693999981 293.43996262955801058
952320 43.890043305384303096 1.9220079406105199382 -21256.71368324910145 121078.5991391550051 294.76428502436698409
952560 43.894076835388602831 1.9234854602871200857 -21336.10118731539842 121344.81400511600077 294.87285516572200095
952800 43.899669503027702433 1.9241242108322600401 -21341.605774784300593 121117.28441084599763 293.54891516499299087
953040 43.906229886849800437 1.9252395721465000999 -21272.849070984200807 121058.94474460500351 296.97535623047497211
953280 43.912550729286699891 1.9257974649986799864 -21231.930585271500604 121280.35337968300155 295.54904529994001905
953520 43.918366649292998716 1.9258310920751200435 -21148.451176463899174 121061.49578721600119 298.09108098383001106
953760 43.923323396570097543 1.9279461458692299658 -21225.364399531499657 121370.6967381160066 293.36049293563002038
954000 43.929927542779701355 1.9300366263049200111 -21300.789871853401564 121027.25613079199684 296.90307169506297669
954240 43.938196416807699052 1.93243605778639993 -21431.791132427701086 121317.77445381399593 294.90415143022300981
954480 43.947070736962700721 1.9324677065841500134 -21266.034091443099896 121097.17194634099724 295.81712335278302817
954720 43.955615871857197874 1.9329025556086099069 -21270.878250344401749 121475.37581039499491 293.62288606981701378
954960 43.962614494211301519 1.9334505909068200324 -21352.548532385600993 121514.95024665800156 296.76653028558700953
955200 43.967915127798001151 1.9341000663128700143 -21411.665340457198909 121445.32885456900112 294.27923111014598589
955440 43.971766856076001773 1.9337779261415999343 -21399.850927029099694 121420.91074007899442 294.43908466268402435
955680 43.974475901886599161 1.9334068003594599983 -21325.984415519200411 121063.29413421099889 295.98547293394398139
955920 43.976530310830803217 1.9343463624743499896 -21372.409260618198459 121298.70743636200496 295.65858316228002423
956160 43.97915819272230209 1.9371775656389600417 -21254.588577790498675 121081.93497558499803 294.14011479357998269
956400 43.983099439134896613 1.9389647775793998896 -21261.896853521800949 120920.7658741310006 294.64396274095901163
956640 43.985775435255902721 1.9415257269220400627 -21434.605646266300027 121177.51486569400004 292.29904660976899322
956880 43.986835208412202292 1.9427006047196899718 -21258.322421817498252 120636.53702333899855 294.84594809775200019
957120 43.987560748606298944 1.9448793137279600796 -21308.896390012898337 121181.48482339699694 294.50752573275298118
957360 43.987347718459702151 1.9465267410902400425 -21388.001514788400527 121259.17781170099624 294.14819753874701291
957600 43.988457367946899979 1.9496227453396899332 -21275.864639045099466 121301.89475244400091 294.80408284218498238
957840 43.990410209813902043 1.9492756490814300285 -21154.520731692999107 121192.33581693799351 293.86374309824998363
958080 43.991278403406703035 1.9502062008783300762 -21167.396815467800479 120971.92292989499401 294.17370011040299005
958320 43.991831218173899742 1.9511129622538398998 -21168.118867941801 121216.52501292900706 294.32012711786200043
958560 43.992836591360699572 1.952579185117349958 -21108.657045905398263 121387.29391855599533 292.96552890411300041
958800 43.995210185171202966 1.9550544655596100441 -21100.638764616800472 121204.54652097400685 293.98672547588000725
959040 43.997120146544197894 1.9578072376244799457 -21159.987203168700944 120958.1745654779952 295.13159770527397541
959280 44.000328340636897906 1.9615107166885599188 -21265.540694540399272 121331.81976238099742 294.81661567562497339
959520 44.003221972470598189 1.9610276374574899805 -21200.89539622509983 121056.74624353399849 293.94820052075499461
959760 44.004347455748799689 1.961045986536100072 -21228.363121346599655 120793.73892322399479 296.42541440477697279
960000 44.005792083176601182 1.9595401017258500254 -21208.392400485699909 121258.20553313900018 294.34541241552898327
960240 44.008029884765697659 1.9582662911990900145 -21232.093464678000601 121067.33280651099631 294.75367557941302721
960480 44.010591611089303399 1.9608367931855799071 -21236.481932146900363 120797.82465636299457 295.88227274711198334
960720 44.014043629063898777 1.963607198706130097 -21208.712163372998475 121020.97728494099283 295.94553063397302139
960960 44.018110833417402716 1.9657000781793600996 -21291.622333350398549 121016.73684845899697 294.09219552927299901
961200 44.021933447914300075 1.9689199422908298942 -21236.477154409800278 121401.92704354399757 294.58483891495598073
961440 44.024811087849499813 1.9714376201569199232 -21226.978519302101631 121246.18811462800659 296.78416960178202544
961680 44.028150039860598497 1.9728967406307600374 -21266.242381422700419 121235.73060206099763 294.29641141416402661
961920 44.03266544261280302 1.9730305168332100685 -21178.362167955499899 121159.24605826700281 293.46443769066297591
962160 44.036713774886599992 1.9739580491386299332 -21230.661081875401578 121520.53569136999431 294.46646599510398801
962400 44.040382051446698597 1.9737559215988100814 -21204.938404930700926 121345.82356333099597 294.79509331779701142
962640 44.044157381561397813 1.9765489721987099525 -21205.343781764400774 120906.90944535999733 294.55535768849699707
962880 44.048614507877601909 1.981075220111520041 -21183.635455365099915 121350.41787383299379 292.48275089238001101
963120 44.053752242088002333 1.9857526352221699373 -21213.474757954300003 120950.91717608900217 294.42203212956201241
963360 44.059924005240098666 1.9887056195212999832 -21249.040603227000247 120753.15737916900252 293.59492936900102222
963600 44.065037226316100316 1.9891861541014799197 -21118.752314173201739 120934.69671011199534 293.45470520947202431
963840 44.070719104001902622 1.9918977296644200248 -21247.293648544899042 121086.62733338499675 294.18365446545499253
964080 44.077375079933396762 1.9919693606641699635 -21197.762115644698497 121163.76634110099985 293.9302908596649786
964320 44.082126573450203466 1.9916378962989900181 -21085.945867855200049 121193.5152190230001 292.9120480625330174
964560 44.086144974932800267 1.9934293917637599947 -21239.082365912701789 121358.59449793999374 295.5099426200189896
964800 44.089875108387801106 1.9950907202248300276 -21247.919758886600903 121340.00011459300003 292.94506346119101181
965040 44.093001628666200986 1.9972634352043701078 -21160.913341080500686 120888.23857821199636 295.35955861602400319
965280 44.094351380279796615 2.0006316919476101468 -21149.451608710598521 121077.45776483799273 296.46759709805297689
965520 44.095999520345102951 2.0054665936520801317 -21214.497047802000452 121065.46252940599516 296.35103751424998109
965760 44.098021086290501103 2.0097590864158898505 -21143.316595727501408 121057.28999945599935 294.825378605684989
966000 44.100187980750902739 2.0132184338955001479 -21197.232749238599354 120820.52159539499553 295.22324227447501244
966240 44.102100161144299761 2.0175946520673098128 -21109.850542500698793 121077.88433742099733 292.37644456351000599
966480 44.103882631139498471 2.0208263432471098575 -21080.153384568598995 120856.02210450600251 293.73956114014401919
966720 44.106645266081201839 2.02377294579946998 -21204.061911527100165 121232.72847581900714 292.60653402879501073
966960 44.108862553707396614 2.0240471518223599467 -21175.072510496000177 121010.74773066799389 294.51278668881599287
967200 44.112345370094701025 2.0260743728183601142 -21229.983194460401137 121191.58773524599383 293.52639508503199295
967440 44.116631690242698483 2.0283298425287701328 -21193.716862329700234 121113.35706980900432 294.81378880238997908
967680 44.119458429934397259 2.0289147488153798093 -21068.78505279140154 121084.21894773399981 293.63770547475797912
967920 44.122703208677997111 2.0308272138395699891 -21139.112169873100356 120784.34886849099712 293.37548251597297622
968160 44.127273776339798417 2.0309850769990900332 -21175.436624411100638 120774.73957904000417 295.4112464648239893
968400 44.131712959424902465 2.0302529258441599502 -21128.6853338842011 121149.56376749399351 292.85308256082799971
968640 44.135361050644398517 2.030581196656859877 -20995.558128617001785 121069.19195626200235 293.56771936403600876
968880 44.138653364206803076 2.0297684465763601303 -21065.917972677500074 120858.08421932200145 293.65319916507900189
969120 44.140772311769801206 2.0284692269612998317 -21170.448135791099048 121060.09961258999829 295.45272237058401288
969360 44.143047572905899756 2.0276588797709900192 -21082.993187340398435 120620.10240193300706 296.6076125082810222
969600 44.146245299004398532 2.030634471987939893 -21140.155688713599375 120792.0403675109992 296.22798714026401967
969840 44.14938061974569905 2.0344752194160902192 -21166.361003754198464 121008.59796711700619 292.90511283659998298
970080 44.151854384039801005 2.0371929492244600368 -21103.392562345001352 120929.46518648999336 294.66239433083597987
970320 44.154769259284400107 2.0407649207961799931 -21121.875095538398455 120807.92323080300412 294.76331772748102367
970560 44.157836917396302567 2.0438157344104799229 -21066.57609609659994 120747.12063473400485 296.75023651080397258
970800 44.160343386362100659 2.0487167133726997825 -21223.942809724001563 120833.39261586900102 295.11074869121398478
971040 44.161580299958302476 2.0518388429250600247 -21001.599799176998204 120812.18635285299388 294.2757002322089761
971280 44.162497333841898239 2.0541877103932901782 -21186.060576764699363 121244.27268712299701 293.7174634267159945
971520 44.164434093951697946 2.0557856464220800596 -21089.738283999900887 121121.45672771400132 295.88803056526398905
971760 44.167175315212197972 2.0573921807111301696 -21100.425693513599981 120958.9191377350071 295.54881911696799079
972000 44.169632460767800808 2.0597747904511298778 -21110.966742094999063 120649.07685442900402 294.73822810744798062
972240 44.171432526107203387 2.0610567990294699214 -21132.570657909400325 120762.85650794999674 294.03483014220097402
972480 44.174367661145197417 2.0645633046553499845 -20981.6774443616996 120821.32551270500699 296.16901995879197784
972720 44.178833300050200705 2.0676391610727899995 -20954.136526500398759 121040.15011286799563 293.67389067261098035
972960 44.182864073432199348 2.0709619341382698998 -20975.487700732399389 121095.56261666800128 294.78079913742197959
973200 44.185532338191300994 2.0731229003700502034 -21052.823008276798646 120970.91975405999983 294.31059025843700283
973440 44.187185802552200187 2.0760876955252398623 -21009.059542059600062 120815.91975943199941 293.77236885114302822
973680 44.188992678607398545 2.0808907843678099425 -21133.960675174999778 121022.63325524699758 294.83212269811400574
973920 44.190783626966599229 2.0840787428250497904 -21020.672126144399954 121087.35906981299922 294.32340804950899837
974160 44.193199252532899379 2.0855645513834901728 -20998.815407369598688 120882.02301085799991 294.82884667260600509
974400 44.196786525335397755 2.086424037847309787 -21027.908278699498624 121424.70014958000684 294.33815600424298964
974640 44.201169700910696747 2.0878429149915400664 -21081.834169663998182 120923.00146301199857 293.01962351501998683
974880 44.205141210998299073 2.0909382365052899821 -21102.975139526399289 120816.55790310500015 294.47504631452301282
975120 44.208414899716800051 2.0915447265250097786 -21132.947931484599394 120551.68200007900305 294.84900541871502355
975360 44.210212301935797541 2.0949254563517598626 -21091.350500116601324 120789.05014403100358 292.42529503536502489
975600 44.21326717125710104 2.0996258167300001496 -21046.58691941860161 121049.1000033760065 293.69207970269002317
975840 44.217138604642698851 2.1011160981470697884 -21209.94347760150049 120640.34871142799966 293.70419291528401118
976080 44.22159945734880182 2.1014179213975801019 -21074.248106727100094 121228.49281213000359 292.8853196740009821
976320 44.225522629529898211 2.1033614623433498636 -20985.384510287600278 121125.1842925259989 293.03374942931498026
976560 44.229542034237802284 2.1074270009053099884 -20884.203226261099189 121286.39318246100447 293.32636500291800985
976800 44.233202002428598121 2.1134502210004599831 -20789.59948148750118 121087.57144899800187 294.18534900264302223
977040 44.236801401818802049 2.1189968033033799166 -20962.455912379900838 121276.36889698999585 292.66041901467599473
977280 44.241616613029300709 2.1219534354315801039 -21121.861924841799919 121189.14558857800148 292.53934773390000146
977520 44.248149717460798058 2.124729094610770197 -21035.893011748601566 121142.6383819259936 293.60663456391500858
977760 44.255853047490198549 2.1249623654001199569 -21094.559414097599074 121063.71540827400167 291.52232354997801167
978000 44.262020876943601877 2.1271641495495501317 -21073.194259140000213 120537.90419955100515 294.29538799929497372
978240 44.26797655427220235 2.1305444229430401393 -21083.872668158801389 120739.29177809199609 294.30567243333200622
978480 44.274139115837201075 2.1319540275991100131 -21116.34438195219991 121144.17058887200255 293.23397230030298033
978720 44.280618345205397191 2.1316511808289200225 -21029.229246163798962 121219.88767723800265 291.95209664406201
978960 44.287075950174397576 2.1343885857102700143 -21026.014874894299282 121155.88904360600282 292.3029864064030221
979200 44.29380314686220288 2.1370262660475201066 -20985.703623856399645 120758.92793181999878 294.86133061236898811
979440 44.298313406957497307 2.1399687267487701448 -21015.350770377401204 120814.66508057300234 292.79106528701402112
979680 44.302015086734797933 2.1416458183928499537 -20963.801396569200733 121076.32546339200053 294.57544573528201681
979920 44.306165207994901323 2.1430121660478897994 -20922.51192964889924 120554.96542981799576 293.45627145123802393
980160 44.309376875252802108 2.1434777056461600253 -21026.644204228199669 120500.57784576600534 293.82224189472299258
980400 44.310545775839500493 2.145274720706490168 -20996.353728224501538 120975.65681254600349 294.16889831471002026
980640 44.310656189519598058 2.1472306353349699393 -20951.056743854398519 121420.31113025300147 295.24349994774200923
980880 44.311416839642397747 2.1504010588491699885 -20836.364634808298433 120842.68767877899518 293.52603913047602191
981120 44.314271357484201985 2.151328007582080204 -21001.950832650800294 121068.45881400399958 295.15091367298600744
981360 44.318394279938900127 2.1525655368735501227 -21036.601355299699208 120869.60350887400273 294.69830602285998111
981600 44.32295021777090227 2.1541238840745497995 -21114.679567990599026 121063.34040414399351 293.42028647834700905
981840 44.327157711228998949 2.1556071715120501686 -21044.004914289900626 120924.48449278699991 293.07724572743802582
982080 44.330548659074501927 2.1579889818050399519 -20878.978645448500174 121121.25932686599845 293.14453960792201315
982320 44.335061243103297102 2.1606681781922998375 -20955.532023190000473 121113.66623435300426 293.51112303016299165
982560 44.341023423515302682 2.1628084930781898976 -20911.541333045599458 120749.81095807299425 294.82457422654800894
982800 44.348081734080203375 2.1639281058476100839 -20754.34617083449848 121073.19703992799623 292.36810156863901966
983040 44.354947469702999285 2.1670708087626699978 -20790.135457047701493 121174.94754636200378 291.37461600282301788
983280 44.361186677828399638 2.1698062150513601765 -20841.734869097901537 121147.26453341900196 294.65981331993100412
983520 44.366883655374202533 2.1749919785669198369 -20893.495767817301385 121014.2693652339949 293.5827002201230016
983760 44.371541331122799079 2.1799966203692702216 -20866.647714424900187 121014.33076998300385 294.85694333159398184
984000 44.373869329698301556 2.1842478235935200992 -20886.400042614699487 121209.23784507300297 293.97603792863998251
984240 44.37653342568849979 2.1876413957384599485 -20879.765826710201509 120716.13870076900639 296.28125825649800618
984480 44.380071861994899507 2.1908541343094700693 -21065.389891300299496 120936.64403771799698 293.49869975233002606
984720 44.384266745521401276 2.1936922490303198963 -20927.166165247901517 120639.8592823450017 294.92270511227201268
984960 44.387514702476401851 2.1942520704721100167 -20879.000936943899433 120788.36180651299946 295.08927804644298476
985200 44.391651091233697457 2.1946069979362801128 -20928.512275853099709 120804.7010014319967 293.77131271067497664
985440 44.396250012605797508 2.1928317321466899159 -20856.730037448600342 120989.96216287600691 293.73083639684301716
985680 44.40083889715319998 2.1917800628573798072 -20849.830405908498506 120987.8840344229975 294.25081908535497632
985920 44.404693097444898342 2.1923064425326801441 -20845.754459109499294 121322.44433586299419 294.67888371736898989
986160 44.409164462100001458 2.1919045862520198931 -20838.663837806299853 120565.26621539899497 292.94552564171198128
986400 44.416117354252698135 2.1912699105129100907 -20790.953248683599668 120722.94285455200588 294.38252736609797466
986640 44.423975469758701706 2.1873402989608101699 -20861.022796519300755 120650.88631610499579 295.1596934266120229
986880 44.430852788170099643 2.1856752347205898879 -20752.846702416300104 120650.58609266899293 294.48274631686598468
987120 44.43678852993649997 2.1836481506273601738 -20856.6356324931985 120991.85168092699314 293.72505011101702621
987360 44.443880702931302551 2.1832577636976999713 -20816.318471635899186 121025.13370681500237 294.01707640893198459
987600 44.450216508545096872 2.1816883100346298185 -20765.278896300300403 121133.85315271400032 291.94112885681602165
987840 44.457353668462097573 2.1810138608619999978 -20873.960912560200086 120818.58691460899718 295.42852640279397747
988080 44.464454607916898965 2.1818884462938301638 -20862.151594375598506 120952.65663149200554 293.4495548123060189
988320 44.470423765433800156 2.1825623198948900239 -20837.128890975400282 120748.96779420999519 291.23945185634499921
988560 44.475478255076602352 2.185206805991930068 -20856.442120893199899 120844.0795640580036 294.95122247320500719
988800 44.479043261914696927 2.1877838250241601337 -20866.170846970398998 120766.32718930300325 293.28852476177399922
989040 44.481896445316003508 2.1877697790391601451 -20903.855160829800298 120611.23323779299972 292.856252938763987
989280 44.484788341208499673 2.1896180172919201823 -20773.382723273200099 120544.48989714399795 294.90809943117602643
989520 44.486783485700797769 2.1889343545531700919 -20763.190535845300474 120560.5455121450068 293.35820055551602081
989760 44.487542049237099206 2.19009314003996991 -20779.660051273800491 120817.92402682099782 292.14322487849000254
990000 44.48762746811350155 2.1890531492524001322 -20689.441379017000145 120663.64048963200185 294.30808205133598676
990240 44.488724791563299732 2.1907729924718100101 -20751.130432865298644 120871.49077984699397 293.41061381453397416
990480 44.49210474646820046 2.1938691673695900342 -20764.553861366901401 120975.67400647500472 292.82539847615601047
990720 44.497215101315703123 2.1974722604222698408 -20780.68131491800159 120475.11646976000338 293.66287118758697261
990960 44.501455644385998767 2.2004347668315498154 -20767.350796385300782 120827.64560984600394 291.79916633409698079
991200 44.504861763783402751 2.2056609801604101229 -20718.802077411801292 120900.12686030399345 294.21517538007299208
991440 44.508785114100099634 2.2105334736667701101 -20824.776956926700223 120894.33700772799784 293.90359712194799613
991680 44.51269336818239708 2.2162918781695499781 -20826.915868293501262 121141.78455925600429 293.49396470801201531
991920 44.515882542451002735 2.2217526260228899204 -20875.009662621399912 120949.86102914200455 292.19329868837297681
992160 44.517999261504300534 2.226764443587660125 -20867.609443033899879 120695.52697367900691 293.89347880246697287
992400 44.51994333334329923 2.2334381112107299927 -20814.394236923599237 120747.187807772003 290.41655768295601092
992640 44.523368129952203276 2.2379526768137298909 -20797.304039236300014 120873.00441534499987 293.34949512522797477
992880 44.52600959850730078 2.242812835609349964 -20832.710134427899902 120754.31824364099884 292.03822543192802641
993120 44.527439251459199454 2.2455908447422601171 -20784.71338994260077 120551.20364203599456 293.77445189297799288
993360 44.529379944038801398 2.246546697764329803 -20825.511245469799178 120678.1963493009971 292.30260700366000037
993600 44.531280506746597325 2.2479886472671100073 -20827.205274680098228 120528.47846029899665 294.14640127456499386
993840 44.534519099148397459 2.2507982490200801884 -20783.796923113000958 121139.11869804399612 291.59294790326998736
994080 44.539105533026301487 2.2531107332444300084 -20716.29987990150039 120725.07678111399582 294.63345296983601429
994320 44.545122302140399029 2.2555839629181297923 -20719.775620008200349 121137.40904805499304 292.11148417929501875
994560 44.551091922190302341 2.2580015548241698653 -20653.19183165350114 120785.62588264299848 293.26309925828098812
994800 44.555928052807402651 2.2580162608132101631 -20745.888330169600522 121022.69634353200672 292.88588063857099542
995040 44.55962033488840035 2.2586494055480899057 -20786.08700072099964 120877.97874905899516 293.57503248502200677
995280 44.563270883816400669 2.261389654693500173 -20777.456205130598391 120730.58939239599567 292.9137615985599723
995520 44.566628203045297596 2.2630336333029399398 -20802.356547921499441 120618.26236712100217 296.14595895995199726
995760 44.569393271336799955 2.264961158456030077 -20779.928249826800311 120661.88421378500061 291.81383035363199951
996000 44.573258712647202628 2.2671542569999099115 -20634.82523687379944 120790.61358242999995 292.01356741062699029
996240 44.577858994845101392 2.2659083508636501669 -20649.360482980999222 120803.18612768599996 294.80660365613999829
996480 44.581718936407497722 2.2654875952854900412 -20706.13998915619959 120626.92000454399385 294.04198571717802224
996720 44.585994063002900134 2.2670335252917399593 -20682.196509780500492 120283.75884186700569 293.48978367227300623
996960 44.590608451644698107 2.2672077559550301018 -20663.373084376700717 120885.13027453400719 293.26332745828898396
997200 44.595318565590602589 2.2653662776227099229 -20739.566041434001818 120723.56426696600101 293.36926638748298046
997440 44.601191321353397257 2.2639474392559599814 -20648.343997772200964 120412.40084954099439 296.47541425696800843
997680 44.607902258302601695 2.2643216670498897969 -20641.500688373398589 120935.99030195600062 293.31937423300098544
997920 44.615545353505702053 2.2650125311314899257 -20630.357694159400125 121054.64013390699984 292.8903828553150106
998160 44.622308470917900536 2.2667266268196097911 -20671.659474787298677 120556.19917657099722 293.50175557410000238
998400 44.629380046066103205 2.2709456996655501548 -20628.640897128498182 121022.0876641789946 290.77333709733102296
998640 44.636821133862703448 2.273348154044459779 -20764.050353506900137 120435.43713981700421 294.99087077774402132
998880 44.643674118077797175 2.2766333202602702102 -20740.133569890200306 120639.9868148079986 292.64484931526800437
999120 44.650525116775497736 2.2819848158777800151 -20716.839618854501168 120910.70779969499563 293.44105713586600359
999360 44.657623010687501619 2.2851806614846701393 -20842.587893052299478 120768.91322745400248 294.58808826795097957
999600 44.664513426101997595 2.291090910770820166 -20726.828298174401425 120780.8957259549934 294.01348090843902128
999840 44.670880926012003442 2.2983688592807998141 -20674.903679034501693 120246.98268658999586 295.10736370575398269
1000080 44.677334680020599933 2.3038505411994898431 -20701.678289444298571 120313.53732471399417 294.03724640014002034
1000320 44.685119337704598763 2.3095218634827401338 -20680.638651826498972 120999.57275415600452 293.60809601378798561
1000560 44.692785459700303363 2.3158793124981698064 -20697.548003221800172 121088.82765394500166 292.59513045755801386
1000800 44.69943706561900143 2.318070544179390069 -20648.23501852929985 120571.38154306900105 292.89570628145997944
1001040 44.706533188714999483 2.3194918185720498904 -20669.234457545098849 120803.6452786430018 294.43614959670298958
1001280 44.712986291707899511 2.3202518710163397841 -20672.360238082201249 120761.22622171499825 293.59698833316099353
1001520 44.720060149259403204 2.3224126022759898902 -20688.448301854601596 121224.93209978299274 293.59553588771302657
1001760 44.727684120249797672 2.3244802138595299645 -20662.382639399900654 121117.60241678000602 295.10044756685198308
1002000 44.73389342170339944 2.325529696328520135 -20626.884407580299012 120942.00000308199378 292.92152691752500004
1002240 44.738736233509598605 2.3251631543215700582 -20636.197001606098638 120543.15249635900545 294.35898623056800716
1002480 44.743468807332398285 2.3261878657498900047 -20714.741410677001113 121113.87016298199887 292.01713069932799272
1002720 44.748749767793100318 2.3292472802432802048 -20789.443179627698555 121269.32874650000304 293.10068818425600057
1002960 44.753249818945100458 2.3305215970820798432 -20664.541265820898843 121065.8511384279991 293.94018283112501422
1003200 44.757968513508203046 2.3330250638324101509 -20734.534431789899827 120936.92641340900445 295.52359166368597698
1003440 44.762242861397396609 2.3333331302205699842 -20628.654107900099916 120999.57891776300676 292.37807669610697303
1003680 44.765852960171301334 2.3344384431722597917 -20694.722022942500189 121142.76076305999595 291.24957490799101834
1003920 44.770101661983900954 2.3343211016024900673 -20629.351674423400254 120841.69206710100116 294.17429609249802525
1004160 44.774577393505097689 2.3335053681983901619 -20611.346539004400256 120961.45408518399927 292.80019621122198714
1004400 44.779705301823000241 2.3346195169509900147 -20676.946426786100346 120903.68110219399387 294.15525234295699875
1004640 44.786597031118098755 2.3351478543443899838 -20744.937508926901501 120716.73331890199916 293.63949553342098397
1004880 44.794760805721097086 2.3385824343213301724 -20674.666965084001276 121053.43391226799577 292.07804136437499665
1005120 44.803457160088797195 2.3415227465932200168 -20703.754255217299942 120685.12736899399897 291.95821427103999213
1005360 44.813362503288303174 2.3444277126074801743 -20642.843169315001433 120277.33286096100346 297.72238587583899516
1005600 44.823359119800599615 2.3479631631678401504 -20587.054709175299649 120697.52380602600169 292.71861300602802203
1005840 44.833386287321602026 2.3481085689647001047 -20558.974526854799478 120677.26755274200696 294.57972946166597694
1006080 44.842536027912601071 2.3487995248190198794 -20598.773944426800881 121026.23083387200313 293.310299596432003
1006320 44.851593365846099459 2.3490022884144998727 -20637.504568628399284 120497.96102152399544 293.96011503414501931
1006560 44.860445978934201605 2.3522378320490400228 -20723.997835153099004 121031.88511906900385 294.69716141722801694
1006800 44.869956746618598231 2.354074074885430079 -20625.977803467598278 120921.90934265199758 293.95694711189702275
1007040 44.878516748564798888 2.3568387907597201369 -20661.717567437099206 121083.10361068499333 293.39225089322701479
1007280 44.886448689791798472 2.3586590535438398675 -20545.032638318400132 121071.97479152299638 290.76421290239102291
1007520 44.894451241912697981 2.3598467231104001129 -20574.020928718000505 120717.95849277300294 295.95620955309198052
1007760 44.901700110133397459 2.3607288674197901557 -20584.718993280799623 120756.93156323500443 293.62251459002402498
1008000 44.908013082685101836 2.3640413549099301704 -20611.623700053100038 120686.72078763099853 294.54739236878401698
1008240 44.914052435865002622 2.366865468242009829 -20644.608837065301486 120617.19489378599974 294.10531178054998236
1008480 44.920720645236301038 2.3709589227346201668 -20484.319614308198652 120574.14134083599492 292.92738946872901806
1008720 44.928047989373503412 2.3750927475853100823 -20572.967945992299065 120548.81308837499819 294.91353855113197824
1008960 44.934416382337296625 2.3791568072891697838 -20630.99048360190136 121180.65991996999946 294.49465815841102767
1009200 44.939449732943799631 2.3839649155801998504 -20666.006059330200515 121152.22727928700624 296.02012704240797802
1009440 44.944070248655997091 2.389445873752209959 -20704.831164553001145 120895.35131272599392 296.75207265394800515
1009680 44.948565902557199081 2.3935995541206898096 -20616.940556740901229 120961.10901973499858 294.41163345279397845
1009920 44.954100549880699589 2.3956267873108898492 -20580.745937522300665 120713.48350926600688 296.33462427130001515
1010160 44.960611766630897534 2.3960094050634901386 -20664.506741566099663 121128.54202798700135 294.50604360775702162
1010400 44.967326587471802668 2.3961249322738398249 -20671.508269218800706 121153.28056980899419 294.06608793221602127
1010640 44.972778753961598852 2.3961121334282200479 -20614.015638669901819 120837.25639521899575 295.32850336820598613
1010880 44.979294340441001054 2.3985404930799898437 -20662.757149033001042 120794.14228738099337 294.35814611361399784
1011120 44.984583530738397883 2.4013731284993298232 -20649.410740130100749 121056.4511211939971 294.20069785063401469
1011360 44.988531655400898046 2.4043541015557998719 -20581.3249846332983 121006.83665767000639 295.27189566547599497
1011600 44.994191979423398209 2.4057688782822399531 -20629.525289329998486 120968.73869751200255 296.34130632986699538
1011840 45.001024732747801238 2.409337217371649853 -20554.650715330299136 120796.7483908389986 294.42623983815798283
1012080 45.009386265014299511 2.4120555447593501341 -20577.505489856801432 121104.62157955800649 295.83741662496197478
1012320 45.018212295994302963 2.4177089795963899732 -20553.917460285199923 120882.28331270499621 295.57331125933598059
1012560 45.026634991575299694 2.4237843062363801927 -20583.210176180800772 120635.71305441399454 296.80975222285502468
1012800 45.036239951421897842 2.4281185709402901551 -20706.020210198799759 120876.9661443369987 293.74015927821801597
1013040 45.045853333065799973 2.4333897119316998392 -20691.654908605498349 121065.43859293400601 292.96596954114198752
1013280 45.055499890036401212 2.4370422538836100657 -20722.197924882701045 120854.14766436599893 294.65928732057801653
1013520 45.064322167148397114 2.4401269095661302089 -20630.469149691998609 120666.54870981100248 293.51947134304401743
1013760 45.072890628895997622 2.4419569744899898289 -20613.309905318201345 120738.46854968399566 292.22358596851802304
1014000 45.07996738997599806 2.446304345243949907 -20591.077847148299043 120631.47088108799653 295.26877618996502406
1014240 45.086379951841600189 2.4514125525530601202 -20538.227798166699358 121031.41747052699793 292.92625825381497862
1014480 45.09363551764700162 2.4558619735252400496 -20475.979036621698469 120764.44786437699804 293.52352743890298825
1014720 45.100830752904897736 2.4601972577205097892 -20557.779137142599211 120839.83801586400659 293.52535606542102187
1014960 45.106333408898201753 2.4618041473206200287 -20571.787070321799547 120831.48238448200573 293.8789927966569735
1015200 45.111212591825200491 2.4655751077899599188 -20411.817192217400589 120594.59656999299477 294.87777642953000168
1015440 45.114055315091199816 2.4687609625677300329 -20535.830826188201172 120996.44940139699611 293.5083152483999811
1015680 45.116204645865700229 2.4702375437961601179 -20341.43681746079892 120674.81294757299474 292.2843176814209869
1015920 45.118914320465997037 2.4753657397108201899 -20466.455818910300877 120764.55521911100368 293.19869078974198828
1016160 45.123259863742596565 2.4806153427806600931 -20599.41822539019995 120606.05832861599629 293.46951070449301824
1016400 45.128552380368098795 2.4847408871410299191 -20595.589384593000432 120674.0640187550016 292.38996659737898653
1016640 45.133244310795902265 2.4889013808440001441 -20471.310171114098921 120588.59112575200561 295.2924879641839766
1016880 45.136606582448997926 2.4895199789688802205 -20462.483540838900808 121092.73450906699873 292.73136597355198774
1017120 45.138643768789101784 2.4908748913572398287 -20513.920073841400153 121262.66935518599348 293.2037173667590082
1017360 45.140226718395297212 2.4929898243172101679 -20532.470244678199379 121432.13441152099404 292.43750374034800643
1017600 45.142866911061197754 2.4985325900885801964 -20379.647265902000072 121030.41002633700555 293.84300973529997236
1017840 45.146638172754499863 2.5019253576688100793 -20535.386194893300853 120813.55610531699494 294.56775463175898722
1018080 45.152490729727198016 2.5048958027895498191 -20579.799314381500153 120794.73783379700035 293.62451284219400804
1018320 45.159210254462301748 2.507190618632160195 -20659.372282915701362 121106.89201636299549 294.63144991201500034
1018560 45.165018087680699921 2.5064904911471601601 -20632.321846826900583 120975.8679475789977 293.2387635783289852
1018800 45.169292910602401037 2.5072793145589797881 -20522.302633052800957 120998.73294830600207 292.30677430736301403
1019040 45.174123896266699774 2.5098708106010101382 -20471.278575383799762 120869.32519723600126 296.83809701398502057
1019280 45.179151400128901628 2.5086239016276499214 -20434.449129826298304 121190.87457473900577 292.91511216436902032
1019520 45.18526596260129935 2.5081197400110299967 -20402.384252769101295 120997.34072882399778 293.92216791026902456
1019760 45.192546608188600032 2.5053269426491397986 -20359.052953302099922 121160.76733136799885 292.9915188194920006
1020000 45.200545119527298255 2.5043173459805898595 -20375.442395397400105 120937.13988281300408 293.06468200629899457
1020240 45.208179469382102411 2.5019088063837400249 -20346.552668681099021 120837.19101587499608 294.42714919222601111
1020480 45.215546492625499297 2.4983808557995899058 -20404.275900098899001 121147.36027368500072 290.99474905700600402
1020720 45.222721025678602302 2.496736703977400218 -20553.766594933800661 120674.19913028599694 294.94766255895399354
1020960 45.229189287668901898 2.4962113183183398668 -20548.624528183700022 120614.35088970199286 294.18238296129402443
1021200 45.23635469539429721 2.4983198302348701425 -20445.563873818700813 120502.30043826799374 293.28709032978099458
1021440 45.244229239227600203 2.502184212322660084 -20461.777647606399114 120367.26251156900253 293.72728141502801691
1021680 45.25139643250840038 2.5078957473431500169 -20329.933497048299614 120699.93782432899752 292.58391695675902611
1021920 45.258820099269698289 2.513781662798240113 -20402.080776261998835 120975.82337117899442 293.36509661141298011
1022160 45.266424545106900723 2.5193958080514700093 -20315.221424196399312 120686.38983395899413 293.90805824274900715
1022400 45.275320329054096646 2.5253937109805599803 -20296.278670057101408 120832.64308764100133 295.10999246567399723
1022640 45.284877980135398445 2.5296710333824701245 -20306.523973794399353 120811.65975902900391 293.40485714280799812
1022880 45.292367436229397981 2.5328815686732299994 -20329.902161023801455 120415.59125009599666 293.82284362249100695
1023120 45.29820555688799999 2.5337411922224601923 -20296.200503348100028 120742.27561531799438 293.87145063830399749
1023360 45.304068631273601397 2.5351972298526801453 -20238.813474670700089 120879.26057350799965 293.12399358779299519
1023600 45.310723241802101313 2.535957470375080014 -20266.772564207200048 120788.93980156199541 292.77545800320598346
1023840 45.31757817380290021 2.5378067181457200086 -20402.383725792398764 120506.70682885100541 293.90541636403202119
1024080 45.323988983712098388 2.5388999384928401248 -20326.834278678499686 121079.02156207099324 294.54360108728002388
1024320 45.330819891985598247 2.5400175082933400539 -20368.305164770099509 120921.92460583600041 295.20676601719100063
1024560 45.337309841269096466 2.5404030286591900989 -20301.062882329599233 120447.74848309799563 293.2495565843880172
1024800 45.343269317110497241 2.5399857530288501017 -20372.712754524898628 121202.85506159100623 292.18942416802201478
1025040 45.349398959226398631 2.5393674106583401517 -20305.615470383101638 120915.13582513600704 294.27329045616698977
1025280 45.354454037228997265 2.5399407008111700712 -20388.278216777900525 121212.36921177100157 292.54649777068999583
1025520 45.360069122122396834 2.5410822845188398844 -20450.966112543799682 120809.24416773499979 292.96933533807401773
1025760 45.366915928334798025 2.5440093491454200958 -20376.54426258320018 120951.25324830099999 291.96252819681899382
1026000 45.37454553640490218 2.5444662900391299409 -20517.899380676299188 120833.83960098600073 294.86803598341697352
1026240 45.383005864060798729 2.5466793540472201229 -20475.492145200998493 120657.74660161399515 292.38693251734900969
1026480 45.391407811702698893 2.5490539313784199571 -20501.994977515998471 120692.49118441500468 293.07555762140401612
1026720 45.399190987586898416 2.549250730503730189 -20481.829331716598972 120685.11416431399994 293.67569004646799158
1026960 45.405792969979799523 2.5526037205199600955 -20381.082780085100239 120594.82244904300023 295.00038791464601218
1027200 45.41279525636200276 2.5537999594689799743 -20327.122109665699099 120611.43004126699816 294.41912011514301639
1027440 45.420745677734700507 2.5545680235774699263 -20354.806357986599323 120719.47034394899674 295.30319682003801063
1027680 45.42646186557679755 2.5552983334170797924 -20325.568822818800982 120544.42837714099733 293.35930097600100908
1027920 45.431552000939703362 2.556951437508450109 -20316.707241026098927 121002.3287649450067 292.62851008120600227
1028160 45.436505488500102956 2.5606555686884098222 -20280.279681176700251 120988.08504089999769 291.76219666612701076
1028400 45.443495985015303518 2.5653920816730999555 -20395.815841106701555 120776.89021147899621 292.47612288302599381
1028640 45.451304873963700004 2.5699151955072099263 -20264.801343907998671 120792.95478669600561 292.55327495504701574
1028880 45.45984701844879794 2.5747286971988798676 -20363.511181372799911 120848.830646153001 292.60082617078597877
1029120 45.46825661534209928 2.5780695947834297854 -20392.964067061901005 120705.39050284400582 293.85659663339998815
1029360 45.476213465617398413 2.5818611444745300787 -20324.036474696298683 120602.65666640900599 293.37299816723401591
1029600 45.48415736030519696 2.5845470661482399244 -20307.016144464399986 120695.76939640700584 292.44126244398097469
1029840 45.49300861266039675 2.5843483091244201511 -20235.639422274398385 120389.92580764899321 292.57507854917400891
1030080 45.502357471755900065 2.58429744182756993 -20340.543660835901392 120505.02069913200103 295.45691452646701691
1030320 45.511356287985798019 2.5846512589515300284 -20362.876072320301319 120692.82106891099829 292.28509321114302111
1030560 45.519226790899899981 2.5852384517047699575 -20393.56080410820141 120929.75559549599711 292.62850939016999519
1030800 45.527307205100498777 2.5869749913303001776 -20382.688459353001235 120764.58277661900502 293.74457708849200799
1031040 45.536634187575600663 2.5894310413054499875 -20359.628874100100802 120828.00377044800553 293.66290634903202772
1031280 45.54414023126609834 2.5901791889223901855 -20410.090084521099925 120772.73306968899851 293.13771994129200493
1031520 45.551084013030596509 2.5892475306127398227 -20406.524632212200231 121063.62683832799667 292.53885487349202776
1031760 45.557420932027902438 2.589873309692969805 -20336.70278195659921 120766.35932382299507 292.69862444460198958
1032000 45.563546014945700335 2.5932803832475901373 -20284.151803682900209 120776.00756554599502 292.36696093251902084
1032240 45.568633985607398529 2.5965058997387298056 -20356.998537556301017 120265.50843617999635 295.30087158184397822
1032480 45.573507546588899686 2.5995681198433500114 -20410.57741483350037 120726.69151285600674 294.0696296606749911
1032720 45.580044348025097634 2.6003093689895200313 -20351.06594520229919 120413.2505772930017 295.24374529641301024
1032960 45.58723361014119746 2.602590191602410119 -20462.018816176299879 120700.13681143900612 291.84583331883902702
1033200 45.593235663838200367 2.6040210257569400554 -20437.455968162601494 121087.92866635799874 292.41361418304398967
1033440 45.600665019021299429 2.6069688599773002124 -20311.305070608301321 120929.73490798799321 295.86845066888599831
1033680 45.608293125961900216 2.6083811636299700787 -20369.382287424599781 120833.52688826499798 294.30964003822100494
1033920 45.616317295179996449 2.6092948214949500674 -20363.875065076201281 120473.02464521999354 295.08724727168697655
1034160 45.624040573691900136 2.6143847372879998048 -20337.441270209201321 120542.88693200200214 295.34941136808697593
1034400 45.631397902659102783 2.6209907447477798215 -20328.540954090898595 120802.66975878700032 295.13370628560898012
1034640 45.639250936185696617 2.6244114880587998684 -20427.83625269429831 120939.49996281499625 294.37204647816201941
1034880 45.646527056215703055 2.6257926407183997952 -20474.816151727700344 120622.19411531899823 294.525069106421995
1035120 45.651517227281601663 2.6249112393174898195 -20508.593359710401273 120911.78459195100004 293.21311028369598262
1035360 45.656621220115802373 2.6256312601250297867 -20415.528853947900643 120895.55945092499314 292.70153185536798901
1035600 45.662306033458996524 2.627778176088860107 -20436.147409972898458 120748.59486324699537 292.20024063854401675
1035840 45.66926043976570071 2.6310592219985298179 -20350.02368855919849 120676.90956571299466 294.38316005207201442
1036080 45.675973629825499245 2.6341937595851101506 -20415.707261254301557 120966.53578683799424 291.67986583620802321
1036320 45.681428925877298752 2.6357952144413299145 -20387.776877013100602 120792.8876351719955 295.98576748272199666
1036560 45.685501888762502176 2.6371341650697801562 -20437.982031050698424 120636.39853273199697 294.48193394312198734
1036800 45.690004674987498845 2.6378662008604898404 -20456.675613489300304 120745.07660944899544 293.67362552108602358
1037040 45.695293395911100731 2.6393027724800699474 -20405.29409006880087 120757.84546391200274 296.04403171903300063
1037280 45.700844571626703328 2.6420429391999600277 -20452.018199271900812 120499.76650805299869 294.5194853566010238
1037520 45.705951419118200363 2.6448800724496699388 -20382.724551347600936 120711.75048461799452 292.89959324294898124
1037760 45.711234640142301089 2.6469045356592699747 -20400.089221109701612 120381.42282300700026 293.90318582254298008
1038000 45.717432430014397937 2.6492213257969599027 -20473.821704370900989 120432.0495005039993 293.99047451006799747
1038240 45.722226347397700863 2.6521914371508299446 -20440.603073253099865 120824.97098274099699 292.06592289436002829
1038480 45.727187631633796627 2.6556634275265600387 -20395.158896412598551 120873.5623634759977 293.85630850632799138
1038720 45.731075970294000399 2.6592006675658099724 -20385.470587556301325 120673.95727725399774 293.34177721355297308
1038960 45.734536853280097546 2.6624455313528101463 -20396.37901292099923 120843.31555539999681 292.98187434720699684
1039200 45.739523331235801606 2.6635913663311199251 -20380.578290867499163 120953.84538291800709 293.26413044790098184
1039440 45.745743668844198737 2.6656155417985498701 -20323.404385292600637 120914.55488697100373 293.03593087156497177
1039680 45.752215912339899262 2.6686130467402899846 -20373.666565801799152 121003.1301986920007 293.12445345321202694
1039920 45.757537525793601674 2.6705178733202199481 -20490.672195970098983 121056.74579636800627 293.04639370760099837
1040160 45.76224281786029735 2.6742776619342101263 -20431.974071997101419 120701.01471464100177 292.86506996370798106
1040400 45.766475369129999251 2.6798886224158899871 -20372.196669110198854 120490.07953535400156 293.30738486456300507
1040640 45.772524768191601652 2.6846484228075602196 -20439.872750924798311 120530.59644529600337 293.12780188071400289
1040880 45.777856677060796642 2.6901943558099299381 -20447.314478342399525 120277.822135497001 295.65483682814300437
1041120 45.783620637784601115 2.6928104991552399561 -20462.420666065700061 120681.36290882900357 293.47910180244599587
1041360 45.789397239157700881 2.6955703799710599711 -20462.903749380100635 120817.51447507299599 292.73375038656399738
1041600 45.795064444423303485 2.6975711952032601637 -20495.623036023898749 120429.02844289300265 293.7783778523099727
1041840 45.80064520830890018 2.7006575425285501701 -20476.317293013500603 120503.41348405600002 295.78203754566800399
1042080 45.807515870484898812 2.7028298372600301214 -20414.204229131199099 120495.7901252409938 293.33479535374402758
1042320 45.81658803884850073 2.7047780756373600575 -20459.650158760301565 120943.34786504000658 293.15175880504199313
1042560 45.826448225684700333 2.7056119192614200841 -20266.975201720801124 120706.66919114500342 294.49329826718798131
1042800 45.835991977513799611 2.7089372122666999232 -20336.63824874220154 120667.95191745999909 293.83301182856098421
1043040 45.846222025326397898 2.7110776091182802183 -20351.239379122998798 120601.33778690299368 293.23016697877898196
1043280 45.855321401338500209 2.7155963646440501869 -20564.800327799501247 120606.71143389800272 294.23970688707902355
1043520 45.863127295913599824 2.7186012089444999695 -20489.314151738501096 120533.68954213500547 293.82225497552900606
1043760 45.870939514944502946 2.7182235433867698582 -20523.911173449501803 120651.45351414999459 292.28469868083101346
1044000 45.878845696373097951 2.7183258822635800733 -20512.61389333329862 120702.05779468499532 294.81382542658400325
1044240 45.887331262653397346 2.7185615225339998524 -20515.801346305801417 120493.90529266399972 293.35165401692097475
1044480 45.895231331194302982 2.7180803630272700744 -20479.501491429498856 120726.95100758700573 293.38819293500398544
1044720 45.903712065580499768 2.7189485714813099726 -20490.653508397499536 120953.40772566900705 293.26870638872497921
1044960 45.911941768437600331 2.7169274988379101821 -20472.042335695099609 120842.77953303800314 292.39220565322597167
1045200 45.919757550765702092 2.7161908589007901504 -20525.745618443499552 120866.08799965299841 292.25426757255900156
1045440 45.926969719608997877 2.7150681327167798251 -20413.708934756101371 120907.0582082579931 295.34855847173901111
1045680 45.934857532947603431 2.7163432000772100849 -20397.497728765800275 120581.76109246299893 292.58048656578301916
1045920 45.941348539261497308 2.7167255123097397984 -20372.16509990510167 120264.83841774599568 294.46798739400998102
1046160 45.947405067974301573 2.7152520389699299486 -20331.851760178298719 120628.74732675300038 293.57331644942297544
1046400 45.953908459208598458 2.713693200689200058 -20460.046336184499523 120554.22435486399627 295.29707205517598823
1046640 45.960592969346301118 2.7105622635067199155 -20445.081485276401509 120478.33714853400306 294.4487413355039962
1046880 45.967665958847199192 2.7094783894307998828 -20351.8982033384018 120646.38941640499979 294.96353585851500156
1047120 45.973663505134197749 2.7079504377031597961 -20271.596538718898955 120867.20440675399732 295.26469170697799882
1047360 45.979203760179899518 2.7086199810871298688 -20334.391769209898484 120768.20745824200276 291.20713337632702178
1047600 45.984765564223302192 2.7080426637127001932 -20415.796851075898303 120513.75700660300208 296.31454286393000075
1047840 45.990912511653903039 2.7082382004978899914 -20406.853417998499935 121042.19526266500179 293.61028297685197685
1048080 45.99746908846110216 2.7083490283438700352 -20426.055596063200937 120795.41525340000226 293.8860427003430118
1048320 46.004410345263998749 2.7118045029478898833 -20410.910037109901168 121016.14321111599565 295.71006973257198069
1048560 46.011527665458096692 2.7167868834576101023 -20383.413282838999294 121039.96051728200109 294.49369145947298421
1048800 46.019510177639396886 2.7190660008502400835 -20371.823322036299942 120827.02809491200605 291.72414410825797404
1049040 46.028959336908400246 2.7193591459369899077 -20246.705728234901471 120760.78193362799357 293.27935410000100092
1049280 46.039877833647402383 2.720080153596910133 -20326.672548712500429 120585.19874593800341 295.33496252171499918
1049520 46.05250029951950097 2.7231773860252399544 -20399.18575777300066 120872.23030465100601 294.19807348880402742
1049760 46.064796255692897375 2.7270542848951699888 -20321.407316517099389 121009.49176839100255 297.10448087056300892
1050000 46.075700041838302923 2.7301477363759900641 -20311.209497949701472 121227.2293791849952 297.18826599155698887
1050240 46.086074817115800784 2.7352118764967698894 -20478.440443251998659 120740.93584609600657 295.42551049060699597
1050480 46.097501034511701334 2.7410042783287500434 -20406.324977522399422 121116.20306071000232 295.81822131631497541
1050720 46.10870617994839904 2.7472163450682098862 -20365.15823631170133 120795.35954592899361 294.38701324189099751
1050960 46.118971237853799039 2.7518432907111001207 -20402.081113887801621 120698.03425503800099 296.47234353292901687
1051200 46.12940807065349702 2.7560427431351000038 -20270.269792438000877 120973.72161175399378 294.62081103148602779
1051440 46.139920705345403462 2.7611504658892798147 -20445.046772143799899 121239.22170744200412 293.64876864225999498
1051680 46.150030337753001675 2.7646653313343501068 -20417.553498169698287 120893.39549288200215 294.98658641233902244
1051920 46.160054519223898239 2.7690677830610002097 -20396.102773398401041 120652.40621829799784 296.4930142803129911
1052160 46.168678030121597544 2.7705830965407001187 -20501.645030347601278 120981.15164493600605 293.58154380845502374
1052400 46.1767441001020984 2.7725351207758999195 -20479.056718110499787 120651.71255857900542 294.5108508096290052
1052640 46.18429576320210117 2.7761054859311200538 -20510.499561096399702 120558.94463782399544 294.25884694504401295
1052880 46.191969902227299372 2.7792310334682599482 -20416.44160214079966 120755.56707271700725 295.42965809378199538
1053120 46.200069741327396855 2.7825250633508598064 -20425.456204903999605 121021.61243290800485 293.55331055995202405
1053360 46.208582105430799913 2.7858486062192300281 -20477.771709962398745 120463.56902863799769 296.56184533795197922
1053600 46.216273736295697461 2.7903063664977501013 -20433.989800565501355 120765.7239213540015 295.20716064787802679
1053840 46.223171953001902068 2.7952441311613500652 -20465.168030580200139 120852.4518537469994 295.43279379057702272
1054080 46.229722436927801255 2.7972497325200498253 -20437.479099084499467 120731.44052383799863 296.8127004453389759
1054320 46.237415028022603281 2.7996243857774700814 -20488.437824305201502 120856.38930175099813 293.66809776771299312
1054560 46.24634641139579827 2.8036388914265399919 -20404.914122169899201 120308.97144856200612 297.73829256166999357
1054800 46.254317866203102483 2.8092584931265198733 -20446.516299694798363 120896.39977378600452 293.92142174269997668
1055040 46.263252713233697477 2.8151116899504198265 -20517.271816442000272 120673.33140961200115 293.84563366443302357
1055280 46.272829926805599143 2.8204543380365101335 -20424.20828774939946 120524.97193952300586 295.16783696200002396
1055520 46.284551001421199601 2.8241618570598201465 -20355.447931787599373 120558.40616867999779 296.02201386920302184
1055760 46.296916362391698385 2.827347795227789895 -20428.043464309099363 120564.15462672400463 297.05360702516600213
1056000 46.308770737870297296 2.8296858469485202114 -20346.452627933700569 120811.17797268199502 294.41578281982600629
1056240 46.320863499760001503 2.837408903387789838 -20333.682944352200138 120704.82963398599532 293.54196891738001796
1056480 46.332177705474897778 2.8412103931064800477 -20273.287758187900181 120528.19044452400703 295.75899764076399379
1056720 46.342802411067800961 2.8477444809588399188 -20341.963307213300141 120824.37499547800689 293.73947723739297544
1056960 46.35219475822520252 2.8533671385925298836 -20314.433379581201734 120689.61978986300528 294.67436414470398631
1057200 46.361945368362597719 2.8598094317500000194 -20341.511942109700612 120781.09275993899792 293.8923071373279754
1057440 46.370859951837402946 2.8646936297832499285 -20301.640337134598667 120340.95382997099659 295.30098748921102469
1057680 46.378751000274597516 2.8682719302679799966 -20360.52762531800181 120850.45846056399751 294.04336619884298898
1057920 46.387568824619897612 2.8740247219243197918 -20327.624385989398434 120517.67334442300489 294.12045846554400441
1058160 46.396586104688097407 2.8782030045472097868 -20296.138853178999852 120829.0967570770008 294.35171415293700647
1058400 46.404254410089201599 2.8814101519427599563 -20309.257090966100805 120495.6230187809997 295.04429209278100643
1058640 46.410655860018401597 2.886468061929059914 -20266.035662738599058 120390.69624990600278 296.95511488086299323
1058880 46.416885086871999988 2.8883706338821601989 -20281.7495329716985 120681.99874897299742 293.0928690245090138
1059120 46.421111150741801055 2.8890905148041201578 -20328.216985786599253 120531.41158284299308 295.5726430009269734
1059360 46.426461076803200001 2.8930583479416798198 -20299.223295053499896 120239.34713328699581 293.84038198226102168
1059600 46.432275791550701172 2.8968279926872599894 -20384.518711654498475 120517.69622454300406 295.94170740458798718
1059840 46.438829620629903161 2.903101489341589847 -20187.659009080998658 120664.81512473100156 295.00573385489997236
1060080 46.445132694235496729 2.910149717960880178 -20303.531189099601761 120913.04920712100284 294.15869894203098056
1060320 46.452363580922202857 2.9155098749674901448 -20291.550618248398678 120767.52929552800197 293.57989974178400416
1060560 46.458604622098000902 2.9225138304324200789 -20278.725485333001416 120363.7436143780069 294.89170816190897995
1060800 46.463947604136500047 2.9253117275897699834 -20413.183124901799602 120778.91727263199573 295.09943533566598717
1061040 46.470190934516303116 2.92694967348031998 -20392.78499535390074 120735.76353298100003 292.67659832421099964
1061280 46.477460840016902921 2.9298491922736098481 -20371.403035353898304 120646.49549447400204 296.88191429086202788
1061520 46.485860500532297124 2.9349732988495498276 -20313.065503285601153 120544.28875765000703 294.41344427390998817
1061760 46.493253921170698106 2.9434347217022200915 -20422.879038056500576 120940.1214605300047 293.13612585953200096
1062000 46.501343142658200236 2.9506172000269401678 -20440.005265486499411 120527.14242401899537 296.84440602589501168
1062240 46.509377334827597394 2.956982693500879833 -20389.988453873098479 120581.86798165499931 296.21553676007999911
1062480 46.518352748694603349 2.9630452047956401529 -20402.846522471998469 120662.51318470000115 295.70169199644101354
1062720 46.527616908432101184 2.9672970734010899463 -20385.241800227500789 120629.28757329100335 296.80503406246202758
1062960 46.537399311881202379 2.9697278472758599221 -20454.00195880839965 120418.30345861600654 296.52710753805297372
1063200 46.546783773135601336 2.9739469356917198617 -20452.837569506700675 120599.56488535899553 294.29810010628301598
1063440 46.556943036694697469 2.9779394015648001925 -20582.088182086601591 120509.57240590499714 296.05375570436200405
1063680 46.567387140016400338 2.9825102122701498963 -20453.691443579198676 120649.28370345999429 295.31112873693297161
1063920 46.577597549932796994 2.9878752202107698999 -20407.121058325799822 120945.73939194399281 293.14489343104702357
1064160 46.586895667047500069 2.9918913372043500765 -20389.605739845701464 120628.56701176799834 294.19361371327102006
1064400 46.594411725975902527 2.9945324612128501052 -20542.595549510799174 120752.94798880899907 296.12020071929401865
1064640 46.60232284754390264 2.9967579787790898926 -20527.285014679499 120777.78653366900107 296.65212619483202161
1064880 46.608901365929199301 3.0010197967555400922 -20340.174203491998924 120814.0173822450015 294.17130114927698514
1065120 46.614395516667798347 3.0010124523143799635 -20438.545394108801702 120712.287091279999 296.25334061366697824
1065360 46.62063537750749731 3.001978318917040145 -20489.314308387798519 120861.61469245899934 292.49428891919200169
1065600 46.62810578990330157 3.0037271576297199793 -20352.40468702329963 120632.72390151799482 293.38584602605800455
1065840 46.635770662436200951 3.0073177303739901944 -20490.806979922199389 120460.52826752699912 294.79224399368598597
1066080 46.644276966569300669 3.0124550105284702006 -20382.064840710401768 120788.81977131799795 293.2916161156480257
1066320 46.651765913317902346 3.0163258442976599305 -20412.809348409100494 120391.96360972900584 293.49696681044497382
1066560 46.659795957691798662 3.0221981683066698743 -20474.730622761100676 120153.003281073994 295.36356877750898775
1066800 46.667225129605796496 3.0291950934898799197 -20473.852778502998262 120171.46143663300609 294.35077634542699343
1067040 46.673589082338601486 3.037501412695839953 -20504.566779171898816 120417.60786825099785 294.2538875990430256
1067280 46.679823945863198276 3.0441051740045401708 -20490.157087807900098 120599.88354580799933 294.84053546111698552
1067520 46.687135664211702135 3.050872460410949838 -20542.480188305900811 120607.7754838050023 294.88162611441902072
1067760 46.693765486166199707 3.0571629288183399531 -20534.588513153201347 120531.88759885300533 295.25836794154798781
1068000 46.699981437721596933 3.0623316867380698802 -20394.132618415900652 120845.06109108199598 293.74704151788699846
1068240 46.704949478509199423 3.0677579985571101773 -20403.414914686898555 120964.37901692200103 292.74137396553101098
1068480 46.71052078246459871 3.074588266323809993 -20482.505886486800591 120577.95766145600646 294.01704345700198928
1068720 46.718504379790196879 3.0799382810248201459 -20555.684480075298779 120532.8515987819992 294.87586843093197331
1068960 46.727973231958003453 3.0839866859168498792 -20569.565298154600896 120283.41596369899344 295.82781186651800454
1069200 46.737517264250001858 3.0872338855188101725 -20420.722510036099266 120557.65444329800084 294.72489931119798712
1069440 46.747785770700801322 3.0900895394650098602 -20424.258547878998797 120311.21589249199315 296.17602562324600513
1069680 46.757843668917402624 3.0951898619861801798 -20480.326436171399109 120210.6701188589941 297.43512083842597349
1069920 46.767605508699396921 3.0995752862247498705 -20650.670843325700844 120602.32864620100008 295.51166645019497992
1070160 46.776891531105299293 3.1027630384566600164 -20577.730687032300921 120467.24094187399896 293.52540393542199126
1070400 46.786180965085399919 3.1071443341535500693 -20489.17943731970081 120541.7205369870062 293.39972220742299669
1070640 46.795696935598201094 3.1112801950660298189 -20563.216931471801217 120582.12655901699327 294.34690342010497943
1070880 46.80581967850189784 3.1171519776355198772 -20627.740311591500358 120728.57669751800131 294.50290012276201423
1071120 46.817003711679902267 3.1220621645892099316 -20451.680425176298741 120451.1087610800023 295.63981111367797894
1071360 46.829580455108597903 3.1273702876114000127 -20472.460466362299485 120490.69607930499478 295.29552094976401122
1071600 46.842504185295602781 3.1304486274212801611 -20495.84244035249867 120498.19510643699323 296.31383762931397996
1071840 46.855544260011498636 3.1360745524500401871 -20573.345284079900011 120791.59532440800103 293.41558203947101902
1072080 46.867946937242599859 3.1408976305039999488 -20533.092512539999007 120677.17256358299346 292.8757115258690078
1072320 46.88182229152040037 3.1444225486748500487 -20583.148906288501166 120492.49198736100516 293.87088383123000312
1072560 46.895475462029899916 3.148356283431370084 -20538.829256666900619 120188.64487358900078 295.88330614922597306
1072800 46.908215894096798593 3.1522259555615002036 -20587.141958458800218 120782.97082303400384 294.73700249923501815
1073040 46.921110786272002713 3.1565100290227601221 -20586.109023292599886 120387.0539363919961 293.70413208256002235
1073280 46.934150288637702886 3.1592988164316500033 -20567.483446596601425 120611.06479689899425 293.69530486294598859
1073520 46.947201377136600797 3.1641177630300298951 -20509.522732181598258 120388.37047793000238 296.19127432994997662
1073760 46.961091043541401291 3.1679152197844500094 -20630.689862884799368 120661.13666101499985 296.03166785641502656
1074000 46.974406488012199645 3.1722637014816799095 -20510.623209948200383 120522.842114123996 295.85704461793699238
1074240 46.987093914696302477 3.1785976582752599739 -20526.753781303799769 120409.55827873499948 297.25306852389900314
1074480 46.999651211477498691 3.1839641013644199852 -20426.545074747398758 120013.02405888799694 297.72324969482298229
1074720 47.011895812164603115 3.1890064146948198243 -20520.122491754700604 120823.99603229100467 295.28467307515597895
1074960 47.023346931450703323 3.191601043093520218 -20627.856882004198269 120689.205577094006 294.71204286962802144
1075200 47.034272574441502002 3.1979685923976601813 -20583.56244733640051 120857.72338707999734 295.76997763140701636
1075440 47.046714347054198413 3.2034993901962001139 -20492.057296000701172 120824.50698829599423 295.22174712633699301
1075680 47.060993850145599993 3.2094004127503001911 -20540.562084414799756 120749.56160489699687 297.1677377333069785
1075920 47.074875527778402784 3.2149748827397299777 -20493.314659393701731 120926.57974092800578 295.98875823085001002
1076160 47.088549978308400057 3.2204243773473799628 -20558.511766174000513 120888.418001611004 294.17987738853497603
1076400 47.100327822693799362 3.2269640738983897954 -20531.877216941298684 119911.21115474299586 297.28565577007401544
1076640 47.112027312361902887 3.2328432943182399129 -20496.763836243000696 120621.29753998899832 295.13115010295797447
1076880 47.123270515903499245 3.2384934619040501858 -20547.426392187899182 120481.89596666699799 294.57213120508998827
1077120 47.134019994088802719 3.2444436762630100013 -20479.724006473999907 120362.06496736699773 296.11089876630398976
1077360 47.144362417301401535 3.2509846118160998785 -20455.938005088199134 120472.00480926499586 297.33299155227399524
1077600 47.155527748182201719 3.254831055622529945 -20467.387960084000952 120628.72112409600231 295.17477847923498757
1077840 47.168044056056302793 3.2583458193900698419 -20563.355995132998942 120543.69659120700089 296.03484220442101105
1078080 47.180876429645699943 3.2621403039507601562 -20632.560225150300539 120380.05569470100454 295.11091543594199038
1078320 47.193266817543097602 3.2673782983861201501 -20636.404101368800184 120478.31590775800578 296.90905887807400632
1078560 47.205391987057801373 3.2703119042350898837 -20668.761054432499805 120442.71184794600413 296.94592116047999752
1078800 47.218309063952396798 3.2734128208710702168 -20709.334819839299598 120313.5437593730021 297.13702638565098368
1079040 47.231180594102596615 3.277364084621119833 -20563.570647021901095 120387.80859626199526 295.66530349185501336
1079280 47.243041485662303103 3.2809528455662300139 -20574.456072612698335 120420.29932177299634 294.88547127210000554
1079520 47.253273716581198016 3.2866891794319399445 -20626.246193711300293 120747.26051197999914 297.78755425300397519
1079760 47.263693627106299289 3.2885242960736298379 -20567.252650720300153 120379.33088834100636 294.86972882594801604
1080000 47.273798722183101972 3.2914809252967400788 -20551.743437270601135 120557.660157093007 291.91572446023900511
1080240 47.284172887809901908 3.295206526323839924 -20506.917969266298314 120473.95928474899847 296.94936926503800123
1080480 47.295007569921502011 3.2975432874059298349 -20587.329311618599604 120255.98721842399391 296.15691736003600454
1080720 47.306242313189798665 3.3034601880241898364 -20450.888624985898787 120277.1478686509945 294.09746982425099304
1080960 47.31658736613020011 3.3089278067262899441 -20602.701094524698419 120153.72872233200178 296.87033349054200926
