Step Rg RMSD_XY E_Interface E_Poly_Internal T_Local
841440 42.885451649730903512 0.32174922611403600214 -21931.950393417500891 121640.21894555000472 293.87000720485298189
841920 42.887704071709400466 0.52016625246472503186 -21850.105919888199423 121185.43182429899753 297.64025617152799441
842400 42.891792544883401206 0.62213465551561297762 -21793.613126607699087 120890.69302004699421 297.68718302842597723
842880 42.898376390559299409 0.6835354164035589708 -21765.53129750970038 121574.76851005399658 294.27659111417102622
843360 42.904403831873999309 0.73924380025223801471 -21889.151299654498871 121391.76418478399864 299.07269121040502569
843840 42.909685071415403002 0.77497822769586599545 -21931.363756057100545 121407.36603939099587 299.23840442043302801
844320 42.916673099825302984 0.79805043600609204546 -22078.332993926400377 121380.30322346600587 298.73050654733401643
844800 42.921592349066301608 0.82059030186566295217 -22001.881464171998232 121583.25128980599402 295.47262431708497843
845280 42.923731950982002559 0.84333175662211801171 -22078.516039870399254 121813.18255470899749 298.02038315472100294
845760 42.921644714623901962 0.86703133984939795287 -21875.798043900598714 121633.50909610500094 296.53174752219700849
846240 42.916639903578698068 0.88477660990992701429 -22017.429584843699558 121603.12968440100667 295.81068604593798455
846720 42.914448572226298495 0.90456238064691096845 -22044.145342109601188 121568.37443216099928 297.93800968293498954
847200 42.915268535832097996 0.92433714932972099732 -22032.731346800301253 121493.6184098990052 300.35669316103502524
847680 42.917911095883297889 0.9370380533085630459 -22027.919140811100078 121665.80693541000073 296.53409126667600049
848160 42.920938337879597668 0.94387952459883894818 -21927.577269351200812 121666.84938051599602 298.97961898632001976
848640 42.919492526400198074 0.95017229861924601408 -21900.967809926500195 121555.30378968300647 297.0800428648540219
849120 42.919383290607498793 0.95863027385921295576 -21803.564358154799265 121307.6186384390021 297.75124914253899533
849600 42.920873569013203053 0.97274928155868900514 -21949.554598638198513 120981.61742498200329 296.69217686189801952
850080 42.914394843819898995 0.98528344318810601177 -21861.525019920998602 121704.37861212600546 297.42780318822798336
850560 42.906587892972098075 1.0022163175980300931 -21819.994438448899018 121122.22881826599769 298.26373741999799449
851040 42.901842646225297528 1.0208343729525199972 -21843.850407043701125 121510.75823660500464 297.04580398517100548
851520 42.899337296607200187 1.0314788621078399 -21996.001435983900592 121431.04604007299349 296.6135768630470011
852000 42.900690366636702322 1.0409351170558500677 -21989.243159505000222 121407.51886428899888 296.91090804573298101
852480 42.901753303242102788 1.0459332599957800181 -22108.706001333499444 121395.36802836100105 298.33843654854098304
852960 42.901387384096203448 1.0497779968362199732 -22069.590284071298811 121682.01184479499352 297.87239171066499921
853440 42.900215223108702389 1.0514338287254700877 -21981.171996452900203 121338.9262953360012 298.32622098431301083
853920 42.89453646985519697 1.0569084858530299886 -21960.08346794839963 121761.74307971200324 295.5952673982699821
854400 42.888566762135297949 1.0625893651751499025 -21941.506256307198782 121545.69423757400364 297.64031348772800811
854880 42.890114455626900281 1.0750298723916000831 -21941.340848777901556 121306.37470485499944 298.02917231367797513
855360 42.891714853015997733 1.0865433384639300307 -21981.225755928000581 121425.50214794100611 296.87397042600201758
855840 42.893671248856897193 1.0950160972124400871 -21984.466203238698654 121545.97275628200441 296.64227655170100206
856320 42.895814364210501424 1.105841359802330004 -21923.869461152899021 121387.25592627799779 298.13848873194899625
856800 42.898705900075697173 1.1172186215668600262 -22075.455277581699193 121932.52730913199775 296.81275681544298095
857280 42.901158770011697641 1.127826636289509965 -21942.091397677198984 121484.76806167600444 297.76858226322997325
857760 42.903614705123999329 1.1386755773731100927 -21938.578793352298817 121600.51099170399539 297.94781406175798111
858240 42.907398384714902306 1.1515416894840799777 -21870.389511975299683 121504.33170992000669 297.14923124717000746
858720 42.912094965235603183 1.1686069569314900818 -21885.953307237301487 121316.44561513799999 298.22794007037697384
859200 42.915317907536199016 1.1750619741855699019 -21905.025752070199815 121085.88719625399972 297.38478319621498258
859680 42.918064427366900304 1.1775110128075298999 -21857.15140818780128 121322.36458555000718 298.45973236861402711
860160 42.924307200709996835 1.1842100923808200896 -21834.933856614101387 121545.64565982199565 295.25594902885899273
860640 42.930357091970101635 1.1939249767381399092 -21914.237556716700055 121386.39185324299615 298.48844668055301099
861120 42.935177171422303388 1.2041690182136000065 -21891.923018078799942 121122.51856969400251 299.78430510326899139
861600 42.936828116335199468 1.210498859758319945 -21844.337316830798954 120965.67339705700579 298.54475337495500753
862080 42.935298268048200043 1.2174576463352200228 -22025.074554269598593 121283.81024781400629 294.99752515525398167
862560 42.933881592912797487 1.2251081109185100182 -21996.207916413401108 121168.19444668600045 297.5638483024590073
863040 42.931206063459597999 1.2332285539081300207 -21921.333942967801704 121297.7583379669959 295.42605242961002432
863520 42.932455862021697612 1.2354706896395599713 -21868.824057558198547 121343.66023994599527 295.52105216306597413
864000 42.933419073362202312 1.2382665782805200028 -21889.88363993549865 121440.68676400800177 297.21053442771301434
864480 42.933557068019901237 1.2372513923202999031 -21794.641265566398943 121207.3312195489998 297.65153274162202024
864960 42.932009509688001003 1.2330336042490699366 -21922.47123755640132 121019.53741219900257 298.46198632248700733
865440 42.928601210692796997 1.2307914272458000404 -21956.453326684601052 121502.18855274999805 297.21013663829501183
865920 42.927200294517497525 1.2384012925291800755 -21823.082378947699908 121794.76471197299543 298.13921477486502454
866400 42.930500370177803404 1.2473826585866099048 -22003.598872805399878 121339.9808276459953 297.18236224644300592
866880 42.934306428897102137 1.2520823524942299443 -21926.495852998999908 121798.63151055200433 298.09129465051501029
867360 42.940814937228502401 1.2626732421686099883 -21982.50352424940138 121014.75187667600403 296.12964718724202839
867840 42.947857730930202536 1.2707827747250599604 -21996.901852706698264 121341.79955626999435 298.47563534155602838
868320 42.952716093302697686 1.2766590248392799545 -21821.996330440098973 121506.13170661499316 296.94066173179197676
868800 42.954086762808998401 1.2858528302477800764 -21884.599076057100319 121511.73341485399578 298.41738414059102524
869280 42.956927239351600178 1.2898351024284600008 -21944.660086272400804 121610.82870877500682 300.58183240312399676
869760 42.960308602847597115 1.2966618454700999941 -21967.363100835598743 121426.1889839630021 299.49197011734702301
870240 42.964601554982003506 1.3035952081953698922 -21922.4677618720998 121395.50501201399311 297.20223215078999601
870720 42.969395524580697554 1.3093328272496800313 -21884.431525646101363 121655.44297358600306 295.61518505293400949
871200 42.975014636656602818 1.3113028073008901053 -21952.561120138798287 121728.21846441199887 294.62702966053302589
871680 42.981131273569999962 1.3141666471578299369 -21899.224826740399294 121659.69336884899531 296.21360024959000157
872160 42.985972687249400792 1.3195833665542999746 -21970.399166407300072 121151.68893523199949 296.78890571382100916
872640 42.984833680968499436 1.3263373990846099026 -21980.044716230600898 121264.34016102300666 297.50551378404497882
873120 42.982699256958596834 1.3274378677944800309 -21948.58769116449912 121178.16907971899491 296.30430765819698991
873600 42.983260522894497058 1.3281917848198498966 -21850.171306342799653 121319.63300644200353 297.344088843576003
874080 42.980854016279401719 1.330300247647189904 -21990.896747900900664 121435.54081255699566 296.68467364430699718
874560 42.97805738356699834 1.3336698347988400482 -22039.181023875298706 121351.00428701500641 297.61346088681597166
875040 42.975804893759899983 1.3367109018286900124 -22134.911534620998282 121437.6459119469946 297.10628268550402709
875520 42.971915724884901522 1.3396443715684600573 -21942.655576324199501 121248.23237012799655 297.12279757611599962
876000 42.968508816617202228 1.3392162529698699025 -21989.8391103362992 121438.15250828000717 299.66985383999701753
876480 42.969434363635500063 1.3464234982313700861 -21985.810374094300641 121414.74687564799387 298.10111269865302575
876960 42.974201545601502517 1.3529276282348099425 -22112.397520751699631 121759.39150740100013 296.15156818412697248
877440 42.983740574243903154 1.3607935472218899431 -22034.132619004900334 121016.67824233599822 298.86205473215397888
877920 42.994563913872703154 1.3678038532925700377 -22020.523398579498462 121011.46921749699686 297.18638121829201282
878400 43.004714331102000813 1.3771709244059400223 -21923.693177765399014 120918.16333711300103 298.6841129608940264
878880 43.016370992845303078 1.3877493912346199334 -21973.299212317899219 121270.47532153000066 296.70072496393999018
879360 43.025151691123198816 1.3936434906793799815 -21940.637519091600552 121606.27050615800545 296.48969602027898418
879840 43.032738918151700602 1.3987440629903999945 -21967.498510233799607 121211.4694059540052 295.62560437155201498
880320 43.040699344681598859 1.4024579640940100234 -21956.294392428299034 121202.35194410900294 295.94970507594001674
880800 43.047146175087803499 1.4074335341868000615 -22037.253006480201293 121361.67838050400314 294.35977969030000168
881280 43.056547268017801855 1.4116753860339499305 -21907.419810430601501 121204.15783405900584 294.20744990986401035
881760 43.066683393274999503 1.4136750559219499745 -21778.649066719401162 121046.30400854800246 295.70276630402400997
882240 43.077341784059697716 1.4118386256113699684 -21876.087261675700574 121270.701077892998 297.44281334249001247
882720 43.087528583341502042 1.4124767286049899617 -22004.469064909000735 121364.6314767790027 295.74396354844401458
883200 43.094101819506597906 1.4205814748211000875 -21929.642947102700418 121204.59637238699361 294.99967324640698507
883680 43.099447408959697725 1.4293798272214199852 -21995.616356868998992 121345.29234478200669 297.45152797822498769
884160 43.107403689384597101 1.4294060917578599312 -22040.530876628501574 121190.20797406999918 293.7423839351779975
884640 43.110682370409598718 1.4364880484612900791 -21929.412034320001112 121040.34859116699954 295.86924562813300099
885120 43.110901315186801241 1.4396707974080600323 -21921.761328677701385 121485.60890242099413 295.81440077312402082
885600 43.111720250391798004 1.4532489232035499249 -22015.555151289499918 121294.44957980699837 297.97049239954299082
886080 43.111372376984100185 1.4666525132354999439 -21769.672992267100199 121210.7809158989985 297.2606942251890132
886560 43.103631941196297817 1.4783782184501799151 -21836.775688863901451 121212.51807392899354 297.15656068525800038
887040 43.0972324922340988 1.4849272183886399468 -21776.927306866400613 121047.32672287400055 296.07122173457202052
887520 43.093630499947998658 1.4895621191786299065 -21818.665896716898715 121102.27333676400303 295.79890341841502277
888000 43.092830802265602586 1.4987668960645099681 -21803.433337307400507 121855.30941304299631 295.82353957555199031
888480 43.092827792751499771 1.507176970218359946 -21698.410348510700715 121408.4309273520048 295.42661196102301346
888960 43.084430535168898757 1.5102862621410699795 -21881.566670402600721 121583.26932933900389 295.82226249458301481
889440 43.079959762271201384 1.5119046188745499659 -21810.169216575599421 121515.16217879200121 295.48140395240301359
889920 43.077076263971001424 1.5067904592969700861 -21736.469911023101304 121473.83675820799544 294.84719451836701865
890400 43.076137297244102342 1.5077394070222300826 -21628.584594519801612 121260.84876530700421 296.78553625395602467
890880 43.077116861245102086 1.5047416778119000469 -21703.729516434199468 121432.9581260309933 294.62928440304398237
891360 43.075744997830298644 1.5019308846786298961 -21693.770655600699683 121362.1290934389981 294.72608455989899312
891840 43.07594263326190287 1.4982516249048600798 -21647.924597023600654 121689.28052981599467 297.98609988997202436
892320 43.078673036169199406 1.4938640607783499892 -21609.838107749201299 121445.92410523799481 296.50829287388899047
892800 43.087718217867099213 1.4916455548956299992 -21761.868181682599243 121736.8103875759989 295.4484916629190252
893280 43.09402301139029845 1.4987818254170199861 -21699.649392424500547 121483.17685711100057 294.39528778491001049
893760 43.099791842190498414 1.5024296440824800314 -21777.540135005601769 121056.7359934720007 295.7192622653749936
894240 43.106799649328898738 1.4985551856506300616 -21756.634833440199145 121354.03008372700424 295.57267649978399504
894720 43.113799528346703482 1.4951154660178600508 -21720.496070992001478 120918.20333226800722 295.88909932465099928
895200 43.119786799707497948 1.4995758431747399086 -21621.981437613099843 120992.11337914199976 297.31334290303300349
895680 43.127345766237297653 1.4993648543572799525 -21694.586301043498679 121302.46253516100114 296.20636598766498082
896160 43.134767811374601365 1.5015094703387599218 -21826.847806807400048 121443.2609082179988 298.07456157206900116
896640 43.141011337513496926 1.506694153764120081 -21703.336441178100358 121043.04816896599368 297.66128554813900564
897120 43.149452358004403152 1.5126252087755500675 -21667.133884099199349 121041.43216665000364 298.67824078782297192
897600 43.155416004202699298 1.514887087578230096 -21765.330698691501311 121090.5427549629967 296.56687114755300172
898080 43.15642128804579869 1.5184936095259500277 -21667.518683265898289 121654.456992670006 297.68142711292898639
898560 43.156793377465000106 1.5176059712366800625 -21625.811277085100301 121133.61084471699724 296.7073179572479944
899040 43.156510553838103306 1.5174116432469599847 -21752.981778025001404 121504.11384284700034 296.40451998074701123
899520 43.159705913418299872 1.5214333318199300127 -21648.465138482999464 121557.96473338600481 296.06563902572497682
900000 43.161460172008602854 1.5232547477362299304 -21714.365530926901556 121342.56874300799973 296.03505945120997467
900480 43.161964720509097049 1.5273529316332099537 -21819.221275352898374 121242.05042873500497 299.0852729622949937
900960 43.163500927277802077 1.5359335394209499004 -21828.696196471399162 121283.01739912900666 297.64609739184697901
901440 43.166259432060698487 1.540265822901550008 -21861.205512932199781 121345.32175955999992 294.18427238009900293
901920 43.163013943272197537 1.5500181826711401101 -21756.852430195398483 121512.06108052399941 296.13533947567401583
902400 43.161890213596400656 1.5563489870559099604 -21819.875184229600563 121109.83104268499301 294.89594273524897972
902880 43.162975971484200954 1.5662844894689900155 -21857.0131796218011 121386.15830640400236 296.68881269371200915
903360 43.161526506963802774 1.5687676269558499254 -21852.973753276000934 121271.7254520879942 295.93714481903401747
903840 43.163025621584999669 1.5727426788021099391 -21905.195349456600525 121392.07714460299758 296.96836113102699528
904320 43.164667336030802858 1.577952322733719992 -21924.697286843798793 121572.77365752900369 295.5148201532210237
904800 43.164620902099201771 1.5766047162487799582 -21829.316204919599841 121827.48711328400532 296.25375384179699267
905280 43.167247099032600488 1.5790158491702599441 -21814.816514466099761 121502.08652625100513 297.03235409878698192
905760 43.170230029350896928 1.5821441435787599872 -21831.445457450801769 121364.34838309200131 295.18992974185800904
906240 43.177146261158902973 1.5840402575091601101 -21704.689007273198513 121199.78818577800121 294.92326855917502826
906720 43.184000231369196854 1.5913608714116100895 -21882.795281003800483 121123.75202544199419 296.81654099548302383
907200 43.185960510090701803 1.5939417633905299532 -21867.899227006899309 121324.66777914500562 294.75786357382099823
907680 43.189498663658802968 1.590515258427289913 -21877.574249495999538 121205.2469379719987 298.12808464020497468
908160 43.195125570982597196 1.5952689626728200345 -21808.959460132100503 121214.74058565200539 296.93418367776598643
908640 43.199999774878698133 1.6010792949030598908 -21820.565932980400248 121355.37947108999651 296.10194049082298307
909120 43.200984899424902608 1.601593487417100059 -21837.132378429301752 121169.78763113700552 295.37055195835199584
909600 43.199345965527101043 1.6034280176976098975 -21792.014795463601331 121748.61525844900461 293.98662981812799444
910080 43.19941308249580203 1.6048542436641799469 -21691.62337180780014 121715.46452128399687 296.90656213213998171
910560 43.201104780717997755 1.6089369872720999943 -21648.093641571700573 121423.81006189700565 293.02428020419500854
911040 43.201767802017101872 1.6157369543441799653 -21710.819954769900505 121232.85909185900528 295.14942358429198066
911520 43.199510921954200171 1.6226774032569599715 -21631.780068386800849 121029.67150832399784 296.47029864409500988
912000 43.198188446415102248 1.6285498265506799243 -21726.967619107399514 121291.33449808199657 295.42930273322002677
912480 43.196050979283299398 1.6314688703318300789 -21740.600645661601448 121579.96354504300689 296.24661311137600705
912960 43.191780722333398046 1.634250354752579959 -21772.665784655298921 121310.07148804000462 296.1491884894040254
913440 43.187643928730302889 1.6429726483754500954 -21651.252553917300247 121358.37215417600237 295.93832036358099913
913920 43.186144485733599652 1.6471312274852198954 -21843.977229155199893 121483.57648226599849 296.77970542642600549
914400 43.186392279303802866 1.6447757625488999 -21800.505166598799406 121322.42812144200434 296.04251431864702226
914880 43.186404775936701128 1.6442288849045900712 -21850.518621634601004 121400.29838899899914 297.26872211048799954
915360 43.187854146148502821 1.6457666983101499891 -21700.996042919799947 121389.49163626499649 294.27700486587002615
915840 43.189182210902700376 1.650359541543809927 -21796.991472420599166 121286.02918719500303 295.32424475009298703
916320 43.196476881842102102 1.6575914244734399894 -21741.254337443500845 121238.22515142800694 296.44694774253201786
916800 43.198176477976097942 1.6599862119189099374 -21755.637643837701034 121452.81235248000303 295.01379121392301386
917280 43.201410023056602938 1.6670510215415799138 -21705.691172627201013 121449.45895416999701 294.07861974696498919
917760 43.207770473492701058 1.6725519786883800144 -21737.480184121199272 121602.99389070300094 296.3577594388539751
918240 43.214994249364600876 1.6781924865610899911 -21764.851992894899013 121247.44311713399657 296.28327020915799039
918720 43.225423862967701893 1.6878278516450599955 -21759.059308815398254 121271.1997479480051 295.15054785154700312
919200 43.231098973718403045 1.6944960946570100102 -21785.755031054999563 121175.87973299900477 296.88648299190498392
919680 43.231636101376096804 1.7016233012372299349 -21783.184465160498803 121141.02373070399335 295.16766844826798888
920160 43.226670790111498377 1.703383981435629968 -21717.386741574700864 121435.24200759700034 294.25189242152197266
920640 43.221437975400000653 1.7031902585178200216 -21615.746844047298509 121676.59046067399322 296.4322783293170005
921120 43.222344518592102247 1.6982193457281999915 -21693.258155766299751 121492.63462624499516 295.1920756040170204
921600 43.221789250753602118 1.6913726445703500811 -21585.281086307801161 121304.30416706200049 295.72754629735197796
922080 43.220378399662600089 1.6900233448329999852 -21681.829240456299885 120989.31434073699347 295.21742884775301263
922560 43.218231065999802354 1.6967399441712800456 -21643.285261338798591 121278.84389617999841 296.83721579598898188
923040 43.212449138513598257 1.6987243739622899241 -21608.866705835800531 121485.31335862800188 296.23392718213597163
923520 43.208014278747597814 1.6965007999587500276 -21611.2613781621003 121451.61360163100471 296.42872201062897375
924000 43.20351569196380126 1.6916742987135600096 -21589.404428405399813 121268.89118369799689 295.82779612239897915
924480 43.20352327488799915 1.6883297462513400244 -21629.670680758299568 121558.92611178899824 296.22682475390001855
924960 43.203092327535699724 1.6818519661458100067 -21580.616068098799587 121301.19516796599783 294.0128769292110178
925440 43.203364656156402646 1.681612762463120081 -21766.633340040199982 121531.33035638999718 294.92664295932399909
925920 43.207034556404401826 1.6812228959231800829 -21761.251894455301226 121347.57566382100049 297.61640293656097356
926400 43.20868280779519921 1.6882522652813500841 -21630.160820647401124 121631.0644438790041 297.46620132716401486
926880 43.212035794745702333 1.6935824586902399336 -21612.517272167198826 121478.581316426993 294.69038191822102135
927360 43.214897612391702353 1.6943871689122400603 -21600.986834232600813 121335.48212212200451 295.95469384968498616
927840 43.219406835445198567 1.6944278482411700981 -21550.123383338701387 120993.91321692999918 297.61215511474802042
928320 43.21710808700220241 1.7021745530184799744 -21530.824898649698298 121354.22945564500696 296.33169474135797827
928800 43.214920210373499287 1.7108074183900099374 -21626.318755094998778 121462.31793620699318 294.0111161402959965
929280 43.214123359448500139 1.7151164567848100617 -21643.995917952899617 121413.11065566800244 294.85368563305701173
929760 43.213481665220896843 1.7176822773874400596 -21626.935332159901009 121500.4159414510068 293.57188347022599828
930240 43.211113732100997709 1.7168277984584399132 -21570.511903221198736 121473.97657988300489 297.35439932453800793
930720 43.209914212744202189 1.7268663664844099426 -21495.439830142098799 121595.19843366100395 295.46255038399999648
931200 43.212725285608897252 1.7335332274652499596 -21466.686613055899215 121349.44285168600618 297.59930334445601829
931680 43.216139379055100278 1.7399336145838599776 -21568.105088845601131 120695.35951671699877 295.79297362077301159
932160 43.217103835946701906 1.7469704109402599546 -21658.960441451399674 121368.86835597199388 297.27806919933101426
932640 43.219413876534503061 1.7513186840634800134 -21552.224549930098874 121374.34789841600286 294.40059465201301236
933120 43.226248911602098701 1.754962319007040028 -21564.112193523298629 121656.84729247400537 295.08138255773798164
933600 43.22973003396300129 1.7640136948158000596 -21687.485785858800227 121379.24840107999626 296.66441004699902351
934080 43.232006044516197107 1.7688232408700599319 -21643.789793118201487 121267.3878814530035 296.22995060848700177
934560 43.231249494412999468 1.7733247293349900797 -21729.972788549799589 121158.20947579499625 297.15768671223997899
935040 43.229206586151299518 1.7721395296764299587 -21637.57298345919844 121374.9206660320051 297.0888313783329977
935520 43.230157113013902404 1.7735616820201500765 -21532.401565795600618 121618.52191226799914 295.27469975132100899
936000 43.234984566844801179 1.7797672488450899664 -21562.030351128298207 121319.20686668700364 297.13714267088698762
936480 43.244766576056200336 1.7816254627513299358 -21500.780818500799796 121196.95025338299456 294.80004050792098269
936960 43.253461878855603118 1.7810546116130701044 -21538.579037687301025 121109.28045919099532 295.38518046500701075
937440 43.260830139200898259 1.7823898719323501005 -21686.932209525501094 121190.33231330600393 295.40136081555101555
937920 43.265979463843997621 1.7829942001301799515 -21532.177783966701099 121141.32688673000666 294.03220346072401981
938400 43.272183764941303252 1.7844474457731300809 -21494.992648729301436 121430.20441655200557 295.97454786855502107
938880 43.273405528543399612 1.7889347444276699761 -21582.015481048798392 121370.21223702399584 295.42380186553998556
939360 43.273801783986797886 1.7929952167401699281 -21470.615672771200479 121438.59508631299832 294.41211052962302119
939840 43.275141833819397164 1.7997785500755900667 -21438.360345538101683 121093.43030607000401 296.06812245792798421
940320 43.272539085037003304 1.8022971247875398948 -21614.136620454501099 121204.73310019899509 296.07618287726501194
940800 43.27064128055000225 1.8059907417785800998 -21628.231388617001357 121179.30215679999674 296.3418480973870146
941280 43.271234980838201523 1.815528136207199994 -21704.03735298150059 121170.64015144199948 296.05490572917301506
941760 43.272075908091402141 1.8166226037778701041 -21618.89813019669964 121236.78436998100369 294.82808165689198177
942240 43.275361637029199358 1.8187327973236500078 -21505.914719203399727 121487.78550255899609 296.69963367485502204
942720 43.276884466697602249 1.8192647443439200483 -21609.252366280899878 121097.13468660900253 296.47052882009000996
943200 43.276410067924800273 1.8209287490493399897 -21599.977904759798548 121024.15182343800552 297.98552458890998196
943680 43.275325280983700793 1.8261875041980200063 -21456.064994200900401 121366.73849764499755 295.28920026313801372
944160 43.281023361836098218 1.8312972810660799183 -21560.320828725001775 121285.16453497100156 294.06231893304197911
944640 43.283635779037702207 1.8414918038253200727 -21602.191374132198689 122062.10015305200068 294.19495411064599466
945120 43.285745187810398704 1.8465092328021399659 -21667.348405126900616 121327.79608058099984 294.7936621598810234
945600 43.284062985592200334 1.8537917675073700696 -21543.270313384000474 121354.738683699994 293.93190298077598754
946080 43.281772636135499965 1.8590033816113600285 -21662.786112032201345 121170.45654498400108 293.45688441914802524
946560 43.282542232969902329 1.8679767977603900508 -21568.378703686001245 121013.74785548899672 293.45291790166999135
947040 43.281618476992001376 1.8726822742180400105 -21591.274074634799035 121079.294742847007 296.88347279598502837
947520 43.280676113739502853 1.8792414038640199436 -21482.728354770399164 121147.37638284100103 292.75190905683098208
948000 43.280840299746003552 1.8812881142926300981 -21585.47665669790149 121273.52484304799873 295.35772286151501476
948480 43.279661182190501734 1.882365373593750002 -21591.94231015870173 121479.08350957800576 297.43653315604302634
948960 43.277468569342097737 1.8835744579840099089 -21593.80317865770121 121379.63909870700445 295.71117650175898461
949440 43.274473782386998266 1.8866925596929100539 -21689.194884684900899 121531.47215197999321 295.15960866395397488
949920 43.269964430536099087 1.8863712128566398896 -21567.038979817800282 121454.8699344380002 295.74607818292901129
950400 43.26781814370730217 1.8899963803219099745 -21657.093929966598807 121599.09389670299424 293.93444652820102192
950880 43.268572993985898734 1.8925658682895400986 -21762.201654763201077 121096.28541058900009 295.08653296890997808
951360 43.270485179034203327 1.8920012564969899138 -21602.992869739999151 121352.67461546100094 294.8941494249179982
951840 43.273453635134998763 1.8929525511778899638 -21588.90083757659886 121141.78558133999468 294.45558883771201408
952320 43.274588142087097253 1.895784138676849917 -21635.419476346200099 121261.83403618600278 297.38177644781097797
952800 43.277202107074202786 1.9068077512833299103 -21612.389401344800717 121186.33320092699432 293.48266335367100055
953280 43.278706979601402338 1.9178999527949900372 -21583.581743941700552 121020.08911057999649 296.97185526032200187
953760 43.283359216537299119 1.924064520543969925 -21589.378705656501552 120795.41565929500211 294.43856439208701659
954240 43.289062558071002229 1.9274946885644899108 -21748.001655028700043 121511.79841983500228 294.4529704511570003
954720 43.29150811326029924 1.9314370643331399968 -21779.387208405598358 121576.7632129459962 293.70621719874998234
955200 43.292870538994797869 1.9396514603524999121 -21807.920389152601274 121123.29008890400291 294.55248888683900077
955680 43.298564192855302224 1.9454567254881600658 -21823.673731115799455 121092.72360228300386 296.05974250252700131
956160 43.304968637508096663 1.9484123990495700873 -21696.480641969901626 121197.11155622800288 293.47757299722502466
956640 43.306737442156197915 1.9490573477902699562 -21629.285979425898404 121292.51382176499465 295.12900403640998093
957120 43.303563411505201941 1.9516638600789999458 -21611.395309653998993 121184.97152263000316 295.79781355756398398
957600 43.302438534421597183 1.9548802042658199873 -21637.739843001600093 121067.37730234200717 295.25972211756300112
958080 43.305366703776996928 1.9557669183602799379 -21593.995006231099978 121373.05754921599873 296.52121906920501715
958560 43.310255296746397846 1.9615036796821199161 -21524.28942599669972 121735.8737842010014 292.98398479029600594
959040 43.313849003287202777 1.9598536587996999714 -21597.569098845098779 121416.78744373400696 294.8570774853899934
959520 43.318019694460296876 1.953837644190270062 -21694.152926728100283 121073.97749917600595 294.93590341375102071
960000 43.320666158951397051 1.9529421240101600965 -21653.717781537601695 121099.41249000899552 295.14616860770001949
960480 43.326581862564701453 1.951090479378740028 -21708.668656019599439 121227.32380426599411 294.39435238995201871
960960 43.331911023704002162 1.9578233069999499971 -21722.971448384199903 121239.7061449449975 295.6629184237610275
961440 43.331528957086597131 1.9660106812788100683 -21618.639047647699044 121126.02123684200342 294.07697781725897812
961920 43.332971790139701795 1.9735668139424700218 -21655.997704005101696 121273.20021901899599 294.96185709115502505
962400 43.334907255125898473 1.9767219521380499092 -21693.636987006400886 121513.7719006940024 292.76916197874402314
962880 43.338498163353300185 1.985795474069200095 -21715.98494416919857 121487.2570309349976 294.54540452666998362
963360 43.339720778371102483 1.990890393968709926 -21620.111834774699673 121587.14251621399308 294.5501709152759986
963840 43.33992376433960203 2.0062207539079799368 -21723.907201933601755 121204.6757534770004 295.70344949437799187
964320 43.339915815662401144 2.0154017853767900448 -21645.114455104601802 121140.12719794499571 296.43301726411402797
964800 43.338845716379502448 2.0123403024946902029 -21592.291986197098595 121091.89332125599321 296.32934981302997812
965280 43.341391680915101858 2.0118355457799301789 -21521.288026201600587 120932.04304931800289 295.24173558097402292
965760 43.347642609826998239 2.0186054000636097783 -21618.447138924799219 121055.58848826600297 296.32101446266602807
966240 43.355402546921901319 2.0239505335204901471 -21637.795089655901393 121297.4747566760052 294.88431836306102696
966720 43.356982360141699928 2.0252552598472299827 -21584.183131207999395 121217.23255164499278 295.90842056298197349
967200 43.359815929824499392 2.0282250161518700082 -21723.148004915899946 121314.98946414599777 295.75683482364001975
967680 43.366412017580202587 2.0324310591590601938 -21577.039078686000721 121044.90031871400424 294.30001291860202173
968160 43.371856683214602413 2.0372494754948098361 -21564.731297724600154 120801.47808232699754 295.21939940776098865
968640 43.376355089237698337 2.0369776386381399647 -21582.050310924299993 121506.09361831900605 296.18638696202799565
969120 43.383052648474901503 2.0354189214149798204 -21559.839691687600862 120938.84329359899857 295.45515359784099019
969600 43.389042860714098993 2.0385503411329199963 -21572.286218158300471 121210.49410002099467 297.18791300592198468
970080 43.392897209827999916 2.0443836234428900411 -21621.267652854701737 121390.4257476250059 295.4817001389939719
970560 43.399051385683698356 2.0481974793907098409 -21680.365609666998353 121541.75443092499336 295.21420404312601704
971040 43.410540094498898611 2.0515122613293699239 -21660.147682653798256 120781.57572013400204 295.91663866546900863
971520 43.417697339083701991 2.0550857973939598011 -21606.148027821498545 120837.59850701800315 295.37383958727201616
972000 43.424806459412998549 2.0601453082093001967 -21580.660716239999601 120821.16864073400211 295.56359681390802052
972480 43.427726156926802048 2.0602088508181899407 -21558.67979945909974 120945.60007612800109 298.68170381576601358
972960 43.429827455747400222 2.0609702875934301503 -21525.843124391598394 120754.54369929000677 294.74847521049599663
973440 43.429028599906303043 2.0656337722302100524 -21578.406382672899781 121080.13330173199938 294.84502028222897252
973920 43.426445149917000776 2.0656549971517099706 -21480.231516942498274 121163.34985418799624 295.64971012893198576
974400 43.422883416813498059 2.0684345378721999964 -21528.160555433099944 121357.02726798999356 292.93063939312798993
974880 43.419386730200997704 2.0721829020326199 -21599.391456551500596 121422.82936119599617 293.84309740236102471
975360 43.419478296474501633 2.0792448397357601308 -21432.201797409299616 121046.36018857300223 297.02844561365401432
975840 43.416544927351097272 2.0867221161412801145 -21572.300981301501452 121562.21854149100545 295.5908418184080233
976320 43.418697612263500218 2.0911034163252502083 -21562.046827854901494 121665.83472177399381 293.39294292293902799
976800 43.424713921234101122 2.0910648123982800151 -21651.026255530701746 121278.07494525599759 294.62054105609701082
977280 43.431121715447602583 2.0906763097644200933 -21594.647982712100202 121086.08378801199433 296.00840293292202432
977760 43.434442277835699997 2.0949114934800801002 -21567.574229203000868 121179.9706264330016 294.24717272617300523
978240 43.438085591142701958 2.0960701755992801054 -21529.823620571001811 121433.03427560800628 294.24705652965599256
978720 43.442366853435302687 2.1015747277852900865 -21455.254236933898937 121093.63176243800262 294.95991597348199775
979200 43.443016306900503309 2.1057752696487899158 -21459.79453940230087 121098.83997343799274 296.05570523849399933
979680 43.440658892492898246 2.1051865440614898617 -21439.839025979501457 120995.45028604699473 296.55261656457702202
980160 43.440464804011099886 2.1065020679070998177 -21416.365417967801477 121061.17270099000598 293.63827994499200713
980640 43.439806313915298119 2.1128037888503099495 -21457.663947227498284 121280.77061025300645 293.64191079363598647
981120 43.442143126808701936 2.119943476705360208 -21455.393461812400346 121060.10289445800299 295.28383586868602606
981600 43.444655906957002856 2.1233825004234199163 -21570.7354958092983 121462.35789177499828 293.22479765009302355
982080 43.448914332042797071 2.1287237792924300628 -21470.787205994500255 121705.78161858099338 296.27036498256899222
982560 43.454227491645802672 2.1319596359434997979 -21517.52240410559898 121164.07771003199741 296.60650422090600387
983040 43.459076022476097023 2.1306979805138199779 -21332.610212363200844 121073.06359440299275 294.33415460004397346
983520 43.466865017428098383 2.1328653680068199172 -21459.092506032699021 121100.61791380000068 295.5806920074790014
984000 43.472201648744601243 2.1382623549181398737 -21352.992429772799369 121001.42239861500275 298.47549175149600842
984480 43.473795131037697104 2.1433644966680498456 -21362.626644678599405 121209.3669287100056 292.79814266257000099
984960 43.477814314834702714 2.1427457336651301034 -21452.821563537800102 121104.77373598699342 295.73135218317901263
985440 43.478068450889402641 2.1430392937651601137 -21465.375694489699526 120774.06988963000185 295.61793096613700982
985920 43.476668299373301352 2.1446100892595700849 -21515.245752078601072 121501.20814583099855 295.15439166921299829
986400 43.476251186335503007 2.1532551727522299956 -21515.720974143099738 120878.27321154199308 295.41439694922502213
986880 43.472842159201000811 2.1591341245460600184 -21468.015030162900075 120855.47889910399681 295.94196614394502376
987360 43.471977989994897484 2.1586667631167602011 -21527.464438306000375 120797.00904785600142 297.04274006896702076
987840 43.474399752193697566 2.1598463593298000696 -21526.557667839399073 120932.04830388500704 293.654447410725993
988320 43.480645249643202987 2.1588317169629700487 -21555.663453166998806 121030.21672469600162 293.87402037453500725
988800 43.485780677227602098 2.156395647624219869 -21493.523743497698888 121130.4382189540047 296.22303209248201483
989280 43.488382673329098793 2.1532480685217101346 -21653.219460962900484 121151.89349603299343 294.86667086944902394
989760 43.497046447817098169 2.1542158282075600795 -21547.101419503600482 121094.21220917100436 297.62437154246697446
990240 43.503506572343901837 2.1550304805711402167 -21584.217649952901411 120986.72333074599737 294.14706249616898504
990720 43.515252254686899391 2.152562951829620097 -21547.424285659599263 121145.52720409700123 296.63421542761102501
991200 43.526244072703200061 2.1536519684692199128 -21470.118505619298958 121150.37209370800701 295.68968683834697231
991680 43.537510316283800194 2.1563806126367399685 -21504.473804082099377 121116.50065947699477 294.36316741971501187
992160 43.549723829140397413 2.1633186770888399586 -21417.035570907399233 121339.20277104100387 296.48837127333399621
992640 43.561133241103100033 2.1671590843112200631 -21545.129089779500646 121106.41790796599525 294.17894780725902137
993120 43.569565446886599602 2.1698730110440700436 -21529.399725954601308 121284.2426644990046 296.33348704267200446
993600 43.57290968308299739 2.1708996391602899401 -21407.374836834398593 121048.6429018350027 296.0332752305640156
994080 43.57669670923230143 2.1675919539426500293 -21442.923452504001034 121056.12067302499781 297.30385498749899398
994560 43.578282109463501115 2.1718806429328401109 -21336.673251266900479 121234.38873531599529 295.31154047270797491
995040 43.581204784901302673 2.1771235893433997788 -21420.322519176999776 121174.63659282900335 294.18419538691097159
995520 43.584655115259302249 2.1776256551799297867 -21392.031020526799693 121059.85183120399597 292.89842297697498452
996000 43.582794560744396506 2.1795698217053400825 -21487.511321097201289 120695.80808528899797 294.99418352892098483
996480 43.582658103004803252 2.1823721290831499253 -21405.090132818801067 121525.70005202399625 291.79944833588501751
996960 43.581643745487397723 2.1871732059406898685 -21431.456951603599009 120906.63011394299974 294.12661188611002672
997440 43.579736499298299179 2.1915649067856799448 -21468.824928298199666 121374.90977557499718 297.14508695184497356
997920 43.577294277860197269 2.1945874209020099777 -21531.76363982949988 121115.18024991000129 296.43458214807100148
998400 43.577850208425999767 2.1987592077979001282 -21456.007518026599428 121250.25811819100636 295.3299934596839762
998880 43.582331329277202769 2.2016406791880700489 -21502.781363853500807 121302.09661127299478 294.42329540018499756
999360 43.584338676403596935 2.2044096746044399282 -21612.813084227600484 120969.27903023900581 295.86219019223699433
999840 43.589000441433903177 2.2080505513911301563 -21520.57088826999825 120890.0374602410011 296.57313166678000016
1000320 43.597610291224000889 2.2072307804667401498 -21525.688193986999977 121198.93956855399301 297.95555408414998055
1000800 43.608404690389598102 2.2059451434057599784 -21394.50774049410029 121209.80270085099619 297.69319846439600497
1001280 43.61796552286960349 2.207569218015509982 -21356.714309812901774 121075.5965261550009 296.65240580495202494
1001760 43.625215715494796598 2.2091736116842799476 -21345.307713139300176 121158.90992330599693 295.8679954701589736
1002240 43.631347979258002567 2.2142383434856300894 -21511.742832982701657 121993.74774991300364 296.00027754796997215
1002720 43.639418465183801743 2.2233506674870802122 -21395.290688118500839 121132.6581394639943 297.05411322780497585
1003200 43.648267980228801832 2.2329356146635999103 -21481.845812168401608 121283.64929095600382 295.89111779903402066
1003680 43.657353836086102206 2.2370505690173798641 -21481.588571094598592 121163.38932596299856 295.65359648991500308
1004160 43.661888054629201861 2.2432841801403498039 -21300.855452836200129 120898.5656405990012 294.14586300187198731
1004640 43.664847634690701739 2.2454842117965099213 -21317.448551885798224 120897.36613260299782 296.16958179846898247
1005120 43.67112806398220215 2.2456282994808800524 -21349.181264746101078 121082.18588937500317 296.62182294117701531
1005600 43.679319145728598528 2.2475423569857801986 -21400.104850532701676 121342.76778734299296 295.82878166622202798
1006080 43.684586866457500776 2.2464049329384301323 -21406.410423870100203 121360.15023523899436 294.87792576368298114
1006560 43.691810627199998862 2.2473367116199298721 -21344.722125566800969 120748.29599645599956 295.93969791263901925
1007040 43.696501131357003089 2.2484580379421501561 -21300.244105689700518 120975.78996083700622 293.00543571764598028
1007520 43.699951107385501814 2.2486992460473298472 -21263.542957452398696 120935.51018285400642 295.2141826145820005
1008000 43.703764187955798093 2.2513769832310002172 -21348.18438922470159 120680.22732039900438 297.29705563126100287
1008480 43.708523945428396473 2.2500038274283697959 -21327.349963941800524 121328.86836872900312 294.98355034801102192
1008960 43.714535194057802414 2.2523068689686498445 -21340.906345500399766 121374.25520455000515 294.83900148223597171
1009440 43.723463951715501707 2.2539037388858798039 -21293.138772144600807 121594.62395699399349 296.20902815978098488
1009920 43.735260840051999764 2.2567293980099800699 -21334.999190181701124 121463.48275999100588 294.17647290347798616
1010400 43.747425938990403438 2.2622415647208797829 -21423.356965770100942 121711.3589214609965 295.45828996937899547
1010880 43.757747776411896723 2.2699365339773498462 -21372.718431993198465 121255.30560053199588 295.68112989784498268
1011360 43.765123964402597778 2.2790892899794301663 -21484.752117130799888 121044.09056015299575 298.75638771484199196
1011840 43.770203771445700625 2.2877009758064899003 -21314.950187850998191 121045.98177295499772 293.97472825910398342
1012320 43.77381397761890014 2.2937813298299700726 -21352.265306653200241 121063.06824491100269 296.08312756530102661
1012800 43.771996744244901834 2.2916489382586799906 -21524.090506251999614 121495.59089402599784 295.30404269601797296
1013280 43.766800472823902624 2.291991847972500107 -21444.576835508898512 121463.7152237919945 296.25464568182400171
1013760 43.763720800541200617 2.2957641592681299336 -21304.203061563101073 121052.31079673499335 295.68000468643202794
1014240 43.761650316970097663 2.2994494181103601882 -21468.677834375401289 121120.24128287400526 297.23619112336098169
1014720 43.757332041715500281 2.3027783062368798461 -21521.208195528699434 121235.03142539900728 296.25593884867799943
1015200 43.751914482340602319 2.3057628200936899354 -21405.27756760649936 121336.13440495599934 294.44930943700501302
1015680 43.749118248737502768 2.3076623401527198709 -21357.066385338799591 121338.00699385500047 295.64749979623900344
1016160 43.746486446267802251 2.3097998694274499698 -21361.230665350198251 121214.34198388599907 296.56168299096697183
1016640 43.743811604207898824 2.3129390788368100473 -21335.624227422900731 121637.0069612100051 293.20705027058801306
1017120 43.744478877881697088 2.3162093276506099393 -21277.138646555198648 121120.93684148900502 295.39606994571602172
1017600 43.745970008810601826 2.323144923668539974 -21431.385387967598945 120923.05216022499371 296.01318668003898438
1018080 43.744264862422802764 2.3302629289826999326 -21350.419475354101451 120731.50353910100239 296.20277345767698307
1018560 43.744184721982897202 2.3344184654636102039 -21321.840299906198197 120868.80778283500695 295.46559758750998981
1019040 43.747603195114400876 2.3356273426911298152 -21436.372134523298882 121348.77414082699397 294.85920559333999336
1019520 43.753253054264000355 2.3309593639090597783 -21408.183140901499428 120967.17937496400555 296.24304969637501017
1020000 43.761463013741597194 2.3343591915149599636 -21377.078973946900078 121159.40713619200687 297.13245328090698649
1020480 43.768809748646297919 2.3392658179734802104 -21439.264644147700892 121003.94186706200708 296.60340870986601658
1020960 43.771898180776098286 2.3444353178861101483 -21456.075878223200561 120692.12198890399304 296.25473105029601584
1021440 43.774417567395097706 2.3463749225444199276 -21273.738952529398375 120855.02182769900537 295.32173519291700359
1021920 43.772917235005500913 2.3478281606917899005 -21331.706631618399115 121521.18508259499504 293.96375706426999841
1022400 43.774794134382396749 2.351406488740539924 -21387.008591147201514 121205.14538635000645 292.84190773857301338
1022880 43.779294901189203415 2.3477304813996799915 -21414.777362450400688 120969.98549916199408 297.5548263939770095
1023360 43.786105346106602099 2.3482615501065300379 -21391.159851233598602 120536.21471019499586 297.16574905052402755
1023840 43.794796278530796485 2.3528763032775699138 -21378.385275913999067 120849.04800983000314 293.11541888997101069
1024320 43.805240124090801146 2.3580313712002198834 -21520.58534228229837 120720.13619880599435 297.6363495474719798
1024800 43.816423201423397416 2.3644898192016601257 -21520.124225827399641 121266.96333060000325 294.78514636714299968
1025280 43.823796539425103447 2.3715936962250601105 -21482.924265334000665 121596.35322693000489 296.09930755642000122
1025760 43.825307132923903453 2.3756887822042798142 -21517.689547266698355 121455.4487187909981 294.34793004126697724
1026240 43.82727515094580184 2.3809142172597499432 -21491.999827812200238 120738.06575105999946 295.20051094603502406
1026720 43.828884167375896652 2.3858402218897900582 -21342.523985226998775 120834.50684459299373 298.23877539977200968
1027200 43.829348366232601109 2.3897860124093801559 -21245.945583533499303 121010.33610775000125 295.88858288273200969
1027680 43.827406881770997416 2.3959172658978298287 -21366.850897579199227 121302.72739897300198 295.11592728362001026
1028160 43.830572486461697679 2.4035556554690500342 -21341.42623391520101 121209.85215537900513 295.37699673919001953
1028640 43.835996156481201069 2.4104931322508797997 -21442.697548436699435 121274.70406872499734 296.67601143018902121
1029120 43.838633968564600707 2.4140372848745399459 -21338.187942503700469 120800.31220186500286 295.83984237962602037
1029600 43.83793529111689935 2.4152081596199499458 -21247.49171047550044 121058.3236155659979 296.79945297624601608
1030080 43.840029308007601117 2.4152959797763200456 -21132.090550863998942 121127.88062373599678 295.22297320793899189
1030560 43.840519652037897913 2.4150087925210099726 -21280.929392144098529 121641.31705348700052 292.22817931684500081
1031040 43.837444914588502343 2.415299978174950013 -21379.044375486100762 121091.88468178499897 294.8795182716469867
1031520 43.834474290047403144 2.4179092840306601886 -21373.223569977399166 120863.17532914699405 295.85639770642097801
1032000 43.832809663572199099 2.4151980807603798951 -21344.221385413798998 121098.394940365004 293.36472314978800568
1032480 43.835766680816597329 2.4170894462681600245 -21288.402945450998232 121305.29224451699702 295.60807912083100746
1032960 43.83913683806979833 2.4203841880173100343 -21340.952108778499678 121033.2026847369998 298.27505570711997507
1033440 43.841272839293502273 2.4257092886727300574 -21223.991700703900278 121273.22388330299873 295.28571365463398024
1033920 43.848861245868299363 2.4316589694382098052 -21361.740739443499479 120955.83415118299308 295.13431671243898791
1034400 43.854809701956597223 2.4395879697407099052 -21320.932922700700146 120914.09875567900599 295.15346535932201277
1034880 43.858378390716403317 2.4465079130968998555 -21285.756878740001412 121003.3153372950037 295.80955673124702798
1035360 43.861027258473896495 2.4541689609088201962 -21361.262165319298219 121226.69939032899856 298.09635803006301558
1035840 43.860945124736296918 2.4577524983521801261 -21171.300339349800197 121383.35551220399793 296.49926581251202151
1036320 43.864801161401402396 2.4636344185406198193 -21247.460503196398349 121202.22037346000434 294.10380665674699685
1036800 43.870981273401099543 2.4663256270821900529 -21309.63353235950126 121240.75609526300104 298.05043834867797159
1037280 43.876037309765600014 2.4648784282968101422 -21313.368619519398635 121152.19809441300458 300.32768201567301958
1037760 43.879421986830898561 2.4638917816029599628 -21265.65422474639854 120848.90615094400709 295.90251549606597337
1038240 43.882292027415402913 2.4650461814414899031 -21358.475227686998551 121338.76066297199577 295.68348221378397511
1038720 43.887577020904402048 2.4689146682523199772 -21229.21790217850139 121086.55194385700452 297.26069656554602716
1039200 43.891710287417801339 2.46968091147491009 -21177.101284427699284 121186.45508237200556 297.38185290335098898
1039680 43.892101196708303235 2.4689747652378302156 -21221.714304650598933 121160.92249771699426 296.2935107426679906
1040160 43.890694678341098722 2.4722203161368700997 -21284.523713470000075 121107.51534642900515 296.30819377149697402
1040640 43.890413105939600769 2.4767233467753602127 -21278.421906381299777 120944.81374366900127 299.2039474904159988
1041120 43.892786670638500368 2.4803378590619900024 -21231.541459491800197 121116.30094204600027 295.14173017024501178
1041600 43.890688683307303108 2.4835731228401498605 -21183.814441898899531 121050.83152708600392 297.40421576480002841
1042080 43.89235640979300257 2.489357132199990108 -21303.072838939300709 121186.52421667599992 296.79127440828199269
1042560 43.893240649092497563 2.4902036373667502112 -21237.625273890800599 121033.78135264599405 296.8097423211419823
1043040 43.892206099060501856 2.4883975597352101516 -21352.100229741201474 120691.75784590399417 299.12007938216800085
1043520 43.890559610561297177 2.4851510374781398127 -21289.145562046600389 120973.77789253499941 297.64271477523601561
1044000 43.890818432813098582 2.4852391592465399306 -21228.529762713798846 121152.82852846400056 296.55319973042401216
1044480 43.893208628098797419 2.4868064098252498084 -21239.337845406800625 121430.92871108899999 297.51764312002700308
1044960 43.897011210709003137 2.4896141946444898529 -21278.89587953859882 121117.1459613689949 297.78554159950601843
1045440 43.902985584615301207 2.4933586469391602058 -21151.282650229699357 121380.36939346400322 300.62717340157502122
1045920 43.908448420410401525 2.5042507866802998784 -21182.178548301100818 121654.62366275899694 296.9972472334159761
1046400 43.914210196070897041 2.5140124315088399065 -21244.150374458698934 121212.95449898600054 298.94779725640199786
1046880 43.9213973574750014 2.5218324016092701356 -21283.416445355498581 121305.82403006599634 296.4715943439870216
1047360 43.928876173946200367 2.5256236936330997978 -21236.023176162998425 121220.13609804399312 298.97450586418398188
1047840 43.933175014036699224 2.5261991707765099058 -21335.439196713901765 121353.94059469300555 296.07927315574102067
1048320 43.934929113733502959 2.5297759747289600973 -21366.479209319400979 121285.24674335299642 297.85136528058097838
1048800 43.934186177768296488 2.5367541387413599097 -21491.541892765999364 121014.27724907000083 299.99014490227500573
1049280 43.936183917988600456 2.5454242593421301244 -21498.408292131200142 120895.85316724800214 296.36404187387302045
1049760 43.942158004034901353 2.5530758744368098334 -21359.105672836398298 121236.89978824100399 295.55781040867401543
1050240 43.94989531427010121 2.5577418525979100927 -21300.820611464798276 120848.05253616599657 297.05166774292501941
1050720 43.958793147740699681 2.5587810125302099529 -21249.700417324900627 120712.56696491700131 299.2181848198949865
1051200 43.969347889608599189 2.5605456528648398162 -21178.643985017199157 121047.02771090199531 298.44439506937300166
1051680 43.976742120154902693 2.5660603454021000402 -21160.495000984901708 121284.82737330399686 298.34955720763400677
1052160 43.982175162169298233 2.5719387355978198251 -21236.884548402300425 121193.71090762699896 298.19119289292098074
1052640 43.988303028073602263 2.5741814606295001511 -21189.668556242799241 121313.64874093800609 298.86848090997699501
1053120 43.997532259153700807 2.5804368444860501519 -21149.275346379701659 121227.06307054100034 297.36690473701202109
1053600 44.003106579394398068 2.5825525435688398979 -20999.918033710400778 121218.08651117999398 297.0157811820660072
1054080 44.01048247484990128 2.5815872453895098992 -21036.304378546399676 121349.35470473399619 296.12347516609600007
1054560 44.016093769228398003 2.5844643207211701608 -21178.935954520398809 121058.10437204300251 296.8079690172820051
1055040 44.01814447453759982 2.5845340748102398898 -21172.4368387059003 121488.40009415299573 295.68242895367501433
1055520 44.020553793377601437 2.5864652296399501807 -21280.528338388998236 121165.0728545949969 297.28449512968899171
1056000 44.025842794995902807 2.5878711911471099505 -21210.980800154800818 121358.91121753600601 297.3223595840719895
1056480 44.029246942009102384 2.5919668020403001663 -21204.164903179200337 121557.80830969799717 297.63133672247101913
1056960 44.032741497583600676 2.5919471035347299015 -21327.031521579898254 121221.26358229899779 297.99831048388801946
1057440 44.033168600861998243 2.5921403294251499361 -21165.683084562198928 121360.93116315899533 295.52277465238802279
1057920 44.034464869833897183 2.6001080073572397922 -21269.920741703699605 121015.24565795299713 299.10026706942699093
1058400 44.035654958854003382 2.6031120667251901324 -21201.770102116399357 121386.5746045029955 299.18482642588702447
1058880 44.039152247312003396 2.6034788694389101593 -21259.882962261799548 121202.79592020099517 300.31237871582402477
1059360 44.044170037242601268 2.6084026188095998933 -21303.734878221199324 120894.67246826000337 298.47677520722697864
1059840 44.049515504024299162 2.6105596466870601979 -21310.463834290698287 121048.92936317299609 298.54154434621000291
1060320 44.051368853172903073 2.6136405945329701517 -21211.378341447798448 121310.54387494700495 298.31880562472701968
1060800 44.054981346214901805 2.6172478897329498615 -21194.667050310999912 121017.23005530699447 297.79167137005600807
1061280 44.057893494683497693 2.6200194283008801932 -21153.124813294100022 121423.98761201399611 296.18509650755999019
1061760 44.062035547769497157 2.6196415273703501647 -21265.238406673001009 120978.23090311000124 298.57145431155998949
1062240 44.06395739847479831 2.6241041401404898714 -21212.572688087399001 120938.23685355400085 300.51084796095199181
1062720 44.059848247817797073 2.6309607836325201724 -21161.752824806200806 121219.5391163220047 298.77393645171298431
1063200 44.056691939413497039 2.6332395395538399363 -21162.796868460700352 121198.5966167949955 296.86155296157198791
1063680 44.053888491339399991 2.6381272970144400425 -21250.879199410301226 121480.16496912899311 298.12308570851502054
1064160 44.054419430860797036 2.6456017048687301418 -21138.387862091400166 121083.37637014100619 295.65133905561100391
1064640 44.058148335551102548 2.6473359523206800858 -21138.922124026299571 121605.47079187000054 296.44565636970702371
1065120 44.062227827500798583 2.6481090596502001588 -21300.304508169399924 121094.61287546899985 297.50662459498499857
1065600 44.069605652854797029 2.6524280450337500703 -21232.867295698801172 121452.28906840100535 295.25032607985701816
1066080 44.07754547900950115 2.6531586451556599116 -21190.04565014309992 120989.96175078800297 297.07537888307797402
1066560 44.080693099776397048 2.6609664262559800108 -21322.504275597701053 121223.09407161400304 297.83079120562001663
1067040 44.085020393655497628 2.6623799369104701462 -21291.444786789401405 121521.55974624300143 297.68347849807702232
1067520 44.089139304623898852 2.6629533603610298087 -21198.934266251901136 120853.53809896699386 298.05846353929598536
1068000 44.09242737309899951 2.6641865311018100293 -21237.188662725700851 121065.4885135479999 298.31519617100298092
1068480 44.097402331153702448 2.6700400255632699142 -21320.580638179999369 120893.97171885000716 299.43728287842401414
1068960 44.101467420169498723 2.672507126681820111 -21366.445014579199778 120770.50100298700272 298.44893079632799981
1069440 44.10629755022370091 2.6700268365852299901 -21084.410886644800485 120949.32824718799384 299.89212565575797953
1069920 44.114135018148800782 2.6644893412251597908 -21324.01352525350012 121341.36597784199694 296.83485579607798854
1070400 44.119858671788001914 2.6622233114380100538 -21268.332694891898427 121103.24900301700109 298.56156587829701721
1070880 44.12599639922699879 2.6607317545635198464 -21229.72360385689899 121015.58902098800172 297.96917821815600291
1071360 44.132949062285902642 2.6639209629783300315 -21180.134109255999647 121126.91517616200144 298.55439381670697685
1071840 44.141093469859896459 2.6621021194657799036 -21178.31623326909903 121216.55588261700177 296.43502051834900612
1072320 44.149907578132896901 2.6663683989806701291 -21249.123704962599732 121177.82764830600354 294.89593802133998679
1072800 44.156053332690298419 2.6681539699483098893 -21200.690284987300402 120988.0774962889991 298.78242556904098137
1073280 44.160000875059701286 2.666926738260739782 -21263.118203186601022 121016.50628494500415 298.05717699118400787
1073760 44.162187636771697896 2.6726469700179800171 -21240.342232685401541 121374.08284853999794 297.93611667306197432
1074240 44.165257082076699646 2.6804374965095698613 -21234.824806780299696 121068.13791032499284 295.64820100934701941
1074720 44.170088232395201544 2.6879054109823399266 -21224.18913492359934 121447.51593159600452 298.4326028521369949
1075200 44.176953465831402923 2.6915537770178099564 -21124.766897487101232 121303.90428396700008 296.97533504160202256
1075680 44.187028410838898651 2.6931280972248301531 -21224.903336495899566 121166.24682433600537 297.58988431695001964
1076160 44.19828102610399867 2.6970703467440197976 -21111.429498656099895 121274.97131952599739 300.24501727254397565
1076640 44.212341040947599424 2.7006289409053700901 -21188.331687920399418 121200.2748896980047 297.09916443203098879
1077120 44.229143472746301313 2.7009026210887698838 -21189.62748656560143 121068.30670958700648 297.54329650613897229
1077600 44.245478130864199784 2.7008895942834700854 -21229.09500078939891 120909.26798594399588 297.59682211643701066
1078080 44.256491219267900306 2.7022645803656399899 -21330.739324882801156 121109.83289087300363 296.67615630534299953
1078560 44.267120702348300654 2.7044594713107099615 -21221.940682108099281 120997.25021078799909 299.59212754885902541
1079040 44.276017648243602309 2.7082928883363401873 -21131.61675400690001 121686.87197643599939 298.27995906816300931
1079520 44.283030458453602307 2.7131495722735201603 -21141.987531428800139 121407.31125555599283 297.31677215594697827
1080000 44.287537378292000767 2.7161940347834900855 -21146.368442480499652 121396.33243349600525 297.69707989536198056
1080480 44.288012201833197423 2.7189051689932099976 -21086.876751348001562 120586.21638697999879 298.73224527165302788
1080960 44.288505409234296906 2.7236822135651999055 -21033.429636217999359 121390.31077560900303 298.31619496803801894
1081440 44.290303734997301888 2.7311659839226400948 -21130.38802026869962 121322.9573065959994 297.30154719300901434
1081920 44.291764119365403474 2.7378684408739402123 -21169.973731810601748 121551.19515616899298 298.85996498494802154
1082400 44.298676028527800952 2.742376686107269812 -21080.174695477398927 121172.26532003999455 297.88739865548899388
1082880 44.307998286512599861 2.7475597016908999137 -21128.306335986399063 120980.83371822799381 297.94633191943700012
1083360 44.315333644723303053 2.7552529232934501735 -21082.854754247498931 121140.76810687799298 296.11841539412500879
1083840 44.321907188064102456 2.7576871845208299483 -21144.118581612099661 120831.31049739599985 298.91533164926698873
1084320 44.328464409662998946 2.7595060767711601102 -21058.656129712398979 121420.54991150200658 298.18013445520398363
1084800 44.332012300805303084 2.7629178826232201338 -21110.227905976800685 121262.87030225299532 299.75421975338099401
1085280 44.333550499359702712 2.7691488373191401884 -21114.667348405499069 121645.37786204200529 296.82449076472198612
1085760 44.334441659485797516 2.7766994161612199576 -21164.826399354798923 121431.564398196002 297.09681243014898655
1086240 44.341209366973600936 2.7814565102212198688 -21079.997154816901457 121238.45707081300498 297.4430808064379903
1086720 44.347019977875099528 2.7855279569234201453 -21030.444059942099557 121138.23184792499524 298.83963432474700994
1087200 44.351079425958403135 2.7899434330008898719 -21108.113995421899745 121468.03708497999469 297.53984952185197699
1087680 44.35271043288790338 2.792447576449299973 -21133.833953488101542 120848.25616080299369 298.476291457781997
1088160 44.354724926499301318 2.7991676794426201269 -21139.255787040401628 121734.05975715699606 296.12945705654101403
1088640 44.358258110326097778 2.8037097882465800147 -21126.389555551999365 121392.09551356500015 297.47951644176902164
1089120 44.363235417642997049 2.8043965234573802192 -21196.009623193698644 121270.79031228700478 298.27260883199301134
1089600 44.368804925969797637 2.8024521597101101911 -21235.32844698469853 120878.99617013000534 296.1273560628579844
1090080 44.372301561411397586 2.8053516240903100254 -21018.986862140100129 121029.16744067300169 298.04240696237400243
1090560 44.374375355675297783 2.8113969916840901853 -20929.805997261701123 121416.93460679499549 296.1385656247219913
1091040 44.373994544402698637 2.8179415150600100048 -21024.291693573301018 121353.54047588599497 296.0423734159300011
1091520 44.372879042107499004 2.8293359320872197848 -21116.906483179100178 121361.61777684799745 296.47314434983798037
1092000 44.368613212402301826 2.8339725515570499681 -21239.34918577839926 121635.15077883700724 296.84237758031002841
1092480 44.361671601933096554 2.8326584349733598955 -21076.059022571898822 121156.25280808600655 298.03514198246000433
1092960 44.356412434340697359 2.8384037597590499047 -21130.395704821301479 121135.15074072800053 296.77789227059599853
1093440 44.352842265619699447 2.8465536566591600476 -21023.060489917901577 121187.41002626500267 298.6278538049970166
1093920 44.348549291010002094 2.8474093618479101586 -21155.729263185701711 121316.43642146000639 297.00975984897900162
1094400 44.350199075574600727 2.8538691355282401751 -21024.169092144598835 121073.68046497799514 298.08801409341600674
1094880 44.351960253637003007 2.8624812342547398814 -21067.443014536598639 121543.96239616500679 297.46856639803201006
1095360 44.357450301088299227 2.869611470757849947 -20977.015559203100565 120889.93899692999548 296.52047318186401981
1095840 44.365036109416600141 2.8751817927830600752 -20967.083694775199547 121322.12328691300354 295.64067189730201335
1096320 44.37033098994280067 2.879614802866150125 -20894.622003901498829 121265.16046687700145 296.89912647163401971
1096800 44.373731072112001073 2.8860854565223501567 -20838.178093642098247 121250.52122153900564 295.53011306826601867
1097280 44.374987602335103531 2.8845322121892498224 -20913.294294109098701 121375.39389937599481 297.94575718483298488
1097760 44.377570799374197463 2.884175571500140034 -20901.234143624700664 121598.49213355299435 295.57094965239201656
1098240 44.381554210472401678 2.8850312115572300797 -20865.769837210300466 120740.842684001007 298.95749405185398473
1098720 44.386079148258602345 2.8898342165080399546 -20932.475113771401084 121066.76057641800435 298.62718054503000076
1099200 44.390351807865997102 2.8971189658724800786 -20925.614097112600575 121434.51800203599851 296.48877674894299616
1099680 44.392034272180602272 2.9003316623818999886 -20829.981097389998467 121520.22419952700147 296.26850967879698828
1100160 44.392038220851496533 2.8935523587229199372 -20947.828955336401123 121391.25831547399866 295.76991884098600849
1100640 44.394747843957198086 2.8910898666331998896 -20954.062858416400559 121118.71837834500184 297.31157173340699273
1101120 44.399046067411596539 2.8881028663227499287 -20918.891619301000901 121083.06089421799697 297.54097624940300193
1101600 44.405612299199802351 2.8891517666131298903 -20987.103316008400725 121182.42243116800091 297.98264666793397737
1102080 44.414199279046698621 2.8947748149537599893 -20962.062240679599199 121298.98542682699917 297.89571016448701357
1102560 44.421915302709699347 2.8989352597685100754 -20909.695464334501594 121430.96028618900164 296.95413791191901964
1103040 44.423357602073501482 2.9005559979389698988 -21015.442060970501188 121418.24002526600088 298.24646930221200591
1103520 44.425392929502400818 2.9005500238249499745 -20899.199948160599888 121149.09487417900527 295.58851174888098967
1104000 44.426945397437400231 2.903958065091489793 -20901.866636400598509 120999.91143692200421 294.0451622614539815
1104480 44.421968754326101703 2.9102617980077800652 -20906.458520469001087 121169.11633292600163 297.58685134040200637
1104960 44.419526062421702761 2.9097127128071500479 -20907.842428622698208 120821.60628562999773 297.56661562840997703
1105440 44.419829926975602064 2.9081516997370999711 -20858.874288642600732 121489.20869738599868 293.37084853692499564
1105920 44.419790279429300028 2.9086573405650999469 -20911.218738346400642 121084.13935151399346 295.66677651867900067
1106400 44.421749921060602162 2.9148818098721598346 -20909.89963541529869 121049.54783497500466 297.19526123367597847
1106880 44.422111909408499741 2.9185548048893199535 -20861.101741349299118 120605.81090568599757 298.06761769458199751
1107360 44.424005265281401478 2.9226559730482999377 -20946.717233944200416 120992.91478876100155 296.59824542016997384
1107840 44.426365092680399016 2.9245469664106198415 -21090.614283816801617 121071.23891289600579 296.9593825547649999
1108320 44.428222552175796523 2.9277066013266099809 -20990.486879385400243 120890.29276927300089 299.20916936515999396
1108800 44.43100362113329993 2.9302661067998401201 -20996.957858153698908 121200.65025091799907 298.42149594880601171
1109280 44.432900061201799247 2.9347136703113601008 -20982.795832417999918 121087.11500532399805 295.68779257160701945
1109760 44.435034902513898203 2.9417087621867801239 -20868.601202277401171 120958.61721459700493 296.00022325402198931
1110240 44.436568192130600607 2.9524046658662101983 -20846.608756633399025 121016.00466789500206 297.64456163243499986
1110720 44.442860605271398811 2.9602078351992497929 -20797.394262171699665 121098.82348705000186 295.65595105931902253
1111200 44.44671541902120282 2.9675598480376601529 -20985.916241721199185 120756.07624927599682 296.78778442742299148
1111680 44.449981568648397001 2.9725190015896498785 -20998.145891757299978 121153.74059909700009 295.70022018479897952
1112160 44.45499163757499872 2.9749314539005000668 -20991.750529510398337 120995.32383771399327 298.58917695054498154
1112640 44.462115555568701097 2.9727990639340902135 -21121.39606326879948 121212.47436300899426 297.04052655016801054
1113120 44.473345696720997466 2.9720106854214001224 -20904.331246931000351 121297.57416187100171 299.62503226555298852
1113600 44.47909170857789718 2.975883229811489894 -21068.341854472699197 120833.68131024700415 297.91344499187999872
1114080 44.486935731849200693 2.981828727584369787 -20984.724525358200481 120982.73854488400684 297.20899993150499085
1114560 44.494036137572201994 2.9843822493448399769 -20959.98420710389837 120717.69359887200699 298.71776348031602311
1115040 44.499923663188603484 2.9905982552277898812 -20887.341813114198885 120759.75458146199526 296.93358976958302264
1115520 44.506832643757199719 3.0014806625048300326 -20828.907060749399534 121433.42019156699826 297.50238643020702511
1116000 44.515063183351102793 3.0078667532139298224 -20844.011416054101574 120938.11000514299667 298.66717299983099565
1116480 44.524033415392096913 3.0104374932494200046 -20866.014134011998976 121343.59222130599665 296.70424516030698214
1116960 44.533907193422599846 3.0139162946627098272 -20921.587869476301421 120975.84256725800515 298.84385847483599719
1117440 44.546606577465901466 3.0163624263714701179 -21025.868904811301036 120938.29398927200236 297.11457228404600528
1117920 44.557532753655500812 3.0178532527058301582 -21040.512305479598581 121142.14504312200006 297.19725012943899856
1118400 44.563541126762501676 3.0191108822422698665 -20948.84806133480015 120900.86789639899507 299.98330869688800249
1118880 44.567579293904401538 3.0197563495008399315 -20998.169596885600185 121294.28494238600251 298.70670190041101932
1119360 44.571819807145601544 3.0295218115620601296 -20837.004732972200145 121163.30242927699874 297.83681377369299526
1119840 44.578889117091499372 3.0377821754522398301 -20825.265363058999355 121072.63161511499493 296.06057332101300972
1120320 44.587588266020603101 3.0426262505725798491 -20746.664998069198191 121157.15222882099624 295.49704986550602825
1120800 44.597778805719798356 3.0401926489461099656 -20820.670848848600144 120988.12892688899592 296.44341513886200801
1121280 44.602186845021599026 3.0373437508885099412 -20815.4003152676014 121036.79277399099374 300.97663910865998105
1121760 44.608752171880801995 3.0401298801977900688 -20847.326997475200187 121252.30590731500706 299.06743858879400477
1122240 44.616905912103696608 3.0440414663968398123 -20946.351684147099149 121085.1898342439963 298.19915913673401064
1122720 44.624246914975401523 3.0507242249266899314 -20901.657514248701773 121102.57562160000089 298.34621200824301468
1123200 44.634139768644899959 3.0592722241889500623 -20848.157630094399792 120977.84000301800552 298.74428682241102706
1123680 44.644725756402799277 3.0626548242780500253 -20924.712253565001447 121404.4093035650003 296.56674567078698601
1124160 44.654685689528299974 3.0716665155670699328 -20907.083869684200181 121136.98480414399819 296.11438297300401246
1124640 44.661173603697498891 3.0791734061533699851 -20906.530528586801665 120730.55723296900396 295.6443124902439763
1125120 44.669832699983601287 3.0831441097303300403 -21011.781345227700513 121282.73791064400575 296.97621983538999757
1125600 44.676598712247702849 3.0863695946764000411 -21072.086157662601181 120834.58844281999336 297.85793575828398616
1126080 44.68516516881189915 3.0928563941520299529 -21012.463041411698214 121165.63440379500389 295.44885584413100332
1126560 44.694073759579801219 3.102302839519679889 -20945.604888142999698 120950.42108766500314 298.22151112043599142
1127040 44.696814987198798974 3.1109959614903499592 -20943.483404771999631 121162.97069650200137 295.81821188707601777
1127520 44.702461295975297162 3.1217154796324799726 -20735.038472921598441 120850.26009106299898 295.17064696928298417
1128000 44.711099412530899144 3.1307132187561999004 -20846.833526921098382 120391.741502097997 300.10104766239800256
1128480 44.716308702374597317 3.1358709127687598439 -20827.665342823300307 120744.85495041200193 298.57898096546301758
1128960 44.721546252926899001 3.1378890900102698325 -20743.339738268401561 121388.35314782100613 295.37671797697800002
1129440 44.728798693979797463 3.143059902701220043 -20750.116430056899844 120873.84273189700616 297.86163557286397463
1129920 44.73791372077079842 3.1494913268399198358 -20817.000993370398646 121118.41035797000222 295.32346909955498404
1130400 44.746437393928999882 3.1587219491068698751 -20845.278673154698481 121207.0136646739993 296.13497415267300994
1130880 44.755865590704303258 3.1671434195061500816 -20818.854519412601803 121023.77391540800454 297.2246668624790118
1131360 44.767143997469602823 3.1730877307098501738 -20751.99260152719944 120914.74936496499868 296.71020307423401619
1131840 44.778254459688298539 3.1782643666952599126 -20725.825157099799981 120773.4420790830045 297.17693155326600163
1132320 44.786154365017999623 3.1819711578042197964 -20806.106137120099447 121181.12806216700119 296.23377142312597243
1132800 44.794644225424598005 3.1857666265885598023 -20762.285356302898435 121235.68410614499589 297.26689565674297455
1133280 44.804516969402897075 3.1849858998061000293 -20948.112121413600107 121188.03162638199865 298.73714157327998464
1133760 44.815332634990198812 3.1853411807548499546 -20705.100832176500262 121128.51479016100348 296.79106770100702306
1134240 44.824211494567997249 3.1871603524708200794 -20773.590506235799694 120923.85737670000526 298.11812228704201289
1134720 44.831924557383700858 3.1942403443377500594 -20722.690180986399355 121209.05993702799606 297.50061604920898617
1135200 44.845155008895602577 3.1972776444790698136 -20786.250521718600794 120909.10292605799623 295.88629216160597935
1135680 44.85421753942119949 3.200732368708170128 -20725.750354663599865 121345.15455710499373 295.84428654110797652
1136160 44.858237734528700003 3.2053103611536100104 -20745.429947975098912 120755.33025111499592 296.81561343603698333
1136640 44.860921511809102924 3.2092253028428099348 -20729.140410939198773 121312.81140390300425 297.37323382318197673
1137120 44.861430426479799394 3.2117303983210598872 -20866.643966616298712 121087.64754315899336 298.44839897851397836
1137600 44.864353661054998668 3.214103350909020218 -20772.889003639000293 121343.33993654600636 296.91065011427201625
1138080 44.868131760805397334 3.2173135823694098967 -20687.718620085801376 120721.49077839699748 296.21050636954498714
1138560 44.874575731131301382 3.2237615902979701588 -20813.982856511298451 121443.06595679100428 296.21922456534798584
1139040 44.879888413077999587 3.2271804228026499395 -20808.12557448969892 121243.65274923600373 294.50841055406198166
1139520 44.881737550262101877 3.2308124257035601978 -20810.790545011499489 121327.07953213200381 297.66206262097898616
1140000 44.882859021936901911 3.2315968544712201371 -20797.100596060299722 120874.38683417500579 295.24365492408799128
1140480 44.886407373888800976 3.2286974525358398402 -20767.193220231099986 120694.51933612799621 296.16453710804199773
1140960 44.88781406461450274 3.227221130827610196 -20800.611741921398789 120822.16406582499621 296.28243063121402656
1141440 44.887565732454000056 3.2290512206167201192 -20606.801521428500564 121103.80496894899989 295.92382830800602278
1141920 44.894716279545896498 3.2349549483371498049 -20667.159132186898205 120805.07146293399273 298.22543289345099993
1142400 44.908061801882197983 3.2410385267227401762 -20698.039406931799022 121056.50621721400239 294.62912762964600688
1142880 44.922575937309602523 3.2459625972089201085 -20686.287978798500262 120647.1299084850034 296.24082400349499267
1143360 44.937110539977901169 3.2512880177630099077 -20667.909938715198223 120907.92646955199598 296.76659714070399332
1143840 44.951874464268698262 3.2595351363326998673 -20724.471264677300496 120575.26451862900285 294.52512778941002125
1144320 44.963189545480801712 3.2692485296146500673 -20748.894958033601142 120884.58932589499454 295.4050615768870216
1144800 44.97106208223989654 3.2750038712293600973 -20643.669673248601612 120950.08722135500284 296.46623059621401808
1145280 44.979497902479600668 3.2803104380987702093 -20740.803776511700562 121049.08478269599436 296.32852720248700962
1145760 44.990001912623000635 3.2840504534392600533 -20870.311043369998515 121166.89385095199395 297.35294518253499518
1146240 44.999633610442799636 3.2861716629275301571 -20690.796009506400878 120408.65218856099818 299.16121142532301747
1146720 45.007624100019697266 3.2863344724820899856 -20840.09517316810161 121007.70046356999956 298.4173112331629909
1147200 45.01364312668280121 3.2834762106161798911 -20816.897442498800956 120738.033933454004 296.13968916437102052
1147680 45.020558211893302314 3.2863058712429698005 -20747.220901196298655 121018.63077277099364 298.19648488853300705
1148160 45.030698222668299024 3.2879989370681701466 -20868.08356298039871 121005.13847560099384 299.22733400883299737
1148640 45.037886700187897304 3.2851807903310201731 -20823.028953176399227 121126.302663303999 298.35356949563902162
1149120 45.045073983997397704 3.2813762998217699263 -20821.941881713599287 121119.45138872999814 297.17502880881301053
1149600 45.053251437263803325 3.2791956038852498878 -20730.347316225801478 120609.95083662599791 297.99541450182698554
1150080 45.061201721023600442 3.2857539680743399479 -20722.948092092199659 120704.35798386500392 298.65333817109598158
1150560 45.067341097418001539 3.2931024858223598706 -20677.491584300001705 121320.8215029270068 296.66621262813197291
1151040 45.071380842543902645 3.2995175518551498328 -20755.899292705398693 121396.68856854499609 297.35331695715001388
1151520 45.076308661298696734 3.3046541361172501183 -20816.759824504999415 120922.47125925800356 298.7106438188209836
1152000 45.080162511608300235 3.3062377656679600157 -20742.746005757700914 120883.90963687699696 297.55996972381899468
1152480 45.086482585591397765 3.3070215959688198382 -20736.377211540198914 120701.58850676199654 298.30614028675699956
1152960 45.094642679429597365 3.3103265833474799784 -20764.99580958200022 120889.73372341100185 300.03089996057900635
1153440 45.103007251359500174 3.3166165102657498842 -20700.69365632969857 121229.46283965400653 296.34485491233198218
1153920 45.11683753573279887 3.3178870313804398329 -20737.370553065498825 120890.72892515799322 299.64466312696998784
1154400 45.12927167371079662 3.3224487802555802141 -20707.50235678250101 120706.70128639800532 300.37088832853697795
1154880 45.138470583368601297 3.3196626322236499895 -20791.737616465499741 120794.44970587700664 294.09053147122699556
1155360 45.148224334054802398 3.3163468029991700625 -20876.800618263700017 120807.26034544499998 297.57788386370799572
1155840 45.158269271105297094 3.3169610179657600391 -20814.998455221601034 120985.44133587100077 297.83558677768098732
1156320 45.166750631048500964 3.3144670612876101501 -20682.400236793899239 121155.66024718699919 297.02954816792299653
1156800 45.176440227094097679 3.3132588419776300981 -20747.444982920598704 120715.31998007099901 297.49470112825201795
1157280 45.186900490101798766 3.3149627675344000011 -20761.078450127701217 120512.25497934600571 298.77554952101297658
1157760 45.196380464638203023 3.317917180004080091 -20885.78092450170152 121263.81762846199854 296.30637898080101422
1158240 45.199664373045401078 3.3209682577083698973 -20917.85445627829904 120497.92681397299748 297.43843966876897866
1158720 45.204277013219297032 3.326484920927470057 -20981.739229358401644 120854.72704754000006 295.36662398150900799
1159200 45.209711577466201504 3.3326594206109199092 -20934.137174953299109 120860.40257171000121 297.00231220741500238
1159680 45.214193368419799413 3.3404410287981698424 -20912.46233908080103 120796.30545790400356 294.91730208599602747
1160160 45.22076379932359913 3.3445552108881000386 -20904.434854187700694 120523.96936627999821 298.22343058780302272
1160640 45.228165798474201154 3.3492928878014001093 -21091.080798208400665 120958.35157985599653 297.56831960073401433
1161120 45.232666045707901503 3.3508083353376298952 -21019.896259809000185 120843.56336040599854 298.716011157585001
1161600 45.232736608784200882 3.352696967343959944 -20960.064964702498401 120996.43669738799508 297.24625803970201332
1162080 45.234022818311302672 3.360001547459530169 -20972.427568836301361 120973.26220906600065 299.43225637205301837
1162560 45.231394394654699909 3.3639349503562701038 -20892.066632925798331 120437.57110616899445 300.13015491562197212
1163040 45.234008861138498503 3.3657411643097598919 -20970.350126814300893 121113.94065414399665 296.58360887955399221
1163520 45.240470196001702163 3.3687383802650900932 -20828.883859917899827 120685.30036157299764 299.11738192777602308
1164000 45.246804035815202383 3.3752694444747701752 -20871.600304715298989 120817.2838747640053 296.88028363952099653
1164480 45.251719047107300753 3.3839777521477198974 -20894.169171279299917 120806.71829060699383 299.73847969460297236
1164960 45.264322155820998717 3.3920070053832001022 -20816.948672461399838 120720.37086316199566 296.8839262475499936
1165440 45.272991595531202336 3.3948071701849000803 -20877.504660915001296 120876.3659013830038 297.14276551670400295
1165920 45.281804602905097568 3.3917638755077099688 -20814.839651773698279 120624.38712066299922 295.95820740548202821
1166400 45.294813697209896475 3.3910740697825501044 -20770.859319852199405 120924.32185510899581 296.39801680223399671
1166880 45.310575921415100709 3.3929878144372098703 -20820.897741165001207 120924.77038341399748 298.94586945726200611
1167360 45.325027753953598619 3.3980672639749101016 -20938.396215257500444 120707.67246971100394 297.86888241706702729
1167840 45.339765545827603432 3.4062814426810201773 -20897.880193506098294 120347.4804893630062 298.38565143463597451
1168320 45.356161563063096764 3.4141462406016098718 -21093.324229813701095 121120.37040775800415 295.54021989099499024
1168800 45.372095964779497024 3.4169896517545401693 -20806.512335904099018 121190.56574676299351 297.63920863022201502
1169280 45.387833142338202208 3.4245261483395701418 -20929.722134706600627 120981.31450034299633 298.88630646387997558
1169760 45.398647173395502818 3.429987747436519907 -20726.313263994401495 121096.31773946399335 299.98453158282097775
1170240 45.409271504528803121 3.4318460625614801707 -20855.221696935601358 121060.95917932300654 298.37826404097199884
1170720 45.420650782464498718 3.4334402658783300666 -20885.323466563801048 120574.2616833219945 298.39819890512001166
1171200 45.431250914459099022 3.4341263376931401297 -20981.648518542198872 120971.58024923999619 297.68099905991601872
1171680 45.442102233712496684 3.4376501625414701557 -20914.855691326101805 121103.40880697699322 299.92975437268398764
1172160 45.452666515162597705 3.4461770543187100202 -20873.158396743499907 121187.21381462500722 295.57267336474200192
1172640 45.463652020418500399 3.4553388369381998757 -20909.933856180599832 120999.86557052900025 297.06428826834502388
1173120 45.472346989242900861 3.4592768339151098722 -20943.143732379099674 120545.6057456080016 296.411315917066986
1173600 45.48282294549189686 3.465182791136040219 -20874.013431651401334 120777.02186085199355 296.69603851745597467
1174080 45.495152209887002925 3.4685439413659899799 -20890.250820031600597 120682.35467692000384 298.11668367601799901
1174560 45.50275494603209836 3.4724258184409100281 -20898.54342700000052 120575.97290381000494 296.60947561307398246
1175040 45.509914503072501191 3.4867243888521799455 -20921.854727369900502 121064.52170105399273 296.09473881254899652
1175520 45.517644117023500883 3.4999496567809398329 -20894.650705150499562 120908.22680042899447 300.29891979043100037
1176000 45.528620714261997193 3.5055199174519899863 -20932.661076408898225 120761.91774180499488 297.28682283240999595
1176480 45.536286333721200492 3.5116771608669901106 -20840.708723315699899 120906.56640157499351 296.90213359310502028
1176960 45.54372166743100081 3.5177708640909202131 -20865.189629316100763 120615.36635223899793 298.12399089891999893
1177440 45.550568311972298829 3.5251586044615002002 -20855.144119530501484 121000.39996538800187 296.4095260034699777
1177920 45.558769698901500078 3.5311771084664500542 -20827.678964473700034 120953.39135854400229 297.8890951188100189
1178400 45.565489997322501381 3.5362909283843801944 -20869.91059708190005 121167.4356771610037 297.31493748735601912
1178880 45.566953727016098696 3.5374582902030300424 -20920.547666722399299 121062.22898205800448 296.10326032785002326
1179360 45.567300423747099103 3.5392245828193797941 -20903.696949582699744 120754.3836433779943 296.99453918346500814
1179840 45.563554234027300538 3.5457042522594202083 -20856.396522210299736 120762.3224970720039 297.37347919962900278
1180320 45.561257492552201143 3.5542413496717100152 -20788.837872165498993 120741.51625633600634 298.12568361863401378
1180800 45.564071476987500375 3.561015235781090027 -20833.530003236199263 120964.95882862400322 298.30693590017199313
1181280 45.566893382971201731 3.5684929766407100793 -20899.689793837398611 121400.1739464400016 298.96959904052300772
1181760 45.571429358079001304 3.5696793161419502205 -21009.657642360500176 120987.29509481899731 298.15083325201197795
1182240 45.573860084672901394 3.5687455075450600361 -21083.002991724599269 120565.33464738400653 302.53296749766997209
1182720 45.577896527326302589 3.5706283516364498709 -20945.644913414398616 120653.63583701700554 295.66861765731300693
1183200 45.582353555327102868 3.5791212198139299439 -20919.508859670699167 121062.6893351470062 298.57513633670100717
1183680 45.588783680474200821 3.5927595006575301362 -20944.386017607699614 121192.05704624300415 298.25662593608200268
1184160 45.596967715550498212 3.6057426774373699807 -20944.217569180200371 120826.57064917800017 298.81869377263200249
1184640 45.606855883122300099 3.6170484024993099226 -21014.609351741601131 121087.35193269500451 296.78488697655200212
1185120 45.616704815431198483 3.6219620605790101564 -21126.376468832298997 121116.33583898500365 299.09405311211298795
1185600 45.62640535270359976 3.628073361788799911 -20958.723721201800799 120464.53728237800533 297.77817108014801306
1186080 45.638253189852896696 3.6319984093159201066 -21011.694593778898707 120680.0353100039938 296.2739972418090133
1186560 45.652088704144297537 3.6412010458487897857 -20985.962456049401226 120864.93406368400611 297.22046904062199246
1187040 45.664428046020802299 3.6504529167761399222 -20836.204627070099377 120766.26664533199801 299.36741386094399786
1187520 45.674710622584797193 3.6610772986968300735 -20891.629507482401095 121447.85979818800115 295.73859056738700701
1188000 45.683458428512096816 3.6747837076389902045 -21017.05230892759937 120899.52687685699493 298.5666172892200052
1188480 45.694558310197400885 3.6880836738015800869 -20937.042757023198646 120607.37967073799518 298.90171964664102688
1188960 45.702099603431697972 3.7000031546916298808 -21022.127772641899355 120675.46186796200345 299.79112850084101183
1189440 45.706197814706200688 3.7077134215010700835 -21026.677798361899477 121038.06048103500507 295.40190210370298018
1189920 45.712800003640602142 3.7100927934567100586 -20939.032392021101259 121031.52138143799675 296.30253846762599323
1190400 45.720191195897001535 3.7129444730924299201 -20869.259909753498505 120449.7976589989994 295.54358789995598045
1190880 45.733424188039599301 3.7225252411994498303 -20930.727783106700372 120706.10658814900671 296.79356052342097883
1191360 45.74705036640830258 3.7301240449309398528 -20798.301088776901452 120627.29960027699417 297.92428453618998674
1191840 45.762100507288202778 3.7398271667927698303 -20880.151605531998939 120917.62233900499996 297.71968646818800153
1192320 45.777377437729796839 3.7467818386565800992 -21042.770688318698376 121243.37298754400399 296.73961130049900703
1192800 45.790780860105897432 3.7541818950752801065 -21029.248957855201297 120972.48614195200207 296.67149712742701695
1193280 45.804185599082103408 3.7626908744871401247 -21072.872477365799568 120826.61754646600457 301.47070866829699298
1193760 45.815163906427301299 3.7772470453658000267 -20987.538023304401577 121137.06078072999662 298.54150194514897976
1194240 45.825377924196502022 3.7869800846125500904 -21088.596406852499058 121109.96038737299386 299.01078815220597562
1194720 45.837730832552502136 3.7959735964125900232 -21008.075040574298328 120338.13693682900339 298.14271214984398739
1195200 45.851252381807903191 3.8064387359503601971 -21074.257824581098248 120725.09946789800597 299.5847372889890039
1195680 45.863003789815302014 3.8139846487903099614 -21061.577584393700818 120922.26009281400184 298.45249708729602389
1196160 45.872942173973399349 3.8183048627945299636 -21121.038953291299549 120596.40825295299874 298.21937155431101019
1196640 45.881367740596097349 3.8212398365253501531 -21029.050564761600981 121421.36406653099402 297.55233244610701604
1197120 45.889775420152197682 3.8287534304748600533 -20904.141029823498684 120745.25566329900175 299.82838632725599837
1197600 45.90438157217670323 3.834454070331100084 -21002.976650379001512 120964.67973200000415 299.52475247051000906
1198080 45.916986549144198193 3.8384429680387799344 -21001.818388029798371 120703.38013830099953 296.14430948567797941
1198560 45.933238551438400066 3.8438408328700202077 -20939.216198401099973 121181.62446657000692 298.34693625099299652
1199040 45.950059812091602396 3.8513820303833901093 -21139.818450933598797 120673.71136860499973 299.13503917294201528
1199520 45.964069380244801266 3.8580180044454599475 -21167.598012017901056 120666.73792582799797 297.41092420654297257
1200000 45.979547943992699288 3.8686609848187800687 -21055.700006253999163 121065.33343924199289 296.80565583915898742
1200480 45.990873390672000198 3.8726408052518199732 -21069.841639024001779 121035.34018882300006 298.26973071839898921
1200960 45.999642201111797135 3.8764148362508001888 -21007.185490424999443 121064.04679590500018 297.3093097257590216
1201440 46.010752124824300324 3.8791492599898500515 -21117.447192187399196 120772.95491831400432 295.52682362007902839
1201920 46.022611162578499489 3.8816696037863600566 -21073.839422897199256 121069.17552934700507 298.86614472270701981
1202400 46.033006104247100154 3.8863830956751801438 -21170.567197512100392 120630.91827313900285 298.88954011428700142
1202880 46.044641350492696574 3.8947690874610301215 -21182.743806107799173 120956.32743460600614 299.66755452487802813
1203360 46.055758107143297764 3.9071765863230600857 -21171.523098238798411 120542.57610987700173 300.11184297837900203
1203840 46.061984952184602093 3.915066088302909808 -21195.811440903700714 120780.39842482100357 298.30341128528999661
1204320 46.072807850396202412 3.9243820500945001406 -21157.407075300699944 121080.59002297199913 297.12953993199698743
1204800 46.083327098486996931 3.9326788956337801473 -21169.793666870500601 120874.95580178999808 298.14007220200801385
1205280 46.088597337865998327 3.9420869852144999612 -21258.342113259401231 120886.93749811100133 298.09720669677398064
1205760 46.094494891809702608 3.9497632126575199507 -21137.953344590401684 121169.83117516399943 296.56437072837599089
1206240 46.105451502739100533 3.9521784659087400016 -21122.968928625199624 120716.854328721005 298.028157835607999
1206720 46.12037277938119928 3.9531639871490900084 -21115.348747168700356 120674.90185583999846 298.1636050854909854
1207200 46.131372214120702324 3.9578299498767401943 -20964.700128204698558 120713.35427194400108 298.62276664695997397
1207680 46.141963862444896449 3.9626795126652800683 -21065.320906743399973 120841.28509078400384 295.81889941389499654
1208160 46.150449011271398092 3.967762146519060007 -21064.099493710400566 121182.8244374430069 297.93583898535399612
1208640 46.162160840919000293 3.9759294956226498563 -21077.892351238300762 120905.68747976400482 295.62030677338100304
1209120 46.174572662996901329 3.9816971773540799084 -20940.686991576199944 120672.41472577799868 298.00151026900999796
1209600 46.189240591903697464 3.991227919231770116 -20990.199342357900605 120701.88266171500436 299.76726702582499229
1210080 46.206721083717297915 4.0021109180173803921 -21004.751457175301766 120949.28142271199613 297.68758705423499578
1210560 46.223967408357800934 4.0135982281806699135 -21042.810282875998382 121349.60286387699307 296.09753512346799198
1211040 46.237477450604203 4.030670076064470031 -21100.648469083098462 120477.47669831599342 298.39486824817998922
1211520 46.256385260490397116 4.0481770983830998034 -20918.411014368499309 120630.3459444619948 298.77562089360799291
1212000 46.274486044443598587 4.0593945824014401325 -21117.303946962700138 120783.04359128199576 297.20650824235099208
1212480 46.293658272573502188 4.0710711162223001125 -21094.180314270099188 121289.71207302500261 298.61199681225497216
1212960 46.310706572953797888 4.0765653223433400143 -21139.039197272799356 120937.71640381400357 298.4298983582090159
1213440 46.32844488280449724 4.0849782864884396361 -21031.851368171399372 121091.1961615409964 297.87820093122400067
1213920 46.345798545101800414 4.0932441396611398687 -21046.84251415160179 120676.70706719500595 298.44086118731502211
1214400 46.359178688188997342 4.0961995211848600817 -21071.548290924598405 120791.22930022499349 297.36632413856301582
1214880 46.371753907255097715 4.1028168426395197343 -21051.899195891801355 120871.8645051229978 297.63868287398298662
1215360 46.384906483107897657 4.1119345489574898878 -20999.241518175200326 120888.47184579299937 298.21682652360101429
1215840 46.395656757072401888 4.1210839524420501689 -21154.537251597601426 120923.66358968800341 297.76357759964298566
1216320 46.410006501299797321 4.1310980966535399972 -21164.652853764098836 120520.98924177599838 299.18687388007202799
1216800 46.426328351202201361 4.1429914192330299372 -20961.450452772398421 120489.49953834200278 296.6461090638400151
1217280 46.442854986695401465 4.1551739037238002439 -20919.135087290698721 120624.5625142820063 298.23205756999897176
1217760 46.459285886057102744 4.1613488996418102062 -20932.024136241998349 120737.722595498999 298.59912786000302276
1218240 46.472823726961401292 4.1699320407228803731 -20967.256596349900065 120859.45172361600271 295.7719070657390148
1218720 46.488696251092200384 4.1777205682466203029 -20928.433114327901421 120823.29989877299522 297.92922551321800029
1219200 46.501250844601500489 4.1855450257514901224 -21026.093922401298187 120754.61214970800211 297.50143072335799843
1219680 46.511953130994797334 4.1928556121690903069 -21076.758259040099801 120627.99394002099871 299.46270145369999227
1220160 46.526134413516402333 4.194735717307690237 -21122.94616189360022 120515.49181288300315 297.78969397653901297
1220640 46.541553418653897722 4.2012552325579601842 -21104.197169665101683 121013.76338230200054 297.3044534535999901
1221120 46.558644132022600104 4.2104053439197404174 -21163.622911755901441 120852.4979105819948 297.75263809019401151
1221600 46.574752658298898211 4.2211350162363299177 -21186.954606214600062 120823.02200932700362 296.19376028854901506
1222080 46.588699429967903143 4.229896919571690006 -21149.453018693500781 120847.54718586399395 298.03857884212999352
1222560 46.602804564461898451 4.2411613929455498351 -21116.587168682999618 120835.30696699299733 296.13647988087001295
1223040 46.61695908638510133 4.2555314097370695592 -21023.063187255400408 120561.0407459029957 298.49726363328602474
1223520 46.631734833666200757 4.2682472765171297624 -21042.20496928240027 120871.05774801899679 297.05503883355697781
1224000 46.645775462651997145 4.2762097391674895874 -21015.132079889299348 120524.14300111400371 298.37155986946498842
1224480 46.660018540569602408 4.286154806848729848 -20954.054935178599408 120438.13800864800578 296.87884991764997267
1224960 46.673476807510297704 4.2949465187572002378 -20981.460943200399925 120562.02899982300005 295.57239017792801405
1225440 46.686476903622498469 4.3004816424441596467 -21007.959395912599575 120947.64950769800635 296.17692760966599508
1225920 46.702817334557302331 4.3081712078413998412 -20984.29472725999949 121099.83316275299876 297.68389630499302712
1226400 46.71997341773570156 4.3175141898690103659 -21039.51735257800101 120658.50877591900644 298.34062023402401564
1226880 46.736526815786596956 4.3283937657408202426 -21112.034840524400352 120983.65426253399346 297.34552248068399649
1227360 46.755818686342202284 4.3445442241251504001 -21159.792631730000721 121003.47734710300574 298.78878643220201639
1227840 46.769120394777303318 4.3544924729061902369 -21085.379253430299286 121191.17190064600436 295.10584418318399003
1228320 46.781213518781001426 4.3628154423050800048 -21201.908135784298793 121029.7916119970032 297.47653327071401463
1228800 46.793598371025801441 4.369591028610479988 -21105.378089682799327 120941.52302107200376 294.82833086971299963
1229280 46.806201189827000064 4.3794345533435903306 -21110.90270008060179 121174.97140285299974 298.2300878858429769
1229760 46.817716327525602082 4.3886192179317395912 -21035.02311634959915 120573.87054987899319 299.73259226413898659
1230240 46.827079167743100641 4.3965887588045102774 -21003.871661857101572 121234.75283708400093 296.91988693637199503
1230720 46.83492512991490031 4.3996734227850300414 -21118.107416464499693 120454.35671205600374 298.57771843735798711
1231200 46.847183576707202235 4.4071931113789597489 -21051.308873766698525 120880.74579677800648 297.14540383869899642
1231680 46.866685517448800624 4.4155195033905103585 -21013.817912510701717 120903.31059093300428 298.71884964522297423
1232160 46.885424066024199874 4.4241807737146103818 -21116.774145359398972 121141.87532304300112 297.73881755813897598
1232640 46.902657295200597787 4.4307347953977895827 -21057.613082856998517 120800.23340224899584 298.31100076872201043
1233120 46.920853279919398915 4.4344791055472896346 -21132.197979004798981 120984.85013186700235 295.72605019260402059
1233600 46.941261440387400228 4.4417559850685703893 -21272.397137973599456 121036.21328979400278 297.16099925060899523
1234080 46.96161816448650228 4.4548285890083203498 -21343.619807402501465 121140.44337019599334 297.7066667899250092
1234560 46.984357919004700932 4.4666061977805400218 -21286.051692102100787 121368.97985081700608 296.51003028231002645
1235040 47.007176337916696696 4.4773727511115399835 -21242.95990589469875 120856.55109404299583 296.83525240730898531
1235520 47.029326962793000177 4.4829233620386901293 -21235.675964470701729 120972.22986702200433 295.62150285467600952
1236000 47.050517827932097248 4.4921954735532798608 -21304.236015540198423 120574.68139163599699 295.3336980045669975
1236480 47.071497540104502377 4.4972283609815901784 -21282.106938821299991 120989.29711611500534 300.93499220440997988
1236960 47.094531655073900822 4.5007409688557302729 -21338.45659679560049 120796.85274186400056 296.68156001081098339
1237440 47.119051859606798871 4.5017163383872800253 -21343.974169909601187 120727.89173498599848 297.05159856942600527
1237920 47.138249003131498682 4.5045817053477099634 -21342.118991673898563 120731.60739573900355 296.04812521151501414
1238400 47.159014450542798613 4.5098412399716902854 -21259.436822222498449 120505.96363949299848 296.42520373183901938
1238880 47.180081227144199829 4.5148038957941700744 -21373.227902857801382 120502.48451843899966 295.62671163330202262
1239360 47.202029113785400227 4.5187012866311997428 -21433.102201572601189 120711.60865712100349 296.19482663697198177
1239840 47.221942200498702391 4.5261896801576604332 -21274.996308189998672 120758.07021651499963 297.32587519965500178
1240320 47.241249920833197962 4.5300824072900001127 -21288.950222376901365 120661.32028317300137 297.86374091627601501
1240800 47.258742313575801575 4.5340158426936296721 -21284.994109590101289 120912.69132704399817 300.78501982710400853
1241280 47.281067733181899371 4.5405975376873204397 -21245.505526918001124 120743.71685070100648 296.91500700443498317
1241760 47.304923904016902725 4.5435206282909099684 -21322.554810228000861 120680.34016075900581 295.96268016257602085
1242240 47.323492954875696626 4.5478840197742398388 -21148.132488949100662 121084.26281508999818 294.66797649917600666
1242720 47.343375185066101096 4.5545807404419198505 -21131.839364600298723 121216.60714772899519 295.74216702159901615
1243200 47.362782606386097939 4.557881916613760076 -21117.298909269200522 120888.8860227289988 296.12099454254598641
1243680 47.379428706590999809 4.5664202529757895732 -21323.628957255201385 120479.5136796089937 297.75497079424701496
1244160 47.393394972210799665 4.5702288829424899674 -21454.001733498098474 120574.22759502599365 298.69995479248501624
1244640 47.408786021958199797 4.5789430421754699907 -21411.000990625099803 120685.34749433600518 298.06040121131098886
1245120 47.429443794094098052 4.5875941136496001249 -21558.011468440199678 120868.52051421299984 299.3970747615319965
1245600 47.447059286389901445 4.5925988291433199606 -21525.686320281398366 121139.02642282600573 298.53395268894502124
1246080 47.463248291121900024 4.594246210623199822 -21551.048652763500286 120871.61422258500534 296.96623892836197456
1246560 47.478033165553902961 4.5996690412784699831 -21453.241062390399748 120653.62452837399906 297.05048017808400118
1247040 47.493866327491403467 4.6036958109307200004 -21533.076657438101392 120172.47945604499546 298.19008979280499716
1247520 47.513749832480399959 4.6070738716204600038 -21535.50415677500132 120643.02092692500446 298.59577145799602249
1248000 47.535629338220097395 4.6109907359947301941 -21638.76965397189997 120876.76238813200325 297.37788119602498682
1248480 47.553864678723698489 4.6166942195250797454 -21559.110945018801431 120879.49450242900639 299.34668869886002085
1248960 47.570724083472796906 4.6195844242076198327 -21562.144691761401191 120939.58546096700593 296.29104672819698862
1249440 47.589530833558896461 4.6228473360673900672 -21555.053779105601279 120998.46032528599608 296.47512420249597653
1249920 47.608343079835698575 4.6287090576139799936 -21492.624595530898659 120584.93675341899507 295.90952693061700529
1250400 47.624856599790902578 4.6319203744275698753 -21416.46481579310057 120932.80830973100092 296.30000832736197935
1250880 47.641180733779201262 4.6371563765011396541 -21427.024761543598288 120955.51576170700719 299.6609399249219905
1251360 47.656611615984097341 4.6447498245243599158 -21557.316576107699802 120709.51271157999872 296.93113851155800376
1251840 47.674983696940898881 4.6516943114568700679 -21504.188330536100693 120839.09777538200433 297.96761640818101569
1252320 47.694892919245702956 4.6578272419541999483 -21492.426292110598297 120631.71216511300008 298.01672308335798789
1252800 47.716149332302499886 4.6674692784073101848 -21448.979132489199401 121146.12487154199334 297.61648451887100464
1253280 47.737263252541801251 4.6707752211921995666 -21500.976264193301176 120935.97721026699583 298.19407968240398077
1253760 47.755039142462798907 4.6735929888613298999 -21587.518449599399901 120923.7375469940016 299.88654813477597827
1254240 47.770401305480199028 4.681053589992600017 -21531.756541716298671 120931.71720240899595 295.58922896487700882
1254720 47.788263928571602435 4.6881704340257597252 -21548.816336555501039 121087.19536416800111 297.99889746761300557
1255200 47.801737626110700319 4.6971825587276896385 -21431.068910711299395 120809.37023173300258 295.9007933679999951
1255680 47.815108827071597375 4.7040073780085895905 -21509.706661627100402 120884.44906939700013 296.41716446593500223
1256160 47.832822955138901477 4.712734873395930002 -21355.240568019598868 120916.71622766800283 296.73773380569099345
1256640 47.85182188418600191 4.7193132605837497806 -21480.475926919898484 120487.20070328800648 300.40242307168898606
1257120 47.870454083284897706 4.7235891432923402533 -21461.450923906500975 120779.14864927399321 295.843503256184988
1257600 47.891304278955900031 4.7275375655971396682 -21568.798602013601339 120683.19090026000049 299.41762052616502388
1258080 47.910582418368797164 4.7341471862173296614 -21523.780237895298342 120779.55072115699295 296.96470144694700366
1258560 47.929333428962003438 4.7441583591480496196 -21432.796009773101105 120558.7630140340043 298.21812654133998421
1259040 47.947763562551898531 4.7483381634469603583 -21491.220811350198346 121017.75231077900389 296.49755059327497975
1259520 47.965485241602898725 4.7504886711442999569 -21492.773168539599283 120554.56267714699788 297.09363262808898298
1260000 47.983555119475703066 4.7498173970624799622 -21676.586869914401177 120600.15540460500051 297.54665048152600093
1260480 47.998716425293302734 4.7516891606523703473 -21541.696140582800581 120972.08112336299382 295.94312702350799782
1260960 48.012241237725099552 4.7579780288550601597 -21525.121561893298349 120842.67954171700694 296.53051372947197706
1261440 48.025985297924101758 4.7622672467700404297 -21485.696993325600488 120928.0954147559969 298.28445028585497312
1261920 48.041198602153997399 4.7687769566893196682 -21480.434625804999087 120802.04130848200293 299.21812220366797419
1262400 48.059562151403802943 4.7790071094940502761 -21475.705076816499059 120942.39676462300122 296.19300536553998882
1262880 48.080439641621701696 4.7843621482307998605 -21438.51777626690091 121382.02528173399332 296.81889791258697642
1263360 48.099015645807199348 4.7881698097492897404 -21372.898916410900711 120704.02522317699913 296.05652662915099427
1263840 48.117364390904597826 4.7935558710053101095 -21375.662219884299702 120445.43113075199653 298.92185241706300758
1264320 48.133012846765097947 4.8003737708824596453 -21479.398665202999837 120545.84439953799301 297.56283969014401691
1264800 48.148829336532202205 4.8110926348924802909 -21467.984710833999998 120463.76749971600657 298.1430125284720134
1265280 48.166913303616397002 4.8156722908352698198 -21515.514416356101719 120769.0661193220003 297.5109801665000191
1265760 48.186408217490097172 4.8222684882063395762 -21459.182893923600204 121020.01419082299981 297.61580336567197946
1266240 48.208451409644098362 4.8305774924157800498 -21481.894631726601801 121011.78309882999747 299.56779849165002361
1266720 48.230356406577200801 4.8361171445770896327 -21449.155732683098904 120759.13025787599327 296.73735271478102504
1267200 48.253114351984301322 4.8399254233724802177 -21426.189155163399846 120646.79669209000713 297.77646939668397863
1267680 48.274277948485099898 4.8442719570137100504 -21334.783743831500033 120968.36512125299487 297.04418643178797765
1268160 48.291804539726101098 4.8486572313015203761 -21445.217301463399053 120571.74231546200463 298.14281398176797211
1268640 48.308099881352497107 4.8481264614676096159 -21413.249019309099822 120911.99071365399868 300.36346454128801042
1269120 48.324210687875400083 4.855291694435270422 -21380.173909219200141 120822.77633561899711 296.23457303659097306
1269600 48.344011714055497464 4.8603237655223399116 -21378.578800402101479 120538.40358720699442 297.31350672420199999
1270080 48.366349329261701939 4.8669668687287597209 -21359.006609737098188 120516.46051043800253 298.09783299285902558
1270560 48.390773701772197057 4.873865503659340348 -21464.152656614900479 121220.39409277199593 297.46154017463601349
1271040 48.419218434382003124 4.8793627502068899204 -21346.103508140200574 120615.12546046100033 296.03986652247897382
1271520 48.448664160856402816 4.8844705897101299286 -21490.938304208200861 120862.09008796600392 296.33282874011700869
1272000 48.471115041900702636 4.887250701202289882 -21423.302341380698635 120857.1932608030038 298.97259803453300719
1272480 48.487397907054997859 4.8944161641193399959 -21605.930136644499726 120827.03141228799359 300.66847697516197968
1272960 48.501920282873498991 4.899864582673430391 -21589.049980778600002 120895.51390396599891 296.18083577137599605
1273440 48.519064805917501815 4.9063890843352497839 -21623.265777642500325 120467.83809588600707 298.69401389821297244
1273920 48.535123630328200761 4.9138398949507395841 -21714.615990249199967 120708.11661321400607 296.06012178960997971
1274400 48.548994443165497614 4.9137259381724902596 -21711.901661948799301 120785.1389379750035 298.13943226165298483
