Step Rg RMSD_XY E_Interface E_Poly_Internal T_Local
841200 42.88533594346969835 0.12348950359076199534 -21955.639285196601122 121753.06302831899666 296.22011471919000769
841320 42.885334491354200281 0.23570936191012401006 -21945.287122670401004 121624.45900640200125 296.94594544366202626
841440 42.885452146755298486 0.32174922591509097503 -21931.95023454639886 121640.22064318100456 293.87001659560797862
841560 42.885992769553396897 0.38781526370270297255 -21900.924494505099574 121444.20371560199419 295.67148610972401457
841680 42.886808619393200104 0.43899310139278902021 -21879.797367213799589 121671.39827898799558 294.88733143985001561
841800 42.887293492435198061 0.48166114692369699224 -22022.736396840700763 121217.82788342499407 297.72765799671202558
841920 42.887713295639798616 0.52016626755676098615 -21850.113849674398807 121185.44571267299762 297.64029676274901703
842040 42.888002171891201897 0.55233804477059600391 -21894.513887126100599 121541.70380047199433 296.61216309998900442
842160 42.888957924898299723 0.57972558018278597114 -21781.831874134699319 121578.22761880600592 295.95009701384600476
842280 42.890049646690997065 0.60208080583717904499 -21903.571154193199618 121159.76436609799566 298.39731688135401555
842400 42.891829733356999554 0.6221347916655469712 -21793.633578189299442 120890.72254068999609 297.68733504972300352
842520 42.89405307846419646 0.63866385914739698393 -21872.944217030300933 121250.9153154730011 295.88907835855798112
842640 42.895798930580397723 0.65313673964808105499 -21877.870299574900855 121254.05238036200171 297.06658555945199396
842760 42.89699766590820218 0.66821696039267697298 -21967.013369091800996 121555.93361222199746 295.99199037548999058
842880 42.898469456633300467 0.68353616996836996655 -21765.637603814800968 121574.83633181400364 294.27710449967798922
843000 42.900433941649097846 0.699589051706788978 -21880.48189514149999 121336.38384381300421 295.9584835517520105
843120 42.901833184210296679 0.71356150547202201739 -21966.456028492400947 121553.94369014899712 294.65364309739698001
843240 42.903176755514600416 0.72665757504057304494 -21887.872218739699747 121288.95240528900467 299.30063035386598358
843360 42.904586109297802921 0.73924422286379298797 -21889.053991402299289 121392.40437735100568 299.06786106500800315
843480 42.905652826332101313 0.75068496836911402514 -21842.631447500698414 121285.33077144999697 296.90361631694599964
843600 42.906877782696298596 0.75931543154110003879 -21847.504609010298736 121595.84155363800528 294.71669312364497273
843720 42.9081713305544028 0.76725602764553701984 -21885.68086551469969 121495.6882155600033 295.84957704536401479
843840 42.90999636990340349 0.77499457955964701217 -21932.687455308700009 121408.22469375800574 299.23533526170501773
843960 42.911968785478400434 0.78105329559415404006 -21949.376381302099617 121209.93763024600048 294.66869415000098797
844080 42.913937910714203383 0.78650395088957403278 -22019.655018300101801 120987.12874487199588 295.544865705927009
844200 42.915747211314396736 0.79159249229996797581 -21856.169706156098982 120942.13575516699348 298.76993652883697905
844320 42.917173167601703199 0.798057729689696016 -22079.507590060598886 121385.60207733699644 298.69937602703498669
844440 42.91812481838910287 0.80490077824071903922 -21974.403977749199839 121083.15851031799684 298.52238198695397386
844560 42.919447620517800601 0.81021605974112198556 -21996.021509902901016 121419.07291827299923 298.56520379627397688
844680 42.920942050293497516 0.81550948995626304505 -21908.050610262798727 121447.92055260199413 298.90797619691301179
844800 42.922428186785602122 0.82051376406748399717 -22013.658037636498193 121592.55544050299795 295.55095251428599568
844920 42.923671983892397463 0.82615492442027005371 -21958.732079760400666 121425.53206149599282 297.412302108717995
845040 42.924490492818996756 0.83224170312351297696 -22000.477229486099532 121806.75672531200689 295.38811121262597226
845160 42.92486909349550217 0.83733982226905201429 -21994.789104166298785 121622.87070832100289 296.99685024822497326
845280 42.924878664731899391 0.84373610856406799918 -22062.723326428600558 121721.32795887900284 298.22582819317000258
845400 42.925216957822200925 0.85059306945484802753 -22011.627637470599439 121487.41267182500451 298.50572970779501247
845520 42.924853028571597235 0.85536168488977704083 -21925.412050619499496 121531.69522205200337 298.01487702121198708
845640 42.923763283907696575 0.86087746409714205331 -21941.678692085301009 121580.23230199200043 296.6217408809779954
845760 42.922902015621701821 0.86751692430750404483 -21916.359265075800067 121537.53570409399981 297.02009502736598279
845880 42.921986584516602647 0.87253626075671697482 -21936.934935588000371 121597.72979348199442 297.81275162618698005
846000 42.921016909253502547 0.8759025130866819886 -21917.842397371699917 121866.03058851600508 296.84089717503701422
846120 42.920299008556398235 0.88142785438099302553 -21939.725749160599662 121685.17045329199755 299.32494836335200716
846240 42.919815757187201655 0.88511676492820701156 -21912.857414019301359 121840.43316819700703 296.58304051024998671
846360 42.919530904120399839 0.88906432433769500001 -21878.170977497098647 121636.50086645499687 297.70233635331402411
846480 42.918958859818602036 0.89582268932640596315 -22003.513177741398977 121444.43798793200403 298.59198210330998791
846600 42.91791712524810265 0.90154458990435804022 -21855.981672847199661 121134.09647149099328 298.70522816007098754
846720 42.917090622291198088 0.90668633502629902843 -21892.169751099401765 121345.36393815699557 299.20275215215400522
846840 42.91676664455680168 0.91218648912652799954 -22016.673337387201173 121245.05515531900164 298.46289822686202342
846960 42.916994053520802765 0.91643796548639300248 -21942.99607095600004 121453.87430046399822 297.99881033179997303
847080 42.917194265390698149 0.92093875021337101572 -22033.452746178001689 121358.1307287899981 297.52981525449200717
847200 42.916880611081296593 0.92488897301997397005 -22017.907916725700488 121390.99245598800189 298.88027335121802253
847320 42.9171781716784011 0.9291887382292339792 -21992.77859827769862 121013.82087714600493 297.96790021185000796
847440 42.917980415047999543 0.93300748507522102138 -22018.060802408199379 121187.31536261099973 298.91967408480002177
847560 42.918470731549696495 0.93534901165073303098 -22007.133653306900669 121292.94282561300497 298.45498230174501941
847680 42.918382427100496557 0.93726841633955204625 -22025.329141870399326 121402.67986291200214 296.68131515596599002
847800 42.918241685706298938 0.93720034363978899083 -21911.007599466698593 121629.46929421600362 298.91258714252001027
847920 42.919059715975997449 0.93766688741984804967 -21854.351615123599913 121428.76442635699641 298.8830456620599989
848040 42.919930795795401934 0.93938195585778094809 -21927.843535070300277 121659.39134432999708 296.0516315951759907
848160 42.920527742227100987 0.94184093846897798397 -21905.47214918570171 121237.40311868299614 298.98910810908597568
848280 42.921080880403700064 0.94419628698752500195 -22074.144114963299216 121582.81165716200485 298.34257673919302079
848400 42.921112454548996595 0.94662045096995295346 -22000.175814679998439 121581.17483885299589 297.71296414952598752
848520 42.920859772093400863 0.94852744782415499003 -22058.915406814001472 121475.44212860400148 296.85754783707000115
848640 42.920280350975701822 0.95090165814909899389 -22025.611258514498331 121649.82503897699644 296.49052124866398117
848760 42.919877170032698643 0.95356378477305303587 -22000.652925209298701 121726.32872436700563 296.16434076839101408
848880 42.919434901199302601 0.95686856660754904258 -22091.881588437699975 121476.93291366800258 296.9324670251780276
849000 42.918964993573503364 0.96079311780945197974 -21828.957339181699354 121801.15996181299852 297.25070924216299773
849120 42.918594813379499442 0.96481939658673399052 -21907.536173057298583 121570.77736536499287 298.86363879828201107
849240 42.918167450958101483 0.97043043235579096173 -21872.742430230999162 121377.92938849999337 296.83036195407299829
849360 42.918006133741400276 0.97600335184863395988 -21930.984960878999118 121329.9444882079988 299.50791612782001039
849480 42.918067336027903025 0.98158548211865204181 -21973.140596509598254 121668.30588197799807 294.06910278306401096
849600 42.917680367400201646 0.98677706958679700655 -21919.332908476499142 121480.75175501299964 297.76389331764801227
849720 42.916775311301698537 0.99129802462101701543 -22071.908649672201136 121566.18472649100295 296.96824613695497419
849840 42.915588970625400123 0.99574799494454302451 -22053.508989795500383 121107.70754241700342 296.95162899924798694
849960 42.914580838208500779 0.99974963427378404912 -21973.772393971201382 121264.6474532889988 295.49134532989700119
850080 42.913564962550402981 1.0032545625090500963 -21954.627245131501695 121266.86980209000467 296.26178332981902486
850200 42.913030186464702354 1.0065109537383500893 -21916.253651666098449 121396.36328472399327 295.625569185613017
850320 42.912575018696799134 1.0104096811587099936 -21925.785915574801038 121651.81340506799461 297.97443722307298231
850440 42.912155943644201272 1.0143193657550999554 -22009.888957283299533 121156.3354150410014 297.86626299722701106
850560 42.911871454298896822 1.018356216300970063 -21926.893675149898627 121574.88253461099521 295.12178800824301561
850680 42.911102604392603155 1.022792474460499923 -21978.194786962398211 121317.96595165399776 298.19777459648702234
850800 42.909725381567902502 1.0259303591515200882 -22016.923882005299674 121548.90806315600639 295.43901597133299219
850920 42.908762947945099597 1.0282759083120700527 -21829.529980472900206 121625.43076609900163 295.31741264213297882
851040 42.908365540148601269 1.0297059558414201064 -22000.099150260099123 121485.14157913399686 295.08381018017598763
851160 42.90854054978480292 1.0307596373508300935 -21889.154478779000783 121505.65571490500588 294.82291486477100761
851280 42.90898975156849815 1.0329002373825499905 -21958.368988825299311 121202.08825499599334 296.7977533576279825
851400 42.908484545927301212 1.0341283425548200015 -21931.908266101898334 121678.65389379000408 296.78192684517301814
851520 42.908058664197703536 1.0357043939796100052 -21864.702173682901048 121506.51944861300581 297.36571076995699059
851640 42.907795396175998803 1.0363034210991499684 -21876.615094416498323 121559.06936943800247 294.28994294020100142
851760 42.908009507088600287 1.0370334365873299376 -21803.351539649800543 121167.03417305300536 297.17256154052398642
851880 42.908395845031499505 1.0379232691752799944 -21891.672784505601157 121786.95328880500165 294.06601114491502358
852000 42.90885712675319752 1.0390872268444599769 -21891.377603373799502 121461.90169083699584 296.94039287852700681
852120 42.909107081577701592 1.0409624951893801104 -21872.35529330979989 121436.28439786400122 296.57483669657199243
852240 42.909394356517402969 1.0436935621002800811 -21865.009783107401745 121325.20871532699675 295.02521517927300465
852360 42.909852794274399912 1.0461306857959400407 -21865.291507475201797 121350.09059498499846 295.17639577497698156
852480 42.909827576040896702 1.0491871830895700413 -21803.721061636199011 120932.82832850700652 295.43548807107197263
852600 42.909552595959297605 1.0536188417538800977 -21742.452880585700768 121670.40163395200216 294.72782424146100766
852720 42.909246850043899713 1.0569277737642199799 -21824.548172208298638 121263.39324150499306 296.42442447603900746
852840 42.90961971915780282 1.0600587145155699886 -21920.356152711101458 121382.30416334500478 296.66268147310699987
852960 42.910330600534500434 1.0626342143615499225 -21913.066669609699602 121277.1105299040064 296.37025310885098861
853080 42.911207496971599085 1.0643394853026100222 -22069.324494978500297 121535.10284914899967 295.82772545709099177
853200 42.912190385531296499 1.0669408556130499655 -21958.09347726210035 121140.81963384100527 296.34597014851698304
853320 42.913636049498599334 1.0690592490158499217 -22115.227156275599555 121315.77322706699488 298.6102297778979846
853440 42.914600834769501603 1.0710254816237700926 -22041.829538255999068 121472.47989099800179 296.30097197421798683
853560 42.91549210566220296 1.0729148127926100287 -21981.716196792298433 121939.66779839899391 294.58451486894699656
853680 42.916212293449703452 1.0750039489159499695 -22066.349439085301128 121604.29027794800641 298.51788051598498441
853800 42.916523266847299567 1.077328022850460032 -21935.921987407400593 121808.8142383069935 295.70927429229197969
853920 42.916671768496996719 1.0817586250755100163 -21932.425873744399723 121141.21660888899351 297.28040783424802385
854040 42.916854604640697346 1.086525875562629917 -21988.578361526699155 121542.24361953100015 295.59374743528798035
854160 42.917248627048898868 1.0897681674245600636 -21956.925975506801478 121545.91660660599882 296.45927094817398029
854280 42.917734538641596487 1.0933175519747200255 -22014.603441711300547 121504.84748716400645 296.51587727466198885
854400 42.918181235772799198 1.0968412188434599752 -22001.521563090100244 120764.95558648799488 296.5006578938949815
854520 42.918975746194398369 1.0991532325808999193 -22106.637072363999323 121308.79111236300378 294.48340408696998338
854640 42.919966127150402713 1.1010644983973800759 -22006.507995864900295 120911.11860945599619 294.28632973923299687
854760 42.921149223815802998 1.1021065992248300081 -22063.835366992600029 120849.35425318700436 295.56983681843200884
854880 42.922688360047601464 1.1025331885288400802 -22113.540122891201463 120794.5456111819949 296.58525541082502741
855000 42.924129203838496949 1.1028110023071799883 -22097.770402118501806 121346.16144254499523 297.24007988857397322
855120 42.925660859691099347 1.102323562680260105 -22002.912611247298628 121196.09585149299528 295.988581680332004
855240 42.927120151139803284 1.10240920982743007 -22012.073779485901468 121648.04411636899749 295.04352630809501079
855360 42.928847764776101315 1.1028960022580500677 -22008.966411734498251 120850.80415980599355 296.43125630136199788
855480 42.93059132338199646 1.1038319520556900688 -22039.496486739801185 121044.15432066599897 294.091492206721
855600 42.932574819031898983 1.1042305620150800749 -22127.706863120700291 120793.08574100400438 294.93373270130598485
855720 42.934512308984999152 1.1051227013731199644 -22005.95629679979902 121143.65108846400108 295.02889951245799693
855840 42.936573096272297789 1.1058447036804699426 -21958.932874018100847 120899.66721268299443 295.19679508713301175
855960 42.938415161899300188 1.105993535368070102 -21917.908850192099635 121251.68240868899738 293.65926321389201803
856080 42.940037023973196995 1.1064142016231599541 -21959.687503931600077 121476.85562699500588 295.08709724203600899
856200 42.941481368851903255 1.1064015945140999175 -21982.313651037598902 121595.2982202120038 293.99540006667501757
856320 42.943155747409896605 1.1075617577743299691 -22077.304904557298869 121235.18793802200526 294.87635447679002709
856440 42.945235321581201049 1.1094065330376299272 -22017.192569784601801 121641.41903320599522 295.36744233318501074
856560 42.947745392721202506 1.1117748627369499204 -21988.622249608801212 121570.83251730499614 296.66557802854902093
856680 42.949970318757202392 1.1151831356356600722 -22012.617861511800584 121315.87943954499497 294.7170707410539876
856800 42.951390009080000709 1.1176208818913000442 -22027.319894794600259 121602.20912174599653 297.21686630178697897
856920 42.952384765961802771 1.1200854482682600644 -22032.168280610898364 121654.22916148199874 293.08111459447502511
857040 42.953521400496498472 1.1228431076945999401 -22013.258679201098857 121715.6855530890025 294.24167231801601474
857160 42.954866264726199176 1.1263496472643599322 -22117.707539386799908 121431.15677229799621 294.4016012853720099
857280 42.95629966942779987 1.1280965650113199406 -21992.618673968401708 121644.91627844600589 296.20821807607597975
857400 42.957908214467202868 1.1304157574408100206 -21986.938824567299889 121263.3668330609944 295.77659968917498645
857520 42.959871474847702189 1.1324621939524799341 -22125.934422722300951 121125.66536415199516 294.61245906198001876
857640 42.962260887978203527 1.1346886731306899954 -22065.480043799598207 121286.5679367010016 295.57860193371101332
857760 42.964553131836197508 1.1380329400847499777 -22047.840617336500145 121253.24473349399341 295.82017263477098368
857880 42.966773574196899688 1.1409552462200800438 -22119.823020003801503 121353.36666074900131 296.07757122343099354
858000 42.969145849244100077 1.1441736623404099582 -22026.91152310149846 121249.57565383300243 296.90623597586699134
858120 42.970779845984502288 1.1465276672366000454 -22003.630300590099068 121822.88798614399275 296.09485348312199449
858240 42.971897833032400627 1.1481152115830999261 -22003.015575772700686 121390.01727610900707 295.08393144570601407
858360 42.972524601418697898 1.1507300030645399858 -22066.006091806200857 121428.63250130800589 297.53611090051998644
858480 42.972794073527296632 1.1532876863225600683 -21998.292585430201143 121518.94503417299711 293.28683020212702104
858600 42.972823590404402694 1.1544181268664599482 -21961.236220429400419 121224.3862859410001 295.35778823843799046
858720 42.972778845558202931 1.155500556300250059 -22012.355630744899827 121107.63889347399527 295.43598398449302067
858840 42.973151503783100225 1.1559126184618000455 -22110.627778846901492 121365.59997740399558 295.02379365181297999
858960 42.973932397916499326 1.1579336999099800742 -22164.965505218500766 121465.93553560499277 296.75079587154300498
859080 42.97528445643069972 1.1593926914568699615 -22106.695276171099977 121585.01718454400543 294.67241153225000971
859200 42.977333792913100297 1.1607260742557699018 -22103.483176683701458 121773.51829070100212 296.18543616331498924
859320 42.978945782130999476 1.1631302950628599202 -22011.4870469132984 121331.59944468599861 297.07607068594597877
859440 42.980049902605500733 1.1663897998168499814 -22058.514372647201526 121193.75454475199513 296.28954117943698066
859560 42.981437711172901572 1.1697506206230698922 -22103.629564193401166 121462.74231630700524 295.70530658570402238
859680 42.982738475930602817 1.1739841918923199504 -22006.504827302298509 121621.85827131199767 297.80236716307598499
859800 42.983537588754899161 1.1776857991480200738 -22021.500931768401642 121409.26965500900405 297.07747712358502667
859920 42.983913530814000126 1.1809156188695300038 -22002.876315204099228 121749.75649166900257 295.18433179284198786
860040 42.984104056542498995 1.1825103435033998966 -21968.843435730199417 121532.77339409799606 297.64997988695000686
860160 42.98428471854280275 1.1833306667460399275 -22044.644392876198253 121233.08900550499675 295.48801689272301019
860280 42.984877128701796778 1.1839555247097000024 -22058.727890650101472 121450.44396205799421 296.78932056857598809
860400 42.98586269187880049 1.1860126455526500688 -22008.871644151498913 121993.89638332100003 296.22339148053600866
860520 42.987233640557199976 1.1868388655579800162 -21986.626655164098338 121318.03393595200032 295.6787460231569753
860640 42.988848962147997668 1.1880311416463100738 -22006.598515418700117 121274.42971982200106 298.00155123796400858
860760 42.990456190857400998 1.1904582376131300769 -22058.977705097699072 121494.80225857600453 296.33704945031399802
860880 42.991740126552898005 1.1929887408838200091 -22035.563582266899175 121413.22627639799612 296.95906934661900323
861000 42.992724585295796658 1.194482266762090017 -22004.906352611400507 121153.37007723900024 297.31989629920400375
861120 42.993307454479300134 1.1969500926408800368 -22021.037400094799523 121635.06236492500466 294.4441990825899893
861240 42.993408305860597807 1.1994116227992399626 -22014.246465254698705 121254.44729032399482 296.34908048082797904
861360 42.993456959928799677 1.2004018143782999584 -22125.824609399998735 121423.20713143200555 295.52237225107700169
861480 42.993748163955899599 1.2025887543517299605 -22060.815982344600343 121519.86261412099702 294.57660237613998788
861600 42.994148001599100439 1.2045302996482600832 -22090.165173467601562 121496.93323332199361 294.35968147120200911
861720 42.994118147633798799 1.2049713921926898941 -21934.660953490398242 121490.53698652499588 296.39985194605799279
861840 42.993792350898502264 1.2049171856977600736 -22084.665891075601394 121543.45258346799528 296.9607942621630059
861960 42.993422252297399666 1.2050834047056100395 -22040.852669198498916 121685.3980291869957 296.21871615918797715
862080 42.993903558532501563 1.2044899250388900747 -22110.165675634598301 121627.60059584499686 294.72612919137100107
862200 42.994765990222902019 1.2055087465770899513 -21941.141112813198561 121248.79534023000451 296.84223818394099226
862320 42.995897942688301896 1.2061556176046699385 -21996.957593071798328 121481.07119230300304 295.73171045960901893
862440 42.996741314284399493 1.2082185382605399315 -21956.154832468000677 121556.99405589999515 294.75189462520899042
862560 42.997843679246997795 1.2099651931908499414 -21958.617858008001349 121373.49734685600561 296.46569658087599919
862680 42.999041698640603215 1.2118286174419099499 -21937.668465903501783 121431.08753954200074 295.66442595604900134
862800 42.999988509077297749 1.2145532131466501014 -22023.949423099598789 121370.47745697300707 296.34691896493501417
862920 43.00078396764399713 1.2178487104165900412 -21879.870983401498961 121235.56329216599988 297.25679633864700691
863040 43.001589354537500753 1.2195543344562900234 -21889.182502680898324 121403.69798198899662 297.54183998325197535
863160 43.002453824342197208 1.2204453058480999594 -21913.250885720801307 121402.79078866400232 297.77348136717802163
863280 43.003374244682497363 1.220459155120340089 -21984.708872415299993 121080.9409843589965 297.60443894529799991
863400 43.004302883616702502 1.2209747332291900346 -21921.644778624398896 121292.88979364000261 294.24907900267402283
863520 43.004791357911699379 1.2219146017343800459 -21953.347625752299791 121637.23456735799846 292.6318071549690103
863640 43.00518971654989997 1.2224242371731099954 -21972.265135631598241 121302.32391743299377 295.50755728127700195
863760 43.006384181107399911 1.2231468960196900664 -21918.274349521499971 121417.45435139800247 294.87307040078798082
863880 43.008044374795403542 1.2244360100894300381 -22009.774960266600829 121492.54396846800228 296.64221638137200898
864000 43.00997796499760284 1.2252871123993700486 -21884.535503913499269 121296.81398234800145 295.46324241537598709
864120 43.011466964454101003 1.2269988052935099088 -21882.562562181599787 121106.59863861599297 297.04363088533102655
864240 43.012215455287297061 1.2291393758953599313 -21912.922464477200265 120803.06564428200363 297.51079255447797323
864360 43.012023896040702198 1.2311612772787599024 -21847.891610200600553 121567.00424668300548 293.63888492144400288
864480 43.01067981411730301 1.2333859217855700496 -21899.859122475798358 121347.36068282400083 296.20118173257202443
864600 43.009496962942897369 1.2336027802164000189 -21839.575586790499074 121339.1045539189945 296.90274559022600442
864720 43.008627338287197972 1.2336317494950999052 -21743.123244312999304 121368.40696230600588 296.42059790160601551
864840 43.008319324999199296 1.2350731435961299631 -21782.785263692199806 121543.37965018200339 294.11144059639002535
864960 43.00848706830259971 1.2366822757001501021 -21786.695874514400202 120969.03572503800387 296.19582068233097516
865080 43.008918488508399491 1.237805527753929935 -21706.959986132198537 121329.13520426899777 295.96708265188897258
865200 43.009494610357798194 1.2376555778598499202 -21749.300280028000998 121255.17272448500444 292.67162025000402537
865320 43.010283322720098909 1.2381370843199199783 -21713.377608345999761 121298.7066875360033 298.48111863149000555
865440 43.01171749763769725 1.2388324804022299297 -21865.766838610001287 121087.52255750300537 295.46029441975400687
865560 43.013405982679302042 1.239250958885850018 -21777.514614918400184 121150.12639431000571 293.70473353954599816
865680 43.014755068246500969 1.2407363334953700473 -21690.860909710001579 121377.12188244599383 295.41110553765997793
865800 43.015753464190602529 1.2413860781362200392 -21727.574985948998801 121042.488703807001 294.38701914573601925
865920 43.016976680859301041 1.243481119589550099 -21782.934073751901451 121211.61396558499837 294.82389945661100228
866040 43.018619838895297391 1.2451548496730699966 -21761.850427823901555 121580.14435281099577 296.63929536082298455
866160 43.020548164547101067 1.2454641804641499725 -21887.602352397501818 121657.87879726299434 296.11298563604697165
866280 43.022048194457802595 1.2446088942215800532 -21751.634497654598817 121368.62421525199898 296.29448751271297624
866400 43.023690965294697719 1.2434448552986800962 -21845.661802823098697 121282.06488664199424 294.84610286339699314
866520 43.025746991136600172 1.2435254314057300196 -21849.318153696098307 121187.80831294099335 295.27589732510801923
866640 43.027847443889200463 1.242744356894470048 -21888.958945403901453 120959.17662668600678 297.21371709837097796
866760 43.029761656715400875 1.2438876027929799406 -21861.557631647898233 121224.22411708299478 297.43480766889399547
866880 43.031487531801900559 1.2466971551723200484 -21761.590030274499441 121130.63980487000663 295.38852668181198169
867000 43.033391486560802264 1.2468281627329200756 -21775.22692583080061 121648.75722504900477 296.25094296883202105
867120 43.034710799689499083 1.2472740107171700341 -21836.481923448500311 121735.00774651300162 296.18810705214400514
867240 43.035820759063497576 1.2478871921879699514 -21781.103715274199203 121687.7799903319974 294.13075854128402398
867360 43.037192760533599767 1.2478048925366900246 -21809.153865844898974 121901.76159211900085 295.11589943483699017
867480 43.038721727046699073 1.2482487205159300547 -21734.794426115800889 121373.19736361999821 296.20749875345399005
867600 43.04035156077009816 1.2484411316889600929 -21881.759829597500357 121810.2614362029999 293.55868167591597739
867720 43.042719634806303475 1.249899653300349911 -22002.072869519201049 121136.59497360199748 297.44351259028900358
867840 43.046034213155699888 1.2512533642931600308 -21903.579703095401783 121771.90403903200058 296.05304709172600042
867960 43.049815436428097826 1.253487290902060014 -21955.46406885900069 121507.06945937899582 297.24621994485397636
868080 43.053282988636397022 1.2553286969430998976 -21893.84546948749994 121864.99661812699924 295.40937484877599672
868200 43.056523851225399824 1.2569644595357301053 -21976.258430632700765 121424.9759939009964 296.12826555410902074
868320 43.059758716988099536 1.2584279328561400746 -21925.083711627699813 121872.13952047399653 295.71993966784600616
868440 43.062851821801501728 1.2593111218342800672 -21904.375396645500587 121328.56800828600535 297.03678447982099442
868560 43.066116792762798582 1.2620496477794800327 -21871.671041928799241 121454.03225789399585 295.85096925693699177
868680 43.070026208541598578 1.2627631046916298896 -22008.236691300498933 121284.55207096099912 294.94584640692499988
868800 43.074101969704898352 1.2631962818249200531 -21846.982108666099521 121518.80880962900119 296.18789613993101284
868920 43.077532210173700378 1.2627644198907199691 -21769.071221640999283 121295.12915043100656 298.04520434550397567
869040 43.081322406577697848 1.2611752591360299025 -21763.486142422301782 121374.72952372899454 297.94477871095398314
869160 43.085271231770903455 1.2601442681506800358 -21799.590331097901071 121483.04053240999929 295.82105915934801033
869280 43.089398084402098732 1.2601443366283699987 -21841.273620175099495 121758.58219233699492 297.3711017757340187
869400 43.093866278231097056 1.2602209641144599406 -21835.880734596001275 121111.85338421299821 296.01802766897998254
869520 43.098428360652100366 1.260783089905809895 -21811.046344157199201 121166.06208084200625 296.06096944749299382
869640 43.10281013099699976 1.2621698998723300811 -21785.244789734999358 121213.55476766999345 296.93032126830701145
869760 43.107219422181799473 1.2624463550770899101 -21772.225332455698663 121639.82312925800215 294.32643015958001342
869880 43.111763955788198643 1.2612872767568399368 -21752.300607181299711 121164.44728428199596 295.96467440056801479
870000 43.11623192936040283 1.2610857814616001082 -21831.549976914800936 121527.6161883790046 296.26443795444697571
870120 43.120462987388002318 1.2611851553757100763 -21854.384320724599093 121229.58551901900501 297.97694559027002015
870240 43.124799450858496641 1.2622984427483701086 -21937.330319670800236 121535.78628994899918 293.17972033428702616
870360 43.128688007311900776 1.2641870948982800726 -21790.950574979899102 121413.18628826699569 296.58607697107601098
870480 43.132521193083398714 1.2658384336703600859 -21854.99048699350169 121359.77503622599761 295.77470235252798147
870600 43.136481726002699588 1.2674201964132298937 -21735.680931524799234 121069.15763882300234 295.92499104978497826
870720 43.140521758542497821 1.2704171744803300914 -21811.304617529898678 121332.03302801800601 296.12964481515098214
870840 43.144672517355800778 1.2717580196149300686 -21873.28338945699943 121359.45287777400517 296.48047637953300182
870960 43.148769399935197555 1.2735010808882301081 -21849.32249640470036 121535.32397481800581 295.46212560022200933
871080 43.153327557914302304 1.2751725214121900631 -21848.257706828000664 121798.85204423300456 296.37615030384097281
871200 43.157370591120098879 1.275778439222839955 -21840.542913646298985 121466.70682288099488 296.92695971821598278
871320 43.161490117678702916 1.276262530001009976 -21826.22762541550037 121784.29111187999661 296.91139403402797825
871440 43.16553100992069858 1.2776438515463099943 -21732.887286434601265 121365.12187103100587 296.91023729824297561
871560 43.169520858680201059 1.2771867470824800339 -21669.223454128201411 121797.75984697199601 297.3158375138460201
871680 43.173636847830202612 1.2770781870737000219 -21750.410732416599785 122059.53458759900241 297.06965933014600978
871800 43.177194385814900102 1.2775487971414301036 -21636.222827068999322 121575.84525771799963 296.97701402817898497
871920 43.180055157680001798 1.2787791535914800889 -21729.696344194398989 121562.82227379499818 296.97883679352298714
872040 43.182458968416497669 1.2797732921709099596 -21794.185327968199999 121625.15246106599807 295.17631180420602277
872160 43.184339544883400208 1.2800231087606899205 -21816.098072174001572 121296.28019677799603 295.34743420202698871
872280 43.185919547626497206 1.2814110617929299618 -21719.603918742301175 120957.65321074100211 296.24525968133599463
872400 43.187612197147998927 1.2842332320167200166 -21679.592483789998369 120999.82730103899667 296.13369859630398651
872520 43.189839180004497621 1.2861907126019200831 -21765.96270702450056 120850.17552483000327 295.76325014342899067
872640 43.192496120446399743 1.2869088673459601058 -21678.357287654700485 121157.78582618599467 298.6092680449199861
872760 43.195097855210903504 1.2862281789763398976 -21703.36948054649838 121146.99923743300315 294.02658244574098489
872880 43.197502026376902506 1.2852132670231599665 -21653.939856059201702 121201.98727261800377 295.46458727308902326
873000 43.199330358206402991 1.2857276938643800168 -21781.764671917400847 121151.82526875399344 295.23615082878001203
873120 43.20168745485260331 1.2844238429662599987 -21841.241230257601273 121328.71624375699321 295.62101947694799264
873240 43.205030566188099783 1.2830928163414900833 -21742.244246359601675 121367.21821276399714 296.72546304093697245
873360 43.208904526568900906 1.2838098292306399095 -21756.509183223901346 121794.1616725740023 294.63232676438502722
873480 43.212617188452597361 1.2845262822524901036 -21766.136578702200495 121239.47685967400321 297.77219499546697534
873600 43.216012820048696597 1.2847825513410500164 -21743.958471305501007 121134.41435060799995 297.06183560477001038
873720 43.219431126887698724 1.2867668246159000844 -21750.186903155801701 121378.8612968929956 297.89501280050802734
873840 43.222201094374902652 1.2875255149501199092 -21802.771626504400047 121668.9465953809995 297.05166844628098488
873960 43.224944344360203274 1.2867330687734199746 -21781.012042183898302 121469.57918943899858 298.044790165661027
874080 43.227887189680096469 1.2876386016026999393 -21695.463736107900331 121804.55395236800541 297.50052905873002373
874200 43.230816632887801632 1.2897376287317698917 -21698.866810107898345 121691.29880720400251 296.16201546859798555
874320 43.234280793929301012 1.2919412304128299329 -21636.678175318498688 121672.16536314999394 298.00772094209202123
874440 43.237760899109602519 1.2952858288004800436 -21716.768439714898705 121879.21584531400003 295.85208584760397343
874560 43.241044209795198583 1.2993728517804399303 -21652.514853696298815 121891.55746547899616 295.61767049706799071
874680 43.244529762341102241 1.3025757273743099329 -21696.654861708000681 121409.95225293000112 296.48692046943398282
874800 43.248296072198996853 1.3042240885349500878 -21752.763078843399853 121796.02291540200531 295.5714579793209964
874920 43.25175940895019977 1.3058893668293500845 -21786.897224417600228 121608.71550158500031 294.35001111353898295
875040 43.254723027705601623 1.3072491385362499106 -21737.518987640400155 121684.80183473500074 296.37758293679098642
875160 43.257624225287102604 1.3105850398224199171 -21614.343460866999521 121553.20884639699943 296.69585091146399236
875280 43.26035533431250002 1.313849599524379963 -21649.67373899390077 121762.43749686599767 292.87046657997598231
875400 43.26269879003049823 1.3163640514591599118 -21733.043627200298943 121552.13616600900423 297.97220608280298393
875520 43.264721861534397362 1.3190482118921800225 -21753.628223414500098 121188.18819759300095 298.58677222461102474
875640 43.267052736324401963 1.321006209772850104 -21695.677934152601665 121480.28441083799407 294.27822756870898502
875760 43.269186500622097924 1.3218005143843198912 -21759.615428097200493 121055.57603070000187 297.13334642116302575
875880 43.271208011143301064 1.3236992910762699349 -21794.656455493899557 120780.58563610899728 297.51179173445501647
876000 43.272848602182499178 1.3270391838690800412 -21847.74472954760131 121495.192591893996 295.10261748445100238
876120 43.274528938508801446 1.3301976525380199146 -21759.061961512099515 121210.27468470699387 295.88353299482099601
876240 43.275796128788698525 1.3320579921429300807 -21794.848965288700128 121197.96038418599346 295.66676591429001064
876360 43.276750152003899075 1.3336114899613100704 -21728.444884346899926 120938.73938046500552 298.09108103660099687
876480 43.277970038608202685 1.3361262371290900663 -21756.247063897299086 121377.05413875100203 296.19403274339197196
876600 43.27965736545269948 1.3383667855877698916 -21830.078818373400281 121258.0611975339998 294.40918260758201086
876720 43.282120307196400688 1.3401474534215800372 -21743.065440254700661 121592.6369880179991 294.90501627063497381
876840 43.284668220524203264 1.3417060773464799528 -21701.883560417998524 121222.41372672900616 297.37021859296697812
876960 43.286807025443998498 1.3434496341272899045 -21716.538195932098461 121422.07445415700204 296.28009013638200031
877080 43.288871129477200839 1.3445612313159600593 -21661.906753604398546 121421.82391004500096 297.23649422629500805
877200 43.291023434233700584 1.3477612051049598918 -21552.785080234800262 121485.51621848999639 295.94769856079398096
877320 43.292713411429502912 1.3502440505550898919 -21595.541813100298896 121483.05784923100146 294.68113342475800209
877440 43.294638618250097295 1.3530638382745299175 -21588.638103692199365 121593.22338691999903 296.39281191200501553
877560 43.295865612742503004 1.3556735450716399516 -21638.396281199100486 121428.36178493899934 296.77656016333298794
877680 43.296384772921001627 1.3573312425497698896 -21554.254704912200395 121379.55112977800309 296.1669697422719878
877800 43.297161885072497967 1.3595904761897898982 -21631.318366262101335 121582.84358606000023 298.19424165628402079
877920 43.298082380406597736 1.3623976096607999242 -21663.415651097198861 121633.85222688899375 296.93681272505500601
878040 43.298991451511199102 1.364135089601659967 -21647.432852505800838 121005.1946608510043 294.41267410427099094
878160 43.300300982758898272 1.3675091707347000192 -21464.522037314000045 121370.88133303000359 296.0066612529120107
878280 43.301855120079402184 1.3698838425463299995 -21527.714042255498498 121160.88070590500138 296.97527036149597279
878400 43.303627299610703005 1.3714714581874198895 -21535.501414063099219 120965.00940041099966 296.05270277040699511
878520 43.305528000217996976 1.374412926563850057 -21493.148250664300576 121337.56057993099967 296.729980084016006
878640 43.30760883362339797 1.3752136432691399737 -21648.155674677000206 121176.60512676500366 296.20060471358999621
878760 43.309235686826099254 1.3751738613330999339 -21645.682127058898914 121243.95148221199634 294.03914040664199092
878880 43.310931613125397632 1.3770863870820500008 -21580.94618889189951 121411.47090610100713 295.23849436257700063
879000 43.313300183281000955 1.3774555100222400927 -21546.74496422069933 121353.0980439910054 293.19774434785500716
879120 43.315787491589901492 1.378058587806590074 -21567.340909807098797 121344.43781032999686 295.45917145246500013
879240 43.31866902208089698 1.3777952025839499406 -21554.161553781701514 121510.25249620800605 293.25443057724299933
879360 43.321775870159697774 1.3767450281199700157 -21535.950237785400532 121388.46105387499847 297.80271059650402776
879480 43.32523418280659655 1.376537628098380095 -21536.579922774701117 121498.15094245399814 295.74374388134202718
879600 43.328560257037501913 1.376075987692789937 -21596.26410446959926 121828.41823637399648 295.88856612512199717
879720 43.331317498000601063 1.3760005810093800527 -21476.781237523500749 121538.05956533900462 295.16733996615499791
879840 43.333943432810698937 1.3750221148309500485 -21559.122893257001124 121528.80309582200425 292.95091758068400623
879960 43.336808730196700878 1.3732804247234700057 -21583.307959884899901 121011.17041180600063 295.79077904483000339
880080 43.3402793453497992 1.3727080425850999301 -21527.814268536199961 121417.6424984500045 293.19249091589500722
880200 43.343709845295201433 1.3718034446883200506 -21658.554339711499779 121414.75516264300677 294.1375269722569783
880320 43.347273638980901467 1.3708491679671899188 -21552.561167976400611 121291.23965929499536 298.29926746043599906
880440 43.350814055930598556 1.3705041751843800579 -21674.76601645359915 121429.17015685199294 297.20312026524999283
880560 43.354709821793896651 1.3713891391066399539 -21498.536179064900352 121563.02674254600424 296.74723732275901966
880680 43.358796282158500901 1.3730056757486299723 -21591.584990604100312 121542.35515538000618 295.05339093638497161
880800 43.362357956445798379 1.3730463723443000479 -21507.623898307698255 121701.13242352299858 295.87201933857602398
880920 43.365376208784802259 1.372651187966489994 -21561.485431527900801 121397.91427006499725 297.02991263491998097
881040 43.368245430910000948 1.3724803313471700683 -21459.856739090599149 121695.04489849999663 296.24719019471598358
881160 43.371229598963601859 1.373908457338870015 -21456.912404230199172 121280.49619741400238 297.32635333789602328
881280 43.374429192377597531 1.373157706850890003 -21529.068347047599673 121695.645810668997 298.26154212037602065
881400 43.378003318807699884 1.3734184198258099219 -21565.706505814101547 121366.62516579900694 296.16641174189300045
881520 43.381132525371199904 1.3735346570976199043 -21588.684068955299153 121584.59792133700103 294.76853582592599423
881640 43.383611438601299426 1.3730315686368399497 -21491.032398212701082 121535.8383545819961 293.72421909145600694
881760 43.385664606170202262 1.373519071814730097 -21532.65260685640169 121540.14072115000454 295.61494872722801119
881880 43.387598212461398361 1.3744988280652099544 -21569.97877736800001 121325.52731158300594 295.79623124764998465
882000 43.389310435550498823 1.3748409075267500334 -21631.486356208301004 121517.66598281900224 298.72893892668400895
882120 43.390902003827299893 1.3759698394123200949 -21506.841034179600683 121475.05685799999628 294.87947765841198589
882240 43.393064246853299437 1.3772138036136400974 -21529.961249805601256 121650.1863922640041 299.18294218011300245
882360 43.395076417074399444 1.3774287098016300135 -21551.202202281099744 121205.24139047300559 296.64100520172900133
882480 43.396609770205998302 1.3780630986265900439 -21560.615306045699981 121538.20248651999282 295.94129346972499661
882600 43.397584388339701889 1.3785662943692300608 -21608.446472928098956 121224.02946153699304 296.39586029547001544
882720 43.398270142736897981 1.3778241637431900557 -21530.065790214899607 121454.03536180799711 296.93820748521699215
882840 43.399166044984298196 1.3783857677009601073 -21504.382980258800671 121666.54651825799374 294.70564507224798945
882960 43.400143368683302469 1.3783489189801600983 -21505.547731834198203 121691.98005403199932 295.40330536425301489
883080 43.401351427597596455 1.3783087241903200226 -21552.355308886199055 121086.40447639000195 298.27962659968602566
883200 43.403207455701000583 1.379901025323690078 -21517.476294215299276 121551.3518379869929 296.09027711248398873
883320 43.405353148106399885 1.3801835761509699818 -21596.526496364200284 121323.30827542199404 298.65569732598902419
883440 43.407483494299000881 1.3804450588579999515 -21473.352288545200281 121854.23198164699716 295.5383557583609786
883560 43.40957987213710112 1.3804280068184600072 -21576.979438951999327 121342.46339564899972 296.96817586708300496
883680 43.411828312416702147 1.3808422220341400877 -21561.163356804900104 121924.74587259399414 294.95039979859302548
883800 43.414321495522301575 1.382017020474179958 -21576.219012451598246 121538.11568114299735 296.77000771195201878
883920 43.417186823174297672 1.3822638121609200912 -21458.342784318101621 121880.3459417779959 294.58050799007901333
884040 43.419795276655200666 1.3819887199478100293 -21590.280054302998906 121279.41430168799707 295.87119576088099393
884160 43.422266246330302408 1.3805359486153399029 -21578.817664298301679 121561.99258146500506 294.50225131782701737
884280 43.424941702049899561 1.3789214770578599456 -21540.313183171001583 120804.56975051100017 296.31536354135897682
884400 43.42790138566650171 1.3786287440198699006 -21580.802197830798832 121592.03194892499596 296.09816044374997546
884520 43.430887572589000456 1.37787114097968999 -21486.771548462500505 121236.98093673300173 296.63864413102498929
884640 43.434202917714898717 1.3780041796224000716 -21550.214600982399133 121699.01258901800611 296.29763018172297961
884760 43.437584536136199631 1.3788184154046299046 -21492.59369077250085 121270.36463312899286 297.15813963086998228
884880 43.440491412573699392 1.3791952074752000801 -21574.481163316700986 121613.91285413000151 294.74319185687198797
885000 43.443055856120402325 1.3786180313522100604 -21390.259504673100309 121384.77440353500424 295.38088288228402689
885120 43.445478532353099865 1.3802455440157999078 -21549.058916085501551 121630.52789435700106 295.78548685513698047
885240 43.447357855157399342 1.3825878531488400291 -21396.579111933398963 121116.66532194899628 296.8158566528319966
885360 43.449212297333502875 1.3842180161839199304 -21413.092646730299748 121622.29257332900306 295.8418752352570209
885480 43.45115708652450337 1.3859934947942100791 -21426.525028724998265 121390.78430133599613 297.70154452116901211
885600 43.452843565527899727 1.3881603973368499272 -21511.900455641098233 121592.07257752399892 296.30703593147399033
885720 43.455000541826898086 1.3906274000881999608 -21367.120097493301728 121306.7290735860006 295.46227094583701955
885840 43.45712629364189894 1.3921879847672800068 -21459.49279022850169 121323.29649079499359 297.39967493348501648
885960 43.458922390467002117 1.3941499221877999837 -21412.910209244699217 121176.8001118760003 297.31838551902097834
886080 43.459895137218701677 1.3961128466439500784 -21491.475938955398306 121641.53942155900586 295.6027071062540017
886200 43.460398624910503429 1.3974383837629600347 -21449.055409049498849 121262.40743308499805 298.5236142628180005
886320 43.460832886368301331 1.4001741409941699246 -21464.180832528498286 121691.46565228000691 295.70662993338197566
886440 43.461182943333000139 1.4029377719125200041 -21456.965517154698318 121300.0369362509955 294.74164538019300608
886560 43.461786944882902617 1.4039913870573998977 -21488.948848373100191 121471.75496739399387 298.22331861865501423
886680 43.462741722817398227 1.4077426179087300095 -21484.831202906800172 121283.55033288900449 298.93172711929599927
886800 43.463881895473200245 1.4123060524676800398 -21478.696790111600421 121867.19666665399563 296.31426612465799053
886920 43.464999725299001909 1.4137820193953098968 -21441.339132906199666 121539.81460429300205 295.95212303997101344
887040 43.466679101036000077 1.4149991091456399772 -21504.209355725099158 121396.74770144200011 296.61206956143701063
887160 43.468626342562899367 1.4163827042950600799 -21395.069765235701198 121084.69818438899529 296.62621038591100842
887280 43.470693166826499976 1.4171347734838799504 -21402.337139965598908 121326.12559940099891 296.864032111049994
887400 43.473374389901998427 1.4179670195683800049 -21455.22662495609984 121026.09223671999644 295.52446344058500927
887520 43.476761221899700161 1.4177287785827399347 -21446.845466693099297 121334.27496572700329 296.21442226637998374
887640 43.480395886360803104 1.4176860000375699489 -21490.470231476101617 121100.41791007500433 294.98807365328900687
887760 43.484001093419102801 1.417890727202909984 -21498.550950461001776 121756.60806971299462 297.05141086365000547
887880 43.487618283365300442 1.418037600836939971 -21513.59907369839857 121477.03782081999816 294.92017011390498737
888000 43.491799083747601173 1.4185549444244900386 -21562.836302898900612 121388.69762484100647 296.24680668218002211
888120 43.496399341029203356 1.4185467614214299914 -21617.408724942401022 121182.57960457100125 298.23781316583597345
888240 43.500743807251296857 1.4197757843037599468 -21597.505704693998268 121566.39961531400331 296.48080515053698036
888360 43.505215808533201027 1.4199713925172599005 -21582.188866230801068 121156.771193477005 298.06070982842800277
888480 43.509632424015599383 1.4206156443642499188 -21432.174235262300499 121380.28924489799829 295.11942055805400287
888600 43.513786058869101225 1.4219825850812000123 -21510.574581580698577 121153.36449635100143 296.38227922281402016
888720 43.518025191090700332 1.4234363583728300018 -21410.559069113398436 121722.53821039000468 296.48068531891198063
888840 43.522230119556397199 1.4254260780251200025 -21401.40351285790166 121375.1357167219976 295.6612687362789984
888960 43.526158795383402378 1.4262702045501800541 -21507.721787986400159 121778.0453584289935 295.71970221370099807
889080 43.53057936682689899 1.426245552469560085 -21457.839065669901174 121544.06108976900578 296.97536597251598778
889200 43.534947368227001618 1.4288771293233499815 -21610.251256111299881 121905.09854438700131 296.28714007323998203
889320 43.539239487639697757 1.4303465445819700808 -21634.630339062201529 121986.27307151899731 296.04560261108298391
889440 43.542797050725098984 1.4314873731852200134 -21412.250659539200569 121619.55354286599322 298.94539672385002405
889560 43.546448828860199853 1.4329178557030499697 -21503.459804104801151 121350.59855824599799 298.69923927331501545
889680 43.550168353820403411 1.4348150687247900326 -21405.587355814401235 121821.78553964299499 297.30542201089997434
889800 43.55349504252470183 1.4367668516007698898 -21485.488782292999531 121765.65558883700578 294.09303473922699368
889920 43.557031339798598424 1.438559613372949908 -21502.598465252998722 121888.57781324199459 294.72827832119600089
890040 43.560608876891699026 1.4399651496398300221 -21418.680340503200568 121768.28213553999376 297.98012618195701862
890160 43.564225100123600498 1.4409729692483599361 -21381.377677380900423 121683.76806951699837 295.63207908366501897
890280 43.567695241481096957 1.4431891085866899171 -21294.178953182101395 121252.4630702269933 295.36831281430102081
890400 43.571533652998397201 1.4454392024190299004 -21359.786358621600812 121243.3786926640023 295.51415274839899894
890520 43.575634908611398544 1.4470661239711100077 -21307.069970014101273 120985.24798054799612 295.00232105835402763
890640 43.579521083110101642 1.448008616153370065 -21282.42188527070175 121024.65885878900008 296.68059139134197721
890760 43.583417727592099311 1.4497570257876699618 -21263.741924073499831 121340.01753529900452 294.86836146108902312
890880 43.586921359600601988 1.4523671570218799065 -21226.401931436099403 121269.42140065900458 297.62803132061299038
891000 43.589849440261097868 1.4531462191321200539 -21323.459222982499341 121048.87638441400486 295.68682574655900908
891120 43.592272834239601309 1.4535057573584500012 -21371.942009216101724 121173.28744378700503 296.15645769841597712
891240 43.594548607262602502 1.4549375303206399934 -21365.217527630698896 121062.17574175799382 296.71915102946502429
891360 43.596987909815901219 1.4566028497824099475 -21314.748607062301744 120953.43835203700291 296.96405528987997968
891480 43.598874985015896755 1.4578804443891799636 -21279.952280092598812 121485.50105335800617 295.50913114915499591
891600 43.601167449663897457 1.4612649867080000909 -21189.752051354600553 121295.14342201799445 295.585242749936981
891720 43.603837698927598865 1.4646837033860800048 -21263.958608997301781 121164.31334255599359 295.97559039152400828
891840 43.606378102425999543 1.464730403686399951 -21217.213901679300761 121269.42176872999698 296.62986139841098066
891960 43.608812163835203535 1.4652151065905401062 -21209.379146350700466 121406.39832130599825 294.87802084610899556
892080 43.611162815158500905 1.4652528546981200552 -21176.835067159699975 121241.12770095899759 296.23330047988599745
892200 43.614371894431400278 1.4659777723794000792 -21294.24250965399915 121535.42109271499794 296.76175467696799615
892320 43.617710263479999355 1.4675594971781200648 -21349.069254786598322 121259.56770933199732 297.86783719297699236
892440 43.621117611109497147 1.4691952904212699504 -21320.528090484698623 121521.63984854400042 296.53263607073000685
892560 43.624681533840899306 1.4690808092276899099 -21257.015621308099071 121622.15173233799578 295.36318017123898017
892680 43.628593803834000653 1.4707999560280300422 -21150.214256129900605 121637.14638364200073 295.13938000585102372
892800 43.632458469311501403 1.4728866798384399051 -21233.186133797898947 121568.7107059120026 297.4957649674540221
892920 43.635446485160798602 1.4730902019284100035 -21251.220565651299694 121354.86318055700394 297.1454286596489851
893040 43.638583768864997126 1.4735075437629900907 -21188.914738520499668 121586.43125501400209 295.41702888973100016
893160 43.641853905100703059 1.4747618959077799516 -21335.266237186398939 121601.81632289699337 295.27476788785600093
893280 43.645050618335197612 1.4762752089302799696 -21279.990023003399983 121766.90934684099921 297.47957859560898441
893400 43.648003176077502019 1.4767561252258198934 -21307.217311777698342 121446.391830544002 296.10788874855501263
893520 43.650940526853297285 1.4780850510031600109 -21419.994122437699843 121577.89621123600227 294.62365520339500335
893640 43.653692578523703105 1.4776521868890599709 -21327.263510615401174 121330.1710908459936 294.52968817923300549
893760 43.656710307681798611 1.47743730876561008 -21358.115402052098943 121355.24821573600639 295.0585603635249754
893880 43.659857980297097413 1.4777611311244500669 -21335.585345011601021 121540.21364895900479 294.77920099849802682
894000 43.662509785431502962 1.4783730557180501108 -21304.596294203700381 121600.81352558800427 295.72229081959801533
894120 43.664380274085900169 1.4787765048949998992 -21276.563410500199097 121472.92753740900662 296.11618679315597547
894240 43.665992683363597848 1.4785224706366799641 -21347.629034908099129 121498.0666450830031 296.32193503725898154
894360 43.667737996961797364 1.4789921930628500135 -21326.704459069700533 121372.29552365400014 296.08195364048100373
894480 43.669396838038096575 1.4800603185032299436 -21248.235317498398217 121688.67532828799449 295.72516806728998517
894600 43.670627277226500951 1.4808336820359000452 -21237.205465895000088 121089.57036329500261 295.39050482029000477
894720 43.671757086131101744 1.4822431462929099855 -21249.292665717301134 121313.82467850399553 296.23889657482101256
894840 43.673566942271101254 1.484731116915410043 -21109.405400694598939 120825.74658683300368 296.231967120445006
894960 43.676393390779701065 1.4873494210390501014 -21183.817427920799673 121190.62451941600011 294.80870109133098822
895080 43.679180911248899122 1.4887694327432900998 -21290.682429327698628 120877.78504320699722 296.24163170877199036
895200 43.681592765757898178 1.4888331171587900759 -21201.699608285398426 121240.66837381699588 296.35711717798500331
895320 43.684015538123098565 1.4891166556671899812 -21146.971555827200064 120938.19521765300306 294.07821516868000344
895440 43.686356695105601489 1.4900174359877000896 -21266.142012896099914 121382.56004332400335 295.14792096052997294
895560 43.688990289768902642 1.4910236758138599722 -21163.659154726501583 121047.44567693899444 297.55609867184102768
895680 43.691359635128300454 1.4907300408872299347 -21208.326309582800604 121486.33396067199646 296.07402387612398798
895800 43.693438297957598593 1.4899962297460900285 -21226.816227797498868 121097.00952472699282 297.18507988230101091
895920 43.695474289793899914 1.4900038015559500248 -21192.444890663198748 121652.68199284399452 295.64028865502098142
896040 43.696920259932099384 1.4909433920167900478 -21179.386515353398863 121238.43521960699582 296.06186245792497402
896160 43.698461821705500085 1.4920333996659100873 -21270.880117195800267 121223.59569382900372 295.13549422521998622
896280 43.700563015811297873 1.4934622872149800887 -21236.449992956499045 121458.67626291399938 295.19773330397799782
896400 43.702765221581501009 1.4933380054473599508 -21232.50189123490054 121448.50062719499692 295.67258535646101336
896520 43.705088261419000162 1.4940749153629599988 -21284.300198300301417 121551.16908767999848 292.95636167750200229
896640 43.707880692914699239 1.4932399063453900556 -21191.509940329400706 121540.0309627240058 296.36427514565002639
896760 43.71097126381980047 1.4932886387967099218 -21191.666787578000367 121300.5706763240014 295.77018442637699991
896880 43.714145731050102484 1.4947782962432500931 -21183.502632533200085 121361.04248102399288 294.96475042549297996
897000 43.717423375651698336 1.4957650262670099117 -21185.813972196501709 121214.41491757899348 294.54940337268800477
897120 43.720878914615397548 1.4968435675353999326 -21107.134407764900971 121283.30296760999772 297.04927989430001389
897240 43.724019238963499845 1.4971790528456700997 -21169.580053600100655 121273.97384652300389 295.07466348413998958
897360 43.727172407321496905 1.497980605832549994 -21147.173608389399305 121423.86344414600171 294.36184095319600829
897480 43.730782691052901612 1.4970644177636600602 -21159.171974269800558 120787.06444908799313 296.21505065538099188
897600 43.734311922126700267 1.4965379426610700975 -21104.229580368399183 121188.26926878599625 295.11008930805098771
897720 43.737408021496300137 1.498407757617020053 -21032.763330668800336 121296.75011319199984 294.76182783792899045
897840 43.740922545102797869 1.499837770091710043 -21122.12524057309929 121037.92621054800111 296.73361700058399038
897960 43.744536722453297273 1.4999173352804999748 -21101.568754026699025 121223.62956060700526 294.80116751983598533
898080 43.748206099465598129 1.5013761276975299275 -21065.112667834899185 121447.90691649500513 293.95218636809397594
898200 43.752069246072501585 1.5031534049908499284 -21235.095486193298711 121036.87259278999409 296.56207671830298978
898320 43.755827461502001086 1.5054232050608100657 -21143.734744697201677 121254.42548703000648 297.1949508724479756
898440 43.75933312374650086 1.507005373176830032 -21226.836379662101535 121489.73900047199277 294.09066518580897309
898560 43.762821474158897672 1.5075897332463199518 -21063.146102646500367 121207.29049988600309 296.82210134706400595
898680 43.766037283418000925 1.5085948210526800572 -21142.14215354029875 121442.36173564899946 296.23438583503997279
898800 43.768470990459199754 1.5100330075109500427 -21119.929292046999763 121327.22054015999311 295.45140266542000518
898920 43.770924548195900172 1.5106428109696798945 -21122.982329160400695 121475.35871696499817 295.49646244495801284
899040 43.773955540502299755 1.5120774595650299243 -21149.807704026701686 121542.33261270700314 293.22304330272197603
899160 43.777294621856796653 1.5156112540127300026 -21196.007136410498788 121547.30620296399866 295.78399394204501505
899280 43.78077193671939682 1.5185840309435900686 -21186.04158678730164 121252.328196278002 293.1616988782440103
899400 43.784125246116296637 1.5205782507718299534 -21136.891961275501671 121500.33456595600001 296.55015762799598633
899520 43.787135234060599487 1.5238102950567200544 -21197.594330173200433 121597.63968199999363 294.50951474539601804
899640 43.790052572914198947 1.5255952414111799698 -21164.691236682199815 121424.77000812199549 295.79211387716799209
899760 43.792716807333100348 1.5266745738759099904 -21236.334625536099338 121604.89588854199974 293.86219272275400272
899880 43.794994402595300187 1.5279183823645399176 -21200.733265899500111 121310.00457560400537 299.55593654234701262
900000 43.797182621746202358 1.5286510750803299352 -21265.331405773300503 121010.91809791300329 297.63730591795001601
900120 43.799466581665200238 1.5297389286637599337 -21260.585555476500303 121391.19430137900054 296.257196097919973
900240 43.802423444386299423 1.5304318288544001003 -21096.654409305399895 120844.05712308800139 297.56796388534297648
900360 43.805250476728502917 1.531586804287869974 -21252.492987508700026 121457.43088097599684 296.72278492349801127
900480 43.80759369979610085 1.5314211412154099534 -21238.83880672540181 121476.13523099399754 295.38905043730500211
900600 43.809962385069397328 1.5308848797368599381 -21202.954737326399481 121662.64371753900195 296.65124988322799027
900720 43.812418859604797206 1.5318633813633899532 -21159.314543862601568 121361.82556929999555 297.97257174492000331
900840 43.81505816973150047 1.5316353264022899427 -21180.539504792599473 121616.51136674000008 296.0231737863139756
900960 43.818026999278600897 1.5314455717271300283 -21199.12769767950158 121238.46128682399285 298.85697358609797902
901080 43.821130030436400205 1.5320702229165499286 -21237.6340434326994 121920.7878403729992 295.31966145354601849
901200 43.824466198719001397 1.5325287268666301088 -21281.61284954419898 121267.69715796799574 294.13220547930200155
901320 43.827320742983197022 1.5326937188934899314 -21216.650474450401816 121487.30047321200254 299.86643663179302166
901440 43.829739887263698961 1.5328570064838800135 -21231.813375600700965 121210.01082139799837 294.41676074635597615
901560 43.832492396046596639 1.5323699251969500335 -21227.861516313900211 121749.40551748499274 298.92073498378397289
901680 43.835361443734399245 1.5311504189298699163 -21331.51878534629941 121390.86276548300521 298.41429028178902172
901800 43.838775982831101885 1.5297861139718200718 -21269.936809661998268 121370.02970385500521 296.28262275686302019
901920 43.842371362659697809 1.5291186846920199471 -21281.635746414598543 121287.20154354299302 294.36994097877698096
902040 43.845656077287301855 1.5282655737107000427 -21307.145337192898296 121830.80402562700328 293.68167744964898702
902160 43.848367507733698289 1.5264678980820600707 -21302.368162704799033 121460.98740756099869 293.90650351200400792
902280 43.850741191324502211 1.5262322551142899485 -21261.027301454199915 121224.731139497002 297.0037349826570221
902400 43.853091003593497987 1.5259431973372099556 -21286.63735000250017 121265.29149230700568 296.43512374473897353
902520 43.855149300794401768 1.5252682483727100227 -21227.724561412400362 121196.82056400699366 295.90269427684097536
902640 43.857014721322798323 1.5261508802259100559 -21269.535545033901144 121524.82306052900094 294.72759973644900811
902760 43.858589180310403322 1.5269644126600199208 -21292.145739890998811 121242.8246732520056 294.79884761238298552
902880 43.860263155577101202 1.5279021435653399319 -21370.210697950500617 121393.62085338600446 297.08786884063101752
903000 43.862000986692798676 1.5278063950415798899 -21303.152102076099254 121432.40748347299814 297.46745578422701328
903120 43.863822559030296588 1.5278795279618300196 -21351.132326982700761 121355.10543046200473 295.41212483085200802
903240 43.865917317135803444 1.5297540826892499499 -21270.863497385598748 121664.83206944199628 296.15767633886997601
903360 43.868357002352702523 1.5317476116646100426 -21354.649318676500116 121668.01093349799339 296.08354589314598115
903480 43.87078562636030199 1.5328731804424500229 -21276.774357023699849 121196.04338085200288 296.89366397287500376
903600 43.872741685939999456 1.5345226164712499894 -21282.587816688701423 121415.94475845700072 295.9820437972180116
903720 43.874880610279902271 1.5344513200134999309 -21237.646164506200876 121291.47339906499838 297.60993685363200711
903840 43.87742910160349652 1.534922659966849956 -21295.5282558496001 121504.83973911999783 295.56703305186198349
903960 43.880233239087097274 1.5359670659778699164 -21254.07810799840081 121099.75898508400132 296.12479896969199444
904080 43.883317860520996589 1.5368047713309800351 -21285.07222684070075 121860.0237103739928 295.03384408223297442
904200 43.886656021049702758 1.5372628259562000075 -21369.086575788900518 121361.51615664300334 297.10915255746698449
904320 43.890091073725400861 1.5371904546800601032 -21313.419519579900225 121559.11839460900228 296.03301794378199929
904440 43.893276404978699645 1.5372119692543899649 -21279.200360237398854 121480.96076199700474 294.99894555975402
904560 43.896558259315398232 1.5376123415224400848 -21409.070122450099007 121581.59390238700144 295.31552458429598573
904680 43.899585309703901714 1.5379195138351000605 -21211.657605850701657 121162.15672455400636 297.46221031734700091
904800 43.902743991608602414 1.5382821042812300227 -21261.056144318899896 121456.49791562999599 296.72083876470998121
904920 43.906213168683699166 1.5384418574748999209 -21385.011923691901757 121340.00346739399538 298.22065142758401635
905040 43.909166091760496897 1.5378431364720699381 -21267.913864727601322 121526.14627851000114 295.85608229922598866
905160 43.911549151318901352 1.5399450945981700833 -21311.216142427798331 121430.61077990700142 296.10943549221599369
905280 43.913876673118096505 1.5418453475178199863 -21302.16409941279926 121398.66681540700665 297.06359596353399866
905400 43.916262991059198839 1.5415998896424198961 -21257.127946821801743 121357.88688115299738 296.14050718348602231
905520 43.918840843474100666 1.5417575456203900242 -21370.830535254299321 121503.47907999600284 296.42426787640897601
905640 43.921314370315201359 1.5428057202738600928 -21244.302955570601625 121415.73731608799426 296.857215203069984
905760 43.92367184455869733 1.5438511892250399438 -21236.969807306799339 121670.87696415800019 295.25318799085198407
905880 43.926157233217303144 1.544912251530639935 -21169.490785769801732 121726.38590705799288 295.02081268033100514
906000 43.92874293269399999 1.5468675251968799778 -21178.743539822000457 121183.33732778900594 297.63409336621998591
906120 43.930872722129599595 1.5476802006349499319 -21120.398560202098452 121136.24392432399327 295.27294224304301906
906240 43.932562970775599354 1.5491953835003000606 -21123.103848262300744 121072.66465510700073 295.79320100707900565
906360 43.934362864251198744 1.5515878243697600603 -21085.614483091500006 120936.08820845099399 297.95219876804497972
906480 43.935933416170698251 1.5540643645934899553 -21140.301557511600549 121502.7046846029989 295.92068419954301817
906600 43.937552220002203285 1.5554426364919800019 -21100.366458406100719 121057.54650896400562 298.36432850423898344
906720 43.939676691992502811 1.5555523968700599724 -21103.908717383899784 121501.83809478700277 295.52660689331798949
906840 43.941708258313902036 1.5573196349005999917 -21105.957827882601123 121210.7801602959953 296.15444918125700724
906960 43.943764589143498256 1.559975999884110065 -21029.649924747598561 121484.02864657799364 293.3521967156680148
907080 43.946084072216798688 1.5610048153740099242 -20993.953868210301152 121305.25105431300472 295.95379373371702059
907200 43.948589856817299903 1.5639748718512900272 -21039.779403694301436 121512.98485921300016 295.44286597619901613
907320 43.951968590796397507 1.5680543218187399379 -20993.172269905200665 121049.98748650899506 297.41186196849997714
907440 43.955685426887498579 1.5706654619335600476 -21064.224469089600461 121427.12707104999572 296.40006428441699882
907560 43.959337595355101769 1.5713488829940600588 -21119.634504782399745 121451.58145781200437 297.41262438927998346
907680 43.963281002846400725 1.5715766582502499471 -21174.865321044700977 121863.71657361999678 296.27104266728201765
907800 43.967354219741096699 1.5736688798584399507 -20997.092342935400666 121629.36204441799782 295.26648892343700936
907920 43.971312135330897775 1.5754512191777199082 -21047.092045146000601 121498.71588952900493 295.94680843543699211
908040 43.975649011996402749 1.5767223894185899979 -21109.288553463800781 121374.9384714159969 295.62649301945998559
908160 43.980187610399802622 1.5778259971135200068 -21046.329021765701327 121624.13226829300402 297.02650353479100431
908280 43.984812864047100334 1.5799784031410399887 -21061.787284178200935 121349.11377498200454 296.80798742114399147
908400 43.989159585417397125 1.5823532689150499042 -21036.495533955501742 121527.96642748400336 295.87480464099797928
908520 43.993391480736200094 1.5852670179389700689 -21060.381605738599319 120916.78323146399634 296.40044803835701259
908640 43.997026128421900637 1.5882037294068300781 -21097.130465948601341 121057.60012012900552 296.58220278753100274
908760 44.000310861088401282 1.5897000233336699981 -21066.635025202798715 121282.29269902099622 296.48244209298701435
908880 44.003440935242096543 1.5901465981608000622 -20999.158933995498955 121175.13031596700603 295.35269907915102294
909000 44.006579074119002826 1.5924105466490299232 -21093.436406413100485 120964.8883028489945 297.92150422891097605
909120 44.010453540599002054 1.5948864122810100241 -20999.689060554901516 121158.23869893599476 296.56157213608599932
909240 44.014362610244702978 1.5967937250913899483 -21076.024234148899268 121169.88307318900479 298.04934361310699842
909360 44.018231504240901586 1.5980776834042000889 -21030.708544126500783 121684.45036720599455 296.06403815732898011
909480 44.021925695552702962 1.6003290550477400345 -21122.265554364901618 121335.73183701800008 295.15394443565799065
909600 44.025565030981297809 1.602180505796310106 -21038.725406996298261 121334.47650862199953 296.41629903599397267
909720 44.029067709930799879 1.6039171124497400012 -21048.321497950899357 121252.43343319100677 295.69702572736002821
909840 44.032082078624299015 1.6057159178994500071 -20976.892883443601022 121355.78344002799713 296.19716618095202421
909960 44.035163884214803431 1.6073400051439798997 -21049.032479099998454 121452.19697907699447 293.59645977240700176
910080 44.038778068177002467 1.6089293009634799692 -20907.08480808549939 121587.88949663100357 298.06154519753198429
910200 44.042239908767200518 1.61088103987737008 -20901.083390228101052 121234.98336351600301 295.94701573290501528
910320 44.045863313715699405 1.6137119549894900494 -20896.460381261298608 121162.31150956600322 296.01669150798198871
910440 44.049345334857399337 1.615836424420360018 -21009.971398909099662 121546.33014401199762 294.99507843226598425
910560 44.053081084653598509 1.6190887989120599233 -21073.635756918898551 121751.01919473899761 297.84182762939502709
910680 44.056912986828997703 1.6211591379337999541 -21002.142699429299682 121588.7372134400066 297.16569098313499353
910800 44.060367984090397897 1.6228440898510601009 -20993.229173476498545 121644.72796958299296 295.54813242875002288
910920 44.063722771626800068 1.6253214492092100674 -21023.062469253498421 121549.76933965299395 294.23613950226700808
911040 44.066652788695400034 1.6272456961788699381 -21069.266731860101572 121314.38918560500315 295.22337257990000126
911160 44.070058781615898624 1.6275813413650799255 -21037.738807659799932 121279.19162479600345 297.12350532608297726
911280 44.073690892029198096 1.629443960957730031 -21073.088342612700217 121534.17158665199531 296.47852565791998813
911400 44.077668271148496615 1.6316752042146100976 -21010.421802890501567 121687.0387586660072 297.58291376328702427
911520 44.081850965500102291 1.633144778235420036 -21033.157163256801141 121571.93037213900243 298.1272940946299741
911640 44.085644017504399983 1.6359443762571599379 -21093.533466114000475 121311.02879887800373 296.9480802761129894
911760 44.08969625746659915 1.638468064062519991 -20961.612114731400652 121434.219369147002 297.1262046460499846
911880 44.093830323549198624 1.6404032237483299195 -20933.743643249999877 121407.055168263003 296.72133640518597986
912000 44.097854944888702278 1.6429378567476300432 -20970.236717305600905 121497.37298232399917 297.07557679037699927
912120 44.101932960558400509 1.6453949478669100959 -20959.603241380900727 121189.3900243639946 296.6863977164799735
912240 44.105791482876199439 1.64570232071389011 -20905.101682305499708 121242.71659677100251 296.12617139759100837
912360 44.10894337066029891 1.6472371480123499943 -20898.922109775699937 121265.04447286200593 295.2689782430439891
912480 44.111398663955498023 1.6479515168100300482 -20939.409591734300193 121527.57719917299983 296.16328038349200824
912600 44.113836866441602069 1.647894309886390074 -20899.379642204599804 121263.52196618399466 295.86985213798499217
912720 44.116413290012097548 1.6494351592878599977 -20861.290145924998797 121206.07714216700697 296.69675533161597514
912840 44.119310804135899673 1.6508421176036400801 -20921.802163104701322 121290.24029588399571 294.0082983711910174
912960 44.121938042082000209 1.6504767912880500269 -20885.756985291100136 121122.41045063600177 297.63097318121401713
913080 44.124401566305799349 1.65066786404793997 -20932.069305284599977 121035.55497532100708 298.86335250516799533
913200 44.127425590869997052 1.6503085794828400434 -20953.350137228801032 121496.51589271599369 297.04640385883499221
913320 44.13090641617019827 1.6509086332514200102 -20965.60820812089878 121245.38774183299392 295.39455915778199824
913440 44.134481993581701431 1.6516728189644001024 -20978.809171584100113 121176.30574345799687 297.37962402428598807
913560 44.138067242013597991 1.6537719798831500562 -20827.333961089399963 121445.5668178890046 296.66271319160500752
913680 44.141424153502399008 1.6545104867830500162 -20892.344950666800287 121399.29966640900238 295.16594322266399786
913800 44.144430986252899629 1.6545252993112999906 -20882.700007271898357 121351.88491069599695 297.43455517340902361
913920 44.146948387991201912 1.6551514288985400558 -20870.592764118300693 121557.59905517600419 297.7396257110099782
914040 44.148848556164402623 1.6566947064463399819 -20783.379773163098434 121616.63857171700511 296.37995550665698374
914160 44.15050950304109989 1.6581823448599499748 -20864.095670372698805 121385.38313463400118 298.79823992860701765
914280 44.152261560320901879 1.660102655470490074 -20821.745806838400313 121891.36149682299583 295.77804834283801938
914400 44.154200289679998548 1.6615643144169200962 -20841.555466411798989 121652.28404257699731 295.40963037836502281
914520 44.155835187919201701 1.6619831323819800328 -20863.537151239601371 121436.12926864599285 295.83325835554398964
914640 44.15748181512349646 1.6609425178812200485 -20897.743126121000387 121546.78003686400189 297.35555794920998096
914760 44.159292000873499262 1.6603829361101800632 -20807.75984209480157 121654.22676836399478 296.11642059240500657
914880 44.161473799609296975 1.6599394527526700749 -20830.489527628298674 121395.88718651200179 296.00330312918197251
915000 44.163566609937198848 1.6594368659976199698 -20929.926278363600431 121747.32843037899875 295.16215794879099121
915120 44.16628202829819827 1.6596270765487199927 -20985.714118358901032 121485.11622193000221 297.52365457451799102
915240 44.169432536916097831 1.6596987627854400404 -20984.270984192698961 121472.0844502330001 295.96556415429699882
915360 44.172641033577697556 1.6610194396702000486 -20991.919688594898616 121499.79793760100438 296.01282975702201838
915480 44.175665004672502789 1.6617040829461400264 -20933.66627091330156 121696.12572243899922 295.92370946210002103
915600 44.178344861341003025 1.6634361477207899593 -20823.8689300233018 121122.7163311070035 298.42506819252702144
915720 44.180655409768597508 1.6645210274587700638 -20818.110681913200096 121334.73992680400261 298.65904266342198525
915840 44.182747295546000998 1.6654987867882700137 -20909.090358937301062 121368.47494344699953 295.93426907191098962
915960 44.184735276444897067 1.6675589017280298965 -20722.209911153800931 121185.94908356299857 297.11204013848498562
916080 44.186613252276302433 1.6699893718407901044 -20841.959064060698438 121037.2654462549981 298.0583225457099843
916200 44.188187419461200989 1.6723987508033300031 -20835.391544801899727 120971.39971889500157 296.94432863182998972
916320 44.189630426357396686 1.6747995382781799556 -20801.085416326401173 121003.05931687699922 296.62063028479099103
916440 44.191197061955101333 1.6777078886742300412 -20775.265781067100761 121616.57732830499299 296.58357591341598436
916560 44.193468129119899857 1.6791407893547201091 -20854.222949967501336 121278.94554235099349 295.68151244816999679
916680 44.196065921576000335 1.6800030914842800644 -20856.879118977900362 121380.25565725199704 296.11607325307801375
916800 44.198662129479203031 1.6817193275800699226 -20771.471394668598805 121071.77624972999911 296.91190157798700966
916920 44.201026794556000254 1.6827701105878700716 -20903.818818910400296 121361.99672384999576 297.16376628932999893
917040 44.203555840840699886 1.6845688408134600333 -20786.474277787401661 121322.31218060100218 292.74437811553900701
917160 44.206206565417900833 1.6868100584679999177 -20813.589890516799642 121506.04930404700281 295.50145535369802019
917280 44.209127231597101115 1.688599001259559973 -20797.358982565699989 121336.99012316799781 297.33971861254599389
917400 44.212468781653797123 1.6880665917009400889 -20876.303737419399113 121366.89978681599314 297.23270529034198262
917520 44.215895154316697813 1.6875230784321699762 -20805.986974445499072 121612.89092495599471 297.01557251329097653
917640 44.219579455871098617 1.6877620323853199658 -20799.731943293099903 121636.75860325299436 297.29006216981298394
917760 44.222849462547301869 1.6875433775522099555 -20707.546722631799639 121377.54855347999546 297.71548978261301954
917880 44.225432414467199749 1.6880295036757200222 -20685.526673588501581 121247.01670443700277 297.3528435254909823
918000 44.227680661368999893 1.688796993740220076 -20809.015078666299814 121680.59337630700611 295.13520139850299984
918120 44.230409018845399771 1.6896719929041899011 -20803.542008995198557 121549.41768311300257 296.60035537915700843
918240 44.232975755472999424 1.6894267290922100333 -20771.844126978099666 121477.51013575200341 297.66741679012301347
918360 44.23524808819320242 1.6882103546420099693 -20757.262371376498777 121407.35731382700033 296.68896928982002237
918480 44.23787489531729733 1.6884707370737499499 -20776.981733184398763 121257.43589104099374 294.83791545922497335
918600 44.240509920941903488 1.6880801254304400594 -20769.339490438600478 121024.43749415200728 297.52945753999802037
918720 44.243117624543401689 1.6876017330491399626 -20779.332308469398413 121248.87223271399853 295.66863449864899849
918840 44.245698460858498891 1.6880877298137699771 -20834.347819784401509 120922.17310291700414 296.07289478314999087
918960 44.248495901077802728 1.6890684856146900295 -20856.421947706701758 121216.0361656909954 295.88684738629001458
919080 44.251516958986996997 1.6887411844567199459 -20838.554683325299266 120997.77725945200655 296.71691368864100014
919200 44.254359837465798932 1.6884903304403400259 -20704.311170328499429 121356.15457738800615 297.31001863194597945
919320 44.257407151744800444 1.6884136188137499612 -20793.151695492400904 121335.07063287599885 295.79295520735900027
919440 44.260677234850398065 1.6878513271794699513 -20841.785207162200095 121272.6388167719997 294.15953684618699526
919560 44.263585419456802583 1.688255209505939991 -20822.103381725100917 121109.78754479000054 295.24392788084998074
919680 44.266657481604298141 1.6881112496997698891 -20784.225533298598748 121155.99087641699589 299.13819262820197764
919800 44.269917482274898646 1.6885109926522801072 -20775.294174961898534 121458.87512684399553 295.85695173293999005
919920 44.273657043232901742 1.6880110200281899235 -20813.162916937100817 121283.04520614400099 297.42547927578897315
920040 44.278093348210397551 1.6874882439395499922 -20865.083184812501713 121799.72738903999561 294.9849929163049751
920160 44.282601897222498621 1.6875922890186800807 -20909.840576068600058 121556.46900140799698 296.93402049131202602
920280 44.286961578673903261 1.6882596185292499946 -20888.14479516010033 121441.17535735800629 296.79345888595798897
920400 44.291329600926403032 1.688977870756539934 -20854.608145434100152 121471.62390827799391 295.71128790031502831
920520 44.29574500366930323 1.6914278991628699522 -20864.062150507801562 121361.87019502499606 296.37845935740102732
920640 44.300287000196099996 1.6927653891821798915 -20868.66636753559942 121477.71169325099618 296.39910017318902646
920760 44.304532825636002258 1.6930387539171500855 -20907.62456939760159 121504.84390732599422 296.02412820983397523
920880 44.308377873557397209 1.6944298926721099718 -20903.183206389599945 121754.73262388700095 296.22443219997802544
921000 44.31165584766569765 1.6954807776403200137 -20876.600497710398486 121810.42893972400634 297.09466951367602405
921120 44.314714777884603336 1.6957890939668900376 -20809.639960944201448 121732.16748757299501 296.52924309132799863
921240 44.317629817389502023 1.6965926331294201024 -20830.858094789698953 121775.43651338800555 297.01907452225901807
921360 44.321293488454500675 1.6997459236249798931 -20853.250208908699278 121575.68986714500352 296.24758321181400333
921480 44.325381109009100555 1.7021924110190900237 -20913.172352362398669 121294.10771164399921 297.14531760021901619
921600 44.32915452993390204 1.7037492851296200946 -20803.565689775801729 121586.00788031799311 295.30857950076398311
921720 44.333292491089700604 1.7056855496273299888 -20776.08880370280167 121344.11512248999497 296.59054869009099775
921840 44.337622236105403317 1.7075328979273800556 -20751.678915138498269 121192.64097720799327 297.1484356247099754
921960 44.341733945558196694 1.7082230457605200868 -20850.870218593998288 121598.03655100299511 297.46808009184201183
922080 44.345600339132701606 1.7077636548513599468 -20774.741965594799694 121084.61325447900163 296.76986883015797503
922200 44.349533801310201397 1.7089005548970499504 -20856.967746089798311 121263.65425486999447 299.35410635775099308
922320 44.353633180071902586 1.710074050232079923 -20916.796376113899896 121211.39126119700086 297.18613717171098187
922440 44.358107680563300335 1.7102613023965400618 -20841.588900657898193 121357.78232459600258 297.01874091920399223
922560 44.362581158382397462 1.7111866331321499146 -20773.677558191800927 121256.24869707900507 294.85528429472202561
922680 44.367029426007498216 1.7117255850602399736 -20922.651017357398814 121093.00175442900218 298.54460347900101169
922800 44.371273699347398178 1.7111354541090000314 -20798.510408793601528 121301.2730935139989 295.88308481631497671
922920 44.375439472662002061 1.7122831652401599989 -20810.899620783300634 121364.54234086800716 296.13222986672798243
923040 44.37969811035979717 1.7117514402633799975 -20907.520611487900169 120965.52935063099721 298.26702333218497643
923160 44.384229594880302727 1.7113343214163900807 -20836.553798450200702 121367.57391291600652 299.23484665159901397
923280 44.388903992669597187 1.7118952748991100865 -20869.345456291099254 121153.41873650299385 296.53996786000101338
923400 44.393557427881297883 1.7113277899773300383 -20911.422878131201287 121472.26075492000382 298.67176107317601463
923520 44.397750427262899109 1.7123324044832299862 -20786.87806085469856 121523.06047237600433 297.62280976101601482
923640 44.401478700578998371 1.7129621086306801026 -20712.886961801399593 121433.80424948899599 296.0031322877130151
923760 44.405107693507602562 1.7127286305417299683 -20783.423025671101641 121486.14147306099767 298.50302252667199809
923880 44.408957169012197141 1.7134209087234300029 -20759.90891063629897 121675.38834024399694 296.71264037910697198
924000 44.412932552892002036 1.7147424701503999334 -20752.070659860899468 121671.14182642499509 297.55350769328197202
924120 44.417130319495299773 1.716286488198899951 -20807.991339449501538 121224.0506024149945 297.82130512659199439
924240 44.421021460542000625 1.7171643776792000491 -20828.185182931898453 121429.29289954899286 296.41368368678899969
924360 44.424497901804102185 1.7193490568075200375 -20792.539518642501207 121320.41189304100408 297.74618708840500858
924480 44.428274305242197784 1.7211374714878300285 -20705.066703404500004 121678.13203711500682 298.35973868238102114
924600 44.431876614489297594 1.7228390737797401044 -20696.046177999498468 121349.66432450999855 298.39247713963800379
924720 44.435772276251903179 1.7248101943456299878 -20722.425147440499131 121559.43652145199303 297.01499099507600476
924840 44.439710610405697366 1.7276964804304399959 -20703.522694776700519 120923.68926335799915 299.86247530156197172
924960 44.443797749954299547 1.730434990884540003 -20780.003558960899682 121593.31393097300315 295.60639996106402805
925080 44.447706230146600603 1.7324799895362699154 -20781.265000510898972 121395.68238897999981 296.16448492677699278
925200 44.451201388237898016 1.73540728327329008 -20732.919114293799794 121624.22428697500436 297.01690002731299955
925320 44.454978787232903414 1.7388328609376699774 -20816.316633186001127 121268.67803424800513 295.76321387468198054
925440 44.458988580016601588 1.7409287337092400616 -20694.085607938301109 121417.59340357600013 295.21611922991598931
925560 44.46354765285799715 1.7418849083910699083 -20621.093547884098371 121523.05775233000168 296.62171180794001657
925680 44.46835647251400303 1.7425474979981800949 -20740.465803776398388 121481.02380138100125 298.46849638045199526
925800 44.473006198912500508 1.7434525358597399158 -20699.65670237069935 121557.81728816499526 297.28210948061501995
925920 44.477535298943202235 1.7443394047848499451 -20758.558053187400219 121305.10893761200714 298.7487405194430039
926040 44.481829691010503325 1.7458189875931300339 -20732.313477891100774 121516.23380653400091 298.20900899142100116
926160 44.485850316040597363 1.7470435754585700305 -20793.507884411301347 121441.49187452900514 298.1244654703480137
926280 44.489396642010902383 1.7475206255245800957 -20788.157450800001243 121343.8705712009978 296.52729315407901822
926400 44.492952140733798672 1.74819404042067994 -20722.296216589398682 121215.68216625899368 295.36261504043898185
926520 44.496207529300299655 1.7502265265618299761 -20747.538946951899561 121111.44927845199709 295.77689391146299158
926640 44.499730736556799116 1.7502551968685500228 -20849.553686659099185 121101.718528323996 299.08214241597198679
926760 44.503644193128600648 1.750469616041250065 -20739.504352110401669 121782.64103656400403 296.6073428920839774
926880 44.507233932472800575 1.7495622378362098992 -20741.188712620500155 121686.53388690600696 296.63481822881601602
927000 44.510607111516797829 1.7495139727140400776 -20727.778272953601117 121363.91223316799733 297.1076012203949972
927120 44.514464749903396523 1.7496145031080498899 -20791.994685486701201 121231.09905986899685 297.87689388157002668
927240 44.518503767658600623 1.7519493739821601075 -20715.833111819199985 121655.77120624699455 296.29983303766397285
927360 44.522746982727703369 1.7559878860776700904 -20640.409176621898951 121268.3451093390031 299.53825304952897568
927480 44.527085600156603107 1.7586482776217600144 -20707.793607234001684 121402.73434658099723 298.81987574667300578
927600 44.531405787882697211 1.760934746417800012 -20700.124627280300047 121435.09254240700102 296.38977602981799464
927720 44.535856750421999095 1.7637708598350299027 -20694.339543713798776 121698.60566888899484 296.76568844073000264
927840 44.540540725228900953 1.7661329592688999046 -20578.733708906900574 121182.86122876699665 295.41121777444300278
927960 44.545190915925303443 1.767507452026690018 -20578.465411981400393 121250.35381135999341 297.07237905201702688
928080 44.550290440195801978 1.76974035452450007 -20504.968109897799877 121145.39016425599402 299.51529350818401554
928200 44.555815431177897779 1.7710764015839899344 -20570.394271582401416 121541.34099005699682 299.01972563286398099
928320 44.561477910821203352 1.771033076580690091 -20625.881511952200526 121200.33179413799371 295.47597023388300386
928440 44.566921370873700425 1.7720120079598000729 -20581.40469055289941 121420.4717335900059 296.58177525513400496
928560 44.572096212243202729 1.7730483737254700838 -20629.624127850998775 120935.13989306600706 297.02861129132901397
928680 44.576637901363397987 1.7741460443767500532 -20546.087659661898215 121367.44186021700443 297.71988388848598106
928800 44.581079179284003544 1.7772468370158400752 -20570.935680046699417 121090.98067570499552 297.16353146707098176
928920 44.585192308721801169 1.780422831749360002 -20638.604547780498251 121457.55682082800195 297.75104124320097299
929040 44.589400966213396771 1.7818652852436300815 -20558.377886277998186 121232.66238783800509 297.59076379160302395
929160 44.593630629595196524 1.7837918146032500921 -20560.284857552800531 121375.82724462200713 296.10603974002498262
929280 44.597420453574500243 1.7860837012477099872 -20579.603952481800661 121425.18834669800708 298.17804001786799972
929400 44.600932816729496722 1.7868040950972698955 -20738.807515186999808 121539.10140740299539 298.7841221082809966
929520 44.604519313886598297 1.7884501146865698917 -20769.881448780401115 121416.11134958699404 295.41383282496997253
929640 44.608220371328201281 1.7897155025285700347 -20708.556955957101309 121371.12314875700395 297.47216887295599008
929760 44.612350642624896579 1.7899667459036099348 -20694.753078998299316 121019.11839118899661 298.20078032770197751
929880 44.616320263090898379 1.7896783469603800842 -20761.777686804900441 121621.06839104399842 296.9464399266989858
930000 44.619811624855699961 1.7901416096911599851 -20670.385106515001098 121628.33819441999367 298.10177695554500588
930120 44.622950400340201327 1.7911677283784599446 -20629.592473938100738 121699.99691108999832 297.52889353759098867
930240 44.626254091124202716 1.7915538451792800689 -20549.969458779298293 121529.55633987599867 297.46427864185898216
930360 44.629832200541002862 1.7913732320209900806 -20676.485008758700133 121710.78731116199924 296.24035202306799874
930480 44.633184058110700221 1.7910468082874000384 -20590.103572136598814 121051.82625496899709 296.6679171670920141
930600 44.63670525543780343 1.7913062746925501045 -20655.38961870429921 121293.18340993800666 294.85245418406901763
930720 44.640382321571998148 1.7921083847524499344 -20541.157096938000905 121372.49405410100007 295.98677743041497479
930840 44.644001606236798807 1.7915766225947200585 -20552.999330671500502 121640.31125248600438 295.93969510239202236
930960 44.647535153577003086 1.7909285222119899483 -20706.136142128998472 121362.91343685200263 297.50214748786697783
931080 44.651225645276596765 1.790693658582880099 -20573.384886627700325 120915.5943390159955 300.81181777217500439
931200 44.65509244870000316 1.7903170627778699497 -20658.355205251100415 121001.12842054400244 297.52657834407398241
931320 44.659325372847803237 1.7890769593264799209 -20569.290347533198656 121242.39519636599289 298.17856286127897647
931440 44.663311503016899451 1.7893095342390499258 -20640.424161516100867 121247.61426191900682 298.26941849011001295
931560 44.667486119596802041 1.7890784929392300473 -20572.43377578700165 121107.86399280799378 297.93910581636498591
931680 44.671584367408001981 1.7890844520962299047 -20645.09073042089949 121375.63415993300441 297.2019092902530133
931800 44.675981723059301487 1.7901612445910399796 -20618.136799297200923 121162.41387598600704 296.92731186383798558
931920 44.680840548295599035 1.7906194944181299533 -20647.635134603999177 121277.18110971100396 296.74606523945800518
932040 44.686132594718301903 1.7921334759988400975 -20578.120641069199337 121228.88930498399714 297.93602152717102172
932160 44.691224306840801717 1.7932741953262401058 -20588.678904504398815 121461.04330655100057 296.52920726275601737
932280 44.696110476306202486 1.7915448128306599163 -20690.496507003099396 121223.72025805800513 297.59677619694400619
932400 44.700860566069898994 1.790802205333849928 -20720.806414397698973 121282.08522688200173 297.53071277452602317
932520 44.705736174061797783 1.7889104797826300697 -20710.402675505400111 121212.8363111189974 296.6233917405450029
932640 44.710603493161002575 1.7865083673513399987 -20707.55781075699997 121211.99119325699576 297.10893666464801299
932760 44.715228438486597895 1.7845401841606101101 -20647.277095090299554 121177.59799499000655 297.26387070984497996
932880 44.720100482383500662 1.7821358455861000536 -20640.412248538501444 121298.03181207799935 298.85788666370399369
933000 44.724603707332597935 1.7802271367441999672 -20647.825867341998674 120835.89157616399461 298.23663717618802593
933120 44.728966273154696864 1.7798759573499201014 -20633.660805049901683 121200.33204142400064 299.22587534949502697
933240 44.733548093101099141 1.7804239988892200941 -20655.657261622098304 121061.69081082599587 296.96438278595297788
933360 44.738519376419702667 1.7817995559208399392 -20648.189716031200078 121295.54283478099387 296.52026921082199351
933480 44.744199982119702952 1.7825022146298299397 -20627.797525502599456 121573.23499430000084 296.69714608242901477
933600 44.7498489331006013 1.7817150585811301067 -20636.333391728698189 121446.95324649699614 297.06377413517100194
933720 44.755333013240601758 1.7833609210827598979 -20728.828926706501079 121168.93413195699395 296.97901044679400684
933840 44.760601968047403432 1.7838703128089299366 -20731.359512847298902 121302.11715532500239 296.68556343311297496
933960 44.765743214047397203 1.7852232797607099357 -20537.666746070499357 121102.43689246500435 297.29245282172797715
934080 44.771174270021703023 1.7864514977220800063 -20662.346345392699732 121216.28516882499389 298.79609668300901149
934200 44.776778386842899238 1.7881976291772498922 -20545.159922007598652 121118.61717351499829 296.38719648336700629
934320 44.782070908158601696 1.7893271761054299063 -20592.27966463769917 121089.84023523700307 298.86304094363197237
934440 44.787083165198097845 1.7911228934069400864 -20603.298599175101117 121338.21107188900351 295.91035908203201643
934560 44.791519005593301017 1.7927877362794399918 -20668.550020409500576 121372.57468530700135 295.06441321465899819
934680 44.795787405970401096 1.7940390730220399096 -20548.736440934400889 121216.62245433700446 297.90204981676498619
934800 44.799651414248501169 1.7960950211339299365 -20618.73934441990059 121491.58032152900705 296.54664044353398822
934920 44.803503307295400759 1.7985779808130699653 -20548.255852918398887 121200.3842946329969 295.41669495780098487
935040 44.807685579768403272 1.8014565117163801045 -20513.001935667398357 121169.01205389900133 296.55228473533998113
935160 44.812060437721200401 1.8037926038488198976 -20569.43019199489936 120919.50476855400484 298.41767155172402681
935280 44.816528618563296504 1.8077453079925600576 -20618.933248967899999 121489.96464693499729 297.10799021999298475
935400 44.821155363712200881 1.8130870724051799669 -20569.173056364601507 121384.4549649660039 298.10562074504497332
935520 44.825707756497102707 1.8152838425345600992 -20656.213936003499839 121341.96069015499961 296.67678182982700719
935640 44.830273346169200011 1.8181837314857500765 -20556.864171219600394 121462.55926557199564 295.81610009624097302
935760 44.834731745944900183 1.8203818935035600557 -20538.559544513198489 121199.40074081800412 297.75941249722899329
935880 44.838984995901697062 1.8227277919380899807 -20472.729042870199919 121350.98731275800674 296.78442550228197661
936000 44.843560700407302022 1.8245297806892999404 -20560.893479577400285 121355.93607107800199 295.16265644367098275
936120 44.847534058167703108 1.8267051461673200485 -20586.846230180301063 121548.75696919800248 294.29592745352397287
936240 44.851556031766001809 1.8271935727602999222 -20424.595125863099383 121176.7568204679992 298.01153602023799749
936360 44.855613972620396623 1.8274012552053799929 -20544.729504741299024 121183.06291351300024 295.67706765227802634
936480 44.859748347553498604 1.8296663998783599947 -20537.652821918800328 121253.89886145100172 295.15219369944202299
936600 44.863398649984603139 1.8295450002047599636 -20535.649603540899989 121260.55450374599604 297.5531409110259915
936720 44.86700318311309843 1.8295277478081899414 -20602.227970675499819 121051.28879109800619 297.92284968005299106
936840 44.870375367928701849 1.8301062286748699393 -20540.108033501401223 121158.53002089899383 298.78609115922199635
936960 44.873406527061398208 1.8307408740132100622 -20565.54002602140099 121272.06128956700559 295.10738056965197984
937080 44.87625969451450203 1.8329471744234899777 -20522.513234814701718 121213.75116788200103 297.2084909981260239
937200 44.879261133233299574 1.8325871768991499611 -20522.678172304898908 121123.73665236399393 297.36237741574097981
937320 44.881656482320899215 1.8323992838624099111 -20565.635326119900128 121286.49713012500433 298.57477890853698455
937440 44.88390571918309746 1.8335121433893000198 -20573.387928317701153 121376.27962020599807 298.43910311678598646
937560 44.885956479149200504 1.8332451478471301076 -20566.261426246299379 121266.01893864999874 297.40569996060702351
937680 44.888290621549302273 1.834917878982500028 -20619.927820000601059 121280.8317745319946 297.78451049183098576
937800 44.891374744027700672 1.8366934221434600971 -20562.593381244299962 121071.77082296399749 296.36191068224098899
937920 44.894758133113299436 1.83777238321712999 -20528.951940517901676 120708.47944009199273 297.52611224840200066
938040 44.898430335345899778 1.8397688166401999776 -20538.332249255101488 121230.52630950699677 295.36355814866999481
938160 44.901834290331599675 1.8410188518295400595 -20468.843330425999739 121280.32812232000288 296.04135340419202294
938280 44.905563953526701937 1.8419158498058099127 -20473.845455837599729 120898.86423061200185 297.605008555695008
938400 44.909726543445700031 1.8417495115386899318 -20534.313118836798822 120837.878303082005 297.06330915019901795
938520 44.913887799394998979 1.8422302472960800923 -20465.823171069900127 120785.8924929460045 298.23344239505297537
938640 44.917936409915100171 1.8422326013814200873 -20630.756056437101506 120848.57277820000309 296.91156209695498092
938760 44.92177243125029662 1.8434990134408000273 -20572.918480092099344 121274.92299247199844 297.30685209865600882
938880 44.925683171312897457 1.8450616538089599228 -20545.208240032199683 120852.14803938899422 297.15626229746601439
939000 44.929945183863402747 1.8451490736127700298 -20442.713117998100643 121137.15425473600044 296.63332436699897698
939120 44.934174355132398659 1.8465350809621599026 -20483.650822363000771 120926.70352912599628 298.41823628585001416
939240 44.938121583103900036 1.8485548242284499665 -20441.634220200601703 121141.18474566600344 297.83777059731500003
939360 44.941951154974198346 1.851721346863530071 -20529.101415088298381 121259.03321863799647 295.24888321523900458
939480 44.946247342600898378 1.8542479622554899343 -20430.986460972399072 121213.99623600000632 296.42411165878797874
939600 44.950748473833996854 1.8546118295338001047 -20403.309430622000946 121228.19587432600383 295.88485334214198019
939720 44.955422803364797346 1.8557250525563899757 -20340.533277155198448 120616.17076451100002 299.34395950920497853
939840 44.960070957196798247 1.8565309108009000472 -20481.228544050300115 120717.16905186399526 298.22394377382499897
939960 44.964633538252698486 1.8578487877260900785 -20437.178131665499677 121040.3599386959977 297.64508482426799674
940080 44.969295766559802985 1.8587163725333000208 -20439.645000266998977 121414.54658026600373 296.37709822838900209
940200 44.97402762337959814 1.8588263924743000377 -20432.365344461399218 121466.40556698500586 295.81185728135602631
940320 44.978969130081999594 1.8590940162092599586 -20448.089809050401527 121365.18166117199871 298.10597542025800522
940440 44.983306969703299671 1.8601650781224099429 -20469.818715646499186 121359.95658317400375 295.10591793104600811
940560 44.987758156911198171 1.8618089504201400519 -20340.989047849499912 120687.02927617699606 297.74155481576002558
940680 44.992502807200800419 1.8614915004651200192 -20465.053691603701736 120954.83275632599543 295.90289798228297968
940800 44.996839514856603159 1.8626488867305799335 -20441.078143092199753 120769.27817678499559 297.17876829280402262
940920 45.000989120777397545 1.8646251934947799533 -20352.661652066599345 121190.67367221100722 296.03051499894502285
941040 45.004577436387400269 1.8667550965255699236 -20397.642981266199058 120897.47550774400588 297.39180056839802546
941160 45.007773797927697501 1.8691042522437200102 -20429.517343592298857 120682.42331260099309 297.3669423002829717
941280 45.010840092387297773 1.8718277017662499073 -20431.902480077998916 121000.66003660199931 294.2614195954000138
941400 45.013997892609999951 1.8748765653268799625 -20370.035195201999159 121013.36184942600084 295.69831450958099595
941520 45.017753029259999664 1.8769325448329499118 -20492.995243872399442 121011.36662775400328 298.31828328322001198
941640 45.022342468025797757 1.8792823913360299226 -20443.024868647200492 121060.00672345100611 294.13981510561501409
941760 45.026820771368299745 1.8824860126780600389 -20408.895128999098233 120982.19310560800659 295.31652727140999559
941880 45.030814615323400574 1.885451594729590008 -20387.065381333399273 121093.13363158400171 297.95806044905498311
942000 45.034594642600701775 1.8874582310460499279 -20286.289332095700956 120872.6904097039951 296.61697903889802319
942120 45.037984893282299481 1.8883369897596400389 -20360.754956277400197 121198.21564130700426 296.3097023677619859
942240 45.041398872342902848 1.8897349837566999042 -20364.157068026699562 121207.89222352299839 296.67684547111798565
942360 45.044600593214596529 1.8924543321503599635 -20411.636270096700173 121388.73194943700219 294.6650083384229788
942480 45.048090989611303314 1.8939330994797700658 -20309.55825116880078 121092.50311751899426 297.03209260765697763
942600 45.052075110810598346 1.8951282763995900282 -20348.379644162301702 121043.54242074099602 297.23565581953499759
942720 45.056178318604303001 1.8971112431568799561 -20304.661624401098379 120856.51973415999964 297.48455757893998452
942840 45.060319496512200033 1.8992078482146599328 -20453.629835602700041 120824.15104176099703 298.02580390460298077
942960 45.064180195137403473 1.9008439402191799061 -20304.402209066098294 121109.0762880389957 295.48651743655199198
943080 45.068302491255202824 1.9022889593151299792 -20282.988902264100034 121027.84528374999354 297.4887375336589912
943200 45.072800804344602454 1.9046451421399899218 -20333.357015605201013 120982.36636858200654 299.39566687975099057
943320 45.077124312669496931 1.9068667465425099827 -20239.794822484400356 121086.50571636100358 295.00779779586201812
943440 45.081290586900600204 1.9082556251589399832 -20335.619863813499251 120770.62480760700419 297.81484228520702118
943560 45.085488906872399184 1.9099121067236000115 -20357.947716046499409 120885.63954618500429 294.33158328824998762
943680 45.090091232942299371 1.911567966244370087 -20297.188257283600251 120982.79134689200146 296.61039215591500806
943800 45.094812392318303296 1.9136819254921899613 -20304.199852138801361 120878.64414676300657 299.39251944436597341
943920 45.099230704298200578 1.9154712551029500212 -20289.953919896099251 120745.70350698599941 295.4705940806799731
944040 45.103946867931099973 1.9172622994207100255 -20317.470256271699327 120811.01363165800285 298.42774706836297582
944160 45.108700668898002561 1.9199277966777099635 -20326.459089046900772 120401.40267505899828 299.02213130194900259
944280 45.11286353326300258 1.9226189102376201046 -20357.258943241398811 121088.92219138100336 296.23723911928402686
944400 45.117084237646999156 1.9253738748210400544 -20375.95254853320148 121013.70584642900212 296.79993744798400712
944520 45.121422444163400201 1.9281597567061699028 -20310.103559321498324 120834.72498422500212 297.72804425505898962
944640 45.126021163953296877 1.9307089551012499573 -20251.322694836901064 120962.96470193300047 296.76081459825797992
944760 45.131062134745903336 1.932709957533689904 -20247.681556790801551 121223.26483139400079 297.40950480459400751
944880 45.136214740650203225 1.933505333813160032 -20351.594923960499727 121107.76019517700479 294.7272478928620103
945000 45.141599970671101971 1.9346922662363899015 -20299.699422511199373 121155.52940444200067 297.87320677869399788
945120 45.146919115766600328 1.937319128179020078 -20291.066289576101553 121039.6356836759951 296.79456895128498672
945240 45.152242335951100927 1.9397140933087200221 -20386.183866801100521 121230.92887834600697 296.81367533815898696
945360 45.157662174540199373 1.9421028317385500284 -20363.825285366798198 121493.57196706799732 296.03749097186801009
945480 45.162992200495502004 1.9443802061749499988 -20383.529358712799876 121276.09609187899332 297.98390742947901799
945600 45.168896616504099484 1.9471008710171999745 -20290.616292482198332 121587.76943237900559 298.20694201189797923
945720 45.174966996856596779 1.9495990867994599238 -20375.639248506500735 121680.7092671040009 294.75759670996899331
945840 45.181610686111703501 1.9527131251408700319 -20413.065306486099871 121123.96222650799609 296.16141249802899438
945960 45.18828219794129808 1.9549648981179299501 -20297.184920751300524 121009.74378722099937 297.17811157557400747
946080 45.195120084722297804 1.9574624240136100362 -20268.744728919598856 120596.11978662500042 297.57958704725200505
946200 45.20232937952830099 1.9602404602055900629 -20306.560302072099148 120890.56868204100465 295.6610010550589891
946320 45.209761745854997628 1.9620596691299299064 -20336.559328538500267 120935.91911967599299 297.76116643314298926
946440 45.216736230090099014 1.9640735332434799965 -20355.676162394898711 120953.68930830300087 295.93779397823300314
946560 45.223901463455497662 1.9655373078330800052 -20431.371741522598313 121087.97940031999315 297.01684345943999688
946680 45.231532607748903274 1.9671120982562999568 -20456.641599756501819 121080.62042899400694 295.41888089410997509
946800 45.239186163146897002 1.9693453474643600742 -20411.737293910700828 121043.99408786999993 296.16403407492799715
946920 45.246366894512696888 1.9708766096932199829 -20297.394241097499616 120765.727591132003 294.62064664855898855
947040 45.25283319996160003 1.9725554025285800819 -20394.204393017098482 120680.26867411499552 295.48839565063798318
947160 45.259463812407602745 1.9739676673366399751 -20291.663109983299364 120867.04359962600574 296.96888535636202278
947280 45.265661086990697015 1.9746064315228899488 -20349.646750831201643 120656.53913452199777 296.05721242890501799
947400 45.271308683966097419 1.9767142939209800812 -20316.468263558399485 121071.46840753300057 296.93796320399297883
947520 45.276482654961000662 1.9790758550039500019 -20339.297216462098731 121250.73007062599936 295.32391402554497972
947640 45.281495134803797953 1.9813493780817099665 -20408.267862385600893 120951.97684959300386 298.6586458399269759
947760 45.286607274243898758 1.9845335435032100957 -20305.991468122199876 120763.25217985500058 296.49452022825397535
947880 45.29208527575310228 1.9874299627413600788 -20315.590185987399309 121196.38571473999764 297.59285852360000035
948000 45.297713228351597081 1.9904287929574699945 -20268.547785782298888 121411.24566474999301 295.25625124994297721
948120 45.303202569767002217 1.9931243470347199676 -20282.277891930800251 121380.90595364599722 297.06856691829199235
948240 45.309090307538198772 1.9952437140458800791 -20275.315797715000372 121567.97304333800275 297.1492137209730231
948360 45.314980545230000075 1.997591268990730029 -20342.437485378501151 121742.21090061399445 293.49995193950599059
948480 45.320661940068802664 2.000562113523209895 -20417.062543670701416 121349.84501836300478 295.03769688641801849
948600 45.326228793433699593 2.0031508647650602128 -20381.161184040200169 121347.50864972600539 296.86297572535801237
948720 45.331866707577802345 2.0059537096020001457 -20348.887149045200204 120732.76483579599881 297.8399900737060193
948840 45.337375841636500695 2.0084860637629100566 -20385.604566599598911 120500.65637763300037 296.10662408043600635
948960 45.342660449232198516 2.0105362340540198218 -20503.085260280600778 120955.5559001990041 297.24048159538699565
949080 45.347535105937403443 2.0129686713267398446 -20373.83272497660073 120678.56317362599657 297.45742883796401657
949200 45.35252928269540007 2.0155035862554901982 -20370.646419779801363 120971.98750050499802 294.73149085607201414
949320 45.357702335478897737 2.0186234575432497884 -20329.909142264601542 120810.14486898499308 295.8288573491660145
949440 45.362588714605202256 2.0228863355234798505 -20372.76977381890174 120743.81775174700306 297.18012628644498818
949560 45.367265230969202605 2.0261662151218198247 -20369.858190985600231 120849.12983439299569 295.83761245967701825
949680 45.371769444029801832 2.0291523099162498411 -20482.999189763500908 120920.30385017799563 294.62343235851102463
949800 45.376425456875800535 2.0334059218990598872 -20366.478399683401221 120857.00176654499955 296.45739219758002037
949920 45.381168892840896945 2.0353301355033099895 -20408.547841178900853 120995.20701100499718 294.85059701646497388
950040 45.385887860040696751 2.0371851571693100347 -20378.071236379400943 120764.91060598900367 295.83029500647000987
950160 45.390466820733600173 2.0398173202389799918 -20320.030217310901207 121079.94153180099966 296.05877860658802092
950280 45.395312678532796724 2.0412328075777801395 -20373.174884180200024 121262.84337060600228 296.88053432580801427
950400 45.400861683848901862 2.0432327850183100715 -20354.594831407601305 120910.18901787699724 299.44063308714601135
950520 45.406612121741396493 2.0471924759707400554 -20389.851853202901111 121282.40365340300195 297.28450812377298007
950640 45.412599329169097473 2.0503271158887801384 -20535.027394499200454 121071.84756563199335 297.11536720482502005
950760 45.419056558020699299 2.0541055976038098407 -20494.655580482198275 121367.81213058400317 296.20870145278098562
950880 45.425759650625501251 2.0574817389943000912 -20526.744585237298452 121294.31102074700175 297.84593524198999148
951000 45.432227578983997773 2.0603145798468198713 -20472.215145501100778 121112.43560036600684 297.38748199037598852
951120 45.438705719805803085 2.0631986850112498111 -20405.359235887699469 121123.49635082700115 294.8011048816790094
951240 45.444949343574499778 2.0657624594624701686 -20454.261663348199363 121212.47295739399851 296.37774565301799612
951360 45.450642064134598286 2.0687826673697400359 -20433.458584520598379 121322.48572641900682 293.08189101319101155
951480 45.455873529676097178 2.0719554173798000463 -20457.893669542201678 121302.36970353199285 293.6469909269860068
951600 45.461094103446797021 2.0755624793386298066 -20340.907720445498853 120905.1642708730069 297.38522128795000299
951720 45.466060043189798989 2.0790933694636599682 -20312.086703031698562 120931.3930228179961 294.66531143787500469
951840 45.471041091895997965 2.0817998087443401189 -20273.160391541201534 120938.60160188899317 296.14284737891398436
951960 45.475849144278100766 2.0855695083471701423 -20366.786430578998988 120779.04471488500712 297.10065120127597993
952080 45.480319401871902585 2.0874002885331099932 -20372.566761416699592 120813.56901603299775 296.29594887011597848
952200 45.484873631020100504 2.0889820596906001349 -20353.530041666701436 120415.54091896700265 298.12479206930498776
952320 45.489913297632000422 2.0913398906522400189 -20310.1403010221984 120186.68819979899854 299.49705013520099328
952440 45.494876572753902622 2.093969368656400043 -20498.08602279940169 121073.1787741129956 292.75723517190800749
952560 45.500202365991697206 2.096947383146639865 -20472.116950946699944 120827.62944463999884 296.89875734928699558
952680 45.505506689642096774 2.0994938776004001824 -20399.380945252600213 120519.45448231000046 296.99139142871598551
952800 45.510230271342699382 2.1005029388461999851 -20366.424963530098466 120630.98363718199835 295.96802976242798877
952920 45.515174723221100805 2.1017732816680498864 -20337.182924607801397 120634.57055033100187 296.71396482960898311
953040 45.520019661059400562 2.1043766723874699487 -20364.345992519898573 120865.76954579900485 294.91132880694601681
953160 45.525056657141199423 2.1051161152560498024 -20322.458032481899863 120968.63056233500538 297.23630442995198564
953280 45.530519109984098236 2.1074442469678498213 -20319.411044691700226 120612.2900347669929 296.11011011600999154
953400 45.536148257994398136 2.1102042799607501067 -20328.476654174599389 121098.97728064400144 295.22030779308897763
953520 45.541374042572002168 2.1133373197849598668 -20307.264310275200842 120456.94492378400173 297.89724234060798835
953640 45.546125349459401832 2.1161898435105999106 -20333.288916007099033 120656.03488185099559 297.61304618763500685
953760 45.550676595835497551 2.1184360834558999542 -20323.71562007940156 120920.41973904700717 297.54268673265102052
953880 45.554811953420902171 2.1199819796887000578 -20322.7050465909997 120975.73942577499838 298.16161903791697796
954000 45.558728413739999041 2.122327966665260135 -20360.560993382601737 121237.71058189700125 299.9010710885700064
954120 45.563073389026101268 2.1249007844498097874 -20382.088497769298556 121266.59100031400158 296.9026065263469718
954240 45.567565384549503449 2.1269964074095097928 -20392.625591680600337 121093.30224065500079 294.95159269202997621
954360 45.572416770743899406 2.1289897204022598665 -20364.058811244798562 120976.1104856729944 295.4374463235640178
954480 45.577288174005403221 2.1304445985962101595 -20331.130642916799843 121008.85305136999523 296.35445623670699433
954600 45.582104794083598165 2.1315878300278998658 -20321.783234003698453 120878.9112520100025 297.72077600486602478
954720 45.586753995402396811 2.1316727228711798148 -20245.642360604600981 121188.94572253900697 295.75706681391000075
954840 45.59110449698489731 2.1327704029977101463 -20358.40073461350039 120928.65874713299854 298.03436978594800166
954960 45.595078679715001613 2.1337919993006799757 -20172.554403960300988 120963.17877530299302 297.53342986531197312
955080 45.598798455189196943 2.1343447806666100419 -20254.523577950898471 121260.64881594800681 295.60918489936398146
955200 45.602852977863598483 2.1355655867216900567 -20181.921770814398769 120559.18426412399276 299.64783262683897647
955320 45.607357672797697035 2.1370789402242800215 -20199.999330312701204 120722.087045666005 295.95501625327801776
955440 45.612460414383896534 2.139225820804739886 -20323.998152363001282 120566.22558114099957 298.55697942299798342
955560 45.618044269558701842 2.1416523023144300453 -20218.677475375501672 120905.132453446 297.56161349789397264
955680 45.624018520452700898 2.1455570481669701266 -20317.530569175498385 120915.33123375399737 297.22918519165801854
955800 45.630088366577901127 2.1478371146746297882 -20297.064607042899297 121569.07732021200354 295.94290356727901781
955920 45.636177553662399475 2.150148918878409976 -20248.594552412800113 121277.43076794099761 296.01970910548300253
956040 45.64205971128060213 2.1542208867483898516 -20234.773618592600542 121110.30703929800075 297.14200400216901699
956160 45.647813189680903179 2.1564532325959500092 -20318.080636091599445 120856.59683120899717 295.37046698646599907
956280 45.653846679564303201 2.1591079365818801605 -20349.038221991799219 121011.13299878100224 297.15835498566900696
956400 45.659873621169801083 2.1620825666623999517 -20300.248122849199717 121087.1806736550061 295.57342342302501947
956520 45.665894905821097893 2.1636453217591400389 -20357.521971246598696 120955.14156996199745 295.79464816646401459
956640 45.671921065477697255 2.1670972966391799375 -20356.720573868999054 120805.76581456299755 297.83194516539998631
956760 45.678219142617798809 2.1693814773108002214 -20300.566359194101096 120972.9562359059928 298.6617278286249757
956880 45.684054284112200151 2.1703473085207800608 -20211.498822668501816 120987.54818480099493 296.67479204210798116
957000 45.689975269755500165 2.1731273303930600527 -20246.891449262500828 120629.73952614300651 298.03625419533699414
957120 45.696326562046600372 2.1761736812689900233 -20301.016661687699525 120869.01100056999712 297.95703384838498096
957240 45.702996220629799495 2.1797401438537198359 -20244.00137251329943 121123.68917111300107 297.74932642904599334
957360 45.7094681444788975 2.1839017918593799372 -20243.426771919901512 121064.37799507699674 296.7614993535869985
957480 45.715493534448000901 2.1874798661886400986 -20361.140329538899095 120914.04983647199697 297.9808968891790073
957600 45.721294475171596616 2.1919117508898802171 -20328.807451669901639 120886.9132692580024 296.72979163591099905
957720 45.727314786083198328 2.1955431363340198736 -20326.819696810300229 120975.13124095200328 296.47398778474797609
957840 45.733033337857996514 2.1989988795468300431 -20242.282243126301182 120752.20164987699536 298.88274527384999146
957960 45.738850423986299631 2.2033466892151900574 -20358.259458126198297 120956.41444356300053 296.84635309586798257
958080 45.744783173942998644 2.2065909280730902076 -20278.576729366701329 121059.73972469099681 296.42330598411001574
958200 45.750945581966398379 2.209796253052589865 -20338.510994380598277 121047.85585100699973 296.79300620538799649
958320 45.757075411976899204 2.2133691057169899707 -20253.817726039400441 120733.25278011700721 297.03113773662698804
958440 45.762471993828903294 2.2167994855814701083 -20285.939970092200383 121059.63027828300255 297.12701755084998467
958560 45.767610870670303314 2.220878659431969826 -20343.897024343499652 120997.11163708999811 293.85281620560397187
958680 45.772770520619701529 2.2247948411115698875 -20359.61376767190086 120860.29251012600434 296.20934897838600364
958800 45.777715119713697334 2.2301266511393200709 -20332.625438592400315 120517.79244449100224 298.83392557161499781
958920 45.782511972720797644 2.235127951235489796 -20356.809806614899571 120965.998507479002 295.92269031983198602
959040 45.787294249489896458 2.2397520392842698023 -20336.434995666400937 120897.5676496590022 296.05435212489499008
959160 45.791991000956201674 2.2438504850625000664 -20329.560910651798622 121224.22602479500347 299.25832567491301006
959280 45.796817927695101957 2.2481179233388099981 -20355.401786207101395 121170.46399017800286 294.84805236687600427
959400 45.802088104915000599 2.2526047032797400504 -20336.787237290900521 120968.79357723500289 296.95595743496500063
959520 45.807564480741099544 2.2561255369445798458 -20252.813084856901696 120652.5180302390072 296.19386015767702247
959640 45.813250816504101692 2.2593484726547599095 -20360.083264397901075 120966.24837528800708 297.49179211259900057
959760 45.819050948933302436 2.2624860347428898955 -20320.968444762700528 121240.39463742499356 298.92090476250598385
959880 45.825122730621600908 2.2662262602695899538 -20249.440958151499217 121158.78966240599402 296.30230288683100071
960000 45.831012930758703305 2.2703329124448901055 -20185.907348327898944 120989.26593736000359 295.64415487543902827
960120 45.837391529608197516 2.2743937252540198379 -20292.769973211601609 121070.44717956900422 297.90490500129698148
960240 45.84399939083189679 2.2785496002244101099 -20254.733888249000302 121374.3420548819995 296.21388891533297283
960360 45.850031940344400994 2.2815456586182798482 -20422.514252602199122 121337.99815341900103 297.95020445628802008
960480 45.85615973919070143 2.2849701441335401597 -20479.978382523400796 121211.7505740810011 297.97391811974699749
960600 45.862949453080503304 2.2877274399457498966 -20453.304807487998914 120913.2270697549975 299.68309471313699532
960720 45.870157730164898169 2.2896583764174200937 -20405.241133056500985 121070.08997424700647 299.39459573630398381
960840 45.877555606079098993 2.291857980347459911 -20508.901777544600918 120965.50287053899956 298.50352115040197987
960960 45.884941166756497921 2.2940918651444102139 -20511.802856192498439 120809.99592049300554 298.3135399254400113
961080 45.892165239489202122 2.2960981284961201609 -20483.66525918410116 120729.36793956000474 298.49573476835098518
