Step Dist_Z Force_Z PMF_Work Rg RMSD E_Interface E_Poly_Internal T_Local
841440 133.97993889197300632 0.33696965516116500483 0.0059468497310934502476 42.887031115124202074 0.45410877218373002506 -21870.86659493589832 122116.94133465700725 300.34598918496800479
841920 133.97608179887799906 0.90479018392180998731 0.043435786223057701316 42.896097131501498723 0.65933843234286604318 -21890.300167748999229 122124.11823841999285 302.9379381502239994
842400 133.97170452901499971 1.4561675043084401082 0.11470534839160399787 42.906692340360699234 0.76378071816024695195 -21831.175678983101534 121859.57322380000551 302.40676657238498137
842880 133.97026609319999579 2.0255614652802598208 0.21889561445972899323 42.918632952157601324 0.81914205586245203428 -21981.358367697601352 121758.82968092200463 302.59097428215898162
843360 133.97107427979699423 2.6037233443871499183 0.35753602093579200938 42.920966346453901963 0.86459068459123400441 -22036.928823001100682 122231.2478878480033 302.4462628623879823
843840 133.97412876250899672 3.2150873861574700285 0.53180998047092198355 42.91233352999999795 0.89496668003378399003 -21949.440875085900188 121811.27612276200671 301.8734660919570274
844320 133.97303056591599102 3.7796119326426200757 0.74182284724862901371 42.914932264955702124 0.909044937686363963 -21963.844629820199771 121780.02547305700136 302.24091138121298172
844800 133.97935676948100081 4.3977136247343002751 0.98685950533278798957 42.924729996548400379 0.93025039911209095322 -21854.840871446100209 121951.58835631499824 303.4200472777869777
845280 133.99200329099599571 5.052251956353099871 1.2703259454336499612 42.940086374326099872 0.96543292415433901166 -21977.250011572301446 121622.34026837299461 303.23491245529697835
845760 134.00295076412899675 5.7498929505756297687 1.5939866548941199476 42.943443624326697261 1.0028077445222400854 -21820.504226568999002 122120.49782294800389 303.46619746019098329
846240 134.00691252371998985 6.3880248418150795686 1.9588767254829200226 42.949260746966700708 1.0350853438319600475 -21871.326117914501083 122185.29630704400188 303.27005071269201153
846720 134.00123517354299452 6.909643322335930371 2.3581834190303698762 42.949001621004903484 1.0625437219553199863 -21860.494391894400906 121791.87186834600288 302.70164043314599667
847200 133.98729464673300527 7.3359716400569601191 2.7859024333736299717 42.948773560964298213 1.0846707896743599253 -21888.032056585900136 121683.29880570199748 304.05706948007900792
847680 133.9761692763030112 7.790766985142949963 3.2391930462159499449 42.954536248901199258 1.0953046836363500294 -21911.865219907598657 122103.80661475099623 304.68498298300801252
848160 133.96673953472898688 8.2943579871795591885 3.7218867188075202002 42.960833135392697102 1.1165510663143300985 -21851.72352446540026 122156.10070911000366 300.59358296799001664
848640 133.95611581759200703 8.7677728414383295785 4.2336463287297600999 42.957040139395402889 1.1198469740099299408 -21954.032291361399984 122020.40201197999704 303.24994926589300803
849120 133.94404525013101193 9.220732076534499555 4.7735067900494803084 42.951564270417897262 1.1272713027774099448 -21841.427668983098556 122248.61153014599404 303.28556226061499501
849600 133.93494302186599043 9.7021875583474503912 5.3411136907198901724 42.948166090804598127 1.1321175752375500778 -21929.516585117700743 121598.4412503909989 304.71677893052401487
850080 133.91977949695399275 10.13160219963310027 5.9368847713354302442 42.958711384983196524 1.1543151930538499972 -22003.345864098700986 122322.61074868599826 303.15142126486000507
850560 133.90325199428698966 10.554162018065600392 6.5570348970628300478 42.9706842388782988 1.1719604790627300428 -21870.115505682300864 122139.17405934300041 304.0183771965799906
851040 133.89530655907898904 11.06148220642609914 7.2053380504093800241 42.976694830141099146 1.1813484096387198985 -21870.488063313998282 121908.92182992500602 303.63926701825198506
851520 133.88530771744001413 11.574074409366199134 7.8848954266895603382 42.988903644306901697 1.1942021254750601056 -21786.587151211599121 122082.60116919700522 305.03308585624199623
852000 133.86850877370400781 11.992937998316200776 8.5924285147528394191 43.005007131665799136 1.204847083221660009 -21917.037702399800764 121952.76723751699319 303.79104786611799227
852480 133.86290385495101418 12.5265820837553008 9.3270268440300991841 43.015514045647499586 1.2187814473069000787 -21919.989667895199091 121866.45666217099642 303.92497895931802532
852960 133.85843954576500892 13.063064189680099858 10.095472798668199133 43.030129606802702824 1.2236269385722600145 -22008.326843286300573 122494.36160046899749 303.4122802354149826
853440 133.85278255764799837 13.578564813939200562 10.894422201726300159 43.054583215981402589 1.2337522187788099171 -21923.564541168900178 122101.44414981399314 301.90474774329697993
853920 133.84537422685301067 14.087182433624400701 11.724676551901799471 43.077420131230901745 1.2419936575276200319 -21939.256399070298357 121971.58594527099922 304.38772062857401579
854400 133.83352271403998657 14.554732645553100312 12.584172508847400351 43.084201650586400945 1.2490372090197598975 -21788.481090432000201 122356.43843111699971 303.00121953278198816
854880 133.80920268547100704 14.892447875517 13.467640408889099746 43.076481714973702708 1.2619303818717699794 -21796.641687716099113 121866.09647911599313 304.77912778124397164
855360 133.78960975401199107 15.273771365138099299 14.372619310076400367 43.079751303535097406 1.2804882021017400806 -21917.802190609199897 122013.28106644199579 304.88373957478501097
855840 133.76888138758499736 15.656843873584600502 15.300820441788699711 43.076508933125602141 1.2955419311446900732 -22001.045450472498487 122110.73765724699479 304.14231532173499772
856320 133.74464191240400623 16.015399175518901131 16.250296977445799484 43.071764245720402187 1.3093446336507998939 -21954.868753810998896 121831.52600543199515 305.30354909283499865
856800 133.7257600806019866 16.405626325266400301 17.223275711420498624 43.082921220563598297 1.3343961753612501031 -21870.283130257801531 122271.46175041100651 304.78932579321099183
857280 133.71023267687598945 16.808241152282299424 18.218930118343198643 43.092564178072599645 1.3444123743619500466 -22030.104168254798424 122141.24899271900358 302.57830054255799723
857760 133.70038808436200384 17.289279709317401768 19.241941028758400734 43.099602892242302232 1.3610374626153700639 -21757.293095812299725 122331.5630551600043 302.01872421700397808
858240 133.68510401422599898 17.708442223350800759 20.292469122195900155 43.110480309638099072 1.3771165417527999608 -21863.672964812598366 122142.11132882299717 302.91442609028700872
858720 133.6670806522919861 18.112363446631398745 21.367438500809100788 43.125659426698597088 1.3837939723082599563 -21774.187409133199253 121991.09842886000115 304.44321696788699683
859200 133.64166447211499644 18.445641301140700108 22.464226961936798688 43.135968161854599145 1.3984389902681000351 -21893.042787533799128 122347.34960266899725 302.75906038700799172
859680 133.61838776431099518 18.798570520163998765 23.581250763707899409 43.145035149581701717 1.4221293843195599305 -21806.51659627259869 122189.49497132799297 302.29726525826902161
860160 133.59672057548098678 19.151712943196798733 24.719581293830298563 43.149998037169901011 1.4243848051507599362 -21771.669138847501017 122232.02112952699827 303.273738596685007
860640 133.57286801782998964 19.465529371982899676 25.878478734860401289 43.152838437819298179 1.4430447928887399911 -21778.342079402100353 122238.70707739400677 301.1079897679759938
861120 133.54783678260000102 19.769184445467899991 27.055853537522899899 43.151163429375898772 1.443613367463749908 -21827.816540406398417 122008.78495142000611 304.00541584316999888
861600 133.51735426364899695 20.029617135764798519 28.250519927997199687 43.150224436262803351 1.4460338927316100932 -21774.334425314998953 122147.94828173999849 304.64053835105198687
862080 133.49133333820299185 20.342236211317100469 29.460867260280700464 43.153113854818499817 1.444929447198940009 -21791.522310433301755 122550.23684449799475 303.05032113302797825
862560 133.46638435856499427 20.694384639556101746 30.691967484109198949 43.15617334452480236 1.4511371476922398926 -21808.066498070700618 122103.98619558599603 302.19088163331599617
863040 133.44938527918898785 21.099946536425399302 31.945435506994400043 43.159663600236399361 1.4681742836271800545 -21828.31925310349834 121971.10473284700129 303.86915656718002765
863520 133.43571927817100686 21.541910106252100121 33.224561686814602979 43.155132193582403488 1.4856342609140200661 -21780.52522493449942 122151.41131032000703 303.48536144741001408
864000 133.42404457514800242 22.006413887123198236 34.531712436909600683 43.151266281463897201 1.5058874180970600598 -21823.011418154801504 121803.19918268300535 302.30518372519100012
864480 133.40591649327399182 22.391673180318701242 35.862756841513096617 43.146599802233701837 1.5133355649219000227 -21622.024060137100605 121852.11216541900649 303.55580133853197822
864960 133.38661794466401034 22.806074440244799462 37.218889732065697729 43.157920327357999213 1.508852884426169938 -21699.068494164301228 122047.25829120799608 304.42912891636700579
865440 133.36482916565000778 23.215987017954599736 38.599751946748398268 43.165688271984500091 1.5069765175961500336 -21693.403432108498237 121559.79728651700134 302.06951811837501509
865920 133.33836445296600459 23.574462245660900095 40.00378766466869962 43.174632549928901426 1.5070021865855600662 -21757.436874710700067 121894.74844450999808 305.06901965715400138
866400 133.32390020435499878 24.062346722400700827 41.432057597218900469 43.183045349492097387 1.5192143773931499062 -21761.370247334700252 121871.56616998900427 301.63571073411100087
866880 133.32209807279699021 24.655772220664001537 42.893605683217501223 43.20148780856389692 1.5224270903244299102 -21834.841063882198796 122325.44553736799571 303.38804999403697593
867360 133.31688677937000875 25.220216790630999526 44.39064571166330353 43.214936476227997275 1.5290015159881000795 -21957.964122587498423 121911.75830699800281 303.62151407459600705
867840 133.31333782270701249 25.790044141343500428 45.920553491505103239 43.222913162871101633 1.5309400092164200391 -22011.275985179301642 121861.79072102899954 303.89834305270198911
868320 133.31338532011099574 26.403776408205001047 47.486425740544198959 43.231004406300201026 1.5385485352019399041 -22127.076981914800854 121606.94959833899338 302.82571194233401002
868800 133.3076322887779952 26.960358610134900204 49.08815514219850229 43.233713037928097833 1.5561483274905800744 -21928.537298897201254 121844.81440970300173 303.36620355960201323
869280 133.2915392584959875 27.420464323782500315 50.719346233955398873 43.234452215507801043 1.573586132888409983 -21899.188040815301065 121831.52648887599935 302.27408145515499882
869760 133.28068363980199251 27.940026314152600406 52.380127929712799073 43.225791794640400667 1.5734245329753899778 -21888.327898423998704 121823.53187616799551 303.17172776109100596
870240 133.27017373315101167 28.486071030875599774 54.073307808786402973 43.212233565452997652 1.5709929715071100365 -21745.94429137140105 121814.81259776599472 304.06785076997397255
870720 133.26004210312001419 29.028160342713700715 55.798633055868101849 43.204076742421001711 1.5654528764864898971 -21784.579212986198399 121564.78833503399801 303.62095856480101475
871200 133.25105876466000154 29.592406811955498824 57.556604408761401714 43.193152766248097407 1.5629858304298800409 -21710.965092305399594 121608.73382621600467 302.92086946779198797
871680 133.25305073024100011 30.266334198474400097 59.352715790931000583 43.179051665629899048 1.5688664424714799939 -21802.192866965498979 121841.2326494440058 302.74556718101001707
872160 133.25325690263198908 30.907638132933200836 61.187559997635801778 43.16889745562129832 1.5660652721874099846 -21797.118422153500433 121648.86451070099429 303.36207538997797428
872640 133.24731958910899721 31.470759358089800628 63.059643524344302534 43.168415540377502282 1.5687894456619000394 -21740.714363793798839 121770.71001505799359 303.00823943862201304
873120 133.24091701940099597 32.004375781118000077 64.963781669137901531 43.175494274770102265 1.5816705783582098999 -21737.471977260498534 121690.30316627799766 303.15102402212698962
873600 133.23285466926799359 32.53239091138249961 66.900399644173802471 43.170288188521297457 1.5934536053437999836 -21690.91436107860136 121852.25915785699908 302.93489244032497254
874080 133.22428692229499347 33.070632302854299667 68.868247097604296414 43.160510087310598237 1.6032860374219699562 -21636.765256167600455 121303.69596903200727 302.67295958965701175
874560 133.21802656700100442 33.589527256251500376 70.868396279676403537 43.155163755861501329 1.6081739186369099492 -21550.49825671689905 121744.68648572299571 301.16362294477499972
875040 133.20863144236400899 34.12934311260669773 72.89990759954919497 43.165807685558498008 1.5956348399967898999 -21687.449311602700618 121753.12038037499588 302.58210041394602285
875520 133.19675421380100033 34.628521795143200279 74.962491429054495029 43.180621964494001475 1.5881201844237999854 -21596.904607115600811 121959.48607723299938 301.77733214670701045
876000 133.19550979878900421 35.224768950632402209 77.05779722720770053 43.196444754222902418 1.5956582963304699607 -21775.419482022098236 121997.36133682100626 300.58870504138701563
876480 133.19156854425298775 35.803387698237401082 79.189142118550805094 43.210985480418997895 1.6009774563933800717 -21730.775916466700437 121969.74280752299819 300.33432130708399654
876960 133.17607229540200819 36.27990922955449804 81.35164941939029859 43.222117055430302912 1.6059689924558500085 -21711.95484160129854 121822.19024350099789 300.88305996315597213
877440 133.16676346771498629 36.818222409309797172 83.544280792789194834 43.227491457501301397 1.6033112489792500366 -21701.195295032699505 121729.73710311700415 302.36257569899601094
877920 133.16057202965399142 37.377763561360900724 85.770336865352504674 43.230388556622699525 1.6066827013864999341 -21634.786638931600464 121573.86714380000194 301.1948116010639751
878400 133.1556141246929883 37.931905255045499814 88.029661986007297969 43.232206640127500918 1.6107834969549199577 -21771.952823790001275 122088.87684366200119 301.70047586796698624
878880 133.15008230999600869 38.494839748175500915 90.32227210917730531 43.227906459771801906 1.609137811783349914 -21858.508330514599947 121420.92356278799707 302.08286766533001355
879360 133.1417592645539969 39.045051901405003036 92.648942014645896847 43.217180742339103006 1.6259249555927000053 -21813.054451128198707 121735.20681890299602 302.31738244201102361
879840 133.13149580289200458 39.552831457492899858 95.007080898789496359 43.214468675735901115 1.6318502775223799883 -21834.534132608401706 121474.10900802699325 301.85323408538198464
880320 133.12134115398399103 40.07227643976680298 97.395491388064797889 43.211175680969397206 1.6323086676194500377 -21710.557497861198499 121735.85237014299491 301.82046875867297331
880800 133.11430418814998689 40.606115716495501999 99.816250677821102499 43.20806190218529963 1.6269038092715799593 -21758.180849289001344 121821.24862102000043 302.20880978147800988
881280 133.1005375977570111 41.08587786353650273 102.26760137527000438 43.198077921016000857 1.6394189804363499263 -21829.296121706298436 121691.15854398299416 303.06693753980300698
881760 133.08683461229099976 41.587278264057999877 104.74703141323099942 43.185339358693198619 1.6335440672512200333 -21903.959710749099031 121926.59042172299814 302.19647470757200836
882240 133.07660428896099347 42.113853167067496486 107.25858472057299764 43.177617729036199989 1.6406654530282400728 -21821.385609658598696 121921.8634341989964 302.51771803128599458
882720 133.06982062513000642 42.644642439399397915 109.80076642601200376 43.173424015554900279 1.6582892786602601021 -21876.08793424760006 121971.45665756599919 302.33411774393999849
883200 133.06686285789800195 43.228873039173301152 112.37702040226099598 43.173993459238900527 1.6567437112981500125 -21889.581449457800773 121890.12437580499682 303.42817619061401047
883680 133.06982583708600032 43.88032750056979836 114.99018355369200606 43.184777750671599961 1.6729805333408200863 -21987.680945470099687 122260.26865112599626 300.8087580784409738
884160 133.06992404178200218 44.505528062472798467 117.64118135397799847 43.198336263049199601 1.676261112312610102 -21812.433335655099654 121929.3318891999952 300.90771319835897657
884640 133.0841013964430033 45.266222275727699298 120.33406863436100309 43.207933006192902781 1.686711588867890077 -21835.223465127299278 121261.58033864700701 303.78590294423901241
885120 133.09065058544800308 45.956407771827898046 123.07124423175200434 43.214401183905202686 1.6873240589543099244 -21893.578125398598786 121439.94349390499701 301.9918310820850138
885600 133.09188091401600218 46.58631440616399999 125.84783765455300397 43.215627057275696643 1.6838772778268300545 -21785.305539841501741 122203.07729124800244 299.32613040815101613
886080 133.09556812597600128 47.239656293344900462 128.66266612122700508 43.207553852627199831 1.6863542347756099726 -21973.241692434599827 121667.55755100400711 302.7539749401349809
886560 133.1002914605309968 47.894892469529303014 131.5168557997280061 43.194590396011598443 1.7003916912186300969 -21979.583655151098355 122156.65836486799526 299.73219781083901125
887040 133.09711732199801304 48.459095169681198456 134.4075492649890009 43.187534525349299486 1.7160478119273701036 -21837.212776090298576 122008.83410714399361 302.47509311872101989
887520 133.09766983362700898 49.082327405313300517 137.33382773008699473 43.186157853256503358 1.7309918464492100032 -21916.64823454819998 121519.2341507569945 301.1682976445119948
888000 133.09478153123100697 49.644835201946698078 140.29589242829499085 43.18683943040999651 1.7419847279827600506 -22011.400583487000404 121714.8550491539936 304.30578485937297728
888480 133.09457106945998817 50.23993912039880172 143.29239256888499199 43.193700660892098142 1.7558857418281799134 -21843.776387777201307 121755.97917131100257 304.52177061858901652
888960 133.0922939626549919 50.836437077408497487 146.3248065537920013 43.200747922776699284 1.7657701358026101079 -21918.702327719998721 121861.59546925500035 303.50587424056499231
889440 133.09065842110399558 51.422557388033801828 149.39253881086099796 43.203878991497902007 1.7735365362007800005 -21819.176144558401575 121755.15765864099376 304.84522058995702309
889920 133.08937017786300316 52.019790928368998095 152.4951840928310105 43.215647940302297059 1.7751307325145100346 -21769.451466346799862 121847.74796678399434 302.53110736557499649
890400 133.09495807323798999 52.676068090755300943 155.63652676091399485 43.222180661650803302 1.7782304935728199258 -21588.323297969298437 121624.37388797699532 303.2172675993489861
890880 133.09274046683898973 53.266055512864298294 158.8149640840769905 43.21807704406700168 1.7760589186269000184 -21865.748200729198288 121948.14158955900348 302.43581570369701694
891360 133.08932940217999885 53.844959802384700254 162.02898540700800822 43.217534389792000127 1.7769936061347899603 -21887.590138341998681 121992.00766494400159 303.09459738595802492
891840 133.08571137378800131 54.370218069517498805 165.27514380865400767 43.21929493529430033 1.7798700564608300745 -21799.846795332301554 121637.16949666599976 302.34443781610502811
892320 133.08012193856600902 54.886995580820503449 168.55337879303900195 43.214645618196200871 1.7894406977833900996 -21852.527641246299027 121824.19976149599825 302.46900773091800829
892800 133.0734044716319886 55.415733234298798493 171.86253610680100223 43.22118660542250268 1.7989038159903800729 -21650.812381646501308 122022.16607304700301 302.16081151111302461
893280 133.06758797357699109 55.964776161080898476 175.20357633168399047 43.22237273435909799 1.8108932963729000853 -21878.377680427798623 121703.07872106399736 303.38104001684098421
893760 133.0615989620889934 56.499568302964597422 178.57781838174199152 43.224149354526701927 1.8118175873343000948 -21881.987890709198837 121830.19839724600024 302.75551994708501979
894240 133.05687600283999927 57.025243939001697413 181.98356894568800612 43.224733782826596951 1.8186268240884300162 -21773.115237848600373 122079.79315105899877 303.13317762125598165
894720 133.05509605906098614 57.573206284327199 185.42146821123699851 43.225889018286899557 1.8282072206411399407 -21817.710603494699171 121803.05519969000306 304.70948213652297909
895200 133.05283317930098974 58.136618374585196989 188.8926454574790057 43.2279291619295023 1.83408208846474996 -21903.754149707900069 122326.46371933999762 304.24467441153598202
895680 133.04515064068300489 58.65723162617499753 192.3962903279829959 43.234573161795900376 1.8310717506996700976 -21793.300087482301024 122302.8823942940071 304.39072011310901189
896160 133.0410552541839877 59.216625200346300062 195.93308856608101109 43.241417828774700638 1.8190435979139198963 -21881.030483252601698 121826.74386554199737 303.81713127088499959
896640 133.03156048556999735 59.660377259083702484 199.49952358890701021 43.239309918547903067 1.8284847327955000562 -21881.541981038299127 122066.54906009300612 303.53167191782500822
897120 133.02514353701400296 60.15621674023800125 203.09338636723600757 43.240190657852600964 1.8316558950264600902 -21943.362276953099354 121997.8143779719976 303.07381787095397385
897600 133.02302659590500866 60.718685539963601627 206.72005687385100714 43.247221410255100693 1.8326935264046699814 -21900.019690046799951 121650.50357613900269 303.89539277336700707
898080 133.02318218637500991 61.310650408835201119 210.38091341393800349 43.250681771739301951 1.8333653568437899839 -21879.821538152398716 121978.9395768569957 302.95587790640001913
898560 133.01659882126401158 61.826535376488699569 214.07552218182300408 43.248483866964100741 1.8245717594952799434 -22036.754231948500092 122102.8994102269935 302.86436402688502767
899040 132.99966118561499684 62.212039344212698211 217.7972032625690133 43.250903513966399316 1.8258068870524899463 -21949.54300386649993 122139.78780661399651 302.87792216408098511
899520 132.98323882397301077 62.615938229416002514 221.54164084669500312 43.250267561355300927 1.8286040196622199705 -21841.295548601799965 121357.47461026499514 305.01544513943997572
900000 132.96892304933101059 63.055448421118001079 225.31148023935901392 43.253681657525596904 1.8246511160309999422 -21812.868600270401657 121912.49669911300589 302.63003212772702
900480 132.95541053730900671 63.512361560456099596 229.10863149589201271 43.255315184110102678 1.8198796121817299998 -22002.265999480699975 121799.51460814000166 303.93677700352202464
900960 132.94208240436600477 63.989687717799498046 232.93374201118999167 43.261528463659999488 1.8072369334728100032 -21863.383579862700572 121880.58071676100371 302.89827333570502788
901440 132.93330253619001269 64.498988717480699506 236.78812630493999336 43.268682377128200756 1.7994003249826799884 -21841.568520642198564 121627.28995913600374 303.79966296431700812
901920 132.92395637224100824 65.0081131184249017 240.67337918641800343 43.264304201394502059 1.8049102434679500373 -21733.623886032801238 121461.7355329330021 302.52202444107001611
902400 132.90725695332099576 65.406462348610205026 244.586611967996987 43.263010700204297621 1.8024378581686100187 -21878.901067588900332 122182.21754175299429 302.037294863840998
902880 132.88200100132701209 65.73217630537369871 248.52026463162098935 43.27174336829909862 1.7950604479920400092 -21788.225138965601218 121946.24513795900566 301.65187832069500473
903360 132.86622419592600863 66.188106218164506345 252.47784469662300921 43.27099029196549651 1.7992120036725500754 -21815.289145497201389 121956.35566922700673 303.55671376304599107
903840 132.85577524933700033 66.695104344965997711 256.46398655101097575 43.26404250402279672 1.8042887197985799652 -21796.221924781100824 122023.48443459499686 302.9110423354049999
904320 132.84339265651499318 67.152303321480999898 260.47991610755099146 43.271813481904700893 1.814500688606399903 -21664.760963090600853 121695.63537715599523 303.50846564668700012
904800 132.82431123796899897 67.57483112619270571 264.52171441625398529 43.282291237324500344 1.8132275496920500224 -21698.297057098501682 121848.09235462000652 302.63417552602498972
905280 132.81343508164999889 68.032207768782498647 268.58950723724399268 43.288308492948800676 1.8098464678461601007 -21727.478959444899374 121674.02995287100202 303.36187127812098652
905760 132.81257934347999594 68.609305698431398923 272.68829590790699058 43.288026126380401593 1.8117806491665100488 -21678.480166521800129 121940.6369333229959 302.37620714153700874
906240 132.80904971016400395 69.159686729763905078 276.82218134927802566 43.288161814275099459 1.811079898635169938 -21821.968077729201468 122445.97714576999715 304.18868716287499865
906720 132.80236822703000144 69.655141960170993798 280.98619439802399711 43.294935733175499593 1.8226681438701999305 -21987.607346321601653 122336.7015639750025 303.88785649886398232
907200 132.79830866403599998 70.192066470563901248 285.18205815431497285 43.299418604069998651 1.8344973647097899683 -21818.833678996201343 122146.15380091199768 302.67197498215301721
907680 132.78578692434498976 70.653973534249900013 289.40751602429600098 43.296983288764799624 1.8400304090320300787 -21839.192532316101278 122120.15227892799885 303.20250175888702415
908160 132.77614995626200312 71.161002774997498932 293.66132525742801818 43.299224972626298324 1.8545674063932799935 -21786.695927571701759 122196.5572905089939 302.91172720487799097
908640 132.7626509420800005 71.657053240985206344 297.94593119204000686 43.300211607283799253 1.8652946104250300863 -21857.923535638499743 121797.87546667399874 302.65892852150000181
909120 132.75086511984198978 72.155648047145803048 302.2602683176339724 43.297939434024200978 1.8727969725575999149 -21885.164857350799139 121949.31373501999769 302.95906077460500683
909600 132.73347997089899764 72.606779496123394324 306.60360633108200545 43.295120995010300646 1.8816364924812800652 -21830.581123889198352 122141.10172638599761 301.40466696681102121
910080 132.71148681538099368 73.022929132978902089 310.97231939457998351 43.299585729601297146 1.8942580087714300241 -21875.685737238898582 121821.93076520699833 302.93348418489097185
910560 132.70218320009999502 73.509627801201105513 315.36763987763697514 43.314173606521798376 1.8948225118907600084 -22001.25008068239913 121837.36226304099546 302.86528286463402537
911040 132.69738886467300176 74.06812705213039294 319.79504807716801906 43.318484604549801986 1.9039836607698199522 -21727.099743099101033 121752.88968459000171 300.74747887871802732
911520 132.68984319936998872 74.593694038050003314 324.25488126255299903 43.323578838533798319 1.9024962703879899628 -21771.767834305199358 122082.70205159399484 303.27265608419997989
912000 132.67397697097300124 75.034085981653902309 328.74445951980999325 43.338446311563899371 1.8984729791793300002 -21929.700050187999295 122050.21155289499438 302.27769576365898274
912480 132.66013868062501047 75.491759156871594882 333.25979504723898117 43.347481375559297589 1.8943956858830999224 -21783.121126249599911 121883.63755688199308 304.12851197397202441
912960 132.65221701624798811 76.020221960314898979 337.80490098407000232 43.353654654777400879 1.8851730477591199797 -21751.82520953490166 122105.1533433089935 301.95326877746697392
913440 132.64745920857399142 76.579590002842294894 342.38300650813698667 43.358650433394501533 1.8775199025686999388 -21738.114771991600719 122233.33112123800674 302.10138336416298444
913920 132.6385550130050035 77.104688911269207097 346.99411405857500768 43.361601988817803033 1.8851539262339700453 -21762.166339041901665 121793.29627508000704 304.25967381941802614
914400 132.62580703985599939 77.586888357035306285 351.63492462120302662 43.366442728530998352 1.8844782403822599726 -21957.386723026898835 121936.66728525199869 301.48851634064698146
914880 132.61023397885799113 78.04398624409539309 356.3038859872299895 43.373549987257696614 1.8765344478246199778 -21870.1530889766982 121857.57820737699512 303.11104722601299954
915360 132.58923798920901049 78.435331511735597587 360.99871093477497652 43.375404257480298043 1.8840988224597099432 -21826.944682711600763 122174.26737325500289 300.8825420433660156
915840 132.56506029800598867 78.786995220261204054 365.71484869433402309 43.375798686922401259 1.8893048101162799313 -21772.344114012801583 122051.27509798599931 303.31793205020102278
916320 132.55314902544699862 79.27860780919390038 370.45616474390101303 43.379400978845701786 1.8887513923066399091 -21662.742458306398476 121908.06024291999347 304.10153384969498802
916800 132.53997476553701063 79.745987092920302075 375.22692574280398503 43.387168517093698483 1.8850304413813199211 -21761.075412233898533 122052.17171338900516 302.59394353428700697
917280 132.52999228308200941 80.238352495551993115 380.02654065206098721 43.387311084095003366 1.8883767965654900678 -21664.729879844500829 121700.2350677880022 303.763621352201028
917760 132.51594455980000475 80.715494691025995166 384.85538965452701632 43.383990693129803162 1.8965474814284599692 -21569.948666355798196 121698.21578610700089 303.75409382481200282
918240 132.50388014871799669 81.196720826739493759 389.71299835512502341 43.381933140002701066 1.9171531725981900696 -21664.251221363600052 121919.78996928599372 302.5915094215180261
918720 132.48714627457400184 81.65531447377600216 394.59829250077399365 43.384923762331602859 1.9309056142472000861 -21751.802036192500964 122064.29545853800664 300.9098107570929983
919200 132.47491166596000767 82.140610187051606772 399.51272950213302693 43.389587030696901593 1.9370323720890298969 -21644.345665008400829 121968.44583867999609 302.33084108731702599
919680 132.45864364836100435 82.587666846883493577 404.45456489546199919 43.386476793351597792 1.9432129251664900238 -21765.015940036100801 121956.72980823999387 303.02445869715802473
920160 132.44192488136499719 83.020578124950802135 409.42278900655998086 43.39176958258369865 1.9462132511775100951 -21726.530449121801212 121715.38568007199501 302.58334621479099269
920640 132.42941800994398704 83.480032104802205595 414.41773868329897823 43.399640452596898399 1.9467860217976900028 -21749.20475904650084 121701.64363122200302 304.54770052584001405
921120 132.42427212882799381 84.024010063163899531 419.44296932152099089 43.396604605231800633 1.949770561484720055 -21713.4581040002995 122135.14399596699513 301.1537222995170282
921600 132.41397999367899274 84.505411074916693792 424.49902599127000258 43.383694382966702108 1.9546318677270699826 -21715.030078969801252 121845.16019439000229 303.46934760123900787
922080 132.40564003811900307 84.998741817920603125 429.58387489128898551 43.374265645159198357 1.9611580360472100626 -21693.630350954601454 121938.31193836500461 301.0965317147969813
922560 132.39920160147198658 85.511046321201106934 434.69954084555598683 43.369053570723899327 1.9576890655875600622 -21656.411957316100597 121574.53447483500349 301.95115020936401606
923040 132.39131644892299278 85.979296366851798439 439.84390542529200729 43.373194524148999562 1.9678060255595399841 -21690.075370719700004 121795.85704274500313 303.65967475943597265
923520 132.38300230204399099 86.467117709445403761 445.01725201640300611 43.375726846408703352 1.9734441072242900894 -21634.569756124299602 121976.63402443600353 302.0313479817639859
924000 132.37125286604199914 86.950067135790703787 450.22036373028197431 43.378859929620297464 1.9904626429129899101 -21625.522187836500962 122199.34752923299675 301.80188963919300704
924480 132.3521553415660037 87.358764860899498217 455.44954235663402642 43.385129479246600681 1.9969419104895500539 -21516.884112485200603 121802.93041493999772 302.41385877909101509
924960 132.34396436146599285 87.869898864740193289 460.70600596422201534 43.387372176802998069 2.0036900930852499236 -21559.72690117969978 121878.46168946300168 301.95727181144502538
925440 132.33126868684999522 88.333776083136001489 465.99223981061300037 43.387134111286101756 2.0085411727604500776 -21708.642658590299106 121669.7715682459966 303.2727381565870246
925920 132.32185836726299044 88.814528080154900636 471.30698918926401575 43.393494687718103364 2.014270992463529808 -21647.033444101598434 122303.11519117800344 301.75679216005499939
926400 132.30723312528999713 89.284768687650597485 476.65020254896302276 43.401385260881099271 2.0199258046794601462 -21617.825913359298283 121761.73249133200443 302.68430912468102179
926880 132.29887755395799331 89.788934911678396134 482.02144462155297333 43.406260873524701083 2.0302608505712900211 -21696.328397567398497 121799.55483998100681 301.48890325294098602
927360 132.28850816859500128 90.295486828448602523 487.42431589856897745 43.410224948163097736 2.0325944019827901776 -21498.300941078399774 122038.84489482300705 302.00330021816597537
927840 132.27229636281799685 90.709139407659606036 492.85553388481599768 43.425917348208699309 2.0329756202055899728 -21494.441578877500433 121576.22581621700374 302.76521308401902388
928320 132.2525803634219983 91.093770646697393545 498.30890605102399604 43.436170606608001776 2.0391001272460398397 -21660.023416441301379 121929.69285341400246 301.7901503056269803
928800 132.24015805536399171 91.568694796090994714 503.78849193281399721 43.446178481949800698 2.043746388375580203 -21501.607774503001565 122074.01437507699302 301.70161189765798326
929280 132.23483205434399679 92.114712861633293528 509.29818043852202436 43.449660224146199994 2.0417514959531199992 -21621.604944769100257 121421.96402837900678 303.02345897494501514
929760 132.231998974347988 92.690178422221507049 514.84282771999301076 43.45303272400109762 2.0395556216096499824 -21546.929041485000198 121746.531789768007 302.39984077786897387
930240 132.22318197933398665 93.200290129170795694 520.41956871520596906 43.46483712369290231 2.0396100268639298925 -21607.278245112698642 121717.83678152499488 302.96132868468299648
930720 132.2161552242309881 93.757809492477903746 526.02808729352000228 43.463791164741202522 2.0359237514730401664 -21683.06890238699998 121691.48863933200482 302.33781581445401798
931200 132.21468019314099251 94.35461849005879742 531.6719190459859874 43.46619318249739905 2.023783123077420143 -21610.494863102201634 121853.51555161399301 300.67823574719102453
931680 132.21082729718199289 94.887222037797997132 537.34882560197695511 43.464142648763697707 2.0280739755877599251 -21636.892677290801657 121748.89946030300052 302.02700379254099516
932160 132.21794734871400578 95.526946711853895522 543.06160347772504338 43.466476260630500406 2.0296108997190898116 -21773.975680268300493 121531.23689932600246 302.89492087063797499
932640 132.2196980702969995 96.109686075109593162 548.81066278258697366 43.466649218180997138 2.0327122788368399142 -21667.062471522000124 121215.3704715979984 303.82893691025202543
933120 132.21692345419899084 96.673783110018405296 554.59357629158103009 43.473856468050200874 2.0379261695042298896 -21678.857600858900696 121401.90622632499435 302.10871643543799792
933600 132.2078130042239934 97.19389466152949808 560.41056429506704717 43.474930459899496782 2.0413493431666598354 -21602.838441790401703 121954.63193071300338 301.21836437954499388
934080 132.19229531155198742 97.658334624510104049 566.25583670991704821 43.474683443486597412 2.039321315537680146 -21651.384362242901261 121627.70949500700226 301.44441351047402122
934560 132.18231005515698939 98.180314498869904583 572.13092105124701447 43.468850526936002154 2.0356717301071300952 -21712.248390811000718 121643.95631369500188 302.81277741375902224
935040 132.17175722628701351 98.673462690010993015 578.03682361559197034 43.465137021691198527 2.0402952230528899058 -21802.63605479510079 121812.74494583900378 302.92797667492402525
935520 132.15940250298999104 99.134513851898006465 583.97055105546598952 43.460008509783001784 2.0466572400085700778 -21592.811779440100509 121622.05068129299616 303.65436793704401452
936000 132.15291325687701374 99.666609200708094818 589.93429684982595518 43.462403315293599348 2.0504902959700199716 -21586.634635521098971 121954.23540787500679 301.4040373331880005
936480 132.14970413128199311 100.22067385969100428 595.93103095010997095 43.456870991253602199 2.0583552081658300636 -21603.94433387619938 121675.26473414000066 301.46394266432901077
936960 132.14700221647200351 100.78452839640800676 601.96123759269403308 43.452753262023897207 2.0689704816348499783 -21672.855117936800525 122415.13013835500169 300.19432595756001092
937440 132.13833855598500122 101.3349497191329931 608.0243762595480348 43.460484390625097717 2.0797910168161601874 -21711.787664018498617 121730.47124982799869 303.74381884364800044
937920 132.13205451455098682 101.90857807631199705 614.12183959541596323 43.466633737969402773 2.0856276326837099866 -21625.50141548980173 121475.54077789699659 301.68952257386098381
938400 132.12254853768700968 102.43556371463600385 620.25280215686200336 43.464812860537101358 2.0847479333023302139 -21649.049842992801132 121718.83946957200533 303.69828937948500425
938880 132.11103180026799464 102.90346963917299661 626.41334153557795617 43.464163174234897724 2.0835796721987200897 -21615.370004110198352 121610.24189549899893 302.99104087091899373
939360 132.0988260016069944 103.33985288222200438 632.6015735328289793 43.462767223709199982 2.0929989844727798776 -21669.945361420101108 121440.36850736799533 301.52230595137399405
939840 132.08668619203498906 103.76882791483200208 638.81397539981298905 43.464030001733803488 2.1037674984979299886 -21520.729740782400768 121781.73621339599777 300.57606654589699247
940320 132.08217445596699235 104.30279422481200413 645.05605137274903882 43.468213335257097185 2.1136403812168498284 -21610.09315415509991 121645.66687979000562 301.517542170427987
940800 132.0774724793249959 104.82962095977100603 651.32932487047196446 43.479291555507600719 2.1153198187058799284 -21509.41238504300054 121177.28544302099908 302.88157794380600762
941280 132.07942517511401093 105.42129161033200546 657.63745549241298249 43.498873808162400678 2.1226864349532998943 -21459.205888824199064 121520.09241199800454 301.45913150771400524
941760 132.07943731556900957 105.99472394285699295 663.97992071000101078 43.511768035353902917 2.1280683370297102108 -21404.856900908300304 121709.64518160599982 299.73110413524602791
942240 132.08159345364501291 106.57424877425900434 670.35760731722905348 43.518829653970698246 2.1270624673459401777 -21490.798748266399343 121089.68458126399491 304.45313916154998424
942720 132.06854110695098825 107.03362386087799507 676.76621684208498664 43.51763355925540111 2.1327771866937301759 -21580.423920490800811 121084.59401979499671 301.78009759479601826
943200 132.05443235812600733 107.49792255209300151 683.20183218960698923 43.513932760955100321 2.1307831489633199951 -21494.704009160101123 121685.91244285200082 301.81989439842902812
943680 132.03950391131800757 107.96001668944199992 689.66586760979600967 43.50643194529379798 2.1333448546626700981 -21618.972319726501155 121283.49858366600529 301.74992885847501611
944160 132.02340101513598825 108.40836220560800029 696.15666505141496145 43.505605812008099065 2.1438974692711298964 -21497.861971888498374 121172.96670917099982 301.09365847037497588
944640 132.01423772299298776 108.90883517243000256 702.67584361425804218 43.508667957978097718 2.1527451726610400407 -21453.641868086499016 121344.85097215000133 300.86075577919399393
945120 132.00543608836400722 109.42425668146100293 709.22623556583198479 43.51154237991340068 2.1561012190652601994 -21515.694633438000892 121512.51647436099302 302.04271679446901544
945600 131.99546149880100643 109.92075042271200402 715.80636800393597241 43.50927283149100333 2.1712193211897701239 -21510.274840254998708 121479.70909939300327 301.67061823781801877
946080 131.98402520883499278 110.3960589388550062 722.41614015700702112 43.515711450460500487 2.189002994092080101 -21521.651117309400433 121845.75177859900577 300.06915018509397441
946560 131.96718010806600319 110.79477865577500495 729.05119340420594654 43.521481726264596546 2.1858145718248200851 -21384.456479918600962 121456.47018384200055 299.38851451882499077
947040 131.95304089037199446 111.21480824814500465 735.71234182412695191 43.514511411432103216 2.188017460690379945 -21383.83956475820014 121618.10468133000541 301.61875443050701051
947520 131.93839557088500669 111.64232221808400425 742.39768431079301081 43.519330153937801242 2.2006124701388101172 -21428.288464784200187 121435.59840851000627 301.61916898677100107
948000 131.92638956481900436 112.09494089522800664 749.10981768437000028 43.527927497410502156 2.2083338228521598445 -21503.384727629498229 121217.67017677299737 301.31061939943202788
948480 131.91632326633998673 112.55628243664099841 755.84967023418903409 43.535110175201701566 2.2145235201353998811 -21366.6007524853012 121381.21916435900494 300.92354367991799791
948960 131.9000024665880062 112.9602415915770024 762.61519318012801705 43.534399622317302203 2.214239346590610058 -21409.711958041498292 121661.16593432700029 301.5775776170759741
949440 131.88457420117998709 113.35856729471800008 769.40458137000098304 43.525110026805997165 2.2219377578650099103 -21362.080506059701293 121492.72021789199789 302.35055638235297693
949920 131.86804219631000024 113.77464584542299519 776.2185455046479774 43.521692151789999059 2.2232777210882499475 -21217.503014974401594 121304.67669038299937 302.33503775374100542
950400 131.85654997536099131 114.21996481250400279 783.0583138079980472 43.51964390588580045 2.2210123374275299035 -21276.565762388301664 121527.02304414000537 301.08254304818098035
950880 131.83587616914701357 114.5619749464210031 789.92194303921098708 43.518933184674700954 2.2295057928916102163 -21291.187500138901669 121999.69431075800094 300.42269182602899491
951360 131.82462672043499197 115.020214028715003 796.80898510552799507 43.515356519829701654 2.2407694750279700813 -21401.320933909501036 121354.44260975799989 300.87909664439797552
951840 131.81359412178099433 115.49616834824999501 803.72481986735294868 43.516567034422998006 2.255741278638569991 -21285.169666106299701 121200.13161728800333 300.29565073495899696
952320 131.80419083470900432 116.0074195016249945 810.66977084215102423 43.51678818284459993 2.2634374283558598151 -21258.366084363799018 121385.63990381300391 301.26801349133199892
952800 131.79249294057999009 116.46916625132999457 817.64426236128804248 43.527729168542002469 2.2591481910560697877 -21396.816725433698593 121341.62075952699524 300.4155100079190106
953280 131.77846494241001096 116.90292591876300321 824.64529064824500892 43.538364650855498894 2.2602109879873300002 -21428.244448706900585 121607.67311300100118 299.71815748979201999
953760 131.76114664657399089 117.28987249920399449 831.67151181814699612 43.547487702835603329 2.2673124632691399327 -21344.623384128000907 121834.14987919200212 299.50922444490197449
954240 131.74709990897798662 117.69507732444999704 838.72083814710003935 43.556989478707599517 2.2684658327383702137 -21417.507410336700559 121523.17794814999797 301.34717794083900344
954720 131.73987098660899164 118.16579705118499533 845.79668083475996809 43.565954430786000273 2.2744273389400500029 -21418.388591706800071 121603.90918861399405 300.42972359853297348
955200 131.72640122923098716 118.56607970889399439 852.89863812829298695 43.572440002960100003 2.2711837810940500582 -21513.106177419100277 121598.62444438900275 302.80511493670502432
955680 131.71183774155699098 118.98005256110900518 860.02530048924904804 43.571555547675302478 2.2708721408815701892 -21517.66037205289831 121522.35728225900675 300.64866917286900616
956160 131.69795944466901005 119.39527482010299764 867.17611179145899314 43.574727212493399975 2.2781311855035100145 -21486.958297151199076 121507.85645704700437 300.16267785165399573
956640 131.69062183396800947 119.87483283405799739 874.35452016576402912 43.582228024026598234 2.2849926016557398079 -21448.511107425201772 121480.31157109700143 299.59477231966098998
957120 131.674674346556003 120.26655756545700626 881.55905876864198945 43.583199180360196578 2.2958653964069100084 -21339.896068771598948 121203.1083404749952 299.52231587902798537
957600 131.65685664157601309 120.6536900909700023 888.78651840264103612 43.581617825818099732 2.3011487840290199003 -21334.358310551400791 121634.00122643299983 298.89231435017802596
958080 131.64384993494300602 121.09699718204899455 896.03911967673400341 43.576198027631100729 2.3035846090610299086 -21432.497203486298531 121510.09817233399372 300.33566758811900854
958560 131.62926184529800366 121.53871676433800531 903.31786185413500334 43.578324402872198107 2.3132551141642498926 -21429.430336826899293 121038.69895618199371 301.0202560660309814
959040 131.61756836931598968 122.00485905647200013 910.62421190979102903 43.581678201029099284 2.3328641133855501089 -21417.998379037700943 121307.60604953700386 300.65102321907801297
959520 131.61010582378798972 122.51761339436799858 917.95961476179195415 43.585921055665501456 2.3326877600307098781 -21522.619924665701546 121250.58963486799621 301.81217853072502066
960000 131.59470516878300828 122.96045927379999796 925.32469713447494541 43.605591372328703414 2.3310795611271801775 -21501.191534826499264 121491.81802147900453 301.90718549587199959
960480 131.5797671076749964 123.39418297860299845 932.71543234329101324 43.61947029842109913 2.3273547732384298747 -21391.909171377101302 121390.61391790299967 301.01694239138799958
960960 131.56751938136000035 123.86533857481200016 940.13298667444496459 43.624081789593603276 2.3193394666695699158 -21535.142155805300717 120954.38951104300213 300.26615711413398913
961440 131.55089080534901314 124.31132939254000291 947.57897882692202529 43.628409147994901218 2.3215220596519601237 -21400.714170399598515 121203.69390782600385 300.65661531336400003
961920 131.53390068344398856 124.75262820883899906 955.05038007903203834 43.64494130384329651 2.3254831501775301561 -21549.097151631700399 121543.16379673400661 302.17849120169597654
962400 131.51730574375901028 125.17889055134399712 962.54872615027295524 43.656705061047198058 2.3313986467078198217 -21342.66589660090176 121501.97638200499932 300.6815699349099873
962880 131.49574874066300367 125.5609946743900025 970.07096724376401653 43.665552386117596484 2.3385921270519798298 -21504.642212732200278 121677.76589102399885 301.57054600976198344
963360 131.47806603995999808 125.99994577735699863 977.61734371639704477 43.673478881295402232 2.3350507612544402214 -21381.529884039300669 121491.0902018820052 302.32843704345600599
963840 131.46508219897600611 126.49131476374199679 985.19179468487197937 43.673007536969898013 2.3394538270683100656 -21347.940086138001789 121656.79198127400014 299.77034042840597294
964320 131.45306804607000117 126.98307182159899753 992.79671274209397325 43.672239253979100226 2.3536797713384798314 -21228.660984464000649 121968.97661073200288 299.31430276695499515
964800 131.44063901585900567 127.44057015675299738 1000.4289769392199787 43.665852484266700628 2.3613874419098199731 -21274.16307022950059 121686.45217189300456 300.76451748480502602
965280 131.42696698503999642 127.85242347349800696 1008.0877338013999633 43.666060012587998074 2.3595598781199598193 -21314.119229437601462 121536.65035169999464 300.6436871782159983
965760 131.41542762029101254 128.28865966265999532 1015.7713999014599722 43.671763941772603346 2.360378424926659946 -21453.87400962709944 121666.23263939199387 300.45350276307897275
966240 131.40771056245500858 128.77749614763999375 1023.4833841109500554 43.673462662501400189 2.3651504803845297964 -21366.68086158029837 121286.4210000190069 301.0259956491589719
966720 131.40000469102599823 129.25821011443099451 1031.2242575326099541 43.684314146585002447 2.3712982713709300775 -21385.437062332999631 120964.38390795199666 301.17365713438999819
967200 131.38793994832099088 129.72565566628000511 1038.9940586518800956 43.695163397947297312 2.3774969617867398597 -21326.91561938310042 121489.97173415499856 300.74794180228502682
967680 131.37594130037700779 130.19962031731799357 1046.7919647009600794 43.696927996846596898 2.3786262575162200328 -21459.286527250398649 121743.18033193399606 299.30139046635002842
968160 131.35207737672999428 130.54706476964099693 1054.615065275500001 43.693871978633801234 2.383990023652270196 -21566.046163024100679 121465.30039293700247 300.96104496294998398
968640 131.32677675928400163 130.86918828189999431 1062.4575736336300906 43.689323426032501629 2.395159040031869857 -21517.588521975500043 121845.60451192299661 299.35441720462802095
969120 131.30093690867300893 131.20651003957900116 1070.3191141278500709 43.688562482523700226 2.3951555161423798701 -21456.817350686600548 121213.41583055899537 299.51306989342799625
969600 131.29014045328901261 131.66072376966599222 1078.2057049398299569 43.685200618766700131 2.4019462569117400186 -21429.029215952901723 121606.96832626000105 301.24813127683398761
970080 131.27490555682800277 132.0464255359750041 1086.1168766108698946 43.688450610657298512 2.3990265337310900939 -21518.958269084898348 121633.69558139500441 298.2483358295950211
970560 131.2635689061839912 132.49686829545700562 1094.0530711674300619 43.691325075156797197 2.4038659965849000777 -21483.014755239601072 121269.58292930599418 300.63705848902998241
971040 131.25169954503201097 132.93340298042301129 1102.0157112552199123 43.699177074189101688 2.4031297480785300813 -21461.235839097098506 121748.97223857199424 300.87864506164999057
971520 131.23704095254299773 133.3092986961889892 1110.0030528371401033 43.699985442864502261 2.4150729948695301985 -21394.972565716499957 121334.07298969999829 301.48682227409801726
972000 131.23073615282999071 133.78937504948800097 1118.0162949699599721 43.714988310603999366 2.4209109158373300907 -21473.228730150298361 121404.33359905600082 301.56050460018997228
972480 131.22071263046498757 134.26798555644398903 1126.0579041776400118 43.731431119269601027 2.4273350163494500364 -21491.546875273699698 121819.91020732099423 301.27619319710498758
972960 131.20857944867000811 134.75219807609599343 1134.1282665714099949 43.733251154094503477 2.4367034093399100314 -21574.689738150500489 121425.11005284599378 302.21679309904800448
973440 131.19796250515798874 135.25724003938898932 1142.2292437063999841 43.735395130817202869 2.4371422978477399468 -21468.962335827498464 121129.60692924000614 301.49433800466198363
973920 131.18871577491799485 135.74863642657498985 1150.3593290579399309 43.738411836462297799 2.4334948519684500567 -21480.360454390000086 121588.46517306100577 298.61450711481302278
974400 131.18112473937100049 136.23200878414300519 1158.5188255922601002 43.740347950404903088 2.4281630898801100926 -21554.392301324300206 121541.66828836299828 299.29586351587101944
974880 131.17160769004300391 136.70510347885098668 1166.7072936581500926 43.734296666108697593 2.4247093683088301042 -21532.30481644899919 121388.81890160799958 301.53138845205597818
975360 131.16404490600200461 137.1961584206270004 1174.9244560160600486 43.7327825989879031 2.4190806161395501661 -21604.886625134600763 121241.66615775400714 299.20989792549102049
975840 131.14873322868899663 137.63609143153800574 1183.1698297994000768 43.728792356172796474 2.4180894688235499146 -21552.796735632600758 120967.4767415880051 301.69562550656002031
976320 131.13391680316701127 138.10145545108699139 1191.4412842614299279 43.734080002688699551 2.4248786125174901507 -21464.126388473301631 121446.41534696900635 300.47410303803400211
976800 131.12505131441798767 138.60930346644599354 1199.7427302979499473 43.742508261731302355 2.4146453222253301263 -21453.157950617598544 121189.91417432000162 299.87829507488197578
977280 131.11542118925800082 139.09319412920700643 1208.0740239552098956 43.751508173949297031 2.4142206551523801572 -21443.344191672800662 121595.02456253700075 301.6045115776549892
977760 131.11011322205200713 139.63277856716499059 1216.4356957704899287 43.763140576366296841 2.4166014201300400899 -21374.893722840501141 121454.13372600800358 298.47563607358500803
978240 131.10338861540199673 140.17206058272100222 1224.8303616726400378 43.766823590123003385 2.4134093446161100083 -21431.585857729598501 121423.10112756899616 299.69884477110400667
978720 131.08924646522498847 140.65335824839598899 1233.2554361408699606 43.769940855682598624 2.4211632525468598232 -21428.253037234899239 121237.55160049800179 301.88554377147698915
979200 131.07257855605899977 141.0772702634760094 1241.7077145612399818 43.768147114617498517 2.4412860131969100763 -21552.760579948801023 121340.38121353299357 302.21484934466997174
979680 131.05693150385698686 141.50631892904900155 1250.1852234852799484 43.773606084351996515 2.4539218150859900547 -21428.846569208901201 121005.57488042599289 300.22511818890399127
980160 131.0386335487729923 141.92016302415800055 1258.6874318789200515 43.778810165855198022 2.4618167095946601464 -21480.413972312999249 120979.25557936099358 300.53271623769398957
980640 131.02081079059800572 142.33730284175800307 1267.2148546085700218 43.790933744895397695 2.4740274606287799841 -21408.508759071901295 121455.96968465800455 299.21440949804798493
981120 131.00825839120699356 142.78810379069699366 1275.7690119254100409 43.799658016942402128 2.4799394769893798873 -21465.121885398399172 121679.2062524590001 300.11092863901302508
981600 130.98586467449999304 143.15680822997700261 1284.3474479245101065 43.808558165205802482 2.4910878516305898778 -21441.901542201598204 121442.44116238800052 301.25229555932202175
982080 130.95782371500700947 143.4737187282040054 1292.9465619202001108 43.822928185164897741 2.5038567384769701007 -21349.807057258200075 121268.01569398900028 300.05512626127898557
982560 130.93711452079901392 143.84362331769099796 1301.5660187016299005 43.830215220756599592 2.5039622636426099866 -21490.030631521498435 121293.44188919900625 297.89080146971002705
983040 130.91363798080999459 144.20075350285401328 1310.2073558322899771 43.840340457767801752 2.5022581271771300315 -21365.288567302501178 121109.82799541299755 299.75969674710000845
983520 130.89753504042099053 144.67864681343098709 1318.8730445992100613 43.856188316100599422 2.5098807329367200936 -21394.69712683060061 121484.45403134200023 301.31329342373101099
984000 130.87695284206199631 145.07973178279200965 1327.5658968069799357 43.867155231211398814 2.5158420049272298691 -21364.785684661699634 121160.58541081199655 299.97870525629099347
984480 130.85791439035298822 145.49684247028000073 1336.2831926096400821 43.865691207779001104 2.5203602245680798433 -21324.766670963199431 121469.08880143400165 299.46290003844001149
984960 130.83003378030301178 145.82124881220099155 1345.0232733589000418 43.870088946930202667 2.526024760763410093 -21383.846261937400413 121787.36097956600133 298.83205207073302745
985440 130.80111834970898599 146.13782337421901047 1353.7817568593800388 43.878862087471397047 2.5232555594621501882 -21348.240382071799104 121486.50460104800004 299.83792738141397649
985920 130.77611194972101316 146.48398348020000981 1362.5605031198099368 43.885426184783696613 2.5172808170247598092 -21374.471722699701786 121063.02205760100333 300.5903890204920117
986400 130.75444321427400496 146.854390439426993 1371.3607299942000282 43.898686779172003014 2.511617439476700131 -21450.247901126400393 121739.84103571499872 298.8550473842780093
986880 130.73171480196299399 147.22686577275999298 1380.182848308390021 43.905641040619499904 2.514567483749739818 -21292.504937931698805 121355.79082011300488 301.76081440571397252
987360 130.71102396161700199 147.61862700442799223 1389.0282283286001075 43.902483410685100296 2.5164711936592700781 -21311.655910613299056 121237.60610428599466 301.56236102675501343
987840 130.68736105404499881 147.99061605621400872 1397.8966935168000418 43.90154697536240036 2.5085023853321599674 -21253.991644625799381 121369.93496001600579 299.88337063183098508
988320 130.66225563363300921 148.33791492431799952 1406.7867376414399132 43.897432162373597464 2.5025412576629801897 -21358.160845464801241 121171.45424886999535 302.3872517791380119
988800 130.63936722090099352 148.72078555649000009 1415.6977963908800575 43.884436347698198233 2.5045043748401298878 -21308.062979731799715 121473.51890154299326 300.65395710677097441
989280 130.62718663243299488 149.19179343705300766 1424.6350243741001123 43.879506131509899092 2.5039416230673099406 -21364.46464854559963 121219.90088171399839 299.97035099175701589
989760 130.60898707765801419 149.60909820007398707 1433.599711085970057 43.880954827420502795 2.5037496970755301895 -21353.733586907899735 121139.48609467899951 300.13766375982999079
990240 130.5899005518679985 150.00657851588900371 1442.5890378622400476 43.876450985019296525 2.5032867807691299156 -21274.251234625000507 121459.51777936999861 299.82685348264698177
990720 130.56728846871598648 150.35930938944301261 1451.5994173566900827 43.87692225197559992 2.5115158890275099957 -21385.841478722399188 121132.62421976600308 301.13273779486399917
991200 130.54061349679599857 150.68206822142900592 1460.6309609807499328 43.876520548042698522 2.5171159977995900547 -21244.655191201400157 121204.52551807799318 299.7536184755119848
991680 130.51139784727399729 150.9908614199300132 1469.6812632330500037 43.885752982580797266 2.5089503313662198103 -21214.508401128801779 121025.96177350899961 300.53340870866998102
992160 130.48808195224799533 151.33489626752199797 1478.7511649287400815 43.898826434197601998 2.5101158152924401001 -21337.671632872101327 121073.6058036559989 301.40366234108097387
992640 130.46446907775899149 151.66248080446101199 1487.8409750874500332 43.914966506768600141 2.5173860136743200222 -21410.954966558500018 121294.25339399800578 300.71171183481197886
993120 130.43983786346498732 151.99772534453001072 1496.9505243710500508 43.922265077801100119 2.5280923429345700804 -21444.977059970300616 121181.00822119800432 299.64958056807302
993600 130.41454583319500671 152.3262248261600007 1506.0805568251701061 43.927517992039803119 2.5258614073366199015 -21299.709905298899685 121423.0454549290007 298.0688461870449828
994080 130.39448596190300123 152.68128392401899873 1515.2301538560700465 43.941569406073497817 2.5324772443926599763 -21324.227073010399181 121120.05360487800499 298.19291441019800004
994560 130.37244288985598928 153.02481788445498978 1524.4017393829999492 43.96674490054260076 2.5272322566243801134 -21312.996348804499576 120805.11679802299477 298.97353207531301678
995040 130.34902930300100365 153.37756927176801014 1533.5935472703999949 43.977635427279501812 2.5291155863778498336 -21264.636373757599358 121143.74073244800093 299.43942522559399322
995520 130.32302096685899073 153.69009142494800813 1542.8059758876499927 43.976207718488701914 2.5300280506096402 -21200.462927738899452 120981.03669561300194 300.13533743877098914
996000 130.28912543924499801 153.92646329650000325 1552.0346375628500937 43.979356314090800595 2.5403541122320500989 -21142.114159968099557 121722.91305034300603 298.38317923387501196
996480 130.2652630051750009 154.25753469256400763 1561.2789969272901089 43.978463123970499282 2.5473406514568899262 -21224.78642490529819 121199.73067327399622 300.33163040566898871
996960 130.24628329477400257 154.62388171820299476 1570.5456001630800529 43.982603089477400715 2.5610455635893099036 -21193.47966827900018 121123.61650706399814 299.43695550334001609
997440 130.2274347178289986 154.98328755109599797 1579.8335858928001016 43.987247146701498934 2.5703307798153800512 -21271.469858025400754 121228.88642644800711 299.40830271640902538
997920 130.20578255917399702 155.33678865528699475 1589.1432085219501005 43.993626370211998733 2.5755215574619301222 -21218.79167222380056 121009.22527701199579 299.15405206292700768
998400 130.1895749694149913 155.78865959751800574 1598.4764144266700896 44.000835064175397804 2.5790251034960998133 -21176.621723217998806 121579.60834815900307 298.05988715981902715
998880 130.17422375684199665 156.26184440232501061 1607.8382055013501031 44.004133190979501933 2.5825555476589201476 -21081.330570276499202 121073.10631698700308 299.49059598254098091
999360 130.1597778937619978 156.71007133198799011 1617.2268702219500938 44.00574355483030331 2.5827463971962898448 -21066.922751948099176 121321.33095694899384 298.37279857468502087
999840 130.14417864517500334 157.16415560954899888 1626.6431457967998995 44.019446649575399988 2.5866859244768498627 -21166.820124113401107 121540.17343786200217 298.75007985815500433
1000320 130.12941680319099191 157.65049438106800039 1636.0872849428999416 44.029699161202699997 2.595345193329880118 -21095.247770003901678 121131.37188522100041 299.09320919466199484
1000800 130.11774340266600802 158.15247661696199089 1645.5612162299200918 44.040053172894197075 2.6021014349054900627 -21075.716772118201334 121297.64799234599923 299.13493877090002115
1001280 130.10848513545499827 158.66553556797200031 1655.0658028609700523 44.054261353217000874 2.6139117975405499195 -21111.243340844401246 121842.41685180399509 298.79326469652102105
1001760 130.09180382430901091 159.09202483377100634 1664.5991608824299419 44.070600181271899487 2.6169220174031901927 -21124.421373634701013 121312.83313918400381 298.78795010328599346
1002240 130.0716710809610106 159.47661953081001229 1674.1561450723199869 44.075551983338598916 2.6191491156238702054 -21169.73307382459825 121306.46693920899997 300.16941916149698955
1002720 130.0470729751760075 159.79505225014901271 1683.7342436956000711 44.073276823932800994 2.6115832965020198131 -21117.024609927098936 120978.60991668500355 300.4066924334690043
1003200 130.02877339733700524 160.18643846361601391 1693.3339052784699561 44.072831798370799561 2.6049344440358401798 -21243.757208167298813 121386.51027148400317 299.01902421097901197
1003680 130.00632733446198586 160.55519861624199507 1702.956107042019994 44.062242290784503496 2.6035354570789102091 -21183.846767714599991 121465.17309879399545 300.07914263950601708
1004160 129.98328224614499504 160.9448435663859982 1712.6011834159698992 44.055466256225003008 2.6019055492747598102 -21183.838207897701068 120851.28956919300254 298.49274768690600013
1004640 129.96025500302098976 161.32729619533799337 1722.2694440150501123 44.0430416850987001 2.6024446960140301677 -21015.873544750498695 120763.71206887200242 299.07841924623397745
1005120 129.93266296238499535 161.66901967937400286 1731.9600189451500682 44.043718038989197794 2.594347998261690158 -21160.701837916298246 121173.12835637900571 298.62237491699397651
1005600 129.90191507357698697 161.94311472219899883 1741.6682786736901107 44.046375434057900122 2.589063283079170219 -21142.533407808099582 121206.02070129099593 298.93157497928797284
1006080 129.87114429650100078 162.23103550080500668 1751.3934032534400558 44.057869064453299757 2.5893967807052500341 -21202.625153370001499 121141.78727144699951 301.37521175343300683
1006560 129.84226128259601296 162.56904783446299234 1761.1375836552699639 44.070375722679798969 2.5882495369129698837 -21118.431732942601229 121357.90451550899888 299.65864839297501021
1007040 129.8081490053949949 162.85447696267900142 1770.9000274761099263 44.083707922062700391 2.5916171563274499334 -21006.443545145699318 120947.87290926500282 299.60995797572297761
1007520 129.78078158930199493 163.20680728318100705 1780.6816288818299654 44.088313305874997639 2.6002276449007899473 -21054.468190917999891 121286.10762910700578 300.2269021425619826
1008000 129.75110687169600965 163.53656531043100131 1790.4840858712800582 44.090403433372500785 2.6004687031206601411 -21104.048908291100815 120834.25474701200437 299.94555850790300155
1008480 129.72845081397500167 163.93077102623800556 1800.3077347222399567 44.094425932705398452 2.6027650878241601617 -21033.803147628699662 121528.22553940399666 297.3299221648060211
1008960 129.71077899734100924 164.36364077180800791 1810.1562996956799907 44.110140740458497532 2.613934121263620014 -21152.488214129498374 121424.62280373999965 300.82626948901298647
1009440 129.69838017448600453 164.83083921995799415 1820.0324030857200341 44.112516199474697487 2.6168827072867100192 -21072.131709019300615 121201.04933164799877 298.8174499458600053
1009920 129.67865859642398618 165.21257091533598782 1829.9340231010201023 44.110022515208299865 2.608366972547320195 -21031.507397643599688 120897.89047492400277 300.39000430300302469
1010400 129.661496379547998 165.66973894302600456 1839.8598873421799453 44.108122226417997069 2.6140745226049402206 -21018.484440996799094 121070.59814042800281 299.26333526558801168
1010880 129.64645390029500049 166.16587780767198979 1849.8149851948699052 44.106416588101701848 2.6174551468478401972 -21053.936259792899364 120828.34568464099721 297.84045055876902097
1011360 129.63098502575599014 166.65350501871600386 1859.7989303340200422 44.106778978571803407 2.6066692983263801686 -21110.077284024398978 121160.51210666900442 300.51563112786902821
1011840 129.62131683200200882 167.166713254412997 1869.8138132425599451 44.10782140689570241 2.6102451699867801338 -21153.46628027639963 121316.30582595099986 301.2990274132279751
1012320 129.60844915149399981 167.62453632646401047 1879.8573953957200047 44.119066614242797186 2.6067878412760698836 -21043.074973476199375 121278.16702661999443 299.16727040102801993
1012800 129.59595409610699335 168.08782022656498611 1889.9288582370099903 44.1329694149303009 2.6153117714245701642 -21243.422889156201563 121327.92624398499902 299.65139226178899889
1013280 129.58037370010600853 168.52537969627701386 1900.0277557102299397 44.139895306582097589 2.6309865976916499974 -21343.06141109660166 121571.36901249199582 298.55446896715602634
1013760 129.55925745008599392 168.91870355855201069 1910.1507127820200367 44.145401909307402377 2.6383951538423899841 -21076.348458276501333 121494.01194576799753 300.1094013851550244
1014240 129.54382030613700749 169.36328786265900703 1920.2992233608699735 44.157408060762598723 2.6416701184770099431 -21018.948881540800357 121209.50706601899583 300.35377524490399992
1014720 129.51903173797799695 169.71125674062699318 1930.4718722699899445 44.164919559561802487 2.6374420144588999193 -20998.437114534899592 121231.21223135299806 300.13787052066197703
1015200 129.49838602503601237 170.110778262189001 1940.6661882081500607 44.171096825122397433 2.6461459346382598667 -20903.250781247599662 121104.56725488000666 299.96081479805098979
1015680 129.48723506073400813 170.60609941785199339 1950.8874985008699241 44.174207163298703449 2.6550044086126800558 -21067.732592536598531 121065.33142981599667 298.49790339762199665
1016160 129.47293320385699644 171.04626802424499488 1961.1373515245199997 44.176902785126003437 2.6672654419236998535 -21061.69498549040145 121013.62695373500173 300.39307818296498453
1016640 129.45364213507400564 171.46534852671899785 1971.4130571546199917 44.192472572718003221 2.690983911217359914 -21094.169549520498549 121094.71497936699598 299.62241074469801561
1017120 129.43114168277500653 171.8530563131270128 1981.7128282357500666 44.194827421005697943 2.6977012871009899975 -21030.859015338501194 120979.73423688400362 300.98095490873100744
1017600 129.40651439110899901 172.18797296283798914 1992.0344996586600246 44.196928146281599936 2.7005903189860798186 -21055.318262023200077 121516.23159447300714 299.00682655257600118
1018080 129.38313782482001102 172.52143865476600126 2002.3758808342799966 44.200341190658896551 2.7065743167622597909 -21064.517722583201248 121190.04779693200544 299.10309703327601483
1018560 129.35931205019500112 172.82349313168199956 2012.7362800441399031 44.203540262077801515 2.7162877876147399903 -21006.324882220200379 121158.41734321799595 298.44442271934502742
1019040 129.34188624321799921 173.19664488631099175 2023.1164932136000516 44.193723291414201526 2.72226233743556012 -21023.63139653340113 121224.95701111700328 300.25635276744401381
1019520 129.32303578223800855 173.57780734145799784 2033.5195617381000375 44.181532787736401247 2.7375138912928500545 -20988.20383591009886 120814.90136362600606 301.48314584896797896
1020000 129.30456447059700054 173.99253755387098863 2043.9466269039899089 44.17293965141809764 2.7470161205465801757 -21074.059278185399307 121507.42648353999539 299.7877508566550091
1020480 129.27618777783300175 174.31943021212799749 2054.3964532913901166 44.17497246010400147 2.7600443340522700097 -20911.241730506801105 121083.54104806299438 299.26814986307397248
1020960 129.24415941083199755 174.62265149580900925 2064.8647607010598222 44.174517445628701751 2.7778440481661301753 -20920.979512798501673 121141.32622255399474 301.42874390421297903
1021440 129.21244405612500827 174.92362123345401415 2075.3511877726600687 44.181589423043000409 2.7885401806340501807 -21060.852019975300209 121550.08367513600388 299.35993104571400636
1021920 129.18247878798999295 175.22560946295300255 2085.8556238993201077 44.195372387530397873 2.7948229387791099221 -21029.651567123000859 121447.16515790599806 299.06972485293499631
1022400 129.14927406215099381 175.49340015574401264 2096.3772474156799035 44.199020673433601303 2.8026756250670001869 -21156.444430159001058 121124.24757704899821 300.86863400999101259
1022880 129.11915281830900426 175.77670361120300413 2106.915521050209918 44.204891081459201985 2.8010725008616401688 -21024.981949610799347 121264.93209952500183 301.6208262492079939
1023360 129.09731684721600686 176.12393332373198973 2117.4724760353901729 44.206163140669602285 2.8088866037161901446 -20987.880743617901317 121468.01423887300189 301.5645081184699734
1023840 129.0764938616690074 176.51280796308299159 2128.0516231383298873 44.211256103701998654 2.8159366447122700094 -20975.984886310801812 121136.99689041099919 300.00745352728898752
1024320 129.05469336689100146 176.89758580014500922 2138.6538329935801812 44.22081789166580279 2.8291607740195199305 -21129.79580484519829 120622.13713383600407 301.42963245981002274
1024800 129.02349799232101191 177.17007627818298943 2149.2764303653198112 44.219414103588597698 2.8425427296248799713 -21043.637520973101346 120980.21752307200222 298.3905371731869991
1025280 128.99064203226700442 177.39350702830898854 2159.9128101069200056 44.213174126493598237 2.8511931825087399872 -21144.693905527801689 121084.82659673699527 302.26486165101397319
1025760 128.95929645192100566 177.65076280746899329 2170.5644102494798062 44.211805216009999242 2.8710281099926802106 -20941.525293905600847 120974.04489691699564 300.87556176861397716
1026240 128.92134577110201121 177.8350099586290014 2181.229256538430036 44.204256294793800919 2.8791001561550699783 -21054.736185435100197 120811.97429241100326 301.93955430750997948
1026720 128.89356373194399907 178.10614102847199547 2191.9070514578997972 44.203057482622000407 2.8883301245806300983 -21005.633132496499456 121744.73121882800478 300.71365051684000491
1027200 128.87002856444098597 178.46456878407599334 2202.6045071508001456 44.201141751884399866 2.8914733611354899168 -21117.219646607500181 121489.82017937500495 301.16992973625298191
1027680 128.84832328173899896 178.79495817633400634 2213.3220572928798902 44.199095524107796962 2.8961424054852300536 -21008.921739422901737 121471.15481469599763 301.26976498831197659
1028160 128.82977892910099627 179.15087591243499787 2224.0605691238301915 44.200399639662201423 2.9033387939834800484 -21016.593051014100638 121321.20880498300539 300.6710675609049872
1028640 128.81667256805499733 179.54400705691401186 2234.8213771618297869 44.208727922122697862 2.9178468305626701351 -20890.830134723299125 121379.84306650799408 301.11906032890999541
1029120 128.79232870456499427 179.84664226233599038 2245.6032017914199059 44.219767037745398852 2.925287273084709927 -21008.213478838599258 121132.81663489999482 301.7589885777380232
1029600 128.76431958075698958 180.11230138177299409 2256.4022304814598101 44.225897207817098433 2.943924021139979974 -20868.537766684999951 121002.11413254900253 300.89935229017800111
1030080 128.7361177896200104 180.3839444575569928 2267.2175270832399292 44.233216929004896656 2.9529040140625801847 -20939.913008350999007 121312.9043143769959 300.09904739996699163
1030560 128.7056925171239925 180.64318604040400373 2278.0479877216798741 44.244955526992697514 2.9618952412411498898 -20926.64283424469977 120754.98332498800301 301.01167335305200368
1031040 128.67957924435899031 180.93693251730400107 2288.8955560707499899 44.26025066998700197 2.9716548833508000804 -20929.913190320599824 121191.57782555799349 300.60382752492699865
1031520 128.65166287802799161 181.21213895195700161 2299.7603798605800876 44.273803708281100455 2.9865758318551201 -20904.692095780101226 121466.2621405509999 301.19343966481000052
1032000 128.61807366128599028 181.4315070042970035 2310.6399511468898709 44.292109087435797221 3.0007426194129300789 -20999.73361300309989 121294.04450553499919 300.96812355954301665
1032480 128.58653896208099354 181.69703607433601178 2321.5333343561201218 44.30300140323389968 3.0155290500550702149 -20959.750393832899135 121382.11074804699456 299.89044631498597937
1032960 128.56099104715499948 182.03427937111499091 2332.4449277934700149 44.316334374641797922 3.035168212667830101 -20952.296280552200187 121549.11708070400346 301.50913189920999002
1033440 128.53676056496800584 182.37525844164400723 2343.3770416889201442 44.325422049599900731 3.0538391536428699524 -20944.606339337700774 121044.18159206399287 301.29722355506100939
1033920 128.50735984578099647 182.65608855430500057 2354.3282724886698816 44.339465109322702574 3.066001749423130196 -20987.079289312900073 121505.08996837500308 299.0935256578270014
1034400 128.48305410924999137 182.99520870628600733 2365.2970509324600243 44.357646078577801063 3.0778844019869699977 -21055.729085361999751 121728.9851031750004 299.8351105121899991
1034880 128.46033164580398989 183.37054927461099396 2376.2887009858900456 44.374859588920699593 3.0907755876405800244 -20977.710555975598254 121028.08956709199992 300.08529153695002378
1035360 128.43257327149399316 183.65067582407499458 2387.2992396138001823 44.385202980747301638 3.1002575603451401065 -21074.882462349298294 121187.44650762599485 298.65985613784198449
1035840 128.41004169723998984 183.98366009818499833 2398.3282024727000135 44.402466874757301696 3.1019029266229800612 -20950.280164778898325 121224.90665066300426 299.92869510617299511
1036320 128.38264542573799076 184.26720575689898851 2409.3761618792100307 44.411886401860002138 3.116898834890379888 -21011.399891647099139 121123.29712255600316 301.50547835039401434
1036800 128.35172253903300543 184.52373878971900467 2420.4397008699997969 44.424007255942797201 3.1183625498043099356 -20989.341188348298601 121622.460048302004 299.3428909280240191
1037280 128.32342734381001037 184.79667563428500898 2431.5191086628101402 44.436438031495299583 3.1195457179365098099 -20983.947827499199775 121274.3893473920034 300.00517063209400703
1037760 128.29691195881500221 185.09226972100898934 2442.6163762769001551 44.439716510174896769 3.1160953577931698177 -20956.377643598600116 121272.23260724199645 299.04081300024199663
1038240 128.26620883874900869 185.32567182875200729 2453.7289761167498909 44.447692625921000342 3.1195323769579199613 -20757.833823567900254 121157.77992144000018 300.46381582547002154
1038720 128.2359318549669922 185.57556736287500598 2464.8554020091301027 44.454977873035097957 3.1305920495067298681 -20818.775065165398701 121005.84459727400099 301.09936786709499756
1039200 128.21064873637399728 185.87410482341300622 2475.9989126043401484 44.457064433724802655 3.1399521972929100855 -20823.621601185299369 121439.50287754699821 301.05651771911198011
1039680 128.17793760273698922 186.10820127589499862 2487.1585392041702107 44.468853463387802094 3.1476847162188299478 -20707.904256244000862 121693.59321439999621 298.78368675579201863
1040160 128.14134067334299516 186.29312718340000288 2498.3309260758801429 44.4740138014913029 3.1461323604667801312 -20980.169046824201359 121374.22232883400284 300.25764418676999412
1040640 128.096400668738994 186.39572143271200844 2509.5118868019499132 44.484140648755001735 3.156526365591190153 -20888.629763746299432 121343.92957184500119 300.00029441286102383
1041120 128.05070750145199554 186.47034426501500093 2520.6979684086199995 44.499384826990699082 3.1645348062229201602 -21070.620417193298636 121648.14979811600642 300.23622456344702414
1041600 127.99939356465300477 186.48732853452600011 2531.8863776753400998 44.50818555798070264 3.1725746216619299389 -21048.111956882399681 121427.95385763200466 300.3606998798289851
1042080 127.95085344251700121 186.55743291191001276 2543.0780904116099919 44.511458577223301347 3.1774684635904701935 -20845.567556036501628 121132.5772518379963 302.73486443514798339
1042560 127.90003333816399334 186.60855934072401396 2554.2729258372000913 44.513669675652600688 3.1757303639556599961 -20887.772527078199346 121624.43429040600313 299.73471317208202436
1043040 127.85196180508499708 186.69168807136898636 2565.4720094299400444 44.51662591424300075 3.1838636653737499849 -20922.133321929199155 121128.56920630100649 299.84735535351501312
1043520 127.80636631067200426 186.80057668939500104 2576.6766816403701341 44.523119536221102521 3.1868500470923000201 -20854.854554299399751 121129.23358146300598 300.71150977152700534
1044000 127.76007431376099532 186.89869854481798939 2587.8876786678602002 44.539275844428097173 3.190910909057779854 -20861.77875812090133 121489.71395031300199 300.34272340467799722
1044480 127.71566618626299316 187.0114524030950065 2599.1052299105599559 44.549457474921396738 3.1984467420366500257 -20960.631220967301488 121401.69988161399669 301.22122246242798838
1044960 127.67418756065200114 187.16970603657799188 2610.3304717453002013 44.559629193168902361 3.1979094723755898677 -20897.502232565799204 121244.58487080900522 300.76290471194698739
1045440 127.62325733925300142 187.20840383368698667 2621.5625766671000747 44.575196991566201632 3.1953750273486400957 -20782.460715165099828 121485.12065409700153 300.26997043267999743
1045920 127.56972777782999628 187.21961100179200344 2632.7958148172301662 44.583222945111202762 3.1901630205708602084 -20847.545679346301768 121256.13535998700536 301.28869807767898692
1046400 127.51534510643099907 187.22094296802001168 2644.0288763507901422 44.589523287895296733 3.1932614054661598857 -20801.227743139799713 121154.86683035800525 301.54198390074498093
1046880 127.46292305796599464 187.25111875496600078 2655.2625217652098399 44.595444197408099285 3.1932525806377700661 -20892.461933939601295 121230.57532188500045 301.05178033451301189
1047360 127.41798833555300519 187.33390314431500201 2666.5002618046801217 44.607623558597701674 3.1995347964558398246 -21030.161628226098401 121341.06134703999851 301.9008895703240114
1047840 127.37286634590199697 187.42870165332598731 2677.7427998250000201 44.624969098670000278 3.2115187442793100558 -20860.083061375200487 121356.7163924750057 300.609426037259027
1048320 127.32140958597800307 187.44978158058898998 2688.9891731187399273 44.632840318863799212 3.2185004417658000797 -20824.053043751599034 121303.60353491699789 301.34286437085000898
1048800 127.26962133189499582 187.4778062885580141 2700.2366759452502265 44.63634399559830257 3.2258218468263097911 -20873.951894744801393 121190.96953786299855 301.44099579937102362
1049280 127.21778758431200629 187.50824567489701167 2711.4865126249701461 44.633384903361502438 3.2260700115278200251 -20888.611768636099441 121031.46789680499933 302.28475001604499539
1049760 127.16500220811400368 187.53572864564500833 2722.738078218209921 44.630243514529396975 3.2338268661900699819 -20761.15761337479853 121687.077929097999 298.68283722737697872
1050240 127.11365401493800675 187.57203106746399612 2733.9910753750100412 44.636301512891897403 3.2435628742383899592 -20849.220789905499259 121003.13418019999517 301.40419545049599037
1050720 127.05723495334800077 187.55274693232999539 2745.2452005212999211 44.64898638011550247 3.2571305420149401222 -20867.460817038401728 121012.2789053190063 300.78437465152597952
1051200 126.99183857509399331 187.46562347650399261 2756.4959302522502185 44.657579201680796643 3.2577596632803400567 -20805.043202151300648 121404.72304773099313 300.04755734359298458
1051680 126.92855421938999427 187.38523379129000546 2767.7413896584498616 44.667215965899998764 3.2558315230761398773 -20850.290449908399751 121165.81128379900474 301.59489326357999062
1052160 126.86787257061600087 187.32495385840701374 2778.9824219330698725 44.678243936446101259 3.2585868922563601124 -20866.110698104999756 120983.04278750199592 301.81088080274798813
1052640 126.80047340931699296 187.18683202239000707 2790.2179376119001972 44.681840828778398134 3.2587996907410801128 -20866.317658115200175 120747.93000412700349 302.05641812351700537
1053120 126.73899242923900488 187.09739152078299185 2801.4457502833201943 44.684896539977700058 3.2629922191194800085 -20938.870483492399217 121231.82317926699761 299.54483372514397388
1053600 126.6795217653219936 187.05260278451200406 2812.6699604726400139 44.687276240897602975 3.2679158368565799364 -20882.641178790501726 121579.74809392400493 300.30772290052198059
1054080 126.62368980763099557 187.06502769082399595 2823.8935634401500465 44.69616948469990092 3.2760784677616001659 -20849.152788611201686 121664.74717158199928 301.43259183129902112
1054560 126.56147778567100204 187.00758213034501409 2835.1166839385200547 44.704133507168798189 3.2770538223018399471 -20923.164930482300406 121367.86804433399811 302.1817746057270142
1055040 126.48939938948899453 186.86971041145199024 2846.3329962274401623 44.718627510489803001 3.2790497759187400284 -20937.318735135300813 121173.09658875300374 300.38107103782999729
1055520 126.41649478663200057 186.71312558133499238 2857.5414560356398397 44.746888969277300419 3.287389141240590007 -20948.636433998501161 121571.15092733400525 300.81441010857099627
1056000 126.34332892635200096 186.54350163921100147 2868.7393275564700161 44.771887166276897574 3.2945221923874599135 -20832.208499892098189 121484.01810465200106 301.95159348467097971
1056480 126.26213370793900026 186.29777527086798727 2879.9242387117601538 44.784938276839099558 3.2923594361371097961 -20768.270418317701115 121426.16623736999463 299.18227305829498164
1056960 126.19320735983500015 186.18112757274400337 2891.098654986440124 44.791709313855200492 3.292820863907719886 -20835.38202716899832 121297.50462627000525 301.09221010353002157
1057440 126.12085935617200505 186.02503094921399907 2902.2652170532101081 44.794801880266597038 3.2954021535225201944 -20779.13980016070127 121278.25275073800003 299.81404087969599459
1057920 126.04213743387199997 185.79369917991999728 2913.4202723206199153 44.796200605431700126 3.2995377865107098359 -20709.026677233800001 121180.04689790699922 300.64108435517397311
1058400 125.96165870213700089 185.49157279838499335 2924.5588935887899424 44.793137322983803017 3.3077822285996600904 -20711.719302341698494 121187.56292835700151 300.71097649143399622
1058880 125.89184663168599343 185.31125524867900367 2935.6826145020700096 44.798023981401897231 3.3165528692312098435 -20623.137376639100694 120985.91836808600056 300.72061652502202378
1059360 125.81410106986200503 185.06923934112299435 2946.7945516071399652 44.813457494460699593 3.3245432893199300395 -20682.770140069500485 121090.30178688600427 301.14999276462799571
1059840 125.73154641249099939 184.77254524145999426 2957.8895403762699061 44.826340170442101396 3.3307119927322399455 -20753.68892739399962 121014.71224862900272 299.09139083412298987
1060320 125.64385983067299435 184.4350415489940076 2968.9660113580498546 44.831231880204498452 3.333500430899699829 -20709.235819602199626 121367.57728493100149 301.63210415491300864
1060800 125.55900027290999788 184.08906391305899319 2980.0222598980799376 44.833214459902002602 3.356376480476360058 -20840.857573025401507 121367.25038064099499 299.23178127225401113
1061280 125.47421168783300516 183.76157619890599904 2991.0571407997399547 44.83630333035989679 3.3708524075288899269 -20718.373506315499981 120889.31697891099611 299.25564076780398182
1061760 125.38774199963199862 183.42385653136199153 3002.0729122136099249 44.843261831013798258 3.3790374268629799204 -20876.328798209400702 121371.5699026640068 301.0782930954189851
1062240 125.30226399558600292 183.07718521727699112 3013.0680850201201793 44.85825866137800233 3.384214179211889828 -20929.724826284000301 121258.38905792300648 300.30613991320700507
1062720 125.21561662818399441 182.71693348266799717 3024.041652901769794 44.875050436043999014 3.3844927783747400518 -20827.806214312200609 121134.17414390199701 300.89314969772800623
1063200 125.12329146674200331 182.28809117016200503 3034.9924287690500933 44.888005487001500171 3.3922839540408999959 -20926.291730691198609 121343.68847892900521 301.28117492093997498
1063680 125.03311845955799697 181.89448925824498815 3045.9179893099199035 44.895774090094597852 3.4044753396862801331 -20921.157760800600954 121428.74906646199815 300.36894916961102808
1064160 124.93864939260799929 181.47130598860300665 3056.8191965396499654 44.908386086257003456 3.422948755876720206 -20784.553426534999744 121364.86956349300453 299.92991263182699413
1064640 124.84204626430400253 181.00746194364799635 3067.6932979915600299 44.925661436753301814 3.4422060620576702128 -21022.10793255919998 121273.12660473599681 300.66220990520702117
1065120 124.74869463833600491 180.5874821849039904 3078.5407820252398778 44.936638057384797662 3.4526174684592199071 -21092.007370460101811 121721.24741150600312 299.43463634405799212
1065600 124.65993136176000178 180.21488330591000704 3089.3648079494400918 44.959378980609301379 3.4646746330156701354 -20978.727164628799073 120702.83781880600145 302.79275629132297354
1066080 124.56575928056399505 179.81193679156899634 3100.1660005814701435 44.972899973270401119 3.4820129640937000914 -21027.561811912499252 121093.21798727200076 300.25361664728097821
1066560 124.46492028797399598 179.28266372501900605 3110.9389289254099822 44.9874950889435965 3.5004729610444900167 -20978.916197584501788 121254.74228498399316 301.78794784536199813
1067040 124.36846607415400001 178.79013765880500841 3121.6813557252799001 44.994749236346699206 3.5073563321836798146 -21064.873529954500555 121228.41420752399426 301.49546939461799866
1067520 124.26244694722400652 178.23771333986701393 3132.392445157649945 45.000487627852102435 3.5134710249959701933 -21129.807553829901735 121242.10109189800278 300.87453345659901061
1068000 124.14954788467599656 177.61864921396801265 3143.0686237348500072 45.004570242768799915 3.5250206846568201691 -21016.907868188900466 121032.82560945699515 301.21217800492598826
1068480 124.0370703933700014 177.02071539636901321 3153.7075833583098756 45.005491676046503358 3.5293309731054298695 -21012.041048041599424 121335.16887345700525 302.32228630185602469
1068960 123.92880149925299804 176.45706020917100432 3164.3118585694101057 45.011817372961097306 3.534979721389579943 -21003.498493932198471 121051.6841503129981 302.4131285173389756
1069440 123.81864353251700095 175.9025660959649997 3174.8826653269297822 45.011771310981401939 3.5361240246974299239 -20933.612251263999497 121118.24891333100095 301.43462183430801815
1069920 123.70439826839300679 175.29578910013000836 3185.4185284687300737 45.017743455742298408 3.533867934871799843 -21006.122228343399911 121003.22369217399682 303.31279742333401828
1070400 123.59499745171599727 174.71174015272100633 3195.9189093793797838 45.02051515108429669 3.5342176883337801385 -20867.923579636801151 121039.06535098899622 300.46406077500802212
1070880 123.47952552262300685 174.0574075051179932 3206.3809390400401753 45.020517407957896694 3.5425564859884102198 -20841.538187213598576 120989.32973070300068 302.61246509463899201
1071360 123.37356836336999777 173.48779232404700679 3216.8077455102998101 45.02599434273510326 3.5494546721115800558 -20885.26577911719869 120955.03496522900241 302.21009088533099884
1071840 123.25818398805699871 172.82395283279100795 3227.1975103071399644 45.032682434312796715 3.5578391453729798499 -20850.698743631499383 121187.37535212900548 300.97590475928700471
1072320 123.14665176293699744 172.1819210698739937 3237.5472307367999747 45.035601255486199079 3.5659321996476798233 -20796.543362493899622 120923.45101559499744 301.28507295197397298
1072800 123.02851378729900489 171.47047902167000188 3247.8575862932098062 45.032295700770902158 3.5732848909738801346 -20773.047863591498754 120822.59567159200378 302.98726427295900976
1073280 122.90463797364699872 170.7287743962270099 3258.1235142619298131 45.032089317522199678 3.5845200193712098979 -20845.940794252201158 121394.15515938399767 300.62371667259998276
1073760 122.78383407172300679 169.98291728632099762 3268.3442927771698123 45.035640522311503275 3.5906519395995299959 -20925.044947782800591 120841.17904654900485 300.31420110684001656
1074240 122.66018196786400551 169.24275330316399391 3278.5212781580398769 45.050231328345603288 3.5922199954767499719 -20912.163450337400718 120804.37289687299926 300.37322098560497352
1074720 122.53823675113700631 168.51670098716701318 3288.6536623835499995 45.062429544363396872 3.6080504690612600349 -20911.654662414901395 120690.92803475199617 301.59379304329502247
1075200 122.4096495074499984 167.74582799419098933 3298.7422308585601058 45.078354026664001708 3.6189511016813500355 -20926.369459428398841 121253.74465465299727 299.24926170004397363
1075680 122.27665832600699503 166.90407112502100517 3308.781921294879794 45.083119369399199172 3.6235863609336198543 -20994.949821900201641 121033.02262751800299 301.85841080883199083
1076160 122.13780366021400425 166.02716582844701065 3318.7696583080601158 45.090315277499399826 3.6447189462125000325 -20971.593080548100261 120995.8290589209937 301.42461264669702814
1076640 121.99417983883499517 165.07602352492199316 3328.7032121895399541 45.099928010812000423 3.6633503629650800981 -21125.011488901698613 121050.16775854599837 299.5111383051190046
1077120 121.8509766671560044 164.13480242205301352 3338.5791285138598141 45.108758705167701919 3.6775506547494298815 -21119.19674553889854 121354.98978647099284 302.41609441160102278
1077600 121.70736855981900248 163.16790189384400378 3348.3978282060302263 45.124338291296197667 3.6828525751836798108 -21165.17278508740128 121274.05988623399753 301.44766860749297166
1078080 121.56963367816300092 162.26464744808498608 3358.160696933449799 45.146834647448798705 3.6950315669042801403 -21255.530058292599279 121059.52629970699491 302.23701797333598051
1078560 121.42816268486799913 161.33314543794901397 3367.8687035964799179 45.167880796220998718 3.7148953384849101589 -21186.984007368799212 120946.92864425299922 301.60458370372299441
1079040 121.28800562716899947 160.40702615816599064 3377.5207003067198457 45.1844704619498998 3.7302292022696601492 -21179.477321036298235 121038.80280600000697 301.82194996453000613
1079520 121.14341336722699793 159.43505244627098705 3387.1167723828898488 45.190546416652601636 3.7318891518275298935 -21228.292621711698303 121135.52342719100125 300.83037565931999779
1080000 120.99612250418699944 158.41431566987299107 3396.652422154730175 45.200978882618201737 3.7335194715963400114 -21291.575546479398326 120932.85444323100091 303.12392558495798767
1080480 120.84933021445800705 157.3862891223230065 3406.1265153801600718 45.209551509772097688 3.7375457634191198153 -21283.495061762299883 121071.76268121799512 302.99120923150798035
1080960 120.70665469334200282 156.41120140705899644 3415.5397472896302133 45.22182643810040048 3.7518706201323399618 -21212.88721536290177 121156.06520460499451 301.13019007186602494
1081440 120.5668831711030009 155.44145806980600355 3424.8958717521700237 45.225388666636000323 3.7562482954824898407 -21295.548432568000862 120693.20515662200341 302.85691882986498058
1081920 120.41757056944200599 154.37620793845499634 3434.1907950880799945 45.23409313193590009 3.7727153037971898897 -21359.585456948101637 121222.68800809000095 301.39697168884197254
1082400 120.26539843701900168 153.31259149732900937 3443.4210191171800943 45.244300093065000112 3.7818052868827600754 -21201.314928818501357 120987.3585728360049 303.68878526624001779
1082880 120.11053527790799933 152.25834436672400329 3452.5883061890499448 45.248691778808300512 3.7863635655865999219 -21280.094980705900525 120087.51582517400675 304.43337449664699079
1083360 119.95222171199900174 151.14805027050300623 3461.6906815026500226 45.25915480425570081 3.8014855433323901934 -21201.125638903300569 121053.8941147489968 302.62332302765702252
1083840 119.79802600139099411 150.05905003785798613 3470.727055978610224 45.269127617845597911 3.8087281787252398324 -21364.615656098201725 120888.97730501400656 302.13675844991598751
1084320 119.6411571205189972 148.9348535273329901 3479.6963657517599131 45.279660831796796572 3.8180128031006801415 -21087.554534643000807 120607.67062564799562 301.50751657914599946
1084800 119.47946792914700609 147.76742540621600597 3488.5982043035501192 45.301617735685802302 3.8200426388256398802 -21186.011540492898348 120626.37550120799278 302.37227583533700681
1085280 119.30933044264899934 146.5001420086389885 3497.4256029554398992 45.321338071684898807 3.8169227113166801502 -21115.070724578101363 121260.09982041400508 300.58960845862401356
1085760 119.14120084880900663 145.26237657079099108 3506.1790402399501545 45.346576493110298145 3.8166730264200801059 -21095.009787905099074 120740.49629874399398 301.39529235333702673
1086240 118.97121182732600175 144.00398218866499178 3514.8570956970997941 45.362494470726502982 3.8265523258858498146 -20987.920639456900972 120965.14051845599897 300.44995337189402562
1086720 118.79475000338500479 142.69003771811401293 3523.4584217854999224 45.374184967647103406 3.8275244918580599851 -21104.00927322589996 120933.27451047700015 302.72433559615598142
1087200 118.61797609991799618 141.3897646897179925 3531.9803079408898157 45.388598181202496562 3.8330525366815701993 -21179.267103913498431 120739.92113789499854 300.75056412079300117
1087680 118.44328929304299436 140.10483855327100855 3540.4256477228700533 45.39647683367820008 3.844423006526819897 -21354.443826795901259 120914.88792904600268 301.05587069401997269
1088160 118.26308596135200446 138.76799363065100579 3548.7919881675297802 45.400464012472397712 3.853532923266870025 -21308.098782221899455 120589.18372351299331 302.8979394544909951
1088640 118.08546895815599953 137.46016071831900263 3557.0787459115899765 45.406554348734800897 3.8598467313287101454 -21162.08819004059842 120860.73183920199517 301.39580754022500741
1089120 117.91007966251000028 136.1586728370679964 3565.2872559267398174 45.414333791557503162 3.8668589455027500001 -21149.48246925319836 121331.12275856999622 301.3053239078070078
1089600 117.73498801383300361 134.83984412190400803 3573.41741804314006 45.419005579552802487 3.8719823570241098665 -21254.833613904400409 120894.48907501800568 302.70239870518400949
1090080 117.55857537301200466 133.49671906790700859 3581.4676496358802069 45.434350321787597693 3.8765571723260201509 -21302.862800530601817 121026.58608147200721 301.65592550977697783
1090560 117.37829225339399386 132.11290152651099561 3589.4357560096100315 45.450537765313598015 3.8899781060091598306 -21127.878487943500659 120618.1479248359974 303.24521973930200147
1091040 117.19567784621600026 130.71964974832300754 3597.3209973326602267 45.456491393559602443 3.8931877084738299999 -21048.859535080198839 120817.94081638100033 302.09248378172998173
1091520 117.01001312651399644 129.2844140306430063 3605.1207601553601307 45.463071967355396907 3.9003487917739301238 -21188.838486267199187 121491.91018420500041 299.34055128940900659
1092000 116.82203840286200602 127.83266154828399408 3612.8344318182298593 45.456165433742199866 3.9103259774745899868 -21115.390320473201427 120916.90850530000171 302.26238646156798495
1092480 116.63730584206500396 126.44574418441399644 3620.4623923870399267 45.454180393766996815 3.9198051160487201727 -21070.507063554701745 120900.55227406299673 302.97035087444197643
1092960 116.44701429399900405 124.98014027116199998 3628.0054022294198148 45.451536772220300975 3.9340107823865499981 -21161.01348817320104 120987.46467257400218 301.8288954139929956
1093440 116.25459494521000181 123.50324757344999682 3635.4594198994300314 45.451667085515403244 3.9527016302380402202 -21157.939398094698845 121003.50113093999971 300.87272087972900181
1093920 116.05788216406300251 121.94572267002000387 3642.8227512924099756 45.446768373673997132 3.9764617131283102047 -21031.254879787698883 120972.68176856600621 302.78831909084999552
1094400 115.86023757755600627 120.39708228850399507 3650.0933808505201341 45.452579724965097796 3.9874727407419299219 -21027.29689448589852 121499.17724355999962 300.37033915466298595
1094880 115.66597523834299466 118.84460131069799615 3657.2699950826699933 45.46308798793319994 3.9978151561103900669 -21121.506240577698918 120787.51251200700062 303.56620945841700632
1095360 115.47362233648900087 117.33338202964000629 3664.3553956718701556 45.479619434659902311 4.0136978614400300458 -21075.991549637099524 120261.88803213500069 303.27041104182700337
1095840 115.27881284238199555 115.77851288256799478 3671.3486823413700222 45.49093283724749881 4.0251634329863001938 -21048.21928667460088 120877.22358831700694 300.50421652569298203
1096320 115.08464321071099334 114.22169803442000102 3678.2490024307599015 45.502629576453500704 4.0393346503580698226 -21203.86132862480008 120737.54845432500588 303.13846439011899747
1096800 114.88490789528100322 112.58940917669100656 3685.0535144977397977 45.513467871611503313 4.0455490235712598945 -21221.763024338601099 121401.52423930900113 300.93355618364199699
1097280 114.67909051331000114 110.90152834647599889 3691.7579741333402126 45.520034999547696941 4.0625713745240998875 -21154.538202431798709 120998.93333005199383 299.83097376610498941
1097760 114.47409835891200203 109.23092193136899652 3698.3614563431701754 45.527472880712899439 4.08475161247841978 -21237.957621993999055 120762.15249589900486 303.6474215534240102
1098240 114.27672652204400094 107.61694280585200545 3704.8670488534098695 45.529728785528398305 4.1046936377039298094 -21212.847263112100336 120653.57777500999509 300.69829485814801728
1098720 114.07942660793999323 106.01252870551499541 3711.275573529239864 45.536719740151703206 4.117999637629790044 -21250.208110783900338 120507.18796400800056 301.34340374489698888
1099200 113.884307536231006 104.42780065745600382 3717.5889304739898762 45.545378472164202321 4.1313616095099101599 -21223.987494649700238 120984.56825827399734 302.1117628884759938
1099680 113.67879035148600053 102.73582146839200391 3723.804033002540109 45.559162312501698011 4.1525468398958800265 -21184.468839281998953 120979.23803671999485 301.42752476565999586
1100160 113.47199988232300427 101.07347740813600012 3729.9179158816400559 45.554264728222399583 4.170429501338380085 -21306.23347011559963 121164.04524148799828 302.5584484695680203
1100640 113.26695888443700255 99.421854564073299798 3735.9327238557198143 45.544921571038003094 4.186005772359579602 -21172.348411304301408 120809.62670723999327 304.1402798659310065
1101120 113.07019239986699688 97.854252327765095743 3741.8505206153699874 45.540425751298798218 4.2044833422401399758 -21254.179482351399201 121081.79241695199744 302.44357909431602138
1101600 112.86540898336299676 96.229940442910006482 3747.6730901873102084 45.5488083853668968 4.2284390515473297967 -21153.489606166898739 121209.71812519099331 302.14899922584402248
1102080 112.65663138215100503 94.529587994835395648 3753.3964172474998122 45.550658655421898402 4.240435080580989613 -21171.98504417840013 121062.1721957539994 301.2796119616700139
1102560 112.45212148902399463 92.863353269578098548 3759.0180320159602161 45.55514889442439852 4.255277704144240225 -21316.035503766601323 121377.91101777499716 301.14839286554001774
1103040 112.24564724046200581 91.19689409476700348 3764.539764001759977 45.555581328967001298 4.2739922522766899959 -21246.285805650099064 120834.03560757399828 301.71999920186499367
1103520 112.03988088030300219 89.550979979291895461 3769.9614605219398982 45.557536488033697708 4.2875807182427099207 -21231.302809287000855 120691.04444013300235 302.12102466784801891
1104000 111.82942455425400397 87.862390364994894298 3775.284156336650085 45.558691532042303152 4.2965709281485899851 -21221.970052374501392 120923.87244741199538 303.25803731373900973
1104480 111.61800752070399767 86.125118809746098236 3780.5035934425400228 45.57458313162069885 4.3124364969437900541 -21179.69769165030084 120554.00214619099279 302.81274657933897743
1104960 111.41218007653499456 84.436939264940093608 3785.6204862983199746 45.594039515720602651 4.3342311141274603159 -21217.971543929201289 120486.55558177900093 302.95537146929899563
1105440 111.20200510699299912 82.71481756997960133 3790.6352743952202218 45.61320105735359931 4.3474269599420498622 -21154.794985775999521 121004.65056990600715 302.86338585835500226
1105920 110.99810811519799358 81.032784589052198498 3795.5473096365699348 45.630849432195802251 4.3661934974750096217 -21251.667778853799973 120809.24859824299347 302.70537353947202064
1106400 110.79638446881500613 79.347499400476905862 3800.358810344720041 45.653996179480500928 4.3820632537856898381 -21146.789122396399762 120693.34213273199566 302.04434462763498459
1106880 110.59256403751800235 77.642642161316402394 3805.0684368018901296 45.672359815434901975 4.401379066829080422 -21131.532021253398852 120757.003171474993 301.82807082353497208
1107360 110.39290419369099538 75.972243715839596234 3809.6765963500502039 45.691910426276997725 4.418647404598270434 -21209.657771515299828 120759.27018682099879 300.56017098819302191
1107840 110.18793631735699989 74.263949712803594139 3814.184091922350035 45.703634318573897133 4.4377787281617102622 -21122.118995384400478 121008.67377365499851 301.7373025892690066
1108320 109.98048949354499371 72.538156052087401804 3818.5882940698697894 45.72078931890939657 4.4461127690622097575 -21191.643433099099639 121430.19394468099927 300.82691829535002626
1108800 109.77511898136700097 70.814206603163697196 3822.8888468425298015 45.739075082689502949 4.4634515550188496036 -21093.164811074198951 120730.54518738799379 301.82565388368999493
1109280 109.5673481377550047 69.085081203423698071 3827.0860985234999134 45.749626286239397643 4.4764572009998095936 -21195.149323261801328 121181.21454015599738 302.56251217376399154
1109760 109.35310799588799568 67.296603902160995858 3831.1772799048198976 45.755499714869799277 4.4866525516515496363 -21128.952414360399416 120851.34065985000052 303.68570481764697888
1110240 109.1398795203020029 65.511805048135798302 3835.1616153606601074 45.763560969164501557 4.5074273260873098934 -21131.535915430500609 120912.89496019500075 301.74452820951898957
1110720 108.92547200019899378 63.724910157933003063 3839.0383256457998868 45.77553691169440242 4.5218148806873097456 -21147.17437273520045 120999.08162851100496 302.05877352764099442
1111200 108.70727671183600194 61.927710248782702251 3842.8086085218301378 45.784244410248398083 4.5389791122484401953 -21268.186014544800855 121351.40545742299582 301.51689760202401658
1111680 108.48401695118900534 60.090168162867200863 3846.4690593459799857 45.791781740738400686 4.5553451383296597044 -21330.317409544299153 120943.0354439530056 302.37873317112098448
1112160 108.26551344899499441 58.269750542891898704 3850.0197193333301584 45.799815112786802729 4.5541260361480997432 -21274.744666527898517 121026.09033117799845 302.30425122015498118
1112640 108.05155515237899522 56.483166948589598633 3853.4620288663900283 45.807233056258603199 4.5632536332606301599 -21289.797785634800675 120856.4004809850012 302.90348037654501923
1113120 107.83827528450700584 54.696911816814498764 3856.796979027710222 45.818787141613796621 4.5638188298327797554 -21184.478008243499062 120753.8152760899975 300.7470500872839807
1113600 107.63027565074200709 52.967736861504100432 3860.0264635705498222 45.834775530043998515 4.5615210005999999865 -21275.705995416701626 121065.24491917999694 303.04397304842302674
1114080 107.41572858097299559 51.183112773799301465 3863.1509700821497972 45.843755850211401537 4.5670231989318601507 -21191.516889184800675 121119.72617873300624 302.58630523231300913
1114560 107.20344986951499777 49.401810645484800943 3866.168654939569933 45.851661094462002666 4.5658303562565096811 -21278.224138268098613 121041.02040624700021 301.75965380550201189
1115040 106.99260632310900121 47.622082831292196659 3869.0792946724900503 45.862173188581799366 4.5646720943334697651 -21256.619872932900762 121344.19297948200256 302.48549815587699641
1115520 106.78540568334599925 45.893334448210900689 3871.8843971634501031 45.866396172691402455 4.5710150165091203434 -21227.640127512499021 120755.48845360400446 304.89862540841301097
1116000 106.57883686237499887 44.172292297738401601 3874.586005159960223 45.866252020474099993 4.5653946498378799035 -21346.959599732301285 120713.46336667600553 306.00155267418398353
1116480 106.37227007849999438 42.430844699875898129 3877.1842151036498763 45.87207522905519852 4.5684207675777903646 -21366.251577418399393 121026.88948529900517 302.96202376856399496
1116960 106.16697703995299662 40.704242413282102575 3879.6779482169799849 45.87218271246519663 4.5679554995998401523 -21205.729072384900064 120919.38560716899519 301.9214104255029838
1117440 105.96209255738500588 38.982629067806996659 3882.0690715132600417 45.870599175707901907 4.5711381889353104313 -21319.18288188059887 120829.97202522399311 301.00905332894001276
1117920 105.75639631725699985 37.226615218696203158 3884.3552753950198166 45.865339712093700086 4.5724266957740695716 -21218.243832115698751 121029.91638623000472 303.59852411085500989
1118400 105.54595126090599422 35.418740104291302373 3886.5338435423700503 45.853617760109997903 4.5756109043585100338 -21199.868203538801026 120396.98706765699899 304.68073001355298857
1118880 105.34712859802000651 33.719574871030701502 3888.607280876310142 45.846071215594598414 4.573739183893310134 -21349.857085693198314 120419.25152692900156 302.39407135555399009
1119360 105.15374352153300208 32.081824011829603194 3890.5810566136601665 45.833023212309001337 4.5834296843566599833 -21372.181524729800003 120580.95151563899708 302.51275037054801942
1119840 104.9594425438250056 30.463738334116801099 3892.4571259504300542 45.838004180223599349 4.598998244942589686 -21389.251633389900235 120584.91169641799934 303.64945207985999787
1120320 104.76362348912100231 28.837631345260898996 3894.235838271690227 45.834165968162700722 4.5928778138123096397 -21258.132567040800495 120755.58821412900579 301.55456605158099137
1120800 104.57025176450299853 27.21957810348730078 3895.9174136480100969 45.835486244731896477 4.5962670755844596826 -21337.588082935599232 120553.81609424800263 302.51018023084600372
1121280 104.37468033244100241 25.570843627119799635 3897.5011956734301748 45.837999069591703005 4.5914414550404201165 -21349.845940969698859 120758.82630598600372 303.50709430095901098
1121760 104.18223112702099797 23.979934974588598351 3898.9872016107701711 45.840236752518698893 4.5873630602887898178 -21324.816727595600241 121350.63129599900276 302.10102969089297176
1122240 103.98387726606399895 22.338851858083799584 3900.377759125709872 45.838695237209499567 4.5879466103164299184 -21341.844239643200126 120964.62465582600271 302.47060174353799766
1122720 103.78659984850699516 20.670657040396498871 3901.6673713974300881 45.840512218544702705 4.5989735308648000967 -21284.63627654820084 120838.80086009499792 303.42257670383600043
1123200 103.59432597622499372 19.038237362478501069 3902.8583701286202086 45.849872947428998771 4.6115445235582299688 -21366.080977417001122 120552.18424809600401 302.53666949803897523
1123680 103.40697901082100429 17.486509376940400529 3903.9535335613900315 45.861940385918998686 4.6229481790593496271 -21404.95083533270008 120683.07675356700202 302.24224660703197287
1124160 103.22277494647799756 16.02229600799639897 3904.9584607698898253 45.866590328792000264 4.6365060193134803868 -21396.685823753701698 120394.4077312139998 300.7294634268969844
1124640 103.03922870210800511 14.575471299690599736 3905.8761203984299755 45.872210925020297623 4.6622842731279598993 -21440.333670352600166 120294.38910378499713 304.45704996151198429
1125120 102.8577411405800035 13.189788224472399847 3906.708753817159959 45.872317881800903194 4.6855011898899201483 -21407.780196032599633 120965.45622301100229 300.91721671979098574
1125600 102.6765698310939996 11.801981193125000047 3907.4591360559102213 45.876022887642299963 4.7092563570779102378 -21435.107228660901455 120677.44838620799419 304.4560639606970085
1126080 102.50098906184300063 10.434521858259499183 3908.1253979074399467 45.882628739137402363 4.7306869343043995713 -21439.095137368098221 120906.48433006000414 304.85091005008098364
1126560 102.32797714751200147 9.0720742051905496339 3908.7108388459701018 45.8819925164523994 4.7466682146305299028 -21458.599842905699916 120845.47131359600462 302.89703596979200029
1127040 102.14756427724300636 7.6219372424943498956 3909.2115564773998813 45.881729712861400117 4.7592483473554398898 -21465.708419998099998 120807.49835647600412 302.69756617916402774
1127520 101.97017367968800272 6.2523910770811097493 3909.6273733995399198 45.88051896318489753 4.7635130147302398029 -21334.208100406798621 121214.69449513399741 301.82719517637002582
1128000 101.79633377197799859 4.9039032840919700718 3909.9623142715599897 45.885637241105797557 4.7733850790515299778 -21460.85839586810107 120820.09530437400099 301.82511080951297799
1128480 101.62179951664700184 3.549579777726080021 3910.215712993679972 45.888167801774798704 4.7743497680940798489 -21386.816125373701652 120961.81990351900458 303.73664161628499869
1128960 101.45415844152499574 2.2265914674342099921 3910.388568119590218 45.896045238685800882 4.7769816015685000465 -21265.065515086098458 121001.48398290599289 303.4555400794409934
1129440 101.29524403239099684 0.97813692934375495724 3910.4846379397599776 45.902362703861001592 4.7850075856754399339 -21265.800791785000911 120807.37112878100015 303.07950908799801937
1129920 101.1309400587740015 -0.29896061956558900308 3910.5050021220399685 45.912036550225103326 4.7947850342384397138 -21211.870384436100721 120526.60795363500074 304.79572886230198492
1130400 100.96987118776199566 -1.5563076978478400658 3910.4490425517401491 45.925961178470402047 4.8045360225562001588 -21394.432639918300993 121090.77008310399833 303.0877055725670175
1130880 100.81330227425600299 -2.7820448109256701308 3910.3189308784299101 45.931780939143301623 4.8142763546700901856 -21481.614370971499739 121052.49975676499889 302.37346863287700671
1131360 100.64836786781400235 -4.0845740137746302523 3910.1126584360399647 45.93885066286019736 4.8258315651251404432 -21282.881781636900996 121073.4665804910037 301.97186453565899455
1131840 100.48385165109499439 -5.3219618870779896724 3909.829935461129935 45.943617509439100388 4.8343216807526996348 -21218.494633107700793 120762.92694934899919 304.23065868843201542
1132320 100.32666923498899791 -6.513589992785949967 3909.4747841612402226 45.939331958301998782 4.8402043494397100076 -21081.877431124299619 121092.54811772999528 301.99320313625997869
1132800 100.17148971755599973 -7.7057814154875403645 3909.047703961120078 45.93695764305599738 4.846290980252759617 -21152.073613605098217 120664.89034360399819 301.74235097991299881
1133280 100.0162098921030065 -8.872677336575090834 3908.5505446394299724 45.927725133276297242 4.8458995602226098143 -21163.711562985699857 120516.43888956400042 302.26451366432399936
1133760 99.86271398965349988 -10.022146475129499521 3907.9834044558301684 45.919844032288899882 4.8552968901192103957 -21090.656685345998994 121052.36449528600497 301.42243043718400486
1134240 99.717576018066893084 -11.069292667551399845 3907.3499127300201508 45.927308433533802656 4.857697656245240303 -21210.052301501498732 121261.9745392420009 301.55928208366600529
1134720 99.574737877069892988 -12.089969089866499985 3906.6555502203100332 45.939011109650799369 4.8517214067034597491 -21374.990598039101314 120903.63883356499719 302.57999177845499617
1135200 99.433819086954201794 -13.13599945049510076 3905.8983809330998156 45.947295410794296799 4.8470354535257298423 -21177.274647336300404 121005.14934094699856 299.06133023803198512
1135680 99.301349754348095189 -14.12352745338499993 3905.0804280682100398 45.954557969236198289 4.846586773467789655 -21058.222692902199924 121009.81349837400194 301.04857663114597699
1136160 99.166984327945698396 -15.120748610768799836 3904.2029746795101346 45.955022726639299435 4.8433125968694801244 -21084.453160141099943 120599.1848569260037 302.14264758000501843
1136640 99.035073191449797037 -16.100411334319499446 3903.2661842075799541 45.958408006741898078 4.843881632408150395 -21097.340313091499411 121104.73153818199353 301.46642462733598222
1137120 98.906028025710000406 -17.019464513946598316 3902.2721035863601173 45.957251709417697327 4.8479132923590899651 -21044.684685090400308 120527.21782283700304 303.74814153988700127
1137600 98.77625241678549628 -17.93143554694939823 3901.2234760725600609 45.970948802412202383 4.856191929301689747 -21144.798232783399726 120927.14233063999563 300.82545219870002029
1138080 98.65696912975460009 -18.783800326520701418 3900.1210713768500682 45.983692162190301644 4.8656010970930303472 -21199.228617951499473 121205.29434697699617 301.61544856916998469
1138560 98.535879965731993479 -19.582497492325199318 3898.9700916294200397 45.992555948791000731 4.8725159885847002528 -21035.680164935300127 121091.78311154599942 301.9248037613929796
1139040 98.415111449328094295 -20.36768416225789835 3897.7713447885298592 45.993317462166501741 4.8770133931711203701 -20995.13034925519969 121112.65756009500183 300.59811768393899456
1139520 98.291734495879097722 -21.164584082539498411 3896.5254517151802247 45.997018539794602532 4.8839631993243504127 -21216.86692980620137 121300.47508702200139 301.56579370858599987
1140000 98.169372024944806299 -21.962704469746100244 3895.231274202089935 45.996117556894496659 4.890186685708489911 -21233.665113016500982 121255.79686944099376 301.37595314327597862
1140480 98.05364374168800623 -22.721883586706098868 3893.8911216807100573 45.993015411229301037 4.8894874181029903681 -21142.366389103201072 121196.93865428000572 301.94344807989102719
1140960 97.937253016068495981 -23.533458200723099907 3892.5033035375399777 45.999045553662298857 4.8910167167628397777 -21194.703915446698375 120923.19382023699291 303.41395553790897566
1141440 97.819429674294397614 -24.310213140174099067 3891.0680588522200196 46.013553100483797209 4.8973053095073701968 -21179.42652871520113 121089.59547285300505 302.40155798666501141
1141920 97.703195582918596074 -25.091672121253598249 3889.5859571067398974 46.0218812711471017 4.8983939084207603898 -21301.732451497799048 121070.81175637200067 300.89735943192300738
1142400 97.588763943748404017 -25.809218898699899825 3888.0578196586398008 46.018203544377797698 4.907108922657330119 -21204.372464216099615 121229.32146507200378 301.65338481258197589
1142880 97.488533147606503348 -26.395378003583800819 3886.4910110304599584 46.019385825883901475 4.9209079224203602365 -21193.031440281600226 121103.73899164100294 300.46749455594800793
1143360 97.39421301220420446 -26.876717076086901415 3884.8922512670401375 46.015398542676003046 4.9306030935967903872 -21146.582417479701689 121267.76831570999639 301.20006581879397345
1143840 97.30095917113439441 -27.38063370986030165 3883.2647296173699942 46.010595809148398416 4.9446119535030197412 -21129.212530523000169 121264.69297470500169 301.36236218842100243
1144320 97.210998133759801476 -27.852009218548200664 3881.6071486333498797 46.010399777896999751 4.9515775695219099717 -21290.249914675900072 121163.12570413100184 301.871883130986987
1144800 97.117670358910700656 -28.331705570951001505 3879.9218681531801849 46.005677718825403133 4.9615172282326103215 -21244.415928889698989 120995.43582766699546 302.86348364104702569
1145280 97.025579519943093487 -28.768530853687501292 3878.208526709220223 46.01259554401649865 4.9795461777153802174 -21101.998714089699206 121177.79556084399519 303.94888931978198343
1145760 96.938583882467796116 -29.203761993853099455 3876.4692169366999224 46.022289279363000958 5.0060694332468598233 -21109.500302888900478 121143.14568936699652 304.61578836439497309
1146240 96.850259637396604262 -29.62885077095090125 3874.7044872703900182 46.027759471734398744 5.043408670276419592 -21205.773368641999696 121179.84280786299496 304.82704594225998562
1146720 96.764295375557097145 -30.016642430340301217 3872.9148838217502089 46.02188392293189878 5.0706221319826303429 -21241.057322180098708 121554.48492006699962 301.6411230912660244
1147200 96.682688908019002838 -30.351961243930599466 3871.1032669372998498 46.028111260442003072 5.0919898075317302499 -21334.279336292398511 121372.78569273599715 302.95479174744900774
1147680 96.599167448607701658 -30.658403730188201308 3869.2730528989600316 46.034798922450001157 5.1128672914113098003 -21157.267316058998404 121052.26435786799993 304.65195337462500902
1148160 96.517819133055894554 -30.962145062058798572 3867.4238679104801122 46.044888182238700836 5.1217973039606299324 -21201.130485553101607 121073.04847667999275 304.52336833478398148
1148640 96.442117045644593532 -31.211555908535601134 3865.559188323069975 46.049721661965001829 5.1317827278855698836 -21270.574412709698663 121234.25985188499908 303.66438218146998906
1149120 96.366427762457504969 -31.451669647284898446 3863.6784635885701391 46.058390926364403128 5.1469078359390998401 -21312.423585985001409 121226.97154980400228 302.12949058992899154
1149600 96.306386685741401266 -31.546792488918001141 3861.7886900549501661 46.068432534234801778 5.1591543871840404023 -21174.393019598399405 121656.80386290399474 303.35288192061301515
1150080 96.253485544588997413 -31.618286490027898594 3859.8931093017599778 46.079470118365598807 5.1694730517787803592 -21096.854002511699946 121531.17098367800645 301.93947643864197516
1150560 96.198824417445493395 -31.697083362253000161 3857.9933587187301782 46.091851568426200458 5.1859955121094998276 -21137.718879847201606 121449.32745751799666 303.56851797876799992
1151040 96.145107277776205024 -31.761051361015400829 3856.0894317646798299 46.098194820226098045 5.1941903240579403445 -21217.506544036601554 121478.42294513300294 302.05590172724299691
1151520 96.093665341108803091 -31.80399716706359925 3854.1824484690400823 46.104181683739696496 5.2005881619600797805 -21362.803593728000124 121162.80912159799482 303.00317755655100882
1152000 96.041954818183299381 -31.83746828513890037 3852.2733833153401974 46.107943871581198891 5.2021272491121202108 -21125.469397611599561 121654.92238915999769 300.40336324006301538
1152480 95.985533518802000685 -31.88495870810519861 3850.3619425566198515 46.109777982036597166 5.2076122930501203001 -21142.278364316200168 121061.12034870800562 301.66139298312998562
1152960 95.935208484355001701 -31.876170686339200699 3848.4482656495702031 46.123493423801299684 5.2174805084442299474 -21169.452645018100156 121070.10818024899345 302.34330597337498148
1153440 95.88607520623820335 -31.802302795022999504 3846.5375188196499039 46.136068256013203381 5.2255427443046400526 -21248.818911887701688 121129.52420351600449 302.22476555596398384
1153920 95.846846545205806933 -31.635027238675299088 3844.6337071802599894 46.140391099079103299 5.2245606152308496917 -21107.607683658199676 121044.54224734099989 303.19798926116300208
1154400 95.806905520374797902 -31.449461213135698756 3842.741269789099988 46.143516143547202546 5.2212414607951895817 -21263.155416203000641 121413.45717900300224 302.15298926082999742
1154880 95.775019123387494346 -31.222914226565098517 3840.8604146456100352 46.142211738828400769 5.2284573743721800554 -21066.083813618701242 121284.50664870899345 302.86604317330102276
1155360 95.747743876666405072 -30.945903457471398923 3838.9956654086599883 46.133968573222901455 5.2322417128428702071 -21094.358464127599291 121410.68957233900437 302.46495971603900443
1155840 95.718941757856498498 -30.666773151944198617 3837.1468262005600991 46.119996106396897062 5.2301583576851200519 -21232.235815494201233 121106.11283225100487 301.43537579857598985
1156320 95.695189324551094501 -30.343619531681099488 3835.3165260872301587 46.124080869937799321 5.2384977300694002267 -21220.700782086798426 121215.74925410299329 302.62740975642401509
1156800 95.671312701618504093 -30.049411265622900657 3833.5050735664499371 46.130658330080798635 5.2407999000403302503 -21069.000497926801472 120971.00651907600695 303.1110852246879972
1157280 95.638628999577804279 -29.825754528646001518 3831.7088742434198139 46.138647255831600091 5.2465666154498702412 -21164.130755679798312 121366.84840299299685 303.47383517562701627
1157760 95.610379258856895035 -29.549630997807600608 3829.9271618954298901 46.144036326507901435 5.2681641161600998302 -21316.18746849280069 121094.17795571300667 302.75205225871400216
1158240 95.585408756604394398 -29.246596350450801083 3828.1634456038600547 46.154521632720602042 5.2701506208158299671 -21085.657465066600707 121034.77977412600012 303.54107776726198153
1158720 95.56689861682100684 -28.888232670882899811 3826.4184119549699972 46.155417974930301739 5.2735652085631903319 -21099.876569173800817 120917.52274071400461 302.20461761426702196
1159200 95.555455631820393592 -28.45280159276839882 3824.698214503770032 46.158372692795097691 5.2846512376466696637 -21120.275187884501065 121499.26105859900417 301.5081787447439865
1159680 95.54207240727150463 -28.0316559066047013 3823.0040291188101946 46.154328892750299929 5.2872350025448602295 -21113.896270623001328 121102.04865406999306 302.41178618698302216
1160160 95.535567050954995238 -27.538817345776699597 3821.3363491324398638 46.146679862150897122 5.2852447804337803205 -21105.090984107999247 121102.94669189400156 301.25927645291898216
1160640 95.533180144768195419 -26.982484536109200945 3819.7009352203499475 46.145861237454802506 5.2914606748423897997 -21148.000214723000681 121444.80249996899511 302.01153289081901221
1161120 95.528704265495306913 -26.467497261527800134 3818.0971303523101597 46.144082618063201551 5.3038989951971702297 -21179.183479356299358 120977.98158975499973 300.1697549611610043
1161600 95.527786801054901389 -25.899156214944898835 3816.5258649654801957 46.145965728553299812 5.3134648682456298019 -21127.44151040900033 120855.58406244500657 301.340297171306986
1162080 95.533760468020503254 -25.253165402894701685 3814.9915912330297942 46.149883351851997304 5.3100950178715402572 -21066.542960312701325 120878.37436499999603 302.02245912441100018
1162560 95.535687288466803579 -24.685891389098898685 3813.493819961599911 46.147967649915898392 5.2987850394027296019 -21254.524305304999871 120679.02685164999275 304.1130235556209982
1163040 95.541559568775397793 -24.071110424202299072 3812.0304473875498843 46.134489045750498803 5.2941811977260604394 -21255.432529108300514 121149.7898732629983 302.25030098314300631
1163520 95.552510105960593023 -23.389613660116499005 3810.6061200706499221 46.108742500311599599 5.2865257293415996998 -21259.866893335500208 121134.11109844500606 302.05145696443901215
1164000 95.562260507372499774 -22.67766463990070136 3809.2238055550301397 46.093303760514899636 5.2766605003581901201 -21263.173339468001359 120881.1065040310059 303.74200739777501212
1164480 95.570947962089306316 -21.985362662131500144 3807.8845115457102111 46.089448763600302073 5.2750293098489100529 -21226.045917411600385 121056.9642200889939 301.29473932097198485
1164960 95.577202573557599408 -21.300674556358700329 3806.5854876275197967 46.09118257789329931 5.2791660323704601154 -21177.099994642299862 121084.21458969799278 301.70139111998099679
1165440 95.594345450113706875 -20.506708823088498406 3805.3307503528399138 46.092935078734797116 5.292632442561839845 -21350.939916964100121 121123.96083270000236 301.78334967873701089
1165920 95.613082733705496707 -19.695259440305299847 3804.1249693621198276 46.091232931752699642 5.3011854491773595655 -21209.601079467000091 121342.60893210300128 302.54454753555501156
1166400 95.631381943397798295 -18.869730310866000167 3802.9681606817598549 46.085152687865601706 5.3036487244435903676 -21083.800619784899027 121382.02676060900558 300.86585909946899164
1166880 95.645090976408198458 -18.080305898031799217 3801.8594732568399195 46.079097272398897189 5.3133053787099102649 -21025.89292898200074 121186.97558528500667 302.18853876516300261
1167360 95.661708822706700062 -17.277869233525901649 3800.7984534055099175 46.068160733294497788 5.3162813954057002164 -21114.775330530799692 121203.82788567400712 303.34896277347297655
1167840 95.680935206947694383 -16.45753810093049907 3799.7864906758100005 46.06168264873679874 5.3223509624289704334 -21171.334339924800588 121461.69977267099603 302.77800663529802705
1168320 95.700983226017797278 -15.581570040435099855 3798.8248818514198319 46.043479241805101765 5.3363289035364003254 -21179.817744922100246 121514.94455242200638 302.37812313014597976
1168800 95.724940258737802878 -14.70252360885590015 3797.9163682785901983 46.035495752791099733 5.3479382096359602272 -21136.086840523501451 121442.56466685900523 301.59106813785797385
1169280 95.750531488464204699 -13.768549410983000669 3797.0620137175001219 46.02710360407630219 5.3558684269355998353 -21351.878993208698375 121355.51271301599627 302.29834171380701946
1169760 95.781731565828906128 -12.754023818537300272 3796.2663110053999844 46.018946482165496548 5.3644907592816100106 -21197.099695103101112 121233.85383429999638 302.59258372311398944
1170240 95.811626816929404526 -11.82359141112240053 3795.5294221955200555 46.018097072719399421 5.3706961807380402263 -21298.328384267399088 121000.5664285219973 301.72780482489497444
1170720 95.844040562020097695 -10.886068124595700723 3794.8481170397499227 46.002661737632699612 5.375569488164390286 -21235.808401253798365 121291.57902695299708 302.97462374405199625
1171200 95.876172032830396574 -9.9372937094763695853 3794.2230638437699781 45.98218972869850063 5.3812904279645401573 -21217.150274667499616 121264.16152890799276 301.19246705460699332
1171680 95.911005310466606488 -8.9533116102030891881 3793.6562192703399887 45.970175708107397838 5.3847992980549301834 -21296.709957021401351 121364.61753167500137 301.16540862234700171
1172160 95.944565073855102355 -7.9767714796852802195 3793.1482540461302051 45.961159176763501932 5.3856272726264196038 -21292.055193605301611 120947.36230112900375 302.12545429805601316
1172640 95.983398766132793867 -6.9342040230648498422 3792.7008777707601439 45.951915378609797358 5.3883526691289995725 -21292.57802452479882 120930.54620681300003 300.41730613521099258
1173120 96.020167196864093739 -5.9302242342341395798 3792.3149485344301866 45.942854736680700967 5.3816836916658497003 -21199.956166537998797 120468.78626928500307 302.3253932044569865
1173600 96.052231632118903804 -4.9624703317738303454 3791.9886195756198504 45.93338905542569961 5.3737731442552201244 -21292.688316535699414 120668.8450203849934 302.00280179115702595
1174080 96.090909980354098252 -3.8913511766139801118 3791.7222706115999245 45.916617761295697164 5.3678357544496799747 -21176.356320885599416 120877.788223740994 303.76073968638399947
1174560 96.133001178303302936 -2.8155374310795999726 3791.5214019593399826 45.904012421692996782 5.369459675025540335 -21262.754050983599882 120929.80540629799361 302.72923673219401053
1175040 96.176874342913095006 -1.7554197460461500313 3791.384268149250147 45.892132269722502258 5.3753350207900698621 -21330.932881056800397 120950.56500913700438 302.45890048686101181
1175520 96.228461731842301674 -0.62780990326288599324 3791.3126007437699627 45.88702768433790169 5.3779128575940298163 -21443.795982411400473 120984.14975332199538 303.0080383194789988
1176000 96.28485376538270657 0.55636435513730597702 3791.3105166599798395 45.876444858470399879 5.3859922755900901947 -21485.844816978900781 121126.972615976003 300.9240618680050261
1176480 96.335577685338392939 1.708539704398279957 3791.3787092086899975 45.867196169756098811 5.3883485022543196052 -21369.366098344798957 120914.24318295299599 301.55013518902302394
1176960 96.38139827922370273 2.8041966454985201018 3791.5146767520500362 45.851613749582000423 5.3901811277429203528 -21313.05760826489859 121156.73377617000369 301.7153538543109903
1177440 96.427916486025594622 3.8897348842935000057 3791.71563613212993 45.837457214461402089 5.3944109805053797047 -21341.423504804100958 121335.69107120699482 300.93966265587602038
1177920 96.474931834558404375 5.0216963059150803161 3791.9827532907202112 45.823373913529302115 5.4040554046323796555 -21269.349220281499584 120912.80856134099304 301.13720524680798007
1178400 96.524000513298901183 6.1658160838715900809 3792.3184100543398927 45.809536922107696455 5.4002355890574200714 -21249.72988267870096 121121.06367817800492 303.0193288439410253
1178880 96.573253585951405853 7.3322567773506497346 3792.723413938199883 45.795671325210896896 5.3976415099857097957 -21363.348011862799467 121029.54294936300721 303.11382407780001813
1179360 96.622733795014994485 8.5294821133360194665 3793.1984355091199177 45.784382049481202159 5.3987412304358404214 -21306.800387691098877 120843.41228807299922 304.04768409751102354
1179840 96.680247356509994461 9.779911757008139972 3793.7480785427801493 45.776736773067497666 5.4047014912482200799 -21166.983478695499798 120760.51391760699335 301.20041249846997289
1180320 96.74116295195449311 11.011381207348000189 3794.3718139070901998 45.777483473482099896 5.403728158672739923 -21207.819729303901113 120703.68653352699766 301.8193526514959899
1180800 96.807247575485504854 12.282935602974600187 3795.0710942344398973 45.776822405469999921 5.4025248507947303267 -21363.161310113500804 121241.93096585900639 302.47695930348601223
1181280 96.862405599892795749 13.457597141193700097 3795.843217309100055 45.773880696151600489 5.4132954416225302907 -21231.885755476898339 121171.42337589600356 300.37278109559201766
1181760 96.917039168062004251 14.643657044291300551 3796.6863690921300076 45.76841199073160027 5.4298391129231102781 -21240.187626251299662 121163.14212092199887 302.15265489936200538
1182240 96.969630101234699282 15.832575183687700004 3797.6007313148998037 45.757347315147697486 5.4314792314855901978 -21256.872149498001818 121057.78406974600512 302.91636677001497446
1182720 97.028697746270097468 17.10847967033150141 3798.5884109295598137 45.752543038628303407 5.4408575642980601117 -21328.842574196700298 121086.76241164399835 300.65556779125802223
1183200 97.094084208026799843 18.455944808250201561 3799.6551061762302197 45.745035947640801055 5.44198221486556033 -21433.937449253699015 120857.90465002499695 301.13636526250002134
1183680 97.153838960995997809 19.780869115186700213 3800.8023727904201223 45.738214507056497382 5.4287434432036700827 -21198.068596671600972 120853.4745850420004 300.75244119627200234
1184160 97.21031992430249602 21.094634669106298475 3802.0292051519500092 45.730852587833702216 5.4226650991514899758 -21144.749047513301775 121017.44960021000588 301.84101227533301426
1184640 97.266532114279200982 22.312666854743998357 3803.3311662641699513 45.719015153723297828 5.4276956472873596482 -21310.901259815800586 120943.98447212099563 302.34746007280301683
1185120 97.330125349317199834 23.587618461860099472 3804.7083428834398546 45.712533785904902572 5.425896360069319968 -21264.192940217701107 120575.64476644700335 302.27141414869697655
1185600 97.393725069466697164 24.87225125866349984 3806.1625967448699157 45.701293199304096504 5.4262132209173801201 -21474.948228129298514 120805.06967125099618 302.82069412808601783
1186080 97.454553507588300931 26.132017449357199723 3807.6924322044801556 45.696488116263502377 5.4284024185825803244 -21306.591768751000927 121305.2059875910054 302.46032627514000524
1186560 97.518778257869897175 27.434501625433199479 3809.2995359811998242 45.68862115261570267 5.4284176119211302591 -21279.133277686400106 120969.34042619699903 301.0946464116569814
1187040 97.586167522735905777 28.759446052231499635 3810.9854537991500365 45.685151929338196908 5.436443353085209651 -21249.233073031398817 121155.83903186199313 300.9011388837790264
1187520 97.647692930237695919 30.043067193134099568 3812.7493422080901837 45.681045690250400071 5.4475091394723502702 -21356.969036319300358 121041.44107229899964 299.58430867766702477
1188000 97.709077452469102809 31.295220746037500703 3814.5899681559999408 45.678178844520097357 5.4544634530794295912 -21368.988347207799961 121380.15957377200539 301.22500856790799162
1188480 97.774574782643199455 32.546811775494298047 3816.5050723910599118 45.679054297655099504 5.45903558552878998 -21373.896164610501728 121315.35358620999614 303.03598597135299997
1188960 97.841059255816603013 33.839356443691499976 3818.4969986511800926 45.678487739476999252 5.4678183073249000401 -21241.192788130199915 120954.84002265200252 302.85378266915597578
1189440 97.901120723636097409 35.087818662301401673 3820.5647669294498883 45.670465695968402997 5.4690116743817300815 -21215.247523918500519 121000.56366740900557 300.8649460728229883
1189920 97.959676087661904376 36.325279283600501401 3822.7073358047500733 45.659940779550801437 5.4675686557713403246 -21318.406652464298531 120886.00917402500636 301.88621852385500688
1190400 98.02045825811849511 37.567189388575798148 3824.9235430587100382 45.660517577287102142 5.4786491245936099759 -21334.083432652998454 121138.76819406400318 301.06008999795000136
1190880 98.085429529375801394 38.890493502448997276 3827.2174481714200738 45.660769271400496905 5.4970330445525998897 -21244.73636411500047 121030.10563148799702 301.01691865031597217
1191360 98.142917875746206846 40.132626662744101509 3829.5882947977102049 45.660703874647403211 5.501436444911809609 -21250.311338272400462 121086.54963454700192 300.8115226713250081
1191840 98.202862771408902631 41.388406246471497241 3832.0342843760799951 45.669594444628202723 5.5124690992077800544 -21285.774530875998607 121026.89735879699583 302.08494530158100133
1192320 98.256534820594495727 42.571853104560297254 3834.5535861692201252 45.674726814350897541 5.5265310222181600608 -21546.441259657200135 120992.77275024399569 303.61169280767802547
1192800 98.307642514900194897 43.741421013976498955 3837.1429811044599774 45.67752639934710146 5.5387277431366301883 -21424.938814511500823 120918.32969898699957 300.88752890683599617
1193280 98.357343420711302429 44.894713410802296494 3839.8024234060999333 45.683376168405203543 5.5526425063671096538 -21243.552060215799429 121363.96364508800616 301.58780347633899055
1193760 98.404042296935998024 46.039322326400998975 3842.5302304195001852 45.677566752759901192 5.5664907371532104108 -21391.826618641400273 121227.28856553700462 300.07467864849598982
1194240 98.456285123035499396 47.215916456926301237 3845.3276525612100158 45.669618588367498546 5.5752983439369199203 -21366.881866992000141 120943.46763069600274 300.77758260946899327
1194720 98.504736612817794139 48.3962235371281011 3848.196183705149906 45.652564894453398381 5.5876092377657302634 -21338.715850085398415 121265.88906023799791 301.94693036836497413
1195200 98.555386835562799774 49.605604011476302162 3851.1359664432598038 45.640029955815897722 5.6002470108417998773 -21366.278494383601355 121355.83587290100695 299.50799109821900856
1195680 98.60448396628270018 50.776498048961101972 3854.147864351629778 45.627685201213900257 5.6085654346218998256 -21288.951795334698545 120887.26469378000183 304.00075127235999162
1196160 98.655543690583400007 51.938806840671801979 3857.2302396086201952 45.616984597295697768 5.6109348679971695617 -21417.324208198300767 120911.98151930600579 303.01427063599800249
1196640 98.700417713182204693 53.047944068466200918 3860.3799922195198633 45.611782379527298303 5.6193493476014602095 -21452.655029746598302 121118.96637437700701 302.93159468659001732
1197120 98.745722835717302246 54.154881101857597514 3863.5959026300502046 45.611055270141598328 5.6193750494268801532 -21408.453690191799978 120978.88976910400379 303.72074372052702529
1197600 98.794463894662300163 55.282046109197501949 3866.8792810571999325 45.602207744058198102 5.609036061452099986 -21360.763589459998911 120991.01326203999633 302.05631740162499455
1198080 98.841933601471097859 56.38290944816200323 3870.2297339460201329 45.595344171764402574 5.6175391145871795828 -21416.748861380900053 121389.53120128299634 302.19739124732097935
1198560 98.880363766178305696 57.399399019302400404 3873.6434645734898368 45.600537065050701813 5.6310237837562100438 -21345.497364218899747 121085.9164795520046 302.31160459217898051
1199040 98.910456946436994485 58.351683917157302517 3877.1161288394100666 45.606398026994597217 5.6522368702733798429 -21471.759052848301508 121071.31829358900723 301.9653750445879723
1199520 98.949564938501197275 59.421604871436997541 3880.6490698819497993 45.608027721394201137 5.6681543423396396619 -21427.80795215840044 121040.49227693599823 302.47825841503197353
1200000 98.983095036256003141 60.427467421803598313 3884.2448180235301152 45.6110674632925992 5.6630872539852701308 -21425.315821563599457 121358.41414756000449 301.13569728635502543
1200480 99.017337129571700416 61.409501345380299142 3887.8999742235400845 45.618185851658502372 5.662354647556729681 -21246.521017446801125 121057.97366751800291 302.43168909294297464
1200960 99.052640339077200338 62.374474156523099566 3891.6136949418400945 45.616382181253797512 5.6700517415475797378 -21509.440929536700423 121431.11279084200214 300.19386367568802143
1201440 99.094969206038598486 63.420082853412097279 3895.3870002986900545 45.619602939183899082 5.6758660747338103292 -21457.610797867499059 121188.64710793200356 302.06239734309002642
1201920 99.134363235977104978 64.432813990594596021 3899.222682242999781 45.619059345261597116 5.6758772270488098144 -21376.991606055100419 121174.81459969599382 300.69659437085800846
1202400 99.170991793565406169 65.416625650060396424 3903.1183233334500073 45.61472490069760255 5.6822046598911404303 -21376.418219500501436 120994.79879570699995 302.78199977599001613
1202880 99.200745283800998209 66.291840115247495646 3907.0700226936601211 45.607395560786798683 5.6920146316607596049 -21405.872687906001374 121158.12495827500243 300.68186562936102746
1203360 99.231103243323403262 67.196921544544096605 3911.0741915194498688 45.60473250926040123 5.6961096020043200383 -21422.745349137898302 120729.4792815260007 301.43905291958799353
1203840 99.259720536941003388 68.09326149659109717 3915.1334081792301731 45.602912414403903085 5.70296974304893034 -21531.568325618900417 121466.61053914300282 300.55792994004798402
1204320 99.281654432511302844 68.950960900116896823 3919.2440926453300563 45.604909279591701932 5.7026466465133101025 -21536.228211214700423 120843.55817865699646 302.23297489540601646
1204800 99.303762709838792944 69.835658898530695637 3923.4079118038798697 45.603654568658697599 5.7074047727455496926 -21552.943791353198321 121446.84665584399772 301.23868791748901685
1205280 99.332370731099601358 70.773622430150496143 3927.6259021662899613 45.609513342711302641 5.7127732717874000201 -21424.804423104898888 121186.37939568099682 301.83832937949199504
1205760 99.358164123551901525 71.652453333240302413 3931.8991707115701502 45.611374323469398462 5.7247995102447699622 -21435.526616304501658 121098.9240503829933 302.20278670372198349
1206240 99.37730820548709687 72.457769073027506579 3936.2225498437101123 45.612708024506900983 5.7284418895937196936 -21520.773622634900676 121136.41960401700635 301.7375270673239811
1206720 99.390681802485104868 73.215215825188096233 3940.5930915681301485 45.613626913866902157 5.7291157898868902976 -21613.1422708477985 121485.34521779400529 301.65291178973501474
1207200 99.413078410006193053 74.035394546287704998 3945.0102349630401477 45.616307826192496577 5.7443563042734195889 -21640.010340188400733 120966.39239230100065 302.67936043391301837
1207680 99.433099117927199018 74.843250857356693473 3949.4769899586799511 45.616418629085700331 5.7608459231524902222 -21657.173470647099748 120928.48942680099572 302.27680502731698198
1208160 99.448196057577803231 75.585016056288793607 3953.9905876190600793 45.618858667322896849 5.7756053278961596575 -21600.261567905999982 120938.44279380999797 300.90878133206200573
1208640 99.460375888350299078 76.256814297610205244 3958.5459116021002046 45.627881250363103049 5.7957155709636198893 -21503.503290816901426 121050.09989379599574 302.23684788052497652
1209120 99.47890448352980286 76.992487970160894406 3963.1435925709301955 45.639072144571400713 5.8047076161860298171 -21483.576920661798795 121305.66962146500009 300.23933729027902473
1209600 99.494111408115799122 77.703903292535500213 3967.784776940449774 45.658337553146303378 5.8074823994554298778 -21595.636112109699752 121507.16554873000132 300.62366648982100514
1210080 99.504871189859798619 78.358142506776900404 3972.4664765785501004 45.668800455632300839 5.8145215496150202128 -21448.662030737101304 121378.63488489600422 301.33580095560398604
1210560 99.523135616478000998 79.058984582466294455 3977.1890866074099904 45.665915407371400647 5.8164941621134103045 -21510.590544896800566 121010.3014587439975 302.39061756544998616
1211040 99.534887698702092962 79.698466555384499088 3981.952239247289981 45.665224632508099489 5.8323581503061801001 -21291.52573838419994 121443.47737871599384 300.82425226814302732
1211520 99.540392998715802264 80.30851268842050672 3986.7524380076802117 45.658399486272003287 5.8445730876519403907 -21430.649214287699579 120831.32688623100694 302.73135907724497429
1212000 99.543877277140794035 80.911096917594306888 3991.5897846082898468 45.658079610375800428 5.8452446660524204347 -21456.084389848201681 120926.36664718299289 301.36573142076997556
1212480 99.538614710450005418 81.432240480512206204 3996.4601523196402013 45.662575371912701883 5.8508660341211502498 -21460.596657680500357 121119.36697815499792 301.86056430356899227
1212960 99.536011611994993586 81.957000882144399156 4001.3618624694299797 45.653338150511402205 5.8664432158238302151 -21495.482823854501476 121115.31265419900592 301.41241947494302167
1213440 99.52549742603000027 82.415222492832000967 4006.2937549183798183 45.641998526808002623 5.8800269454059597152 -21544.293326169201464 121127.41489317400556 301.73530667698997831
1213920 99.504334797466199802 82.75469282940150606 4011.2490763920300196 45.639672072830002492 5.8833733260664402565 -21418.581086464000691 120950.01687213400146 302.18594753551400345
1214400 99.486100527411906569 83.088706987142401772 4016.2238488200400752 45.633479292002100181 5.8893880968202001469 -21513.481285454399767 121150.32877182599623 302.37163551280997353
1214880 99.467322914020996905 83.393330908900693998 4021.2188255440701141 45.640374518229499756 5.8990002839944200019 -21559.866856076499971 121264.21456504600064 301.91317146881800682
1215360 99.442151697162202595 83.619366056150397526 4026.2292151359201853 45.636134548214002393 5.9015414582784702091 -21447.947641355400265 121427.10380005699699 300.85776797874899557
1215840 99.412517738175097293 83.838719242463298542 4031.2529300991200216 45.639226717313100323 5.9072665846920502375 -21280.851190165198204 120909.106645923006 301.93404934603097445
1216320 99.388665806268505776 84.077217224438399512 4036.2906186999398415 45.638363052806901976 5.906214337057780206 -21361.382005931998719 121240.82452005399682 302.08604738104997978
1216800 99.35847382099530023 84.271513458684097486 4041.3409908017601992 45.635584208052300426 5.9230672471666601098 -21435.499552715598838 121173.75736966199474 301.63748913819000563
1217280 99.321874241369400238 84.404688187333604787 4046.4015055610798299 45.639255922584901271 5.9355651478434197088 -21532.219370801998593 120971.18528376599716 300.77491225604200054
1217760 99.284099172270600775 84.566666179832196804 4051.4702502100399215 45.639788449883297972 5.9419015195571898147 -21427.117997041201306 121036.18653528900177 300.35214524797498825
1218240 99.245886612227295132 84.695943532488698224 4056.5487112781202086 45.639448884876202328 5.9478156933347197111 -21472.745088322099036 121095.71066541899927 301.97097097968998014
1218720 99.204309816034793812 84.735247202418406687 4061.6318799822502115 45.63917850719970204 5.9575130721443096959 -21577.642821115998231 121008.27791556199372 301.69447231491500361
1219200 99.157484120088795976 84.708318622227494643 4066.7153953239799193 45.640776339675902307 5.9688364409557204127 -21513.417636086698622 121418.20291790200281 301.48512412354398293
1219680 99.107420894485102281 84.658597616656095397 4071.7963840357701883 45.635087059642501117 5.9766444584823101849 -21526.084506093800883 120908.97291784899426 301.21369927091399177
1220160 99.062624140869004918 84.6820475520395064 4076.8762986740398446 45.631090241275700237 5.9820731918767098279 -21507.876057808000041 121148.82226387399714 300.55789464324601568
1220640 99.015875649092606636 84.702289130461494437 4081.9579716690200257 45.632372939861902239 5.9873370957291003336 -21413.585653166701377 121103.08006967499387 299.44013690517601844
1221120 98.964719835193193376 84.672511035120606948 4087.0392785622298106 45.634452302862698048 6.0034410012209100671 -21507.049608482499025 121187.6506737430027 299.8010205911190269
1221600 98.913950918661697642 84.658800052309004514 4092.1188855359500849 45.639958271854702332 6.0154802242655796007 -21498.83041330279957 121246.68024351699569 300.61298054742502472
1222080 98.858181519542100091 84.594706802064493445 4097.1968961877701076 45.640342614176496738 6.0190313761812399562 -21510.975283840001794 120921.20439148899459 302.45474683523900694
1222560 98.796801403996795443 84.506798974747795228 4102.2702227310501257 45.64163917104870194 6.0262020399146996041 -21489.87507554630065 120676.48541811500036 302.0555443064059773
1223040 98.732487757697597885 84.385476542879203521 4107.3368952323098711 45.646029365180098125 6.022898933658059839 -21475.570734940898546 121054.23726030699618 301.27694686190699258
1223520 98.670092766835693965 84.25979681217330608 4112.3963291826603381 45.638751137492000964 6.0375462431079203185 -21389.829401772600249 120973.0801059660007 301.56376328921300001
1224000 98.604351625038205498 84.062500608106603295 4117.4462553314297111 45.634552169829703416 6.0468797491794497034 -21508.328281095698912 120673.30494054900191 301.84958524947501246
1224480 98.538528417958403338 83.855607758761394166 4122.4837995053603663 45.629534185376996902 6.0526081412326302456 -21491.498823000398261 120801.87535765800567 299.71426745962497762
1224960 98.478847466333206739 83.715142961430103696 4127.5104571161700733 45.626281814089303168 6.0569595409154901589 -21364.798425540899188 120571.90393324999604 303.01037779926798521
1225440 98.423334901248793471 83.586602236603198435 4132.5295272147095602 45.620436563795202289 6.0658217384063597422 -21345.714944738399936 121205.87997691700002 300.43692674480701044
1225920 98.357926553107205336 83.374379242687098213 4137.5388024756903178 45.625615973954900539 6.0851225181014703125 -21502.827198421200592 121059.72331257500628 300.00658980096500272
1226400 98.280378356642700055 83.012007264123099048 4142.5308928499198373 45.637233117336400312 6.1012626966614895707 -21435.740114411699324 120801.65041216599639 302.142734944094002
1226880 98.203039103180501002 82.663892453444105968 4147.5007629350602656 45.643485182882699291 6.1265289859917100301 -21515.044990321599471 120578.56128624100529 302.59246275107500423
1227360 98.137342288342196639 82.409139780447901558 4152.4529259388500577 45.657238628903002109 6.1468314299317299287 -21437.293264631200145 120926.28568501200061 302.35783761013101412
1227840 98.066601801276206629 82.10930631487900655 4157.38837760692968 45.666305697041401856 6.1668327057973195693 -21435.928116077899176 120647.67431491099705 301.42258685742700663
1228320 97.998204105203200243 81.833588145141703762 4162.3066378327002894 45.671356421276200876 6.1880051038676704422 -21451.005119233199366 120842.94698904399411 301.61859556686698625
1228800 97.930481053467303809 81.548787405538107009 4167.2081222392998825 45.670253807678300007 6.1992976302581599413 -21564.124155138899368 120802.65387764500338 301.40525877482400574
1229280 97.86603851141400412 81.298943414322394574 4172.0937477928200678 45.668048556890298073 6.2061325081574203466 -21426.22765942029946 120918.38024032399699 301.81738527984998655
1229760 97.793364634811197789 80.998833963624605303 4176.963253633880413 45.667879613616896961 6.2060415201877896507 -21583.501572129098349 121105.917554604006 301.87745397814700254
1230240 97.7140846615263996 80.630553273895401389 4181.811967035179805 45.668907927695002513 6.2038155463511497345 -21450.192180229598307 120758.59142434300156 302.0817485415190049
1230720 97.635630736515096828 80.24536589685929755 4186.638240742259768 45.663361000492699304 6.1966514693762801969 -21552.5710537820014 120712.87747142600711 302.9127527947439944
1231200 97.554092399807103675 79.834765831116797585 4191.4412237416900098 45.670368958292996808 6.2039668270947796458 -21336.478415099700214 121018.30619968299288 301.95326867388297387
1231680 97.468445133132803448 79.356646481052806053 4196.2169342217202939 45.678370366197697194 6.2136649153595797657 -21390.930669047498668 121040.5057395019976 300.82285177303401724
1232160 97.37779147795579604 78.851533413330599842 4200.9634515000798274 45.699011953845996459 6.2173534080882504327 -21371.571678844000417 120878.33791021400248 301.57965765933897728
1232640 97.286779779187597228 78.353791979449994187 4205.6789430067401554 45.720393186923701023 6.2170543219457501394 -21361.296040443899983 120910.75619051000103 299.71530668907900008
1233120 97.200835446805101014 77.855844098550306853 4210.3652884693801752 45.73050907905390261 6.2206800860819395638 -21421.73885709679962 120838.26738007699896 299.91966845163102562
1233600 97.119858261560196411 77.360354582485697961 4215.0218763112497982 45.746388182504603037 6.2291996280182901913 -21464.422446510299778 121042.91647843099781 299.85604580408698894
1234080 97.02880404470670328 76.834505160191895357 4219.6482767033003256 45.751431116904498708 6.2431460429240503984 -21246.929075322899735 120567.20819203900464 300.50134855404598966
1234560 96.931956940532302269 76.227772642014599569 4224.2404257999296533 45.75087775727409678 6.2608747322553899295 -21314.804902093099372 120939.58549940299417 300.0753243623029789
1235040 96.835837356757195948 75.598847630323206204 4228.7952744111298671 45.743143580899399581 6.2766642940936101525 -21354.051042374598183 120274.37215577400639 300.98003331566599172
1235520 96.736899159795697756 74.933720531031696055 4233.3105196419101048 45.74775552753980179 6.2928858104669496143 -21261.657450730199344 120715.26174446899677 300.42753750337698193
1236000 96.629457878891201972 74.248024939502201391 4237.7863203397100733 45.7558563706212027 6.297352755738390151 -21366.566621404701436 120723.66905937099364 298.49565056826901355
1236480 96.519817701124694054 73.526232974740096893 4242.2197974899499968 45.766595324580798376 6.3007243220741102618 -21297.495326989599562 120523.17948337600683 302.73470853811198822
1236960 96.409599115049104512 72.755206728961795193 4246.6085891412203637 45.769824451095402651 6.3037182669769595833 -21367.530556059598894 120842.71606513799634 302.21651738481898519
1237440 96.292031917218196213 71.917255348457203468 4250.9494845656099642 45.768127256531897729 6.3200515306904003765 -21364.654760160301521 121173.02493000800314 300.45907976351202251
1237920 96.168729546513105788 71.03247492778349681 4255.2374805280796863 45.764636510202201691 6.3254380081580601214 -21595.614775291200203 121245.46979586299858 299.44302612974797739
1238400 96.047266302668006688 70.171950151367795456 4259.4736053686901869 45.765033707982702538 6.3319637533617196823 -21433.489244980301009 121186.01415885399911 300.14547308297500194
1238880 95.927578324550893285 69.255972563161805056 4263.6559195200297836 45.763749917243501386 6.3349905930810797017 -21410.080719718098408 121365.97315098199761 300.93143940333499131
1239360 95.814850814823103065 68.437770479258205114 4267.7865314197897533 45.754976263104801149 6.3352575747262100947 -21427.001327399098955 120712.66878855400137 301.91260780805299646
1239840 95.687098678851100431 67.456959269395397882 4271.8642955327395612 45.747169197748597469 6.3374595514303599941 -21368.624074191600812 120896.31421334200422 302.31037528441800077
1240320 95.561236726740602876 66.484326216257798592 4275.8814187367697741 45.744943827140197357 6.3440013252042897207 -21476.098635795398877 120942.98574006299896 301.25113801002299851
1240800 95.435260145076497906 65.586834554984307033 4279.8439879305697104 45.749638695972102198 6.3523091829000000175 -21407.481322865700349 120643.34698468500574 300.31543118432398387
1241280 95.312076390869393094 64.63958153759389802 4283.7505871184903299 45.7582481022500005 6.3568245143219099802 -21601.188506351998512 121121.11166042200057 300.27010793681898804
1241760 95.191295282168994163 63.707244351318500719 4287.6010656041798939 45.77091361087629906 6.377162745342859651 -21583.078105051499733 120603.44097794899426 302.51132068448498558
1242240 95.068289702543395947 62.762044708308998509 4291.3954699197902301 45.782239003680899714 6.3823027028149397211 -21495.817483074701158 120545.76517097000033 301.67275389883201342
1242720 94.939191408497904945 61.727417379540902687 4295.1298754212202766 45.793570927168403273 6.4014170476782101815 -21421.277066049700807 121225.96668470199802 301.69322427063798386
1243200 94.810103638354405575 60.725397321875099976 4298.8036630688402511 45.805709362686300778 6.3998468838911399814 -21449.873585822901077 121005.03918998000154 301.02412599227898227
1243680 94.68444265268739457 59.691429302036198123 4302.4167840763302593 45.824314129852702138 6.4063367837893396839 -21431.325668698300433 120647.53941530600423 301.81610326264200239
1244160 94.557071116100303243 58.65217369959869842 4305.9662765123603094 45.838244342057002711 6.4151147786406603757 -21384.955488484800298 120816.19991034899431 302.59404287935097955
1244640 94.431143510140003627 57.656094014703398898 4309.4556407024701912 45.844999564391599733 6.4264407820146001171 -21557.204506014699291 120501.44478159399296 301.65695783245399753
1245120 94.297879394082997351 56.571931790104201809 4312.8825735080799859 45.846517445847197791 6.4396478891058999139 -21384.883210834399506 120808.74679528300476 300.53469835503898366
1245600 94.169274047632796965 55.528942941483499851 4316.2449695819595945 45.843866315809499667 6.4474051930743101479 -21462.379036677601107 121178.77802281100594 300.58100315482397491
1246080 94.044697363002299539 54.547372759004801424 4319.5472121888797119 45.837279800943598218 6.4559140590586201469 -21425.980607516801683 120548.07536796000204 301.10127144718597947
1246560 93.919492794669395153 53.550900869385600345 4322.7897905675499715 45.836901890615003197 6.4737032934226403924 -21261.606056710701523 120733.89257637099945 301.68035978456799739
1247040 93.795411873323899954 52.589160826281897698 4325.9741267339395563 45.842932401645697382 6.4807175388509197234 -21452.403372435699566 121112.34337140400021 301.69428198638797767
1247520 93.664953598914095778 51.563899274674000139 4329.0987218068003131 45.842237818738901467 6.4920102022974903733 -21458.979833111399785 121207.62485178900533 299.90382289649602399
1248000 93.539211347379904282 50.558904047187496644 4332.162202624080237 45.839102047561397058 6.5030612632385400573 -21296.267289249899477 120751.09562789299525 302.33667730304301813
1248480 93.41054482554129379 49.518673887108199949 4335.1639303923602711 45.839675850049403039 6.5157579950703699012 -21397.951880751501449 120779.35873607499525 300.81899347737902417
1248960 93.285014613090794455 48.496010609401302816 4338.1043979651603877 45.846846020283201995 6.530644016338579938 -21421.730326919201616 120696.28597348199401 301.10638522546798868
1249440 93.154660103585200659 47.416645929182401176 4340.9818352241100001 45.855334632470899692 6.5504665376783099973 -21501.125299794399325 120987.28395903200726 302.2364011201240146
1249920 93.025544301732793429 46.362377672659498273 4343.7949167572396618 45.868082183109898153 6.5760130098729696613 -21624.382787790098519 120773.19283648600685 300.90962587091701153
1250400 92.8922237999829008 45.251537002930000142 4346.5440252133203103 45.878695884409502526 6.5977448785461998426 -21611.558117090698943 120468.66111119400011 304.00919765863602606
1250880 92.764147304995404397 44.191940692004202162 4349.2269546068901036 45.893822688401400001 6.6266380039576198158 -21612.116529702401749 121018.52176671399502 301.72791936270897395
1251360 92.630199097431002997 43.083703113098401616 4351.8451383963702028 45.902176477262500498 6.644360749864460125 -21394.172755831401446 121151.27040163100173 300.6753839129630137
1251840 92.498525748070306918 41.984421510966001279 4354.3973922712903004 45.907566357382798117 6.6644178240506199984 -21436.616704964701057 120934.19119670199871 300.10671747432797929
1252320 92.363875962668302577 40.842059302720201686 4356.8826250065003478 45.914839707355000087 6.6820669949436402035 -21384.863774021301651 120834.37613648299885 300.96847056217899308
1252800 92.228310780137093161 39.684238372302402809 4359.2983946239401121 45.921223452717796931 6.7142577949773798451 -21332.207428561800043 121252.12633815700246 301.19411533442098516
1253280 92.09674419950040658 38.563471294014199486 4361.6458102268097718 45.922741263509003318 6.7440824072980198878 -21450.503764925299038 120811.40956437500427 301.64608688737200737
1253760 91.961894998558904035 37.420609730988097397 4363.9251924829695781 45.914531774972097367 6.7606432972785501789 -21333.749659780300135 120747.10473558200465 301.17539244618700423
1254240 91.829461237678302155 36.286179943583903196 4366.1365840697799285 45.910434356596297789 6.7775404768541802625 -21401.060431859899836 120804.32422048899753 300.52294871297999634
1254720 91.689127876949299889 35.13023571178680271 4368.278848147089775 45.910667402803902348 6.7981302826874401291 -21255.111484008899424 121055.50545189100376 301.3314183174579739
1255200 91.550048803137300979 33.983060397586896784 4370.3521623638198434 45.915125724849801259 6.8217099752028902415 -21425.020962229700672 121355.66630783899745 300.29084515372898068
1255680 91.412332125918993597 32.833439327627402804 4372.3565645339404 45.915319396705399413 6.8460561733387299554 -21452.118828146300075 120689.2109409590048 301.35914380156697234
