Step Dist_Z Force_Z PMF_Work Rg RMSD E_Interface E_Poly_Internal T_Local
841440 133.97993889197300632 0.3369696551585240063 0.0059468497310879598478 42.887031115124599978 0.45410877218364398278 -21870.866592895301437 122116.94133760400291 300.34598918428901015
841920 133.97608179885600066 0.90479018398561195102 0.043435786229905098965 42.896097131387101342 0.65933843249071699688 -21890.300154957298219 122124.11824585100112 302.93793806258997847
842400 133.97170453111701249 1.4561675193927801075 0.11470534867701699666 42.906692348979298401 0.76378070946247700324 -21831.175107440900319 121859.57331935400725 302.40676072228501425
842880 133.97026761476101342 2.025570254697270034 0.21889570487794698939 42.918632085094898798 0.81914274409781595576 -21981.636345515798894 121758.24449560100038 302.59336166929301726
843360 133.9710688630050015 2.603400771168340011 0.35753159982984100695 42.920937071821398945 0.86457332557123700578 -22042.42440876119872 122213.02436805999605 302.45622116116902589
843840 133.97374502305100918 3.2105179446677798438 0.53170347818488594704 42.912089028776001953 0.89546854446824797336 -21926.278642095800024 121879.62684360600542 301.79212397611200913
844320 133.97165949207598601 3.7661282632680999072 0.74118804340875299452 42.916139690761902159 0.90890912447301497323 -21823.378981937399658 121775.05708882499312 302.71004338655200172
844800 133.97290691806898622 4.3536433887979297808 0.98475766555330801477 42.91984111193600171 0.93679868847424396794 -21810.234557265499461 122316.5198525320011 301.90229702333101613
845280 133.97581729888401014 4.9314191712344701557 1.2635595750100701018 42.928028928564501143 0.97236488162456502504 -21723.434532890598348 121870.67291390099854 302.53203786442901446
845760 133.97669148932399708 5.5138049059483895675 1.576962576439790098 42.923739876430701656 0.99707540424658802625 -21815.865091231498809 121787.46636172500439 303.50227404855098712
846240 133.97481225633100621 6.0529349118002002683 1.9241547053390599675 42.922813952405100224 1.021373502579300041 -21794.635103772801813 121771.92711220000638 302.51654289350699401
846720 133.96566664501500554 6.5470139180137900681 2.3019951153702398194 42.921015680741597009 1.0448372220434500868 -21966.431385718598904 121563.40545716999623 303.2998058524830185
847200 133.9616906154610092 7.0712721447226503102 2.7105591406096301021 42.920000395166603369 1.0663990580479800752 -21896.863398827099445 122057.10156450800423 302.45208852676000788
847680 133.95443238185700352 7.5680570113434200152 3.1504296177061998918 42.917055230760098539 1.0916210992833899063 -21834.617555700900994 122293.92167734399845 302.83283200442201633
848160 133.93938989726299837 7.9886268445814501149 3.6168969950567499971 42.913738928100997327 1.1102445114415500083 -21930.07422529230098 122178.83910031999403 303.75857633897300047
848640 133.93479764652198583 8.5248109125313504819 4.1124059856311001582 42.922494629993600768 1.1304743741188298944 -21897.175965014601388 121980.124843358004 303.11097973553302154
849120 133.92638378798500298 9.0358620810103502663 4.6394401707507597621 42.927866454680696506 1.1492555720930499596 -21890.713834704700275 122056.56341131099907 304.18631394689697345
849600 133.91035989837800457 9.4924560796179999755 5.1956511824725000182 42.929065886329297541 1.1582764607461999429 -21877.960310485501395 122266.08319504000247 303.98193873935099418
850080 133.88799973732599824 9.873849256227709148 5.7769170981275204113 42.92324565872740294 1.1738596728982699791 -21902.280437567798799 122002.5224189349974 304.66446904854598188
850560 133.86710290362000819 10.240645143821799579 6.3809731441689701015 42.925246159920000366 1.1848018148930099525 -21876.882442977901519 122243.82189969999308 304.43462558557700959
851040 133.84521194134399025 10.612956298845400482 7.0061007041003904305 42.920914898000901871 1.1971056643461099878 -21849.715913590898708 121893.652608977005 304.63816353705402662
851520 133.8348580844410094 11.090899313552100125 7.6569223883279100562 42.913642390797498649 1.2186693954478500235 -21771.159325829401496 122221.12891658699664 301.60647373438297336
852000 133.81884002090399122 11.520609852832899733 8.3358696033550394588 42.924794522725797208 1.232566002737599975 -21906.336907814598817 121726.67101497900148 303.17203513091300238
852480 133.80037207699101032 11.915966302291300494 9.039039941046500104 42.943206352702603112 1.246761368766420075 -21851.893874457899074 122219.67525813799875 301.86078338349898331
852960 133.78099619534299336 12.314535481579799381 9.7661573329301791802 42.964580278252697099 1.2507300468552500217 -21810.972103870000865 122091.60001017199829 302.28551091140099061
853440 133.75673192962599956 12.662956109731499765 10.515989851979199443 42.985405533544501111 1.265282088687089912 -21697.318692829499923 122001.9640745200013 301.81426482728397787
853920 133.72085596707398736 12.910468126235599584 11.283659594569700246 43.004639933738801005 1.2778409552413900752 -21729.526106476700079 122275.76707155299664 303.06704355807300999
854400 133.69657227247100195 13.229109269983199582 12.067213381548199891 43.018838971744699506 1.2914106310038000469 -21677.106455353801721 121832.826718205004 305.20162155310401886
854880 133.68338442631699081 13.679864120510000447 12.873516862525699267 43.023764864538499353 1.3197584450243000642 -21771.61943324009917 121956.37154075599392 305.20744460317297353
855360 133.67599837888400316 14.209284502481299484 13.710411783593999147 43.020440122269796746 1.3323797300390300968 -21784.357814849299757 122200.45812046100036 303.82282339921300718
855840 133.66106128563100697 14.648548222943700736 14.576668532239400733 43.020541763748099129 1.3384123934214999796 -21683.470192220600438 122136.19636781500594 303.10252473972997223
856320 133.64173160264999751 15.068073910356199363 15.46797872772619975 43.015892963451896946 1.3513461292729100904 -21601.140732421201392 122040.39191018999554 302.35766403170498506
856800 133.62946177323701136 15.539043654961599117 16.386078772637201695 43.017216413732697333 1.3665838779547299087 -21750.504919726099615 122322.33547594500124 304.80620776062397681
857280 133.61145989965999092 15.975529336441999462 17.332213793826998227 43.019004220980399111 1.3787585830474100579 -21885.719075803699525 121944.50687101700169 303.44590562487002217
857760 133.58761956803800786 16.315256570733200903 18.301034946908398382 43.028589913256098498 1.3927163763428100918 -21748.962753319501644 122288.25346997199813 303.24302625785298915
858240 133.56659610056900078 16.68775476391450141 19.290416846086401392 43.033178681701599544 1.4102093760365399522 -21779.707935905498744 122124.79473566799425 304.58905211111698463
858720 133.55043455356900495 17.147880809631601551 20.305222447314299927 43.044811724933296659 1.4294702301083299645 -21936.58409113829839 122178.7965310360014 305.11106466707502705
859200 133.53448651416999837 17.59706789157599971 21.348047443813900514 43.050419537441499074 1.4428467518282799276 -21871.186919718198624 122072.97892964100174 304.41847645854397797
859680 133.50551865513500616 17.892873293330900708 22.413196574482899592 43.043757517308499416 1.4557668303790201048 -21886.083176621999883 121917.18359141600376 304.59519891074199904
860160 133.47591262088300823 18.143847068377201737 23.494023870816498345 43.040359576236902228 1.4564222749443000993 -21790.153012703100103 122186.22620201800601 303.99192079227498198
860640 133.45642409740199241 18.5190832610153997 24.593027631232601493 43.035512184238498889 1.4656509621481599304 -21834.972237664700515 122311.90465187400696 302.02229683581202835
861120 133.43627756412800522 18.929999280426500263 25.716497648662301145 43.030286677940502216 1.4899670309472499152 -21879.734964856299484 122359.10519264200411 303.70839647565702535
861600 133.42468406921599922 19.394801709674201362 26.866533131608999696 43.02556423038929978 1.5168516328080801081 -21999.130378031200962 122032.38874769900576 302.89673915115997715
862080 133.41329144378801175 19.848264115437398658 28.043339599227600445 43.029495227939399626 1.5342083236970400772 -21930.53455054009828 121836.38899062199926 305.06372845517199721
862560 133.39727678668100452 20.300957290090799745 29.247887988946001059 43.026944682715900115 1.5574031343167300534 -21987.636373553399608 121989.97610754100606 303.96157630083899903
863040 133.37759427802299683 20.73204927030700162 30.478778027399300754 43.025255827725203517 1.5735622048384600991 -21889.118280811599107 121699.4518794369942 302.97267308535697339
863520 133.35738332903900982 21.172843352504500558 31.735757625483600464 43.035295939455998848 1.5912507770294899156 -21715.377335269000469 121918.11814583900559 303.89347006901198256
864000 133.34390305897301232 21.642478276708100537 33.020226143353802684 43.05102881727150077 1.601018088142859952 -21654.007625423499121 122006.22051076400385 303.35335952440300389
864480 133.33114512091600545 22.12031047192009936 34.332882062156400593 43.063699432526398425 1.610914011235599963 -21824.606932485799916 121543.40302321099443 302.85340718386402159
864960 133.32210527937499478 22.64264501653860151 35.675623730174301329 43.067376470932799748 1.6129669993204800438 -21794.324020718100655 121627.86960301900399 304.43040721046600083
865440 133.31645721148800021 23.211485254117800281 37.050577452082002594 43.07129887513180222 1.6167482335396599069 -21731.671603919701738 121786.42061753499729 303.59510582683901703
865920 133.31081800726698816 23.80054591082459936 38.461062791031402242 43.072160627399497912 1.6167335579347399399 -21816.785439541999949 121398.44759823399363 303.53224382181701912
866400 133.30161931090898975 24.34097146277030177 39.905670026637800163 43.078515762109397258 1.6214737574865800696 -21917.398214529999677 121823.87361911199696 303.64994804382797611
866880 133.28546979604999478 24.800011841997001483 41.379614174009901717 43.079953463756702092 1.6263309711574200911 -21711.883147783300956 122003.67586643500545 305.2862031727290173
867360 133.26901220459399156 25.239756315699800382 42.8811635725297009 43.068671423234796691 1.6225802585695199287 -21805.210191430098348 121920.13305996799318 304.20570238196000901
867840 133.24866159223398654 25.654612426903501188 44.407883101811002291 43.066194242479397758 1.6310161962724700757 -21875.367389096099942 121534.1232949700061 303.77550717459502039
868320 133.23397573504101388 26.10765128055119888 45.96069516537009747 43.06092905683699712 1.6316659831759199317 -21721.821163528300531 122174.45299120199343 302.52580036889997928
868800 133.22305802323700163 26.598321541282700764 47.541621437363097868 43.057442183928401391 1.6332153449885700169 -21756.661070084999665 121684.41985561499314 304.33822159976301691
869280 133.21815600487801134 27.10708154154459848 49.153131288591296766 43.06055095005280009 1.6287144866764000639 -21659.459509547301423 121952.42867909700726 304.83286887424702627
869760 133.21363446892999605 27.629987034448600269 50.79473082661129979 43.061234675328499577 1.6205815488970201077 -21838.408587700800126 122184.77403321300517 303.29476718041297545
870240 133.20460175386901369 28.153156099263100032 52.468544028055703166 43.05652806409079858 1.6177318783213900932 -21933.999063621100504 122209.43973121499585 302.99362298854998699
870720 133.19111695642800441 28.652473485672899756 54.172791530934496507 43.056534749332200818 1.6140279621253599274 -21832.988488085698918 121734.50373558000138 303.11676210720997915
871200 133.18236681502099827 29.17970729450300027 55.907669184771599191 43.062055648193400259 1.6138394010199899054 -21787.193671454599098 121603.13241956400452 304.491135006815
871680 133.16664934602900416 29.661715504085499617 57.67336632335440072 43.070710916277796798 1.6199641296124300816 -21608.018970900200657 121894.81011167599354 303.35314398422298154
872160 133.15089941844598798 30.168307618568899642 59.467982412062802666 43.08546910084120185 1.6191715916507500861 -21764.825287989300705 121772.96163587800402 303.77870230736601798
872640 133.13234517809999602 30.646589468077600316 61.292648636436801723 43.092336832900102195 1.6213407116062799052 -21698.685077983798692 121744.65983869899355 301.91267920615797493
873120 133.11617221333298744 31.139206384320601728 63.145789210628898047 43.094538716696696667 1.6274612735009998943 -21793.00564016700082 121928.76459397400322 301.09450006696999935
873600 133.11044020921400488 31.739953518713299729 65.03154382250920662 43.106236079792196847 1.6249352616409500349 -21631.048922563899396 121807.09006960400438 302.7525324428970066
874080 133.10105181264799512 32.285394304176598723 66.952761218556204881 43.106305956754496833 1.6216611520809200986 -21603.00793674489978 122064.83079591899877 301.40150287653301575
874560 133.08567063932198948 32.781860464241397324 68.904473545607203278 43.103662317451799879 1.627564162458809971 -21825.844168466901465 121909.09667010599514 304.44442479871202067
875040 133.08422950923699091 33.426491178295997031 70.89027860483629695 43.105496147139398033 1.6437877165640899513 -21678.283223131198611 121784.87931548099732 304.53877871541999411
875520 133.08704374545899896 34.082710070007202319 72.915458694922605787 43.106439216476999832 1.6506424951773699394 -21675.277144867999596 121567.28377098699275 303.1874943814279959
876000 133.08539251039400142 34.702569921226597671 74.979209350192405736 43.105634911220903405 1.6545958341549900084 -21580.596171819001029 121620.26897775199905 302.40865738497802795
876480 133.07738964986199903 35.240233543008599781 77.078141997037903366 43.113671048154500909 1.6554882090854499133 -21640.522790698298195 121856.07111673199688 303.82919377919500903
876960 133.07308878928000695 35.834278247108002802 79.209700913796297073 43.116163615395699082 1.6685973520731700592 -21690.724816154299333 121683.60564281999541 302.82378010871298102
877440 133.06225989275000643 36.373668779606298074 81.376329944799493887 43.118478049061998547 1.6779376519530999623 -21739.545489774500311 121662.31453232100466 303.20431121738602087
877920 133.05981764121401056 37.01466745440720274 83.576984986504797348 43.130305902951398878 1.6764834882740600186 -21603.573690116900252 122124.71341285700328 302.34791271700100879
878400 133.06126062908398922 37.686188406599001155 85.818821401686406602 43.132084092561797206 1.6748667666757199868 -21793.768083277798723 121862.33635379000043 301.11692807997701493
878880 133.05984560957600138 38.299120276489396986 88.098141836109405745 43.123253801136797847 1.6799512430779899308 -21750.088370297999063 121535.69673331700324 303.27870788557800097
879360 133.06256959159600228 38.95705734733879666 90.416057353243999728 43.114817197554302197 1.6728421164082600825 -21865.383153727099852 121659.48295958500239 303.2331766962470283
879840 133.06239555417300835 39.583697198152101748 92.772546479924400842 43.11399370664879882 1.6771982229232400563 -21730.17641897519934 121729.03038784700038 302.7110051113110103
880320 133.05553144516400721 40.159930042170998377 95.16537984459779409 43.117476597052601051 1.6721040994366300758 -21690.784682168501604 121567.14254719400196 302.71269856676099153
880800 133.04834535030300913 40.726045513617698646 97.591273444182604635 43.12365264937690057 1.6822933241515400926 -21867.209316158401634 121570.29618990399467 304.19482100833698723
881280 133.05106551395999759 41.392446024040900454 100.0547738821360042 43.125955406103898326 1.6907953970869200599 -21650.387097925300623 121769.03523153299466 301.79599166097102625
881760 133.04618678190200853 41.968907335482398935 102.55593726375299468 43.130800754173598932 1.6923987058975800135 -21681.017443873701268 121434.96864185300365 304.43384901576797574
882240 133.04905001343101389 42.615996197302997928 105.09280477632700013 43.128935729838197233 1.6966529796544400632 -21688.959542209700885 121942.82500013599929 303.06914627793702266
882720 133.05425568825899063 43.277036728244901553 107.67011623675500687 43.128777468147703189 1.706388757183799898 -21666.058371150800667 121696.43628202400578 302.83749365375200568
883200 133.05269618159599077 43.857502161475800051 110.28498893270999304 43.121502351353001359 1.712605029030610071 -21593.893842121298803 121657.937851641007 301.14201486539502639
883680 133.04497610336400726 44.396564296108699921 112.93307025969799895 43.108123885219200133 1.7205047058239699709 -21726.844244893698487 121705.09958649899636 302.93687181713602286
884160 133.03174554036999666 44.870647178615200801 115.61120004020099827 43.094749209092498177 1.7310357386770700572 -21730.129034593799588 122019.08101543100202 302.55383980152998902
884640 133.02204697420100388 45.367226998757999468 118.31769811504300094 43.086783153725299655 1.7448789925547600888 -21567.877296208600455 121527.98271680899779 302.60492208001397785
885120 133.01979106938000541 45.975794215911101048 121.05829749887300295 43.086231231286298282 1.7577221797998499042 -21734.936245775901625 122013.80072612900403 301.44309165892400415
885600 133.01122501935199693 46.522958159958101021 123.83326592640999309 43.095943937196601325 1.7574692330017500641 -21800.961964423600875 121928.32083708800201 302.25738387561000309
886080 133.00709237367399851 47.118634233488698726 126.64219032977899815 43.101942857409802912 1.7584572978967500934 -21566.712185539799975 121869.53693842999928 299.64783288090200131
886560 133.00825521253000261 47.745049989922797806 129.48890694990100769 43.106035754251699643 1.7559170726306900789 -21484.388285119999637 121926.44508905400289 302.2173400178249949
887040 132.99759306991299468 48.274989399492000075 132.37008600202699427 43.100091809973200441 1.7462658900219099056 -21695.309545085499849 121895.18117129600432 304.72295993523101743
887520 132.99276109355301401 48.855577325362197882 135.28355993539901192 43.10081392753230034 1.7545089634255199851 -21598.644262647998403 121665.07416195400583 304.39469401563297879
888000 132.98680569201698631 49.4259014638824965 138.2323937484059968 43.103944751044501515 1.7658814651582999122 -21579.606835398299154 121728.1958372109948 302.16721131987799254
888480 132.98083991152199701 49.98654574391610339 141.214763100380992 43.114614415408198056 1.7729812246852401092 -21651.177363250601047 121941.22507256899553 301.41962044671100784
888960 132.97994988170799502 50.57232786339220354 144.2308299465159962 43.118738273372002823 1.78062318718335999 -21562.367497872299282 121779.88534672900278 302.17246462588502709
889440 132.98512950323399195 51.227943025427400414 147.28399912299099128 43.130567679378202683 1.7814052021584398933 -21383.315486037998198 121829.48471000799327 303.69519444303699629
889920 132.9852622275550118 51.814696205376598925 150.37605141707899747 43.14310484127339862 1.7944732671019199 -21560.351571800598322 121585.66683281499718 301.82296032180300926
890400 132.97700887153700933 52.317253935425398481 153.50002275938200569 43.151355683058099544 1.8095402828850699617 -21569.748402473298484 122079.38336653899751 302.36181356927301067
890880 132.96448165063699776 52.789530452168897057 156.65341914822400327 43.162275080219203005 1.8176573462390899216 -21573.442895644799137 121872.7074716759962 302.68842616717398641
891360 132.95521174677000431 53.281483174854201934 159.83560054419498897 43.167064436073296463 1.8221879786572099391 -21685.146235609900032 121423.31303096099873 302.57309031506497377
891840 132.94233617446698759 53.740632776192398978 163.04643990835000977 43.164017252900301003 1.8305151438724700519 -21650.719216011199023 122003.77842937900277 300.39569093869897642
892320 132.93218850049899515 54.231843359917498049 166.28579066082801319 43.158403918659701048 1.83803340582804009 -21613.27897289449902 121940.3945177590067 301.47883901436097176
892800 132.91759396068599131 54.68250778757509778 169.55302730798800326 43.151283980029901954 1.8393045002740799898 -21631.882228058500914 121878.22722498100484 301.33474039953000556
893280 132.90535443225800805 55.161733606503297267 172.84830773405900572 43.143258880919702847 1.8470327577361000948 -21650.867988706198958 121914.96412448400224 303.68648401008698556
893760 132.90500568776400314 55.743610645819600791 176.17477897551600563 43.140490262228702534 1.8620584136974900336 -21594.538806837099401 121704.84570902900305 301.57818324938500609
894240 132.90539608567598862 56.292272907794597359 179.53630263496899033 43.141494275899098909 1.8618257656886501028 -21851.82997703539877 121445.08202382299351 301.59309609995102619
894720 132.89812324693301093 56.814678071333702292 182.92937682989901305 43.146066953827300949 1.8616557160964699591 -21676.974010009900667 121540.66692605700518 304.87931094664901366
895200 132.90090203867200103 57.402384747746900473 186.35489121666299184 43.149284470951798198 1.8616951725966999209 -21727.714321878000192 121779.53929116099607 302.8683366990770196
895680 132.90192663510299553 57.972350392515302531 189.81662507367900616 43.138032494267498862 1.8495492247864000479 -21660.972487430000911 121940.56407065800158 301.72235323953401576
896160 132.89549974650600461 58.473583586421696623 193.31082004874801328 43.131084388254699036 1.8488114329556899484 -21642.285566374401242 122109.80712568599847 301.49532905654302795
896640 132.89097414276000109 58.991955822068902648 196.83475427141399905 43.128203718620902407 1.8409248235573600905 -21675.917567777400109 121735.01616918400396 302.35750523963497471
897120 132.8854543139810005 59.517843922856499717 200.38984945732698861 43.138613714276402789 1.8415699205285400719 -21653.719855473700591 121602.94539429999713 302.95647433189299136
897600 132.88565502146599329 60.09736317347400103 203.97804878603599832 43.147966356120299736 1.8460096909360599327 -21719.393547553099779 122109.67541428700497 301.81998795264502178
898080 132.88156534737399284 60.629152546895703324 207.60046428235298777 43.147327713027600282 1.860218654101370106 -21692.717745225800172 121448.29179914400447 304.4303639860240196
898560 132.87844377800399798 61.163886447199601548 211.25449459862301183 43.150601129298202352 1.869658121469419898 -21484.899226610501501 121659.73948235799617 301.1521338307500173
899040 132.87782961174301022 61.717493232827102645 214.94055555216201014 43.14653834123429732 1.8745277688317401044 -21532.387188390599476 121636.56554967799457 301.19532961010901317
899520 132.87795194783299735 62.263707707499399646 218.66020241198398821 43.140508376751199648 1.8799048035695300474 -21457.427135946800263 121597.28943730400351 303.49722216300000355
900000 132.87800667708501123 62.807742069899198611 222.41250878591600326 43.141466748298796574 1.8878099003761199537 -21465.0632972452986 121373.89000319500337 302.26122428145902177
900480 132.88187354220400493 63.420259503128498579 226.19936318462899294 43.147381114333796859 1.8949983388985400801 -21404.277107496400276 122035.4612610500044 301.89547329745801107
900960 132.88598781492498802 64.014752630918096088 230.02222024995299421 43.152846814328199798 1.9041044160486699788 -21551.305218540601345 121618.64092871500179 301.50031092232899255
901440 132.8963003641810019 64.667286588818697624 233.88286792644299794 43.169473038910197715 1.9058658264920500525 -21463.85315392729899 121666.86537493100332 302.34951835574702272
901920 132.89842679853200025 65.229595580533995758 237.78034107111699313 43.180137618953402523 1.8993213484439499528 -21571.667031249500724 121463.52932579600019 304.58300914697400685
902400 132.89065842812598817 65.697142714469094926 241.70832122504299377 43.184270523846201684 1.8947467796749499769 -21366.250005628098734 121917.90648334300204 302.13815648762198407
902880 132.88398043934398629 66.183008273904803787 245.66496648181200158 43.190486100477599507 1.8867055194556299202 -21492.205855905700446 121985.1118583070056 301.47744345263197374
903360 132.86857770513000787 66.594446710905899067 249.64782872747400688 43.199337631107198376 1.8882408770429899292 -21637.645689572000265 121761.89431729099306 302.36617971719397246
903840 132.85227462108400687 66.997346135832600567 253.65604814283901192 43.212848593560998722 1.9045865212957100443 -21376.997913592400437 121545.55190263899567 302.71598868397398974
904320 132.83951973841999461 67.440854714113001478 257.68858473639897966 43.222175002594397597 1.9264930111024400894 -21483.911703147699882 121914.54713938200439 302.58697653661397453
904800 132.83293340744100419 67.941361298939497715 261.75026265295599615 43.227845648612998275 1.9351414056547200371 -21548.883140308298607 121949.64214963499398 302.32623645960399017
905280 132.82424344763398949 68.419969952454096074 265.84090495802001897 43.236149653580099539 1.9449530466431599329 -21589.121863063799537 121761.9924710119958 303.38515937088999408
905760 132.81492292391101273 68.879799047508896592 269.95984292552299166 43.240560997397601284 1.9487636414511699812 -21543.446336312299536 121596.9442763459956 304.14506028784501268
906240 132.80256603542699168 69.322146576481500801 274.10649860249299081 43.24384015095269973 1.9503139782061500451 -21500.568235070299124 121617.0330898599932 302.92742650880501287
906720 132.78050237508699638 69.680439792875603189 278.27693405047801889 43.243346881718302654 1.94994088618368 -21550.027384711898776 121828.49055278899323 302.01960355791902657
907200 132.76082208902801085 70.073096419114705213 282.46915430899201738 43.241753098561396484 1.9524025287719000143 -21534.119055975301308 121720.72643651699764 303.74209560426101007
907680 132.74726991550900834 70.514401865465700325 286.68706533574101059 43.241942112229700967 1.9640349455789700706 -21516.263254419198347 121966.31552863499383 301.37836000608302811
908160 132.73145947754500185 70.936532878945499192 290.93063488120401416 43.238014874368602136 1.9708288406306999629 -21611.575277171799826 121688.16179816500517 303.28916601478698567
908640 132.71562063834400647 71.36212730864430398 295.19979406452301873 43.243101809785500222 1.9864229808492099849 -21601.332618119300605 121674.12089300900698 304.51195206024999607
909120 132.70166342791699776 71.780150196504806104 299.49369238976498764 43.242190626619198213 1.9964909808893900323 -21651.079830974700599 121950.28880935900088 302.32723856790397576
909600 132.69020501737699647 72.226713816439598759 303.81395010426797398 43.249871001859197861 2.013341913010119999 -21669.285516553300113 121822.2427835129929 302.04326828872302713
910080 132.67675486544499108 72.669732961032394769 308.1612285497910193 43.252453641916503102 2.013102186171439989 -21727.351070006501686 121720.1387479739933 302.25219063376897566
910560 132.66621254977800959 73.130511182790499447 312.5351012595289717 43.252985778995096666 2.0198901869128098596 -21640.425868844198703 121606.48099138900579 302.69772479838400159
911040 132.64853544161800869 73.508615828533706349 316.93485791841800392 43.255265876308101269 2.0211682961685801807 -21668.586655696100934 121463.82557847299904 302.55597669230502333
911520 132.62695840411498693 73.84224243305949642 321.35532245039797772 43.253253794199402193 2.0251053426499301402 -21731.703128787001333 121724.66876773399417 302.12070337549602073
912000 132.60967018308099341 74.226482153657499907 325.79705841169800351 43.259167490711902815 2.0345792974406298192 -21688.276121072198293 121883.69120651499543 303.19486800740497756
912480 132.60207582385100977 74.6886800537177038 330.26442553745198438 43.260679528529301763 2.0433609373228498463 -21616.053730745701614 121562.4620554419962 304.01006970243798833
912960 132.58339212973100985 75.072028769203896559 334.75756018846897177 43.261990137089100017 2.0444524590035499934 -21511.044995212399954 121947.87939459799964 301.41715555863999043
913440 132.56841297844698602 75.511637842590701553 339.27490220323602443 43.26374352761249753 2.0575869480187098937 -21528.555267543299124 121634.77615511500335 302.38355887940497269
913920 132.55939040698601161 75.992871608721600296 343.81951512564700124 43.256633395373199846 2.0589487355634998877 -21461.457415746499464 122108.29027208099433 302.08590839946901951
914400 132.54623330755700295 76.443595346547695613 348.39278925907001394 43.247591408115496847 2.0544638405371897782 -21440.509534990200336 121902.66917854099302 301.95467687698101145
914880 132.54465641928601372 76.995941892713304355 352.99540150963201768 43.242664474770698746 2.0626851176037499513 -21469.365774104400771 121654.95548315800261 302.54060868438102716
915360 132.54189634957799626 77.544155749911695352 357.63162113151901167 43.239363953471098512 2.0721944086301498089 -21413.328315128099348 121705.72018490399932 303.43382894014598605
915840 132.54445958004001227 78.145196582792394224 362.30210197075598444 43.240661914661799869 2.0895230820124099935 -21640.895267557698389 122052.72034222100046 303.28462271169598807
916320 132.53826634217298874 78.679912209021395597 367.00705871535302549 43.241799578590502051 2.1004866985041101834 -21516.611943921001512 121794.71093374000338 302.35926749368900346
916800 132.52826203117700743 79.14527479103240637 371.74220680639098191 43.240902888907001511 2.1017335445534102156 -21614.279543617700256 122212.17604102099722 301.63512692106598934
917280 132.51624848370300924 79.576875169846701397 376.50364265823901633 43.246408215107599915 2.1086945652615898261 -21620.823586947899457 121758.23560028399515 302.26763227645898269
917760 132.50286362869098866 79.998394872617893725 381.29133806458798972 43.248024843426698283 2.1333478593050299033 -21500.490772528599337 122247.79424366200692 303.715017321327025
918240 132.49094586969999909 80.42887453970149636 386.10393980159801686 43.241151865768003404 2.1441476108334600603 -21503.950952579700242 121865.45008000399685 302.94894602206102263
918720 132.47612605352199466 80.817733806669195928 390.94190814948598245 43.240062225864598133 2.1562738838739901048 -21712.441366325001582 122093.86697920699953 302.86695135282798219
919200 132.45809568727199235 81.15321254307940535 395.80111791329397875 43.242348467021898273 2.1641750577942300282 -21517.291250274000049 122404.32667740700708 302.13131450935998146
919680 132.43697098561199255 81.466633542104204935 400.67934051994501488 43.250257121306702857 2.1743296514262899777 -21617.777091304400528 122185.15535282400378 302.05619659099500041
920160 132.42343695738298948 81.879166922912702375 405.57949949795602151 43.248962285991296994 2.1792299957257701415 -21544.923411304000183 121808.88282693800284 302.41485895046201904
920640 132.41135165077500346 82.297240706158504508 410.50493310940299807 43.242652036911600533 2.1794569380395301117 -21486.490652275198954 121759.49395333399298 302.73572717165302493
921120 132.39742038851599659 82.734462068865695983 415.45562159911401068 43.226461603908198583 2.1895163871659599764 -21457.543587918600679 121840.00984650199825 301.80882659264602808
921600 132.37823218996499008 83.106458985930501626 420.43080354589397984 43.222039350663699508 2.1856617951748500417 -21572.868918925400067 122026.38202537900361 302.03721080807201815
922080 132.36260749209500887 83.492086822560395376 425.42858643008599984 43.22525522521539898 2.1957369995642399552 -21572.600002158498683 121672.89039304599282 301.17791472283300891
922560 132.35324907936998784 83.947509024900398344 430.45227195068997617 43.230020876924001527 2.2088928864908199401 -21582.487028205800016 121858.91845644099521 301.6805202666760124
923040 132.34323667720400408 84.39441437349840669 435.50182888356800959 43.235626779423000698 2.2055150049600400486 -21559.440691807201802 121564.05249681099667 302.4085051716029966
923520 132.33910730726699967 84.899667302510493982 440.58039321918300857 43.241674957450598527 2.2005024905143000247 -21474.718609027298953 121829.06793733399536 300.0848922443290121
924000 132.3342264349930133 85.410814216610603467 445.69023289324900361 43.245789519817201096 2.2177405190634598142 -21305.422986953501095 121808.33177500699821 301.51880593645699946
924480 132.32699741094899082 85.911482323271997075 450.8295998874789916 43.252706419564098894 2.2251726621689700281 -21370.609142754099594 121458.56655680699623 302.70646568387502384
924960 132.32094281940300107 86.418804883917204052 455.99996388225901001 43.260949307228301564 2.2404368412012800604 -21315.45006912809913 121401.79352988000028 302.78015529375397819
925440 132.31659444005899218 86.962010915347505602 461.20118077670900902 43.271614687229501328 2.2549339263659797794 -21459.417749960099172 121885.45562200099812 301.95054615472702153
925920 132.31410755062398721 87.513702808461900418 466.43591309339899453 43.280815919880502918 2.2595771803096198482 -21462.734292116598226 121478.78818790199875 303.05888136652498588
926400 132.30588313688198809 88.00158131986410126 471.70149747431497644 43.282382012922099079 2.2683213605819498859 -21445.518769024700305 121533.92934116099786 304.15253666075398087
926880 132.29357913227099175 88.450274394911204467 476.9949683094670263 43.284308384401597891 2.2807465369646000575 -21424.265951137200318 122062.42129363499407 302.55143310890798602
927360 132.27999233860299455 88.874130265115198313 482.31508685151800364 43.283401621655698932 2.3045653642390000471 -21329.885605841798679 121873.78145773199503 302.53787356390199648
927840 132.26876289807501053 89.36390433328770655 487.66139291408700274 43.284678732196603335 2.3202807495410100458 -21497.76992879070167 122269.87869482500537 300.86119843551301756
928320 132.2642240927569901 89.90565734196040637 493.03966579335298093 43.292375438463302828 2.329061669190219952 -21440.301125039601175 122037.67660411199904 301.83079733489097407
928800 132.25896517673200492 90.452195944312705933 498.45024462817502808 43.298214225033703428 2.3364771557572998617 -21462.152558965000935 122006.68126506400586 303.20242983124700231
929280 132.25919023483601222 91.04470172052620569 503.89553714559900754 43.307773911175303283 2.3453702822876101308 -21448.490390423899953 122243.87415278700064 303.02388438600399923
929760 132.25907384026899649 91.630360778461096061 509.37531197527800941 43.318773496401298928 2.346169985452120077 -21317.855539275999035 121767.56510411300405 301.95289329943500434
930240 132.25764184787200861 92.190412257046403965 514.89051217990197529 43.329013546825201786 2.3476777016214498417 -21411.438784985599341 121737.45863753599406 303.30146464410199769
930720 132.24680733851400305 92.645795061111101631 520.43592290598598993 43.333957803216598847 2.3596621914258300023 -21494.984491616498417 121750.03774961800082 302.46870651215999715
931200 132.23030877982199627 93.059610984662299416 526.00718117067094681 43.340182432230101028 2.3649848747806698768 -21436.749980173401127 122038.7307951739931 302.1118243921500266
931680 132.21611254647899614 93.519596023839696386 531.60410628112197173 43.346401957588099663 2.3769662026513400654 -21244.398027641000226 121777.2542926909955 302.05748915747102501
932160 132.20351125463500352 93.946922647352494096 537.22865371012198921 43.355221569634203149 2.3776485512519900389 -21344.012111780200939 121920.81386639100674 300.41621363376998488
932640 132.18711224046001007 94.323857619817800924 542.87679402187200139 43.35449594368589743 2.3815454092487802207 -21338.991830949198629 121511.83111765400099 301.10157439632797605
933120 132.17090746272600654 94.746585902171503335 548.54867531234003764 43.356630206707102104 2.3834997271102600358 -21482.244903179900575 121435.1959009860002 301.02884641071102578
933600 132.15415912447500091 95.177561004132002154 554.24609473269504178 43.364185007462502597 2.370546744211369905 -21584.416054707700823 122077.79749691400502 300.41246843835500613
934080 132.14370012502598684 95.675435128013205599 559.97161329338302949 43.378018956799898831 2.3667319830285999949 -21561.56612367949856 121691.9920542040054 300.33113916206201566
934560 132.1238528044279974 96.061501558410498092 565.72444592443196143 43.389191390834099593 2.3654854827783498017 -21442.782566063699051 121531.82238213199889 299.87946396838401597
935040 132.09998414550000234 96.410085445047997155 571.49854018372604969 43.394025544838399355 2.3712213970709798971 -21522.361828368098941 121391.0375557840016 302.1491839665579846
935520 132.08714591730100096 96.885928142224003068 577.29744436312000744 43.395673504225996453 2.3730802402836199683 -21619.43433785509842 121816.17731813300634 300.65182550409002715
936000 132.07319610884499639 97.358296882828099683 583.12503089352094321 43.397808970507298909 2.3668287015960700614 -21444.94325390189988 121355.12481823000417 302.31227098060497838
936480 132.05763477715498766 97.815625659725597529 588.98030629274398962 43.391131473068298874 2.3636663739896999203 -21553.971855539599346 121386.3760419570026 301.64368922735002343
936960 132.04092152230501256 98.228530401748898271 594.86159079069796007 43.374276892766800984 2.3675217221339299734 -21413.72398489850093 121531.53546214499511 301.78937054409101393
937440 132.03060839551798722 98.695226584603801712 600.76964710596701025 43.364269438104798837 2.3739263349664301295 -21493.42193163200136 121370.15986538700236 301.86336849869400112
937920 132.00571421780199444 99.035777387718397335 606.70187131220495758 43.353601869225201426 2.3799454435240599004 -21402.446485770498839 121350.86382969599799 301.52751070629199148
938400 131.98132701840700065 99.373407386263494345 612.65381403604794741 43.342843992939599218 2.3682897439103300918 -21317.930191975199705 121629.48874845899991 302.66286824573097647
938880 131.9628869976399983 99.742827703430194219 618.62726018248702076 43.331225461949202327 2.3712724350755998159 -21649.697498151799664 121278.46151374500187 302.60612932948401976
939360 131.94477450357800308 100.13009793159700678 624.62343718239901591 43.324672041818601542 2.3684291463392201926 -21513.920573266899737 121302.36704854300478 299.93122489854800961
939840 131.92555984022899906 100.52293851903000643 630.64307260477403361 43.327248263500500514 2.3757356101200901577 -21318.153926237999258 121200.01061223899887 302.40964160055102639
940320 131.90805020653800739 100.9447898679629958 636.68712280474198906 43.334844220345196675 2.3860923348193598947 -21596.522258636501647 121395.66370596300112 302.2834665890069914
940800 131.89466588566000382 101.40955461757799583 642.75742771846501 43.33758677344059862 2.388824179069149789 -21494.137497066698415 121535.21482813199691 301.19256718047699906
941280 131.87997216679400481 101.88943834864899429 648.85607507185898157 43.337656565365399786 2.3906959080600600487 -21403.160558665698773 121467.75016539799981 301.85483108042802769
941760 131.86861284659300964 102.4151142796570042 654.98535853395094364 43.352912886025102068 2.4003834104274499595 -21412.566422917800082 121569.37631262600189 300.25406007288199817
942240 131.85207814437299589 102.89925380265600552 661.14472632583203904 43.36106494657030197 2.4020911184313398223 -21273.919953897398955 121328.06894664399442 301.59495593081402376
942720 131.83726090896999494 103.37749638545200526 667.3330049731409872 43.374833635658802677 2.4045404481989800516 -21337.596748233998369 121895.70706931999302 299.29886026220799522
943200 131.82841327291100697 103.88420232725999881 673.55109618615995259 43.394358717667998349 2.4036066403202300812 -21404.060482894899906 121555.10415009999997 302.3646088188449994
943680 131.81773757981099493 104.35569132693700567 679.79790685031503017 43.402031791104199954 2.3999638713335400553 -21443.348867794400576 121438.22589375400275 301.7601978061370005
944160 131.81495264391600131 104.93280398229599371 686.07661306139596036 43.396703426377001733 2.4021520422144799767 -21291.739487122700666 121351.10347635899961 301.23519104963702375
944640 131.80609680997798705 105.47146761955499983 692.38837880435505667 43.385484342371100297 2.4066699367724000425 -21408.341966996798874 121578.06819519400597 301.17648622940799896
945120 131.80124455970400277 106.03750235562900173 698.7331430869360247 43.378639331990299866 2.4118762001287401553 -21364.903793109198887 121718.22278071800247 303.24100776962700365
945600 131.80682722994100686 106.7205916288539953 705.11541601544900004 43.386006615626499183 2.4171389834566001653 -21333.919732146998285 121540.36121902900049 302.78941787772299676
946080 131.80387328534700941 107.26434058126099558 711.53590999062896572 43.388836596692101466 2.4247537888040802123 -21165.601432937499339 121550.06353607799974 301.58166279160400336
946560 131.80282479967800668 107.83901819046400306 717.98837085525701696 43.399713292280701182 2.4324900050379398841 -21245.950288888001523 121720.91086867300328 299.96724165535300699
947040 131.80504956201500022 108.46976509941900702 724.47742407494604322 43.405719300609298728 2.4272787243896201126 -21224.989742915298848 121514.19338422399596 301.61547476423601211
947520 131.80812803179600223 109.07438563723400193 731.00378310979203889 43.404169016328900454 2.4235592277743998046 -21419.974352374498267 121285.53452802200627 303.12755930064997756
948000 131.81282675610199817 109.70916731294900615 737.56758260277297268 43.400007184632002577 2.4236904134823800128 -21300.885773123900435 121085.99512215900177 303.43908787231197266
948480 131.81178979114199024 110.33379808581300097 744.16879351910699825 43.402359591485698331 2.4265284170829599653 -21318.402452980400994 121555.34249061600713 301.78966925929501031
948960 131.80519342676100791 110.89125961027700384 750.80584520533602699 43.414899672647898399 2.4330653504833201772 -21347.845846263098792 121371.9834614930005 300.24181613774999278
949440 131.80097976728998788 111.47461921736200452 757.4769142380480389 43.427624411492999457 2.4323035136665600575 -21254.624876366000535 121450.91765127300459 303.21331945933502539
949920 131.78854697662001172 111.97264336997399425 764.18043483549399753 43.431665339148899818 2.4358011185418599887 -21369.789832326099713 122102.63768748599978 301.00083391630101914
950400 131.77765503998699614 112.4701172412480048 770.91423973384405599 43.429152233295702956 2.4433816529026097797 -21208.389425079101784 121950.18478668300668 300.51173295203801672
950880 131.76021348138201006 112.88395313003799458 777.67457326486305647 43.424594692552702213 2.4548506533318801281 -21283.272565021001355 121684.45729066399508 302.61539097420899225
951360 131.74325531601300554 113.31323818564699479 784.46058553338298225 43.416025413126696719 2.4721937737068899743 -21176.403410280301614 121794.63876399199944 302.28911748370302348
951840 131.73094192879401021 113.81972248332199626 791.27423577884803763 43.404240826392403108 2.4904942095365898425 -21163.444738269899972 121738.75953804299934 301.06757612162198257
952320 131.71116710060599075 114.22625438232999784 798.11675801066098757 43.393497657836299197 2.5054721528557499788 -21223.079996660198958 121547.74944582300668 300.87064541643798066
952800 131.69798186529200734 114.69663818231299501 804.98387044617402353 43.389903918900103008 2.5152674450405001494 -21230.540680264301045 121893.77194616499764 301.07762123459400527
953280 131.6808627095529971 115.11787885668699971 811.87910301147201153 43.378837204975297936 2.5243371344575797899 -21143.724469071101339 121750.15847639499407 302.18561338544799355
953760 131.65263068207198671 115.43369007087599698 818.79560519820495301 43.376409192383199809 2.5332724556465899823 -21302.359321152700431 121339.20900418800011 303.297935155216976
954240 131.63040820984699053 115.81047981984799833 825.73210789568599921 43.3809675888371018 2.527853723956249965 -21260.652337649698893 121311.54638509100187 302.10108740479199696
954720 131.61987645728100915 116.2939317799280019 832.69507023013795788 43.38801614821529995 2.518080250760200034 -21265.183807683300984 121951.24398743700294 302.2796741823000275
955200 131.6192141514100058 116.86780795386999898 839.68977141459401992 43.388253589146501099 2.5175876271464598943 -21282.531133810298343 121615.02158829200198 301.69831980945701844
955680 131.62219191833401055 117.48035004478100518 846.72010608204095661 43.399043898741098246 2.5178723429220499774 -21253.264345594099723 121753.5717132389982 302.9688754356649838
956160 131.61901048786799606 118.05967268570499584 853.78618710084401755 43.404173515030400665 2.5094015850957398506 -21280.694594848999259 121731.3064772390062 300.8359838583019723
956640 131.60896885050598826 118.58665673800699381 860.8859392470479861 43.419520317908400386 2.5108391159933600711 -21300.99320226780037 121842.8813965570007 302.50565616056599083
957120 131.58865891295801021 118.97772680286300329 868.01313017705695074 43.43063080944949661 2.5255069995454197951 -21427.503124386101263 121694.39982262899866 302.42098513124000192
957600 131.57277873285499936 119.41039700113100253 875.16489432240598489 43.42623922305430284 2.5147624184886399057 -21233.268641618698894 121634.61410694400547 302.77656159207901965
958080 131.56035427889298717 119.86606138519600506 882.34274890308802242 43.417781311164702629 2.5070838699354398571 -21250.157113876201038 121616.53827356800321 301.95692453868298344
958560 131.54720917500600308 120.3366072735360035 889.54915713964396673 43.408753050012897745 2.5025282352345201708 -21197.658225875398784 121594.76335832300538 300.56377926862802497
959040 131.52901396475201068 120.74721361993999835 896.7822008279780448 43.408093217918903406 2.5038154585485798975 -21369.406952115601598 121383.37036483400152 302.64473144431900664
959520 131.50639504147198977 121.11022254405999377 904.03824087121404318 43.407288192051602493 2.5113281783803698133 -21434.022603814100876 121747.76975523600413 300.97267744744300444
960000 131.48324261235700305 121.44594901247199914 911.31482749827898715 43.407975001490598288 2.5084944217718598836 -21249.826328739200108 121482.03727825300302 303.12615362819502707
960480 131.45906767871301213 121.80783764633500255 918.61234293599500234 43.410973176610596624 2.5057217281884600624 -21200.265335977899667 121538.13455845799763 301.45634241062901992
960960 131.4340988670830086 122.16782526162299405 925.93218420510800115 43.421877143076400785 2.5070029384143799334 -21339.417505959499977 121607.17244236399711 301.50128464878997647
961440 131.40903918371799364 122.49167594030400608 933.27247669017901899 43.425954443181900899 2.5156688925819001845 -21344.169622849098232 121714.18273569199664 301.68787671950400409
961920 131.39197618167699488 122.90289202412400016 940.63364748076901378 43.430756743441101264 2.5257591326870199033 -21243.563220911801182 121577.11000102300022 300.72817562912001677
962400 131.369539334268012 123.2993799603570011 948.02052025407203928 43.427182777501101896 2.536522534659380046 -21328.286200685601216 121747.89830944899586 300.11195927911802528
962880 131.34521371116301225 123.65809085768900388 955.42881165266294374 43.422601463996400639 2.545376595341480197 -21291.987957331901271 121482.61963133599784 300.89159928056500348
963360 131.3271481574240056 124.07525714352900081 962.86101627607104092 43.419381777400602118 2.5462012128323499027 -21285.964084151401039 121682.69467399800487 299.34037072294597692
963840 131.30529315156098846 124.41465361778300291 970.3155291573359591 43.419039134058699858 2.5594989214973900005 -21288.98344047089995 121837.3531025340053 300.14826526509199311
964320 131.28385766976998639 124.80594004994600255 977.79182414756701291 43.420372946733003516 2.5720503605417301962 -21210.102324419400247 121682.98739448099514 301.82624418823098722
964800 131.26353373282699977 125.23492064095799492 985.29317832623200957 43.42345963477190196 2.5885057079244200295 -21156.439687580601458 121450.40317664000031 301.14626151533400389
965280 131.24197395297099433 125.67285840432400335 992.82039823396303291 43.427945993554303072 2.5933062972161300408 -21046.431453596098436 121832.51229136899929 301.53922634264699809
965760 131.22574559549400419 126.13081001709400653 1000.3745959369000502 43.432727057857199782 2.595301453429479821 -21017.962151981500938 121659.46219137500157 301.11001453547299889
966240 131.2132589488199983 126.59096386613499874 1007.9558703303499669 43.440060309086902635 2.6009574178180199233 -21084.305140694101283 121833.88026209900272 300.81493754839101484
966720 131.20050182049999421 127.06358449821399859 1015.5658347635200016 43.445159694734897471 2.6112338194590001272 -21106.729595832301129 121489.42554121000285 302.20260583427199208
967200 131.18769102461101284 127.5448337091099944 1023.2035630466200473 43.454252733387100704 2.6216404110187698784 -21156.312825089400576 121741.39510537699971 300.5306065070209911
967680 131.17109969608401343 127.98577571124700114 1030.8703711243699672 43.465589750047101347 2.6283151751431499399 -21078.186156266499893 121659.59382397199806 301.53331159525100702
968160 131.15126040263498908 128.4024958594889938 1038.561954182720001 43.482976152045800688 2.6306298813915400814 -21240.254053892200318 121759.25453140599711 298.63022692846902828
968640 131.1373318333600082 128.83176844193999955 1046.278578563370047 43.490238630617497506 2.6388650509921900422 -21228.684645303499565 121437.53024002599705 300.64496361581302608
969120 131.12237408050100385 129.25273565691199451 1054.0216657004800709 43.503757727763897378 2.6430299133272101564 -21365.359370273599779 121756.96384419000242 300.04862446379502217
969600 131.10845643083499112 129.70362550089399178 1061.7901458333599294 43.522653227428996559 2.6288994555936198161 -21271.268536987401603 121611.26213937200373 302.93793754241698934
970080 131.09651506405100463 130.15951236915898903 1069.5861138769901117 43.538831664590603054 2.6324401764090499256 -21218.818226369898184 121942.40270126699761 300.56639507648498011
970560 131.07937645057600662 130.55428726945498852 1077.4080046906299231 43.558154301894496996 2.6355238026178300359 -21320.751501256399933 121766.07036545699521 300.56173230126802309
971040 131.05908506616700038 130.93856124217799675 1085.2535175322400391 43.575918315404003067 2.6439294607608001542 -21179.046240204999776 121520.52632185099355 300.61648459168202407
971520 131.03016207985601227 131.27524942978598688 1093.1189970114699008 43.58219224370110112 2.6476281890477100234 -21215.372607741199317 121625.26102203200571 301.87698445086198262
972000 131.01540077155999597 131.73596656744399525 1101.0091787907299477 43.584761845630900723 2.6446076840477199532 -21371.353381022501708 121346.08191175799584 302.38694192118998672
972480 130.99986277287101188 132.19629317249700762 1108.9270314229399901 43.5768216482859998 2.6447312996490102144 -21286.177358914599608 121530.85784014299861 301.46533144495998613
972960 130.97513738403401362 132.56868691794301185 1116.8710810818599839 43.564422041991498702 2.6511866325446900028 -21379.553805257499334 121447.33120424600202 301.52903631052197397
973440 130.94915193312701263 132.90733110073099965 1124.8347359089800648 43.559161577290701928 2.6558005908362600778 -21267.686859083598392 122033.7956164549978 302.05767442720701865
973920 130.92276362221801378 133.26543642824799463 1132.8199858733000838 43.56403412296069888 2.6566314887872501949 -21229.766397179999331 121376.94251453499601 301.42876922926097905
974400 130.89964089349800247 133.63454141580800183 1140.8272194618600679 43.572088871999199 2.6550045642232698029 -21289.468694279501506 121526.00029394299781 300.64944502010399674
974880 130.87283886091100271 133.96418269155600456 1148.855593502029933 43.576927901985598623 2.6508396711533701584 -21167.563923837700713 121600.02417608999531 301.98502767526002799
975360 130.84516190934400015 134.29623611958299989 1156.9035653867699693 43.58494759020739906 2.6542070309577399101 -21370.219255517498823 121666.48658029000217 301.03265636549002693
975840 130.81219234647198846 134.56647612106999645 1164.9695425059999252 43.594056077455398679 2.6504262158588298703 -21333.163217499200982 121640.99148744500417 302.47112535524297527
976320 130.77878336720701213 134.82315009889299517 1173.0508544296899345 43.598471766894000723 2.6468494096071499833 -21346.570940892201179 121448.71803928799636 302.39877497788097571
976800 130.74743122349300961 135.10256749020899747 1181.1486554966600124 43.599835431648003237 2.6588339538201402057 -21351.507623240901012 121686.71285784299835 301.95231088349402171
977280 130.71233118197798717 135.35757310774098983 1189.2626640024500375 43.597238055424696768 2.6603564942239898983 -21422.424609894198511 121567.84298062699963 302.39584879206898904
977760 130.67864842619900401 135.64629408109999531 1197.3927862930900119 43.588643308264600762 2.6540927593505401205 -21281.299112434699055 121328.51785339800699 302.64783443870601332
978240 130.64772342429799323 135.93818716699101401 1205.5398467385200547 43.585023898117796648 2.6534639227421901175 -21390.246858439000789 121509.48045888599881 302.97628378704001761
978720 130.621408984180988 136.28304046993099519 1213.7063233426799798 43.579661735652798882 2.6509292501122199148 -21349.95523016540028 121988.78230454000004 301.84715883540098957
979200 130.59653840329198715 136.64788857290500346 1221.8942638941400674 43.573774979229497717 2.6500660063649101872 -21417.693281547501101 121477.84942071999831 302.25823870465501386
979680 130.57076592331699771 137.02655353602699506 1230.1042382576599721 43.573321873697999251 2.643828770781509796 -21448.508365067798877 121475.69298217499454 302.23386759118398004
980160 130.54946128084000634 137.44805958039600569 1238.3384046153898908 43.580607797915803303 2.6446760140536600403 -21413.086983520701324 121698.31507361200056 303.6103303738399859
980640 130.53209885090299736 137.88559468475000358 1246.5986167604598904 43.58481993477710148 2.6482500199389100715 -21400.928054066000186 121367.86486337799579 302.35080628151899873
981120 130.51915502095098987 138.35029267288101096 1254.8851659698500498 43.588267925324899466 2.647825590625109804 -21474.418691462698916 121144.59766880900133 303.76886019832898
981600 130.51354530082699057 138.8824794281779873 1263.2023908820799534 43.587183345196400808 2.6419771506680200801 -21294.850319774399395 121426.71230528800515 302.33720121958401705
982080 130.4965133229270009 139.30945505317299649 1271.5482723895099753 43.600494489958101951 2.6346499822486100229 -21360.34890948480097 121804.79042208699684 301.7492021257770034
982560 130.47572276944899272 139.70593950575099029 1279.9190439351200439 43.607047382181100659 2.6414294450433799533 -21455.947617595098563 121631.99510918000306 303.77488641544499615
983040 130.45586207030999049 140.12549726895798585 1288.3140978083699792 43.612787964067599944 2.6458977628813400429 -21329.34502815470114 121875.40980494300311 302.92506117286001199
983520 130.43900979132999396 140.58553251658599947 1296.735812977130081 43.613488218745700919 2.6516255150317200595 -21381.239532011801202 121656.00897733599413 303.93378349427200646
984000 130.41378090594301398 140.9294160315849922 1305.181933483640023 43.61907068028330059 2.6522303068589301311 -21290.511682092201227 121309.82146804800141 301.8062072154700104
984480 130.39858058542898789 141.32941522603300655 1313.6489391658599288 43.632027289685602511 2.6551848043174999248 -21384.163542872800463 121809.26175216000411 303.25293031049199044
984960 130.39236571123998942 141.84862228330499079 1322.1442277052899499 43.643488892382798383 2.6631124181360301684 -21300.26786798250032 121660.35707909500343 303.57530286361901517
985440 130.38865855425899554 142.38877406867300124 1330.6709472566599288 43.656874321362302283 2.6752878643816497828 -21251.779843809799786 121918.8563807909959 302.63976137571398795
985920 130.38410148322398641 142.9530887564849877 1339.2315967998599717 43.661811765504701555 2.6677585745925100902 -21368.380184484198253 121557.01824474199384 303.83692497442797276
986400 130.36824959368800592 143.41045428028300535 1347.8227896894200057 43.674078854844999853 2.6664418023005000968 -21275.550386189399433 121791.87648776599963 302.52990364251098754
986880 130.36273276408800825 143.93577450565899767 1356.4430049026400411 43.68500832853929694 2.6508957259343399748 -21327.70521961600025 121716.04590091000136 303.29473806229100319
987360 130.35448766131798948 144.44243117500099061 1365.0948132751200319 43.695725027441298494 2.6459979321975701794 -21408.610501630799263 121680.14157182599592 303.90201727595399461
987840 130.3403842167159894 144.89446948816498661 1373.7749214117900465 43.72113127092279683 2.6507825838092498039 -21406.422928054598742 122139.8041324299993 301.84471153276899713
988320 130.32503457568299154 145.3333437314690002 1382.4818634654700418 43.740325262020597563 2.6630340608397697899 -21369.198071419999906 121685.4906694030069 302.44754048423902759
988800 130.30937286331999303 145.78109854560901226 1391.2148908740600746 43.760383533729303451 2.6660285908075098682 -21284.895611005398678 122008.26524428000266 302.29636164734699832
989280 130.30178506713400566 146.32295852978700168 1399.9775221013699138 43.78652317972670005 2.6693555076902799605 -21095.540009103700868 121979.08931885400671 300.99870545349398299
989760 130.28970439293900085 146.81472200691700891 1408.7723182822498984 43.800913838872702399 2.6770373109463800887 -21381.546615239800303 121601.49948902400502 303.3460643435519728
990240 130.27976080955500038 147.3395591643129876 1417.5970202681698993 43.811744935328000849 2.6936907603362501007 -21273.411186599598295 121397.32344516199373 304.60522049305899372
990720 130.2695096478400103 147.84779997055798617 1426.4527035471899126 43.824321943995002471 2.6970671686436498149 -21245.770569479398546 121309.61970983000356 305.20122897559298281
991200 130.25286862823298861 148.29345687130199849 1435.3375758967699767 43.832943827618102262 2.6879393267788498356 -21178.950011136199464 121860.48150383500615 301.67555420801198807
991680 130.23593515436999724 148.71029460016200119 1444.2472776027600503 43.831102614625798708 2.697731061166309896 -21176.93466737810013 121405.01562571300019 303.45720691393700008
992160 130.22342222722699034 149.18357601057499551 1453.1841873754699463 43.835617489291898607 2.7056939962460799798 -21122.075751058098831 121735.90255894999427 301.58554755112601242
992640 130.20618156200100657 149.60400505953899142 1462.1475248013300643 43.833681536983100102 2.709563116644860159 -21133.839542802299547 121423.05858796500252 301.79686915172902673
993120 130.18941859979699416 150.03377970691698806 1471.1366932724199614 43.832241849837799919 2.7215967981597701808 -21258.050816910999856 121571.68574992299546 302.56342191027397348
993600 130.17449292135600558 150.506197382711008 1480.1529198092200659 43.837103086032598753 2.7219400784481901923 -21347.658248549698328 121886.85636013999465 303.25759157900597529
994080 130.16001116902700119 150.97973275906400659 1489.1971865847199297 43.83314874043019671 2.7290472947106501067 -21312.535887511799956 121542.27355284399528 302.45477805267398708
994560 130.145091005729995 151.44352717408000331 1498.2704751034400488 43.831682760559900203 2.737555705225520164 -21333.803294459801691 121536.17993228700652 302.52164238189300249
995040 130.13219981649601209 151.90116795751299605 1507.3702820954999879 43.830226134727098497 2.7434649094041398953 -21303.193220321798435 121285.55707658300526 304.15248504042500599
995520 130.11746730360300717 152.35242578065600583 1516.4986366250300307 43.827977430506400935 2.7545540240756198891 -21268.988399170400953 121467.14955985300185 301.50100240914798633
996000 130.09668669340700831 152.75609198987100967 1525.6521726825199039 43.828770242454396566 2.7544735124644601498 -21249.586964691901812 121619.13963158499973 304.18627858149602616
996480 130.07696691517000431 153.17843392115798906 1534.8296885820200259 43.825310299206400089 2.754818162547029825 -21178.847305765200872 121699.51038806200086 300.448380897644995
996960 130.0558363559239865 153.59902343885499931 1544.0332895512099185 43.819153065746796472 2.7516797935240000506 -21211.727026776701678 121127.87088633500389 302.79236130367598889
997440 130.04171416368799896 154.07079967226599138 1553.2630878792199383 43.811122023924497171 2.741053362138440086 -21351.454143936098262 121305.50783859699732 304.43481239510600744
997920 130.02731603328498977 154.55613813326701234 1562.5221441826299724 43.807454093087500269 2.7388173087487999169 -21198.152565988901188 121815.0895801519946 301.29764321893600254
998400 130.01596469114301158 155.0551016907400026 1571.8105537020298925 43.814214204852198975 2.7372646947081098467 -21245.3093440345001 121197.92607542099722 302.29597956632699152
998880 130.01154539906599439 155.59750783421199571 1581.12999979308006 43.827308593814400695 2.7386874984455400472 -21243.055399803801265 121348.38593513799424 303.2560313093929949
999360 130.00871518801901061 156.16449359969399779 1590.4830879895000635 43.851184032062000995 2.7405839832581397886 -21101.468130057499366 122039.66073908199905 302.65613707986000236
999840 130.0059472428530114 156.71706827194000766 1599.8692632386500918 43.872518707139597893 2.7351504134059299034 -21152.848079262199462 121390.81876556099451 302.00913813329100321
1000320 129.99779385013400201 157.20975521791299911 1609.2876099110399082 43.888343640558098002 2.7261606702206400143 -21177.868427409001015 121281.02211804200488 302.92685842573001764
1000800 129.99359549760200139 157.73063949453799637 1618.7355445364898969 43.897486641310500488 2.7227825518567900787 -21125.737906086298608 121468.07701827200071 302.44270710067399932
1001280 129.98957748260599487 158.26246836849799138 1628.2153154365400951 43.903077168375098438 2.7241091582234497892 -21060.786803868599236 121748.42331435400411 302.93714737137901238
1001760 129.98188510554601294 158.77928590569200651 1637.7271832684700712 43.90657923793580153 2.7145916035413701906 -21019.825844208800845 121454.3590247999964 302.41445671187801736
1002240 129.96652926539900363 159.20801687802500624 1647.2666857550600525 43.912172655274503086 2.7177831076131298005 -21105.47054068919897 121487.8689704080025 302.04962655832002838
1002720 129.95070025906400701 159.63895122570801277 1656.8314103827999588 43.913403519883999593 2.7291013740933700582 -21060.564863034298469 121829.00348379100615 302.1294940275139993
1003200 129.9422081032820131 160.13063517887499643 1666.4247982616600439 43.914128155959403443 2.7314311875451298128 -21001.025889440399624 121935.67797500400047 301.36540182950398048
1003680 129.93492187388199 160.62965669965498705 1676.0475083175899726 43.912693782387997032 2.7358385819868500377 -21078.017854758698377 121464.44994537500315 303.32514333157098463
1004160 129.91511160018700366 161.0141713110930084 1685.6970063099499839 43.919789721523400772 2.7454888066260298984 -21066.372536717601179 121602.77421793800022 302.27092509668102593
1004640 129.89533100102400454 161.40096023835099004 1695.3696146614399822 43.929729421234696929 2.7604726278529301275 -21155.217974378301733 121335.24680515099317 302.03736195690498789
1005120 129.87637393081598702 161.79455187832999741 1705.0653886439199596 43.933068959196603487 2.7679564126480897812 -21194.897737045099348 121447.36461769099697 302.18221295358199541
1005600 129.8638048100930007 162.234339230507004 1714.7859094367499893 43.939608528119400432 2.7734885410629499525 -21155.589086470499751 121438.25171862100251 304.24839105941600792
1006080 129.85289887388299235 162.69510677715800284 1724.5334546713399959 43.93780305763299765 2.7764249619884902032 -21163.428828216099646 121484.85699768499762 302.00183895510099319
1006560 129.83566391362998615 163.10377534944399258 1734.3073640954798975 43.940309731450696518 2.7747386897714498843 -21153.364111086200865 121329.60251971600519 303.59198511787798225
1007040 129.81283944885001347 163.48968154607101155 1744.1052610149099564 43.952933461038696805 2.7737949839696600662 -21127.344044079200103 121731.77782896900317 302.73322383744101671
1007520 129.79563378272700902 163.90726527734400975 1753.9271131450300345 43.967299580178398344 2.7762367604083899586 -21274.896664663399861 121888.81137980500353 302.00375988741001265
1008000 129.77602858591399126 164.28373493801001359 1763.7730691040799229 43.970385856659596868 2.7770485250192300519 -21059.301535385598982 121323.66590044999612 303.18183321017897924
1008480 129.75681524969598968 164.67694770372000335 1773.6418870411700937 43.97469444393149729 2.7875576752569899419 -21163.121515018701757 121660.27209215800394 301.99910105686598172
1008960 129.73581497190801315 165.0360767261479964 1783.5332771562600556 43.98600361803419645 2.8045477497538802147 -21075.170420287100569 121689.83827669499442 302.62263950023498182
1009440 129.7109179013689868 165.37199988213600932 1793.4457028597998942 44.000609529441902623 2.8214374128545500753 -21071.962955177001277 121610.77782266799477 301.464045272181977
1009920 129.68471825728698832 165.69538858758198785 1803.3781582698200054 44.001061068543002364 2.8362152813010998997 -21008.897395546398911 121593.71402380800282 303.06974979450001229
1010400 129.658050998190987 165.99879172156300911 1813.3289043116099037 44.000784875430198895 2.8420154617139199438 -20932.245178171098814 121895.20826726200175 301.59708664979598325
1010880 129.62899727028499797 166.26868347379701163 1823.2969961286898979 44.005913989112400486 2.8398369908340699297 -21029.201881732598849 121722.90701829400496 302.39763851512100246
1011360 129.60638977389700699 166.60322216818499896 1833.282766580759926 44.000203022984997858 2.8379809969022598004 -21027.364345109199348 121523.6447049510025 304.33106773403000034
1011840 129.57796655197000746 166.89125743404599689 1843.2875249639200774 43.99542302181770026 2.8513137085329098852 -21098.104016026598401 121553.89762191100453 303.30892897499398941
1012320 129.55160362593798595 167.19460889913798951 1853.3101118951799435 43.996157687527599478 2.8583671240479198161 -21051.690291872499074 121569.59874918400601 303.12579682473500498
1012800 129.52463912945898983 167.51552358487501238 1863.3512448881099317 43.995780050526498428 2.8594993358090299296 -20839.903008369299641 121864.38576063500659 302.38344851138202785
1013280 129.49621536826199986 167.84419743998898866 1873.4124295356000403 44.003233254801102703 2.8649738521622598597 -21069.43851371980054 121837.7212313439959 303.27471221536399071
1013760 129.4712841027630077 168.18025483679500098 1883.4929820637100875 44.007187464328602289 2.8739778963873998663 -20986.073457242699078 121881.95824231600272 302.66012186324201139
1014240 129.45042745489200797 168.56061182886099914 1893.5945984393999879 44.010277707953498805 2.871484753438000137 -21114.406239667601767 121714.55979405199469 302.41041806353098309
1014720 129.43530352551701412 168.98781413937899742 1903.7208067248000134 44.010480776963902372 2.8762262772791400423 -21106.808053115699295 121743.10031414400146 301.99388686771499124
1015200 129.42294666628200162 169.42155435191298807 1913.8734846535301131 44.01111922950949662 2.8764544490701098312 -20939.949011105898535 121637.80086051400576 303.92558505012402748
1015680 129.40977045151700509 169.84993644682501213 1924.0512391749900871 44.010065659158399853 2.8841984357652301618 -20958.284582161799335 121548.05381110099552 303.11790966182502416
1016160 129.40030005629000698 170.29634693872299067 1934.255776470210094 44.015081811126698597 2.8959991643937801342 -21036.306998666899744 121738.40347787999781 301.13592509439598643
1016640 129.39039413907400444 170.7173593351159866 1944.4859494112399716 44.025776224477098708 2.9058647647364801436 -20993.758157395299349 121918.95968116000586 299.98010263859697488
1017120 129.38052138986199679 171.16139780417299221 1954.7427950247899844 44.03092706082979646 2.9040424286511301588 -21039.466384753399325 121133.21836208799505 301.39644502712297935
1017600 129.36705448232100935 171.5974785537540015 1965.0254869961900113 44.033562889612703373 2.902586036601019881 -20960.742024284500076 121687.17088340100599 302.20146984420898661
1018080 129.3558058763929921 172.03068320069300512 1975.3347521757700633 44.039485728135701947 2.9084653388184698031 -21090.937716943601117 122221.03267035400495 302.64742623888702155
1018560 129.34443379034800614 172.45578805229899899 1985.6690910820600493 44.042291065168598152 2.9233217406285101347 -20948.997121886801324 121599.34497577299771 300.74963143482500527
1019040 129.32715596005598968 172.84033852168499834 1996.0285891693599751 44.043519813897098913 2.9333921854748399305 -21024.472667529498722 121161.94967102099326 302.46465317143599805
1019520 129.3031045707359965 173.1787125611919862 2006.4086571129998902 44.045336815589401169 2.948574904108180128 -21115.151314723399992 121673.28632057299546 301.74321215145698716
1020000 129.2862145160040086 173.57629725122799869 2016.8116447592399254 44.04446232193019739 2.9583438813837599213 -21182.700253276201693 121275.40002629699302 302.68512932230402157
1020480 129.26501935617000072 173.90882796117699627 2027.2357521337598882 44.051702617738001777 2.9774464042095400984 -21171.979315123098786 121602.66119928000262 302.01987324815200964
1020960 129.24506481252700496 174.24818943428300599 2037.6810006260200225 44.059920379975601179 2.9804087969144799075 -21219.208341738198214 121714.29386603599414 301.90275786675499603
1021440 129.21753504992699391 174.49486637979899228 2048.143574180629912 44.077386347016698664 2.9796125267096198463 -21144.262628682998184 121316.19195320300059 302.23952568760000759
1021920 129.19785279270499245 174.8355265679089996 2058.62264149540988 44.087992641432002472 2.9818575158511197998 -21175.765328981800849 121350.0689434530068 304.59510413069597234
1022400 129.18215450075800277 175.26628993188799654 2069.125392068329802 44.09730903432360094 2.993001753365299944 -21167.678874706900388 121552.01527043999522 302.36412567784498151
1022880 129.17233113382599186 175.74945308501500563 2079.6559552212002018 44.105390034394197585 2.9914074043685698889 -21067.916331513199111 121684.28873150600703 301.41036340108399827
1023360 129.15830423077301248 176.17813287334701045 2090.2142503710601886 44.115828289507298621 2.9890076216410301768 -20932.998277359798522 121667.47143848000269 301.51080066883599784
1023840 129.13896566885898665 176.5503815871200004 2100.7965298814801827 44.124894959411001594 2.9902035592762699068 -21110.307294036698295 121621.95559935500205 301.09784102016800489
1024320 129.11817885140399653 176.91977495539299525 2111.4009166179098429 44.138801887224403231 3.0000038686475201111 -21165.109917025398317 121631.11526496100123 302.93237139437201222
1024800 129.09782426448299475 177.29894689889698611 2122.027259674870038 44.153062450796198846 3.0023944257793200308 -21190.028544080600113 121691.3939779909997 301.49867565026897864
1025280 129.07997155119400645 177.70837339674199029 2132.6775636481502261 44.16629450972860127 3.0120669365436700815 -21186.282194394399994 121358.9585281930049 301.97203967259298452
1025760 129.05847322592998694 178.08352076749400794 2143.3512432420498044 44.170105882050897605 3.0160424552817599597 -21050.011915804501768 121289.39622050400067 301.50479849440097269
1026240 129.03466167259898612 178.40793782550301216 2154.0465506093601107 44.184531169764703407 3.0223084575501300009 -21092.645894534900435 121251.30983096000273 301.1548022541339833
1026720 129.00283716896998953 178.6584535303300072 2164.7585768528101653 44.191183744787899457 3.0175060378149298757 -21174.792196027301543 121459.23702143700211 302.12363722045199665
1027200 128.96794313004801324 178.91499774440501369 2175.4853309531399645 44.197584133246202498 3.0184235944487798342 -21007.267326473298453 121795.61425179899379 300.82707236397402539
1027680 128.93615016799699902 179.19290555152900879 2186.2290606523301904 44.203019063680002887 3.0102907348772300899 -21110.02800371990088 121470.02506029799406 301.73871259135000855
1028160 128.90554703257498659 179.45400586430099565 2196.9880677786600245 44.206905632109602777 3.0117229414473700722 -21036.101765103998332 121474.49932889199408 302.78328683653398912
1028640 128.88144318663700005 179.73837491718998649 2207.7640298695100682 44.21130116615029948 3.0142318175680697934 -21079.948778372399829 121573.69744259600702 302.01776484192600947
1029120 128.85004614662000222 179.98469515448701372 2218.5556309022299502 44.216201588093596797 3.0258578009704097944 -20994.656971349799278 121531.78961714499746 304.59824968465801476
1029600 128.81569766399800869 180.21517167162900819 2229.362109777220212 44.217678999120202832 3.0289580706147600786 -21012.313066665999941 121822.7221823889995 302.18132362752697873
1030080 128.7773870768729978 180.38974752911099131 2240.1803106625397959 44.219972841516899109 3.0268961346021701075 -20999.214913385898399 121215.43916444599745 303.34711143249700172
1030560 128.7444437198749938 180.62414926734899723 2251.010533989940086 44.219751495807500419 3.035825422268319862 -21045.360614880301 121871.30733147400315 301.37244502487698128
1031040 128.71341457973198885 180.87802367269100046 2261.8553079893199538 44.219101606505802238 3.0350067889115899256 -20892.126170274899778 121324.97666845600179 303.6739866612740002
1031520 128.6855526188089982 181.17286137466399509 2272.7174056815802032 44.213393030192598587 3.0430959896039198043 -20953.933942699200998 121276.88984323400655 302.36899589505600261
1032000 128.65267653688698601 181.39787610658999029 2283.5946948732298551 44.213611082550897891 3.0570062650848401908 -20922.361875100599718 121456.14344327700383 302.56643267225598493
1032480 128.62003784187101019 181.63706622062099427 2294.4854984374701417 44.212119401362798499 3.064161716798989854 -20924.6989679426988 121283.95437293600116 302.45556393063799305
1032960 128.59044535725598735 181.89942237006599157 2305.3921544426698347 44.211609243610702435 3.0705419984195998495 -20873.137533993598481 121631.39202965800359 302.0635275215390152
1033440 128.55074950025900193 182.08955266493299519 2316.3124250238997774 44.209877547955500177 3.0710119875997201611 -20848.653257045298233 121884.3110538720066 301.95322488548600859
1033920 128.50995729835699422 182.24588575103800281 2327.2420061491197885 44.209284756891499057 3.072896603512889957 -21000.900793552100367 121462.23679341499519 302.2764350354390217
1034400 128.47155484647601043 182.43670780573600609 2338.1823882244198103 44.206978897397696926 3.0771328978726701919 -21174.730036841501715 121855.52187311499438 301.86720849709001868
1034880 128.43037690101098747 182.60374528592299725 2349.1340554827997948 44.212164463463402342 3.0803327447094299707 -21109.19552266249957 121424.90844986299635 301.56752149666698415
1035360 128.39159091476400931 182.79075360815699014 2360.0954910120999557 44.216584210835897295 3.0859737619881197901 -21009.888981787600642 121351.22036514000501 301.32204268117601487
1035840 128.36193353576999243 183.05803779145199428 2371.0704001461499502 44.231589631570102483 3.0882414088833201049 -21040.865566265099915 121674.17238642899611 301.59835139090898792
1036320 128.33394918822799013 183.3176945927210113 2382.0617640050199952 44.245614152795802454 3.0860751158419601481 -20989.860267663800187 121698.50106285899528 301.46765290178797159
1036800 128.30653021861201069 183.57941535566899915 2393.0689168721701208 44.259864725035697575 3.0790346211179699942 -21056.469369388498308 121550.32783843899961 302.68594375397799467
1037280 128.27199482880300252 183.79035449561800419 2404.0904942359497909 44.270249565523798196 3.0855485953017001144 -21021.023779767299857 121534.02560971600178 302.87519761007598618
1037760 128.24058261974900574 184.01601455929198892 2415.1249355374898187 44.277890340916499667 3.0853801209542899286 -21071.471332021501439 121470.07461650400364 301.30959403636700245
1038240 128.20440025069999024 184.19160753535498998 2426.1710077233101401 44.287837331183098399 3.0803695649570799198 -21094.829874861999997 121282.89477564500703 303.06453440327800308
1038720 128.16792663694099019 184.408128279061998 2437.228682346019923 44.300740562536603306 3.0814823503532999815 -21042.299280361501587 121648.33390449499711 302.15476015532198062
1039200 128.13959207702299636 184.70009870977901301 2448.3017800243101192 44.316704836195000894 3.0856268150758099367 -20975.275767027898837 121369.8104892620031 300.98414460641600954
1039680 128.10157797853401007 184.90580201874800537 2459.3901770613001645 44.326484581023997578 3.0900841205162699055 -20956.520338379501482 121410.41137678700034 302.64924203798398139
1040160 128.06475892495299718 185.12145695935100775 2470.4914306786099587 44.329541404285201622 3.0916896155183799522 -20857.882286936001037 121213.14838319999399 302.53966949096798089
1040640 128.02228490081600398 185.25507379572400168 2481.6028394055701938 44.325965950839503193 3.0963028881359799804 -21035.824652589799371 121216.75528175999352 301.05325106226001708
1041120 127.9794712439369988 185.38235923253799342 2492.7217704679401322 44.318622271507102539 3.0968492502301900871 -20915.883078508199105 121411.77828926799702 300.82782613693797202
1041600 127.93713665120900203 185.52657574229399984 2503.8490461538999625 44.327438485923202904 3.0968340851692000015 -20974.29910013639892 121207.63413850299548 301.7835318650909926
1042080 127.89844366037699785 185.723888063816986 2514.9863376609500847 44.334677237298400598 3.1064195971131001173 -21019.19237083059852 121540.3618714990007 300.30868605240101488
1042560 127.86093440509800701 185.94483897326298916 2526.1364680944698193 44.336024640642001771 3.1164263215970398058 -21020.444613508501789 121734.52442587399855 300.80804071707700587
1043040 127.82162357499099414 186.11031777825300537 2537.2990370493098453 44.331816450755198389 3.1222565670624198297 -20897.502191290201154 121172.25049500199384 299.8130410638599983
1043520 127.77543091108600493 186.21668108326599622 2548.4683041909001986 44.329663330134302157 3.1253201371608998471 -21001.73501125959956 121386.45488966100675 300.01592161863698038
1044000 127.73180725378600187 186.32885162254601141 2559.6446061925498725 44.328502065788796926 3.1242180501691700911 -20943.027971436400549 121763.59578569000587 301.14481626347998144
1044480 127.695746959705005 186.51554105587800336 2570.8294457355200393 44.338753845493201311 3.1237627370503702195 -20998.446647235199634 121557.5678357709985 301.41485635342701244
1044960 127.66336916243200506 186.77249938699401355 2582.027785468770162 44.341402337833599745 3.1304364545010301413 -20804.18544184160055 121017.10999211900344 301.22185741194800812
1045440 127.64096204439699989 187.11076202785699252 2593.244119525340011 44.338093611322001664 3.1312173605054800518 -20879.459719323698664 121066.52817086499999 302.10072945003298628
1045920 127.61399848805200463 187.37175559267998892 2604.4787366096002188 44.343736972464498081 3.1307785466093598359 -20959.798949891701341 121219.52167370199459 301.68552676438201843
1046400 127.58683546374800244 187.66513232439601211 2615.7296784270001808 44.361988273937697613 3.1354857521868000347 -20901.981509648798237 121292.58882890699897 302.58474835069597475
1046880 127.55599871173700421 187.90543990043599365 2626.9976828432500042 44.373936252687798287 3.1436058276921698962 -20862.288693015001627 121286.09050438700069 302.13818760055301027
1047360 127.51544159455799843 188.049675142085988 2638.2764939727699129 44.385077726889100802 3.1457489154647397811 -20855.282825081398187 121647.69470760900003 300.40927059942998767
1047840 127.47536989117800488 188.18245206501200073 2649.5628629579200606 44.396413337964801826 3.141517113104619785 -20845.882384540000203 121110.69392048400186 300.02990263831298989
1048320 127.44135763555800622 188.38388003601400555 2660.8592546745899199 44.399046679228696632 3.12888162373843981 -20884.305377996399329 121791.35156843399454 299.67038497128100971
1048800 127.4161950248170001 188.68959400332099108 2672.1717114790299092 44.395278076120803235 3.1322797500136001503 -20799.10036420510005 121831.54305472300621 300.82748195366599475
1049280 127.38190090563399792 188.91081688982501419 2683.50063256661997 44.397615437630001622 3.1326809376703601551 -20911.929860502699739 121653.67917664100241 300.82632989684100266
1049760 127.34051974669399954 189.0344116591570014 2694.8387129166899285 44.395576036525000063 3.1345432451336399104 -20985.884213409499353 121702.77409246700699 300.41677528349600834
1050240 127.30401879573699375 189.22581389852800271 2706.1866143815400392 44.395521012453400544 3.1443656913097202121 -21041.690922926100029 121467.02248747600242 300.36932482901301
1050720 127.26410425253300218 189.378878645181004 2717.5446886340901074 44.384974543003998804 3.1556047503275999055 -21208.744452694998472 121143.04540991899557 299.58780506967502788
1051200 127.22422140264700374 189.55978649964001193 2728.9130979218698485 44.379031645872700551 3.1700889493853798839 -21024.410323528198205 121416.86806441900262 299.35605534355801183
1051680 127.17667456212599575 189.66990835897200895 2740.2910905534099584 44.383538683296201555 3.1837096702096898682 -21103.439869202800764 121232.12589657200442 301.50986496948502236
1052160 127.1304452624659973 189.75915010837701402 2751.6734002378698278 44.389398056719599595 3.1937363397046598656 -21137.156157083398284 121696.08229189099802 301.95532039372000099
1052640 127.08547823349799444 189.85624663475300622 2763.0623689948502033 44.397038834346901126 3.1967229426569501172 -21094.879017596100311 121530.8805010280048 301.38228949985699501
1053120 127.04239744478699947 189.96279243416199733 2774.4576552177800295 44.399471371063100378 3.1975296945320001996 -21126.274429894299828 121416.73445967999578 300.88813051528597953
1053600 126.99189592796500392 190.00441131456500443 2785.8566615195300074 44.401158571865700253 3.196248633082519941 -21020.702156463201391 121622.77599775299313 303.35557213343798821
1054080 126.93732394369800431 190.02455358756398596 2797.257413303049816 44.406886619634299507 3.2042697360440799415 -21006.106382108901016 121213.59340034099296 301.62206880121999575
1054560 126.89003904984899407 190.1051764243210016 2808.6608235541098111 44.409273260850497422 3.2038744159566601155 -21086.302629217399954 121459.34076001700305 301.47126993430299535
1055040 126.84601499828799831 190.22525327750599899 2820.0702526960199066 44.408554759785602073 3.1999752352180399484 -21086.983708749499783 121740.70720184700622 302.03277062533402386
1055520 126.80157324235099736 190.33600162698800773 2831.4876144316799582 44.399554894616102274 3.2055129769347199264 -20955.647554370498256 121521.12829563699779 302.13632393554297551
1056000 126.75125621429299372 190.38835523348600987 2842.909724104290035 44.386499255549502152 3.2095389027653800085 -20970.779701911600569 121163.44550333400548 303.41389002874302605
1056480 126.70011154901000339 190.41410061775698637 2854.3342081652299385 44.371922692668697152 3.2251513472818498229 -20994.163570879198232 121410.27518035699904 303.70868732462702155
1056960 126.63952946477600392 190.38011941025999363 2865.7580762689599396 44.362733385914502549 3.2397951415472499015 -20855.541260178899392 121493.90281611199316 302.15305676077701946
1057440 126.58091382023799554 190.34645380767000233 2877.1801532331201088 44.361866207557099528 3.2522773444123100894 -20762.591038335198391 121125.39514249599597 302.18003878868199763
1057920 126.51501365616600481 190.24213997076898863 2888.598598290010159 44.36397920788120075 3.262868717674670016 -20861.881740887900378 121712.87308311800007 301.89014325739401556
1058400 126.44535058079300427 190.09469211271701283 2900.0078420394797831 44.369430788613996697 3.2641081323246599055 -20903.016813380301755 121754.2320043570071 301.73200535584902582
1058880 126.38675527388599562 190.07476026130399305 2911.4120783198000026 44.374763434602897405 3.2714741115445900022 -20787.953543988798629 121680.82924708699284 300.36060135514998137
1059360 126.33060536014700403 190.08000113779399953 2922.8171086952897895 44.37130135558160049 3.2759879431673302186 -20825.712741176401323 121639.07410069399339 302.96027850508397705
1059840 126.27081392878299937 190.02596005753400732 2934.2202131974299846 44.370647689233699396 3.2741570735460099328 -20863.37686187520012 121353.01464422499703 303.2558648670209891
1060320 126.21022546120499896 189.96091713285900937 2945.6196431363200645 44.365923966290999658 3.2743849725567000242 -21020.77007165320174 121293.68937767499301 303.5252414499170186
1060800 126.14927050442099699 189.86919279565501029 2957.0149064619899946 44.372218051154199259 3.2763230451083100725 -20953.405408776099648 121338.80557528999634 304.30420896841201284
1061280 126.08068635606899477 189.71576601507999271 2968.4025994900998739 44.368683171572101287 3.2798369857879499101 -20910.686421932201483 121683.87156604499614 300.84916987154002754
1061760 126.01257853723599567 189.57634101770901225 2979.781184926970127 44.35653636958389967 3.2979005337144799981 -20831.486053732700384 121287.2547559520026 302.78664298923001752
1062240 125.94505839415100468 189.43965489392300583 2991.1513976393498524 44.355189015214001813 3.3217545651158100206 -20844.506113764899055 121833.67275197600247 303.12224424788797705
1062720 125.8801551652990014 189.30187130573699505 3002.5142013869499351 44.359958376040701467 3.3364411581062300982 -20852.466012120999949 121767.67340016800154 302.21626948414399294
1063200 125.80988167615899442 189.11368649537101305 3013.8666018611002073 44.349583036591297969 3.3434107684540599337 -20947.236519949001377 121610.45393108899589 303.6645588392090076
1063680 125.74446764339499794 188.97228259127601291 3025.2087716806099706 44.345064170915300394 3.3518050853281198265 -20854.953493321798305 121382.76987062999979 304.22830079747302534
1064160 125.67403631050399326 188.80834018785299122 3036.5420882569601417 44.345374760715401408 3.3592033451560201485 -21002.826579943601246 121156.62448559800396 302.55854885502202478
1064640 125.60492388663899987 188.68240255758701096 3047.866887501059864 44.340467094664901992 3.3719785051295598777 -20906.936792972999683 121720.95355284800462 302.50255913931601981
1065120 125.53891210378900212 188.56457027427398998 3059.184533172619922 44.33527477120429694 3.3837286018048597924 -20953.850453315801133 121184.17039293299604 303.68479720492598517
1065600 125.46994424383599664 188.40258336880299339 3070.4933926173398504 44.343979407038396801 3.4011773745238200739 -20914.10668884720144 121405.11066018999554 302.51416512579902474
1066080 125.39791867934499692 188.21923696344998689 3081.7925380065398713 44.355225346210801263 3.4141908391858399874 -21022.800239217500348 121659.48374985999544 301.28757472924201011
1066560 125.32030270048700515 187.95917107711099447 3093.0779628326699822 44.373263201261899269 3.4277475145043201366 -20843.892459550901549 121419.32675979399937 303.34272922679701878
1067040 125.24267552327600583 187.68418406390000541 3104.3471384107101585 44.396868003195798735 3.4402227173709198915 -20897.108486426801392 121517.63576539600035 302.44685157793998087
1067520 125.16697561404700423 187.46261718357800419 3115.6017852222198599 44.413291831775701723 3.4501165517503098457 -20945.058059516501089 121840.10711469799571 301.60317057457797318
1068000 125.08320038791799789 187.16909828770201329 3126.840688437389872 44.422739891003303114 3.462369081655309877 -20955.3493279994982 121230.97721885300416 304.91531997110502061
1068480 124.9938250077159978 186.83905236900400837 3138.0611232469100287 44.437610449627300113 3.4644502205914098347 -20922.670070911099174 121433.63978739500453 304.17211310687599735
1068960 124.90925960126000405 186.53398568525599899 3149.2617885012300576 44.449971631546098649 3.4805455511326801599 -20887.886579338799493 121198.44351022900082 304.04689363642302169
1069440 124.82457144230400559 186.22421766709300073 3160.444919207699968 44.467806180600803145 3.4999408467796100375 -21009.324244749401259 121344.5209637270018 304.75226562397301677
1069920 124.74364468069100553 185.93765385010300406 3171.6095242849401075 44.483668553600097084 3.5135124631385101779 -21001.295512626900745 121472.74625899900275 303.04213865169401743
1070400 124.66535193693900396 185.68019443355601084 3182.758064061189998 44.493661047060200531 3.5213726123514801358 -21016.190111085099488 121393.19339920299535 304.62204882844298481
1070880 124.58756016246799447 185.42215620604198989 3193.89151343902995 44.502935123739803203 3.5381407876945201174 -20911.480625044998305 121461.94547133499873 303.85238641722099828
1071360 124.50614079037299575 185.15133919799998807 3205.009231470729901 44.508170292929499112 3.5587157486677001295 -20995.942235463298857 121622.86585856499732 303.86211757572698389
1071840 124.41990154485999653 184.79151609024398795 3216.1078137665199392 44.51513336252570241 3.5795768571449801954 -21108.417037332699692 121803.97402347199386 304.25983679299298501
1072320 124.32889403833900133 184.3985807200230056 3227.1831987954201395 44.513805803979600739 3.596306869785390159 -21036.354759808800736 121029.33349837300193 305.17563431053702061
1072800 124.23795521284799293 184.02590452907699614 3238.2360562766298244 44.511894264579396463 3.6110286682065901864 -20990.653156658700027 121383.62232281500474 303.81340837047997638
1073280 124.14324565377299336 183.61227809964699986 3249.2653708106299746 44.518490916686801029 3.6274402261767200173 -21070.377531616701162 121128.90758584100695 304.95816122630600375
1073760 124.05027644161499722 183.17682313485099144 3260.2692243221999888 44.522689636658398626 3.6450520903334000522 -20907.692652209600055 121524.3976481550053 304.40383374402398431
1074240 123.94648561002199472 182.61587377505799168 3271.243881248280104 44.534487401761900571 3.6615162071228199991 -21081.177105439499428 121309.21690770100395 305.51873237291397345
1074720 123.83342350589700231 181.98112669318999224 3282.1815726086902032 44.554345538621703326 3.676984500468960082 -21187.738928627499263 121609.54609092199826 305.1143717947550158
1075200 123.71639834449200634 181.34174884142601059 3293.0811800396099898 44.568174455709296922 3.7017538426785598915 -21092.664942276598595 121620.96999930099992 304.38556434249898075
1075680 123.59942488995899623 180.697591822076987 3303.9420820085501873 44.579444245212201281 3.7196515666795297861 -21046.638030327099841 121715.18281420400308 304.57251534227299317
1076160 123.48744547500699298 180.09797546858399642 3314.7655786828700002 44.584721652411296589 3.7292153657076299034 -20914.299062408299505 121779.99524078199465 304.53417021943698728
1076640 123.38170385281999586 179.59473235056299245 3325.5565009169999939 44.594878530603502043 3.7446134026757200708 -20929.780839469400235 121554.41178502800176 303.16706872566197717
1077120 123.27169284789900416 179.05188592814499771 3336.3157273611700475 44.610334657367801015 3.7617677264531401704 -20822.37798837579976 121574.89761528000236 302.8611607876899825
1077600 123.15384446924099393 178.41576067805598882 3347.0399943572501797 44.622869854989502869 3.7847288230209099602 -20882.943229322499974 121432.5522262960003 302.57945004253099341
1078080 123.03921436448699467 177.81084762982200687 3357.72668026420979 44.636945570132901651 3.8046806160734099045 -20983.743526255100733 121509.12812098300492 302.66302471182098088
1078560 122.92038436709300697 177.14568239265798866 3368.3754499813699113 44.645568357468199849 3.8213670781753599215 -20995.131160561799334 121333.29225805800525 301.59815440035600886
1079040 122.80126333205299716 176.44740363839099473 3378.9834658383001624 44.649324153008500105 3.8308671936022400395 -20950.80519282340174 121341.20846270599577 303.76243866970202134
1079520 122.67389207475099511 175.70520364251498791 3389.5478318305099492 44.658501772843401056 3.8454723220617599289 -21144.353780557201389 121387.2867202990019 304.78975833387698913
1080000 122.54472578823499873 174.91589630800800137 3400.067350680580148 44.668361365406596519 3.8522373117976100865 -20982.587682952300383 121252.90298375200655 302.78120032005500661
1080480 122.41288037954799961 174.06941431333999049 3410.5372540061098334 44.673825609856102403 3.8617015684420099575 -20985.151853204799409 121220.59396227399702 302.58961714243997676
1080960 122.27748170182199772 173.21395070321798926 3420.9558615644300517 44.676175992169802953 3.8679012949890601014 -20845.453846513999451 121034.78342165000504 304.15848053222299541
1081440 122.14393465872099398 172.38492954894201148 3431.3230191932398156 44.687383106781602748 3.8846205769466499724 -20946.09641388160162 121697.2071889850049 302.71730257937701936
1081920 122.01675366683400625 171.59234939728901281 3441.6422949162902114 44.689375681282299979 3.9023643281527800042 -20947.793691275001038 120849.46776942200086 305.14576312408797776
1082400 121.88129899290399294 170.72377504947098714 3451.9124852666800507 44.69100903882220166 3.9091979083901700065 -21016.880263536098937 121839.75524278699595 303.94070613159198047
1082880 121.73747043915300026 169.74255721589199197 3462.1263309227201717 44.698740192430399532 3.9236551139406898869 -20973.447792811599356 121642.9545194490056 304.37150747737501888
1083360 121.59550464183999452 168.79346131379600138 3472.2826498645399624 44.703443064793397355 3.9345449573654001085 -21041.457378076498571 121255.62341246700089 304.04764431992998652
1083840 121.45054239524600348 167.82461277350898854 3482.3806688044601287 44.70860709790530052 3.945068455038000188 -21032.874132079399715 121528.76114284100186 303.58427495523000061
1084320 121.30726807127200573 166.89487584961298694 3492.4217469998698107 44.711788640886503288 3.9522392921502498275 -20968.842276254901662 121204.12559628899908 303.89922797943302157
1084800 121.1653150922810056 165.93758687339999369 3502.4072630730602214 44.715684055863100355 3.9640987391880200263 -21017.594217707599455 120637.85301515299943 304.11768447884702482
1085280 121.01148010505799846 164.86952782988498711 3512.33159283986015 44.717608495176200734 3.9682430793448899564 -21084.363581053901726 121194.93881036099629 305.90266682331599668
1085760 120.85825170686800334 163.79430409893399201 3522.1920430283898895 44.726534808574598401 3.9797643745134601012 -21063.272216258599656 121180.3853234660055 302.95149034270701804
1086240 120.70416088852100245 162.67579256153999268 3531.9856855862299199 44.728344369831098959 3.9876345983580701038 -20968.508436073800112 120918.38308560699807 303.86844075939598042
1086720 120.5502751334319953 161.57484081495999817 3541.7135411046801892 44.732283354773898054 3.9963992021981598057 -21115.767052087201591 121249.27069697399565 302.26592947897302111
1087200 120.39349220887299907 160.46078422677399544 3551.3747744087700084 44.735031391147302315 4.0102707969231898844 -21041.779939099800686 121456.9795025850035 304.53953863579999961
1087680 120.23062186231200599 159.31379311211898653 3560.9675462701698052 44.739228085021096604 4.0260411498222099524 -20988.938448298398725 120611.63807394899777 304.0976064951669855
1088160 120.0666844782380025 158.13393759765799018 3570.4911354690398184 44.759431474022200348 4.0453475205861497699 -21144.144455221099633 120795.57391932699829 303.81719380267998076
1088640 119.90121055023800523 156.92876062131699655 3579.9428054117897773 44.770265276458296455 4.0515684221892795946 -21063.803103427901078 121021.4158075430023 305.73436540634901348
1089120 119.73348615798200001 155.71081145822299163 3589.3224414208598319 44.780976453000398863 4.0714905470623596884 -21183.194316551500378 121144.28567645899602 302.70286616116601408
1089600 119.55613755118700681 154.39603533109999489 3598.6260426697699586 44.793440423925900973 4.0895414734550099567 -21046.507900540698756 120899.53817642500508 306.31228432675601425
1090080 119.37454023881899445 153.04404650824699274 3607.8486336818600648 44.792543089294902359 4.1080201560755895684 -20895.153787276198273 121207.1287572900037 304.01645322643298641
1090560 119.19580895149499611 151.71440727008800309 3616.9917484900802265 44.804565136331703457 4.125607749306650085 -21115.084368870000617 121309.38591966500098 303.71819713664501705
1091040 119.0129193857840022 150.34557375743500529 3626.0536794927697883 44.822338921045897564 4.1375880663030200068 -20972.630521409999346 121221.0552328969934 305.52831210972300369
1091520 118.83188967189599339 148.96966127385400114 3635.0323263928398774 44.847797513356901788 4.1441145348105496993 -21118.574879204901663 121176.03472203199635 302.6783234370690252
1092000 118.65852832830300656 147.66539444854899443 3643.9314600112898006 44.865584900393997714 4.1559972079863198857 -20984.268542137200711 121299.2201295739942 305.58571997469999815
1092480 118.48714088190699556 146.37812791824501346 3652.7528275164600018 44.884165292539798031 4.1701227911288798467 -20959.971009052998852 121414.35018368599412 303.50358922561099462
1092960 118.31600610787600658 145.08741752429500593 3661.4971164354701614 44.889051569467596892 4.1945641389472099192 -20873.897182910201082 121036.11587512800179 305.31491451950302007
1093440 118.13989101777299595 143.75990540544299279 3670.162225770960049 44.895389996827496759 4.2121668926662101384 -20870.067567365600553 120854.5876265429979 304.78835282684099184
1093920 117.96479971720400215 142.44834625794200633 3678.748131503480181 44.910017825771703315 4.2219272051301697246 -21094.852136083398364 121432.63658511699759 303.24126694463802778
1094400 117.78800242453999658 141.1064015726269929 3687.2543401025500316 44.931601331483498996 4.240223214802890439 -21069.952294109600189 121251.6723137319932 303.24636162692297603
1094880 117.6174335176010004 139.84390146162098745 3695.6821629492101238 44.944955187945900832 4.2495711949666397089 -21150.352520200300205 121747.58486262499355 302.23183038653797894
1095360 117.44131989519300419 138.51726740658199333 3704.0335056532499038 44.952745146188199499 4.2723711811687996587 -21032.721349996900244 121371.94076418199984 303.68816644023002027
1095840 117.25689043853900273 137.08531913154499193 3712.3017726808998304 44.951750198432499417 4.2844215687808295812 -21063.741185567501816 121088.4193968489999 303.82294300057998271
1096320 117.06730442010599802 135.59044678302998932 3720.4819160853398898 44.951951400644396983 4.2844037886158696793 -21198.102960226300638 121151.67602547700517 304.39140363501797992
1096800 116.88247385930199584 134.14435438729501016 3728.5738130494801226 44.962055574567301619 4.287299340631870237 -20990.214696533399547 121361.647961020004 304.18666954346798548
1097280 116.70416197185500096 132.78207842451598708 3736.5812362756000766 44.95983464485029657 4.2932283318414503626 -21001.546899140299502 121216.4086625869968 303.41620162537401484
1097760 116.52964290143100357 131.43642773252400957 3744.507581842090076 44.958677891710799202 4.2912827954407903874 -21026.664771631698386 121207.0143660879985 303.21356133311797976
1098240 116.35152417601800323 130.06604379544700123 3752.3529874832001951 44.964400850239996998 4.3050360677525603137 -21101.695317604699085 121237.65589293200173 303.14905683908597211
1098720 116.16778528616799804 128.62044484616899354 3760.1139589728300052 44.989147674008101774 4.3232862002171597027 -21005.411931759099389 121220.12818315799814 305.05112655504200347
1099200 115.97868296593499338 127.11230234385199367 3767.7861998964999657 45.00949636265379894 4.3455118779766301884 -20906.190401518499129 121233.90668260199891 305.56803270938098649
1099680 115.7770798274959958 125.52935110037199706 3775.3656854445998761 45.022633139568597471 4.3661789847625795957 -21125.362380872400536 121163.49014766899927 304.40092727648601567
1100160 115.57418025866400058 123.91940555591000361 3782.8489129155600494 45.02159164174270245 4.3831901019267096586 -21144.434572376598226 121028.0626060749928 304.02309951917902708
1100640 115.3754011965490065 122.33051628547799794 3790.2366034669798864 45.01692044404970261 4.3957996466895101761 -21148.47992685509962 121225.46151423999981 304.3617896631699864
1101120 115.17752048817099819 120.72487325029599958 3797.5282589371099675 45.0144155601503968 4.4108310316199297318 -21152.188800293599343 121385.73450970200065 304.84206609151999601
1101600 114.98057457529300507 119.13247241996600678 3804.7234527491000335 45.013455756590403212 4.4314158478955096854 -21086.61286660550104 121252.48816544699366 304.63677994600499233
1102080 114.78302318990999709 117.55607966805600029 3811.8247436291198937 45.011866803023302452 4.4475781808030099285 -21147.976148628698866 121055.91408449600567 307.86185302912497264
1102560 114.57595689902500169 115.88608080998800176 3818.8277595960498729 45.012543507437996482 4.4588908292812599043 -21248.586968745501508 121271.11315309800557 306.09645632237101154
1103040 114.37266056367799649 114.24139859456199986 3825.7315328913000485 45.032064400891002265 4.4702165550165497976 -21160.237024789901625 121365.23477456999535 304.75969533021401503
1103520 114.16777884365700402 112.6162609531869947 3832.5367510193700582 45.044164442790396663 4.4714512146709903817 -21099.648840122001275 120975.71753550499852 304.10136708929002225
1104000 113.9649137898870066 111.00278567501999305 3839.2456713905999095 45.047059690886001704 4.4743909300920599037 -21149.019840401000693 120941.66988614200091 306.18330442468698038
1104480 113.76174161752200575 109.36996135340299929 3845.8569155023601525 45.049744139433897772 4.4776040231124296653 -21106.001085042098566 121647.29713717699633 304.24234735264798246
1104960 113.55484288017500205 107.725398867226005 3852.3697588929899212 45.053759576316600999 4.4825767695062301854 -21189.459004188298422 121342.73978495200572 305.47448118537897699
1105440 113.34130355878599516 105.96766294730799984 3858.7811268496498087 45.059064355255202372 4.477312671502789776 -21036.420950315801747 120980.40025295199302 307.64189418873002069
1105920 113.13349815976799562 104.26421388354100372 3865.0874564745299722 45.075401666433698722 4.4796121849844103835 -21136.443618846999016 121106.21324466999795 303.93079710493702805
1106400 112.9268252675010018 102.56764804857199636 3871.2922723531301017 45.086849705436598867 4.4853206690631202136 -21055.423092351298692 121273.30991017799533 304.74379187028301885
1106880 112.72491690550199905 100.92768886519100136 3877.3966816357101379 45.100494252354103253 4.4986963599529401492 -21045.494997738398524 121332.49207943299552 305.21612666524799806
1107360 112.52135303388000409 99.281458748223499811 3883.403027885839947 45.106976224356699845 4.4938123276535897332 -21112.013151180501154 121163.58216954200179 305.19590419483398591
1107840 112.31441076141800295 97.595313007238601699 3889.3090587065398722 45.111267229339702567 4.4901916231494301002 -21177.998993912198785 121111.80695378700329 304.93717964141097809
1108320 112.1001112916439979 95.82222714741479308 3895.1122391825201703 45.113195167006402642 4.4915556595732599732 -21107.330349096300779 121233.49343404499814 303.88396891065099226
1108800 111.88197943918099497 94.018902477038793108 3900.8071449704698352 45.12266605019210175 4.5091530298845903246 -21121.764521441600664 121170.86533956399944 304.99499927504098196
1109280 111.66550952691399345 92.274733155455095357 3906.395827993920193 45.129747235863497679 4.5171859974172798857 -21044.350911945100961 120946.31678444299905 304.99347840480197647
1109760 111.44427848010900561 90.488665453954297391 3911.8785798637500193 45.150160417495001752 4.5378380494200598605 -21031.597468968298926 120959.18339612999989 304.54946462731300016
1110240 111.23091333545499992 88.742913970495195031 3917.2549967587901847 45.159411285637098388 4.5526905030142401642 -21034.51199241140057 120926.32745813200017 305.25174997704101543
1110720 111.01533144350800342 86.97914397418630017 3922.5269061077901824 45.171612923243401383 4.5743004018732502658 -21143.583001644001342 121202.67357544899278 304.39622505631001559
1111200 110.80268280218200516 85.213470418304993359 3927.6923223531198346 45.187292953971301301 4.5772176994597897348 -21198.698839169199346 120965.69971188499767 305.74218235173901803
1111680 110.58508157575700181 83.441336152874598042 3932.7519099442502011 45.199062000460600075 4.5899073639584697659 -21204.547430193499167 121245.36630004999461 304.8452348581570277
1112160 110.37392828422599678 81.721861421913800427 3937.7064817333598512 45.201015971118998493 4.6034682606109695868 -21160.390076903699082 121309.15131640399341 306.24622255204900512
1112640 110.163577768623 79.991377240776699864 3942.558139428550021 45.197287656589601568 4.6124054557918503505 -21162.070694734200515 121020.84477064400562 304.284664351616982
1113120 109.95137177730599376 78.24521088161429816 3947.3052838339499431 45.186127675103300305 4.6240394553970798341 -21299.909641402300622 121223.11949165600527 304.68801078413298455
1113600 109.74346927333100155 76.571711043390493501 3951.9496384320000288 45.17366556146590284 4.6294475275099795653 -21209.599882454000181 120980.42321354300657 305.0136877600990033
1114080 109.53706611812299343 74.913771842698395176 3956.4939483222901799 45.168326601966597877 4.6308933544368002799 -21149.033540475898917 121190.85322736699891 304.09870532784600528
1114560 109.33152877184799934 73.234346021481997013 3960.9384345341800326 45.170349616187202457 4.6360774299307596635 -21144.045357990500634 121047.67856509100238 304.30366109085400694
1115040 109.13308036210000296 71.622557832951798673 3965.283694858079798 45.16774158009700102 4.653635744267999641 -21193.250295898800687 121208.19961990100273 303.29589215946799641
1115520 108.92429228645100636 69.907056078834003188 3969.5303078108399859 45.174212475138098455 4.6565014408426801396 -21290.716107104501134 120974.60768202200416 305.71769483145402546
1116000 108.7101790524140057 68.122701842027595376 3973.6707673525002065 45.180464246684600482 4.6679537968741398046 -21326.217581697099376 121019.75304615199275 305.06686282615902428
1116480 108.49606177020800146 66.359194042846695538 3977.7053493987400543 45.181095764652397406 4.6748244259895299635 -21242.619630703698931 121072.36761454900261 304.14732208531097513
1116960 108.27900577153700112 64.58002356038339542 3981.6330143515201598 45.178637672695899141 4.6742040746143196372 -21238.592853316898982 121405.43744417099515 304.35409051641698852
1117440 108.06411869734100151 62.837048938316996782 3985.4557745352999518 45.175999803114500253 4.6860559337312102102 -21217.694941212601407 120916.99221796900383 303.82564641655199011
1117920 107.85064864385400085 61.084956254996697567 3989.1732619486701878 45.184639731540499952 4.6936744496053703912 -21403.322889120798209 121243.67306768099661 304.33658008543102369
1118400 107.63980963476799957 59.328058730374301888 3992.7848656288501843 45.194636724939698524 4.7094439185164000961 -21278.505825003798236 121122.52151982400392 304.50800371754201024
