Step Dist_Z Force_Z PMF_Work Rg RMSD E_Interface E_Poly_Internal T_Local
841200 137.72014567972399846 0.15558017240140700754 0.00076198031668262098271 42.533092646875999776 0.37067869141843901026 -23013.483895993598708 130671.77704866799468 309.10043038795402026
842400 137.73326945615499994 0.58330166780118297698 0.011922824470096800298 42.543882639785103095 0.65586202585715702718 -23114.257228323400341 130583.52067864499986 308.5067008207340109
843600 137.73998176954700057 0.94140680330551496091 0.034950433434549198208 42.545036418125796729 0.74549848578181299175 -23149.466549246499198 130754.67578310599492 309.66965316072202086
844800 137.74615587845698883 1.29990421293142 0.06881262854963129949 42.540213741669397507 0.80165557737018899864 -23090.549206084600883 130558.62605158399674 310.74047697089298481
846000 137.75057304294099936 1.6307006214409600631 0.11259437684735700003 42.517603259262500615 0.85984438071108704182 -22983.677766397198866 131248.57867091699154 307.0163334640799917
847200 137.75646877047100247 2.0181319464558198362 0.16719193058861100964 42.489718112151102503 0.89861174219293005194 -23030.333916419000161 130598.06717018999916 308.86616889837000599
848400 137.76888367178798944 2.4501053961273200343 0.2340653184248860097 42.469219826272698981 0.92875332315261105443 -23000.236693018501683 130872.93302513100207 307.56340053700301951
849600 137.77858328123599563 2.8517611513653600142 0.31332261159769897452 42.464286970461401438 0.9460586266534249944 -23091.855506051299017 130616.67165261700575 309.12075770992299795
850800 137.78638650448300496 3.2338405874427298414 0.40474557422019097341 42.457297251143700123 0.96722729411331398452 -23053.440969714298262 130547.24395278999873 308.447195236622008
852000 137.78745540180699436 3.5276387001310798297 0.50630715663549696881 42.459181808276198922 0.9902938248906459906 -23030.617302876798931 130931.72301645600237 309.06021949413297989
853200 137.78800032497699135 3.8409489813134398695 0.61658325409462699795 42.465585315235102826 1.0158419580570299257 -23117.735726613798761 131174.58440198999597 308.00460715539702505
854400 137.78863984371901097 4.1748933771476997023 0.7369803708987550106 42.479799222813596771 1.0337534259216198951 -23062.563302022099379 130721.62317339399306 307.99777999853699839
855600 137.79599338887200588 4.5778179480390503997 0.86794047525792294984 42.481241545484401456 1.0529977608133800349 -23035.143509466299292 131184.29373274199315 308.33030930456698115
856800 137.80556946662900941 4.9957263427857796501 1.0114812990302999296 42.482932166282303399 1.0717502737921800193 -22944.815878097699169 130349.97533159999875 308.21439953219601193
858000 137.80699344952199681 5.3274318052460998274 1.1666738591063399166 42.487898303131501621 1.0844986460766399272 -23052.391171562001546 131018.74858891000622 308.32470633388197712
859200 137.80358056357098917 5.6018356711947197013 1.3303940182484499388 42.486033808729203542 1.1021274250223001001 -23017.014715156499733 130495.94953967799665 309.68374666412000806
860400 137.80504729945698728 5.9377649040561299998 1.5034654338627999604 42.474596155596202607 1.1105000149109600649 -23149.459461544400256 130711.02077142900089 308.34853517030597914
861600 137.79558543207801335 6.1246262880625099712 1.684902683866579931 42.473331396278297234 1.1250257666791501077 -22897.789821383699746 131125.17752456301241 309.32210953817201471
862800 137.7774472813649993 6.2444621464142997525 1.8704586320640199659 42.480057358986698546 1.1547983137017598931 -23013.851201824898453 130696.08603929499805 310.06653489853897554
864000 137.75435060622700689 6.2860584388992100102 2.0587496607163697782 42.487742712201402639 1.1824651720222401075 -22971.514205096500518 130651.89489994100586 308.79514650510401452
865200 137.72447214972601159 6.2560223714368596859 2.2471727113889201632 42.488609894764998387 1.1994020219709899955 -23097.339489875699655 130526.43624908100173 309.79257017810101615
866400 137.69863360885699421 6.2589390341059099043 2.4346132308990999782 42.496466279064897265 1.2115955822355199967 -23100.825653576499462 131000.07152390800184 308.253342553796017
867600 137.6835087215829958 6.4031004404557396725 2.624573479403959908 42.49409390290669819 1.2199490203748000194 -23105.815732159600884 130577.64301438699476 309.33457783971999788
868800 137.66468347207700162 6.4830560392154596983 2.8176049117306098957 42.490012570745001597 1.2184866193870300677 -22924.22339627510155 130674.70976390999567 308.2166243171849942
870000 137.64709108430901097 6.5695487773264096276 3.0135017457033201893 42.492183824465399766 1.2355801989877799318 -23144.868831602001592 130798.68588493199786 307.45974949992302072
871200 137.6332527047970018 6.6884913766912701405 3.2122830022709201181 42.490197894485099539 1.2388927317894700142 -23078.531744392599649 130812.5870756469958 306.94554296453202369
872400 137.62290018270098813 6.8358424427567197057 3.4152377906304098865 42.493272409714002436 1.2427451764304300319 -23213.893247320800583 130412.54328171300585 309.86906395975898931
873600 137.60608802352300017 6.9218374736242296308 3.6217611194412899778 42.507495285110998395 1.2644710596913699696 -23119.702583271500771 130734.90284873099881 308.38109479286498527
874800 137.58494316376300048 6.977098326655870153 3.830550000801559829 42.519462260485596516 1.2780366563589899975 -23089.043807994701638 130510.09550982399378 307.77003221287799306
876000 137.56573081199900344 7.0710454432141398584 4.0407882416060099118 42.520827597632198547 1.2787561200609101064 -22873.299818477800727 130513.60516648400517 308.74377113010001494
877200 137.55762993170199593 7.2682141039937997462 4.2555726934236997039 42.521219929225800627 1.2852781769590999605 -23021.786111077799433 130432.41213568199601 306.59917528024902822
878400 137.55361632694800278 7.5589480364657397615 4.4780214836731904171 42.52471222910700277 1.29862401978806008 -23048.700176581100095 130609.60079630999826 308.12666340065499071
879600 137.55734950859701371 7.9257093924848698308 4.7104957568863197181 42.538938079567799377 1.2991691772633999769 -23035.172969018400181 130773.20712057400669 308.28710301053598641
880800 137.56221660223300773 8.2743721618649903604 4.9530673306482002616 42.562403511298498415 1.3044519412487098897 -23057.501727995600959 130436.52056620499934 306.54486484477598651
882000 137.56808952167699545 8.6096855810963894839 5.2072319060512901601 42.580246192831999963 1.3095383224435999114 -22973.316431964998628 130858.59769891700125 303.58130927174897806
883200 137.55858271992099162 8.8119079772937691786 5.4685722398814595735 42.584044056414398938 1.3177655337903200206 -22995.73371665779996 130381.71628535499622 306.63301384335898092
884400 137.53662737887600542 8.9206088712594304724 5.7347961516227998757 42.590363801110001418 1.3327074034412200731 -22887.965849560401693 130486.03951492600027 306.54795093078797663
885600 137.52604801536600121 9.1406951605829096508 6.0050009671985495885 42.602731992622899782 1.3527504207428200367 -22979.178071311500389 130524.64585917099612 307.17107709573002694
886800 137.52628295753999055 9.407259380334510368 6.2833360181943795908 42.60542418206320292 1.3709913774121600394 -22993.307746509901335 130488.78838289799751 308.54011797037099996
888000 137.52405808487699801 9.6335930555459192703 6.5691931848542104433 42.594717543392000891 1.3762723517158998998 -22945.75336692700148 130463.06659866399423 309.23968761236301361
889200 137.51513109604400142 9.8205961174383400447 6.8609385704403598183 42.58310861847890294 1.3723528956099499965 -23085.685872473601194 130505.53700065899466 306.75440829150500122
890400 137.50156442423698877 9.9926815422872898864 7.1584303391891603852 42.576147615108901334 1.3738865974335399134 -23041.689323311999033 130504.50111847399967 308.19448521392502016
891600 137.48809302648899688 10.150634502460800235 7.4607565883798896422 42.578806989040401731 1.3783033765544299154 -22946.804405442500865 130417.55954647800536 307.65399328197798923
892800 137.47774135333901313 10.307728359488699255 7.7671910346509998035 42.586276985240701265 1.3947808933558700772 -22759.228369553700759 130874.04810191699653 306.39204796259002705
894000 137.46746316273799948 10.48782188224880052 8.0798062129365995077 42.582299990945500667 1.4098963265885000595 -22861.109150262298499 130650.16558293400158 307.86599104436902508
895200 137.45783079666500726 10.642680070896799904 8.3962387142253493977 42.572228217027898722 1.4219295219588299339 -23045.070131422300619 130646.80622645300173 308.1420533859870261
896400 137.44540721162599084 10.788994368465600004 8.7175645346170504979 42.56798277966080235 1.4400058212950499481 -22933.969221439201647 130588.4608855109982 307.01641251222298479
897600 137.4231015127639921 10.869484290597599241 9.0425425240176195985 42.55922480526599827 1.4535730381686600143 -22835.338816091800254 130673.91179159200692 307.02946609193298855
898800 137.40347907844599717 10.996219539404000543 9.3700649791454306836 42.553083929532597551 1.477596131520799938 -22840.84227236820152 131102.33299122398603 305.74839998068802061
900000 137.39532774985599417 11.221059279929200159 9.7034771161645796411 42.55283949859430237 1.4922269815623800948 -22949.324013230499986 130304.80987549400015 308.01675703469300061
901200 137.386898837800004 11.463203453140399901 10.043319390387800638 42.55915770558630129 1.5028068769997700027 -22948.927407250201213 130873.47492497799976 307.80629297307200432
902400 137.38097158716598756 11.719225943508499554 10.391339425596800794 42.551626275419501155 1.5284236432027700214 -23007.789909516999614 130114.3100904449966 307.96974202642002183
903600 137.37053995327801204 11.913946311374399301 10.746132594801700577 42.551228845763098718 1.5344633357277599472 -23109.453005871298956 130627.90232577800634 308.30684829308000872
904800 137.3652761275210139 12.159814555921599322 11.106917919311300125 42.55742754465190103 1.5461903272456700709 -23088.268038173198875 130325.476160420003 307.24581564690402047
906000 137.3680348410860006 12.502113904624300389 11.476729979114299596 42.563960471108103434 1.5481321052176799657 -22991.651744189799501 130378.89756849099649 308.17956679534802333
907200 137.36990173648999303 12.83646095961920075 11.85722240892260082 42.561145621583499121 1.5505099996913400684 -23083.132038176401693 130655.17874788600602 308.24222152444798439
908400 137.36759585815499918 13.094377456949999328 12.246309352894199307 42.563322555065099095 1.552218756256309895 -23046.727321949201723 130312.15919674599718 309.85315698374301974
909600 137.36744164017500225 13.376490468342799645 12.643661774764700212 42.572216425119599137 1.5686793569115200508 -22999.110157742601587 130428.05039414099883 309.42459045646302229
910800 137.36447601899101301 13.670269496067900761 13.048816032590099923 42.577744489346102341 1.5713991187455200738 -22882.954161262699927 130644.09420267899986 307.7869406036280111
912000 137.36609594153199509 13.993539916443900495 13.463812001589200662 42.578897660235199396 1.5605399662935799387 -22867.361578653399192 130469.58387934000348 309.37283589825801755
913200 137.36376206263500421 14.287313190262899809 13.88793720744189919 42.581248108951001541 1.5596540818390101091 -22996.344255259100464 130550.3520886059996 307.9376701547760149
914400 137.36238037101600185 14.610488580895500732 14.32128579084699993 42.587753197295100449 1.5603359395875500137 -22824.97817324800053 130679.11829333899368 308.15391846994600655
915600 137.36306437513698597 14.973600672474800533 14.764821945030499606 42.589265448838901307 1.5518855688792601022 -23011.638873210300517 130683.03517033699609 307.48193347224702165
916800 137.3646832443619985 15.347655578767499307 15.219586388306499458 42.596146751928500862 1.5627066602559600561 -22956.166526132099534 130377.91420259600272 305.69283171734298321
918000 137.36142983388398875 15.622277402269800106 15.683955532232799257 42.594580900908802334 1.5733047369124399939 -23023.561927616399771 130606.34568380299606 305.67837347886700172
919200 137.36342289399399874 15.958343781264499484 16.157733650493099731 42.582325910720598472 1.580959498594030066 -23135.907662745601556 130450.36375830500037 306.98804640848300096
920400 137.36733846590499297 16.33642457107799828 16.642115523467101212 42.572335694150197583 1.5931409740600399605 -23103.451011734701751 130739.75555976599571 308.01270343086099501
921600 137.3707909714410107 16.682994664643100435 17.137352939214601122 42.556941337954000915 1.6039250638508200097 -23046.385336419400119 130500.29508503200486 308.1124995318530182
922800 137.37903220243600799 17.084990302173501675 17.643617707497199376 42.551092755602198281 1.6066410463096700845 -22890.354416620000848 130948.29822249599965 307.67834257855997748
924000 137.38790985502100739 17.495876029579800814 18.162631438471400713 42.540291429074002849 1.6070834823798298974 -23006.560824749198218 130985.49147063599958 307.28109914133000302
925200 137.39120278839899925 17.853899131467098726 18.693060421095399448 42.531903499538401547 1.6175902183409400781 -22963.310260106500209 130459.61412937600107 309.76682231774202592
926400 137.3973712483430063 18.205361514069799966 19.234072032522501416 42.537950936186497586 1.6164041378237299362 -22843.899880322198442 130402.94481259500026 309.32558694338200667
927600 137.40085238268099488 18.532029310636698227 19.785075178152698783 42.539833339127596901 1.625323483408050107 -22868.59093061619933 130268.70297275000485 309.65792559150901297
928800 137.41618249400099216 18.959858562036998819 20.3473138104045006 42.555547556398302333 1.6224361671713301014 -22919.740690651000477 130678.32021594600519 308.47941294374101062
930000 137.41549727728300923 19.289174969091099854 20.921012853097401774 42.555673841227502407 1.6292444676545700943 -22835.175307984798565 130559.51653670899395 307.17218211624299329
931200 137.41827200510201124 19.655696778771599043 21.505340958658198502 42.568107432445501104 1.6258162308070300828 -22681.305446528400353 130390.39146081400395 308.60357941722799069
932400 137.42074642228399739 20.017206780374099395 22.100181990943301713 42.583552295732602033 1.6329907036244200036 -22766.641813209600514 130507.26788101199782 306.83006423139897834
933600 137.41706111176000604 20.33741706714249986 22.70555092302770106 42.609670422893202613 1.6396548382661799703 -22818.187590712001111 130589.11010797100607 307.75714033887999221
934800 137.41886271685399379 20.688450580370300713 23.321062797583998361 42.623788521988501543 1.6416717266390898899 -22750.254970415298885 130679.21900085599918 307.21929534133801099
936000 137.4217820964580028 21.012386054178101347 23.94629360796499995 42.633559266274296817 1.638759909347099919 -22871.144087686301646 130389.67385113499768 309.19835775237902453
937200 137.4274816231130103 21.370658782930899378 24.582045615262998695 42.642824125755502962 1.6404502941043299646 -23051.902261212999292 130497.2379371470015 308.26617777462701042
938400 137.42724729907999404 21.689492416547199838 25.228195168665301651 42.646301058024498332 1.6435512043643198954 -23034.863215635399683 130770.06416471599368 307.47193068856398668
939600 137.42820112937801014 22.028905971589900048 25.884205541679801144 42.64062497145850017 1.6406887105138900917 -23108.853383783400204 130544.31105700900662 308.80981791085901023
940800 137.42041910929000892 22.309093734548699928 26.54889871307729976 42.635539064518496843 1.6332714518210000865 -22677.279422956100461 130365.79151963400363 307.79560975625400943
942000 137.4117749127159982 22.559931794104599589 27.222308407071100333 42.65273694296200091 1.6345110325370000304 -22881.286062475599465 130558.24618100699445 307.9521257000799892
943200 137.40461271709600055 22.793482626907799471 27.902528544077998873 42.658723069312998177 1.6464250428631799217 -22848.172315567200712 130094.28595097099605 304.76323419971799922
944400 137.398504766776 23.045280149854701079 28.589998738465499883 42.663733176662098856 1.6604353264008300251 -22890.740221579799254 130482.05814491200726 306.66070431252501294
945600 137.39188661761900789 23.30734373729480069 29.285108499226101486 42.670736677841397011 1.6778932475614201092 -22809.522564477898413 130837.86323829699541 308.57891359964298772
946800 137.38472345714200173 23.547458159556001078 29.988040656266200301 42.667370551354700581 1.6830923645262800825 -22881.863401978200272 130563.4917307739961 307.43376027865400602
948000 137.37468616048599301 23.752879576139999784 30.69759800461229915 42.651091912020497432 1.6902600933362899038 -23083.873783436298254 130387.16610128499451 308.13575935758797186
949200 137.36369475014299724 23.957207007120601361 31.413090253374100769 42.648992998289600109 1.691701719045759944 -22942.716725401598524 130719.66840196499834 306.67477760442397994
950400 137.35099073674800252 24.140040957083101603 32.134770867786798476 42.650034368020598663 1.6832878631116900969 -22789.234228182900551 130300.47481131799577 307.59630353186798857
951600 137.3403134360200113 24.329355314426099 32.86177313481829998 42.64790124724409992 1.6952248457300900242 -22832.57709839889867 130370.05610521399649 308.03366669320098481
952800 137.32619007230098873 24.504395266724998237 33.594433465902397984 42.652788424108997845 1.7127279941488899873 -23046.994619310000417 130082.480663438997 307.4711078357399856
954000 137.3155698242919982 24.707974082991398745 34.33266849307509716 42.650672700996800302 1.7244917369591099554 -22890.279058451600577 131020.59795575799944 305.12171239332599271
955200 137.30502711519599757 24.89108158450860131 35.076907097171400096 42.645515708311599212 1.726956688878579893 -22897.890303573400161 130043.82988845799991 309.2025509254519875
956400 137.29297579787399286 25.097875639615100596 35.826649171501500746 42.651603746627003488 1.7250100374309900175 -22859.324597883598472 130578.8096361200005 307.89775754211899539
957600 137.27473654300899852 25.270627481373601597 36.58221581948090062 42.66136048552979787 1.7261104202609800495 -22873.595794518998446 130758.45278678799514 307.38465380670800187
958800 137.25305127768899638 25.386556846109499475 37.341997130380200076 42.672641783224698031 1.7339083620629900384 -22935.31371238689826 130200.20356363900646 306.61271821616497846
960000 137.2378851675119904 25.56397379802789871 38.106213811341199005 42.668395432246299492 1.7430467131146800686 -22994.241825235400029 130152.07409417000599 308.41966478654001094
961200 137.22218760520499359 25.737997167635800366 38.8755994246430987 42.667432497569400596 1.749946251909489936 -22833.13933597509822 130382.73605294599838 307.71078445205500884
962400 137.20566197009199527 25.930704315695098927 39.650446397403598553 42.67186249240160123 1.7558439367401599274 -22922.19912801729879 130896.81213099899469 306.61420027179701719
963600 137.18717611728899897 26.080752777080199678 40.430823708321902643 42.676152685231400596 1.7468228813434800717 -22941.478404391498771 130629.32533705300011 308.82814385889901132
964800 137.17554664295099087 26.286755339290401423 41.216347316076898721 42.671163068577399713 1.739227273484839964 -22872.539313255900197 130387.67323205899447 308.36549718014998689
966000 137.15510007937601245 26.367304352674700851 42.006344626654502861 42.677395865315197909 1.7325545239076500792 -22765.205318699099735 130418.66723356100556 308.5808041195430178
967200 137.14099311583700569 26.542243865780498879 42.799579440203601166 42.686010189959901595 1.7445471716029199438 -22962.390041373299027 130380.85355450000498 306.95922391579199484
968400 137.13892270043498911 26.811431449282000727 43.599918710775902753 42.692427878343700343 1.752104664212589924 -22806.902093708900793 130702.60318626000662 308.95393022912799097
969600 137.13693404331499437 27.087695579228100229 44.408819810175103271 42.694953590628202278 1.7573845285940599137 -22874.34917265940021 130783.29636721500719 309.46456712864699057
970800 137.13026415298901384 27.355030479408000588 45.224981844356797467 42.694757970850396589 1.7457750458853600328 -22673.117712792300154 130087.02124902700598 309.24412648353199984
972000 137.12275083041001267 27.633310202926701038 46.050050374414297494 42.681469618015498213 1.7494187475842299939 -22921.763155444401491 130239.9023155199975 310.11794872628502162
973200 137.11300863580899545 27.869427828711099693 46.88259206009610125 42.680590059123602487 1.7551854457759299422 -22825.265243045399984 130545.49957237999479 307.06097901846197828
974400 137.1040834142829965 28.097910960661998558 47.721839022758402393 42.678867842917696862 1.7791625326824700437 -22738.99855075440064 130383.29042616600054 307.94634631929500301
975600 137.10716096830299193 28.405566845170998391 48.569474738811997838 42.701686592814901644 1.8049786027375500641 -22931.456454449300509 130395.31740704399999 307.78211486812500652
976800 137.10888550475701209 28.72497548813790047 49.426258042273296667 42.712054056633796506 1.8067464887073501068 -22946.74865228589988 130630.84451739799988 308.84309272361798548
978000 137.10667431199098587 28.991851832026700464 50.291831161331899125 42.710196650228702708 1.7914506438622899154 -22889.62626047879894 130127.59054622700205 306.80449034131697772
979200 137.10835289728998987 29.326384870207398592 51.166517271830699087 42.702975982765899232 1.7850645574079599953 -22945.417624575798982 130352.0910860629956 307.7852633013300192
980400 137.10927579945200705 29.624417374074500486 52.051005197745702446 42.694395377544402947 1.7816124151073000625 -22838.406376687300508 130908.56651122900075 306.67752280402800125
981600 137.10275753138000709 29.839092978939699918 52.943346936781701118 42.695902016618397568 1.7845532315026899628 -22867.235942144699948 130427.64188544200442 307.79722636385099577
982800 137.09564527740499784 30.079074379064298483 53.842013973021103368 42.70510887257780297 1.7974416497479099863 -22971.542969239999366 130495.27309639200394 304.20587230508499488
984000 137.08622432158898619 30.290122807215098533 54.747772542259198758 42.712995214912503172 1.804951845954289924 -22840.507033243498881 130989.86020228099369 305.50398500104398636
985200 137.07292836204700848 30.46377541513999887 55.659260374664903281 42.720441392746899112 1.8106941693679499128 -22798.771042426400527 130343.37024188399664 308.24811709077198429
986400 137.0688764459370077 30.734933568130099246 56.577031401589302106 42.727910883124899044 1.823696607702310013 -22896.929150358999323 130870.83681114000501 305.49081505748199561
987600 137.06918390044700118 31.040791548372599351 57.503622636962802517 42.730377108645200224 1.8382374778335999199 -22684.903330142999039 131018.53856348899717 305.79421900999301442
988800 137.06604957144500645 31.304795102802899009 58.439472673608698017 42.722425027791302909 1.8454044184504299064 -22891.014344349798193 130247.71202630200423 306.837566849411985
990000 137.05169338337199747 31.448173395296901589 59.38069285525949681 42.708237880126198149 1.8583638200999099688 -22827.981719455601706 130483.42287126599695 309.10115628558901335
991200 137.03720695890100956 31.565058621532898542 60.326418930033803179 42.69627958871780038 1.85308609257149004 -22793.941803732199332 130622.61885650700424 304.91683383226597925
992400 137.02159326981501408 31.6640263389883998 61.274567290690598043 42.685190160937601433 1.8402050821853399576 -22773.663497316498251 130145.12561743499828 307.69289702859299496
993600 137.01604085951200318 31.904991411644399335 62.22781463440109917 42.670722886901103266 1.835027727556360011 -22795.66141586230151 130348.79725523000525 304.80838849788398193
994800 137.0108295175909916 32.118975036354498798 63.188392303792198845 42.659232599503098982 1.8374799255795499775 -22813.127718327199545 130359.84525182600191 306.7217185783940181
996000 136.99858179116199608 32.265332598971596667 64.153848720632595359 42.652952877486498551 1.8496572526574199813 -22822.350677777598321 130694.42150577000575 306.34523839417897761
997200 136.98771515969599477 32.433898433041001397 65.124362864318996458 42.652638854732899176 1.8617220243690000281 -22827.307321017600771 130498.12393438299478 306.20026038111200251
998400 136.99049095706800472 32.770566470506302892 66.10183886794570185 42.647965536630898953 1.8632186096374199202 -22794.007456419898517 130286.805781174 306.93449219559101948
999600 136.99810621665500321 33.173803256184299926 67.091262937362401431 42.655116371621296878 1.8667873036887598914 -22751.3608137541014 130237.25013251400378 307.12326638121902533
1000800 136.98965446425100367 33.422165705826799353 68.090330381354604583 42.65894782020730247 1.8739935548527899556 -22744.239410199301346 130122.45917005999945 307.87420218757301882
1002000 136.98456790827199825 33.6926295330034975 69.097289664174894597 42.667031794837100733 1.8725531338479499688 -22694.678898279798887 130363.1775798729941 306.95298595858997714
1003200 136.97634898722398589 33.942425905991598256 70.111975409869799591 42.675587406318499006 1.8766542297745900658 -22771.172260290200938 130316.17781730399292 307.18141214070902834
1004400 136.97343984269400607 34.213928991636699095 71.134126502536304315 42.689303929874903076 1.8870679342805500855 -22862.155404327000724 130810.1364070270065 304.51501937292800903
1005600 136.97331438735500342 34.528687419112301882 72.165184993512298206 42.693253823919597778 1.8970982472989998957 -22704.16904713240001 130332.48765372199705 307.1400148119359983
1006800 136.97161876662300983 34.826423142041498693 73.205523648881595022 42.703149332376803216 1.9002450217468200844 -22573.104774666699086 130162.08310009900015 306.06468186363002815
1008000 136.96569162234499117 35.082522949099399057 74.254541574602299647 42.695809473500901277 1.9041407721220899862 -22711.066890665901155 130415.06140333699295 305.71572247292698421
1009200 136.96749946550198729 35.388467902265603016 75.311538320034301819 42.692736168133698982 1.9012646557335199926 -22639.252386352098256 130405.07211702999484 308.45870194707799783
1010400 136.96654158203298834 35.67359209924580199 76.377660315222101417 42.693261671949102265 1.9042613916376001093 -22766.846277965698391 130141.30186845699791 305.80755581586601011
1011600 136.96906878241799177 35.982993917942998507 77.452329704386798426 42.692132660047100501 1.9167199895653899144 -22639.713174087301013 130168.09254616100225 308.01575209317297777
1012800 136.96471465717098681 36.231808382862801921 78.535794011668102144 42.698577986551100594 1.9211073944767300681 -22761.519254752998677 130325.31287790299393 305.34184030964098611
1014000 136.96723437161901415 36.552414695600198513 79.627432865006994689 42.714636738479903499 1.9258168855350399351 -22745.818341184600285 130374.49249627499375 306.49845686037701853
1015200 136.96790700071599645 36.87602310578429865 80.728955727189003255 42.727679732855399664 1.9164709133161199617 -22575.390029639700515 130605.37440596900706 306.91694966719001059
1016400 136.97437428969899997 37.230315830793003329 81.840437286332502254 42.74469977972280077 1.9327462266281500991 -22709.671854245199938 130206.65615333999449 306.87594719343002225
1017600 136.97186699634099227 37.506266838908402406 82.961680963424697666 42.76650966040030255 1.9278785312484800762 -22682.988152249999985 130256.31360444800521 306.70129423294901017
1018800 136.96759301795000852 37.781740107526303518 84.090612926999199317 42.784363136631796465 1.9195163144422799917 -22613.730439139599184 130695.8791119660018 307.63894002295802466
1020000 136.9740475564269957 38.128587191928097866 85.229528158082104028 42.79221932543519813 1.9292479300795799535 -22680.340303661301732 130013.69389837600465 307.49058130314102755
1021200 136.96532687861599697 38.3432019756330007 86.376651762172699023 42.785770132251101927 1.9261616337969400536 -22715.842054584398284 130337.18313326399948 308.40329511799501461
1022400 136.96513718654000513 38.647267477229199528 87.53157256083399318 42.770356753223197188 1.9343065706541300308 -22686.027350324100553 130626.63773294900602 306.5517265730049985
1023600 136.96192090183700429 38.890570881040503082 88.694515462767697045 42.763871225513099716 1.9396060337166500798 -22616.731465688000753 130837.00648005999392 303.42516745497698594
1024800 136.96186599446500054 39.171113401505103013 89.865755316212997172 42.756600366068596486 1.9462707341518299398 -22759.974976255598449 130310.32737875099701 306.31530199086597577
1026000 136.96407083682399275 39.468379213557902574 91.045140842097097789 42.743875479917697646 1.9454886892955201017 -22703.545904028200312 130793.36598984099692 305.44019628426002555
1027200 136.96786678410899185 39.758286695438499692 92.233776443220293118 42.744344449600099267 1.9555185548601599077 -22612.833482610400097 130222.18596221400367 305.69446084272698272
1028400 136.96131482755998832 39.976207043400997065 93.429862153340195619 42.75569459200679745 1.9680816984857900653 -22735.417314820500906 130250.44179985699884 306.61335644676898937
1029600 136.95779962282699671 40.209052196017402991 94.632512585305804009 42.764682742415999428 1.9871565069956500516 -22770.32900061050168 130418.506150109999 305.79062880283402137
1030800 136.9581641714800071 40.484569513103998872 95.842688389836297347 42.779001718133002896 1.9957427175937600961 -22789.098322468900733 130228.61479735700414 306.63102667430501924
1032000 136.96103897149100703 40.767998609833199453 97.061721871254903249 42.779954131628599612 2.0049180975765601431 -22805.894446202200925 130478.68756011099322 306.72171032237201871
1033200 136.96519610778798892 41.031384176131602715 98.288380433854399598 42.782421806706700806 2.0164584879132698703 -22880.91962135329959 130134.31492212699959 308.31546467885601714
1034400 136.97781274084999836 41.399814717120897001 99.525080101002103561 42.771349545503902334 2.0115534985500200804 -22790.784636783300812 130147.04885149700567 307.17293823030502153
1035600 136.97856968904500263 41.630658932408501016 100.77053309144800153 42.762545801646901111 2.0107001444559298164 -22717.873335167299956 130267.02691234200029 306.83117249768599777
1036800 136.9789175067670044 41.886063412940700346 102.02340189171400198 42.758524906411899735 2.0129420852774901896 -22737.568534549700416 130438.950336873997 305.24482790804097476
1038000 136.97322714656701237 42.054620946208302712 103.28231496632899677 42.767973148069700073 2.0239860233287298996 -22612.894782444298471 130369.88628185799462 307.27539847481102697
1039200 136.97692259591599395 42.35197204798620163 104.54821256053999434 42.778867166840100822 2.0229040366285300223 -22741.748608499299735 130288.59776545499335 305.37429787423502603
1040400 136.98529925953999964 42.676293844034802305 105.82362961194100137 42.784771173101603381 2.0297624721885201282 -22739.184952067898848 130322.04002023300563 305.84599619154602124
1041600 136.99253209427300249 42.982850661400902936 107.10850329416099669 42.781623178519097905 2.0543566156353398888 -22830.354876468598377 130099.38298509700689 307.70761848411302708
1042800 136.98987256461998641 43.19793696777170311 108.40138935814600529 42.771594620192701086 2.0536369064841699661 -22756.426935720901383 130547.76397148100659 307.19460687708402702
1044000 136.98465272510600244 43.383725150882398225 109.69954890859899876 42.775074336657702645 2.0544444026778001522 -22716.216518275101407 130203.70894131300156 306.468199760711002
1045200 136.97957462773101156 43.609769940102800945 111.00433982427999524 42.777521056475698913 2.0546998030966401316 -22706.48588654429841 130376.27434727600485 305.61972503513197807
1046400 136.97198632397200413 43.808661370083697761 112.31544330189599634 42.788364474602502696 2.0659576335232698874 -22620.158297786598268 130760.66695683900616 307.18896689731502647
1047600 136.96388013474600598 44.004376103367398798 113.63255073324499733 42.795443730221997214 2.0810558545568400568 -22676.186746577001031 130458.2002089680027 309.09896235613001636
1048800 136.94251781889198583 44.102355598749298338 114.95421077807699817 42.786578052002596451 2.0857191882445298425 -22685.201113068000268 130536.81911788400612 308.44078230264199192
1050000 136.92479992276199141 44.200389107605097649 116.27856374271499362 42.778224946055601663 2.0782900977155800426 -22751.457141728500574 130548.67753317799361 306.62952418102099728
1051200 136.91469378343600738 44.365227684556302279 117.60692930210299778 42.77535712931540246 2.0806272180830198693 -22581.36917029380129 130490.02958309699898 307.25083668860298758
1052400 136.89966037096499463 44.478852312722700901 118.93999727567199898 42.776733310569802882 2.1018416049809198753 -22602.069398284900672 130084.5743006279954 307.08491951887799587
1053600 136.87843786353499809 44.521472484405897774 120.27473364739199724 42.772067843902000561 2.1233967623262000046 -22447.800194056599139 130541.48282910999842 306.89273021810998898
1054800 136.86413865900701126 44.652296659170502835 121.6126568325829993 42.758112470629797031 2.1297006231424902012 -22724.69136989440085 130488.03062205399328 306.10182477081900743
1056000 136.85081289547798633 44.77013368608629662 122.95393324315300276 42.749929226068196897 2.1332062808145400012 -22683.208566457698907 130670.48256893400685 307.38689741880398287
1057200 136.83919424654499153 44.927566037546796451 124.29933237689600389 42.752854432399097107 2.1481845859498198692 -22734.167407141001604 130577.62259692899534 306.5749831202920177
1058400 136.82738807985100493 45.070158792563198347 125.64885573298199972 42.760279007181303257 2.1514028076264302136 -22641.862600325799576 130409.32705963500484 305.33327964612999494
1059600 136.82171977445798916 45.267914977383398423 127.00358125685799848 42.76668526400099779 2.1591082807022599077 -22697.17575443250098 130070.92862773900561 307.79921610928602149
1060800 136.82288960151799984 45.567845758635897369 128.36596562909801378 42.77593404470349725 2.154075264856280203 -22626.563207113100361 130148.85543677200621 308.38272952600698318
1062000 136.82654649976700512 45.884465534310599821 129.73789976276398761 42.788791383557700954 2.1437908253029100969 -22772.518693681500736 130069.31685705299606 307.44347108316799222
1063200 136.83426818474200104 46.24929752617929779 131.12002586019900718 42.807882612989601512 2.1417061141521500645 -22820.164888969298772 130431.32850912900176 306.34176914832897864
1064400 136.83712662847199226 46.565631934394900782 132.51218965581000475 42.82482850493909865 2.1379173215458497914 -22780.443628934001026 130599.99754442399717 307.30020333679198075
1065600 136.83977343810801131 46.901065839179800321 133.9146567411000035 42.837482574102502042 2.1492932209499802099 -22724.275779590101592 130299.77581520300009 307.71466093727502766
1066800 136.83056482389699227 47.103901276017197119 135.32488065592499993 42.845717102483398264 2.1445675581477501304 -22800.382096533998265 130682.12331990699749 306.41300216098602505
1068000 136.81714111219901042 47.274316638951702885 136.7403819178450135 42.845477457660699372 2.1477832068989601844 -22749.387710882001556 131052.90961555899412 304.14203515633300867
1069200 136.81517756480099024 47.55966489945809883 138.16282116738400987 42.836800298033601564 2.1523717749930000309 -22617.752392547001364 130386.43583314400166 307.80231369096298977
1070400 136.80765017310301346 47.776211757367498478 139.59281354786401153 42.828211593751596808 2.1582487081911398974 -22823.208469525001419 130365.76911367999855 308.18404965174897825
1071600 136.80182963154300069 47.977818804425396593 141.02911208781898722 42.824987441443596481 2.1663928109262902133 -22773.92938662259985 130279.652764450002 307.04267561480600079
1072800 136.79476924809199545 48.17758762446619869 142.47105924757300954 42.816726337310399231 2.1840392678379298985 -22916.305160359399451 130212.98548266700527 307.96507041064597843
1074000 136.79126036681799405 48.436251529902101254 143.92043849864998606 42.815784670617496488 2.1933152025805298102 -22708.604860194300272 130368.62759637199633 305.86938274627499368
1075200 136.79340020463101268 48.715586221636499431 145.37732896921500014 42.814639452797003116 2.1945725840028997844 -22640.414359790600429 130410.38100414299697 306.18300933573499378
1076400 136.79180641074898972 48.989334753388902755 146.8430855400480084 42.828315840366599332 2.1942229146040799215 -22731.241470217300957 130025.37720089999493 307.44556404382001347
1077600 136.79541753752999966 49.308685750917803148 148.31726269705299615 42.844969606003196816 2.1893824734960700695 -22612.860159991399996 130300.20898150399444 305.46377943204100802
1078800 136.79835086117898868 49.636213615676901156 149.80177287137200892 42.862790263674497737 2.1781407491491098227 -22658.973068472401792 130108.81727944000158 308.10498373901998548
1080000 136.79122753437499682 49.851165638657697343 151.29443286948898617 42.865309659674998954 2.1857827487139198652 -22713.05865766900024 130510.29044993899879 306.67134250867798073
1081200 136.78246543789600764 50.052932977544301707 152.79280139139999051 42.861038164105899284 2.1910978244653400715 -22622.6543241260988 130122.49178663600469 307.19322236924301706
1082400 136.77211420340000814 50.235849668724000594 154.29707189720198812 42.870563094752696998 2.1875179585247801484 -22622.763925727100286 130163.40009705499688 304.74795186199600039
1083600 136.76271631752300095 50.446242178750999585 155.80764238749898709 42.878753382774000613 2.1938132309180100599 -22668.427399601001525 130222.66096547599591 306.03257045717799656
1084800 136.75329534614098748 50.608965633500197612 157.32349557169300169 42.895400282020197835 2.2004156186746901547 -22676.519166879799741 130569.61639017199923 305.14457003771701693
1086000 136.75333194174999107 50.834364709031802931 158.84488319977899096 42.89029322000929767 2.2020412589330300435 -22667.650840056798188 130441.49290229899634 305.76787652979697896
1087200 136.75332827527199697 51.113759922373198208 160.3742021384460088 42.885964308105300802 2.1995182218534798935 -22786.469067412799632 130350.61298726100358 307.76883430385697693
1088400 136.74922274025598767 51.34450840509320102 161.91084024451299683 42.870237010021803314 2.2134084627192298633 -22785.398782570500771 130438.60946404500282 305.94672308705997921
1089600 136.74464635237299603 51.541758831355899417 163.45441267171401023 42.866819289550896599 2.2095182802596400329 -22540.195390989600128 130127.30837734999659 306.63476459782600614
1090800 136.73209866555100689 51.655771563915600098 165.00237935375901088 42.880815973718000578 2.2178983512349699225 -22620.677146058798826 130260.91404440700717 306.00692947562600921
1092000 136.71803728377000198 51.768118517581100946 166.55357938396599593 42.883667289207600959 2.2260031771941699574 -22725.483647552300681 130226.75795887700224 307.26460669798899517
1093200 136.70760642610198943 51.924463978289196575 168.10880930080901408 42.893985056632899955 2.2193358216262901728 -22664.926639917499415 129970.16451088800386 308.56623952267500499
1094400 136.69908106308199081 52.089799976450500196 169.66897102428200128 42.907677380666399358 2.2203012375053399197 -22736.672441805698327 130214.00080971900024 306.2469716814650269
1095600 136.69420323303199893 52.352114197528599959 171.23565112881900063 42.92758822298060295 2.2365742328910198644 -22683.916816331799055 130323.8872987049981 304.63793011704399305
1096800 136.68396365728798969 52.564113373974997501 172.80940412251700877 42.942439639648398497 2.251724313055090132 -22642.532465792901348 130507.08814006899775 305.17045362746802084
1098000 136.67567678724199709 52.744547603787097501 174.389143701474012 42.943845153368101819 2.2679474459502602102 -22594.502275413498865 129753.64847872300015 307.49073364004499354
1099200 136.67019285293400799 52.93154213805649988 175.97430647148800631 42.960452461920802136 2.2855518365199398723 -22737.559233254298306 130491.67972870399535 305.46007842861899917
1100400 136.67277814530299906 53.222872648413300567 177.56620386079200102 42.969595833984399746 2.2906438248282698922 -22778.747604117201263 130368.88440861100389 306.41508023784399484
1101600 136.68123301946999959 53.583615501847397411 179.16849096095000959 42.97308223893490009 2.3119578341536599631 -22708.933897296701616 130188.61598301200138 306.14486043471100629
1102800 136.68808777281699918 53.920453696945102706 180.78131206436898992 42.973461539713497359 2.3236175492725101854 -22691.86993064680064 130224.18839040599414 306.03950177562097679
1104000 136.68132288760901361 54.121702356615898566 182.40205075031300908 42.962486910822100583 2.3238050562575298663 -22790.532205046001764 130485.91964894700504 305.64793881116702323
1105200 136.67948665056098889 54.361704970670203352 184.02903758562200665 42.949402160930496564 2.3434242525013599945 -22601.834211631601647 130130.21899278499768 304.52503158669497907
1106400 136.67154129147900221 54.55434657898580042 185.66310700279498747 42.930347293009496923 2.3600508226235201725 -22638.83249975669969 130078.71066856599646 306.47293570854799327
1107600 136.66056023043100254 54.711101650351302794 187.30226048472599132 42.917080304340899488 2.3649680855841501703 -22607.524871590598195 130035.69194603100186 306.67730136648901862
1108800 136.66126551027599589 54.991187086295397535 188.94738352692800731 42.916208307081298301 2.3894691707274899883 -22659.192131580301066 130211.4727082879981 305.26636277141301434
1110000 136.65898475978698912 55.243059676621598442 190.60122532746200363 42.931841201140500175 2.4006587323311898707 -22656.783791130401369 129984.68304428900592 307.18139408248697464
1111200 136.65572278200900769 55.47807204245069812 192.26158337855500235 42.938742302862102918 2.4122193179482800396 -22702.20269547569842 129900.74882356100716 307.25235433845102762
1112400 136.65812577684698681 55.78173010575410018 193.93043445397000824 42.941772460089097763 2.4266764318072899798 -22589.308677373701357 130379.15022794299875 306.43810155154000086
1113600 136.65514828555399163 56.037341586787299264 195.60799944580199394 42.947145956718202342 2.4398697274734701956 -22846.013209798500611 129978.36356880399399 306.69638445626497969
1114800 136.63961800047201223 56.151357076188702422 197.29101557587401317 42.948770776238902158 2.4430434278154598005 -22788.462462324798253 130400.03263135100133 304.96876674529897855
1116000 136.62366568895799901 56.253417467670701058 198.97695099172199207 42.953760754836700642 2.4504304833156900223 -22802.880412561498815 129838.13299242500216 306.62778409007898972
1117200 136.61880844876100127 56.452491475492898587 200.66744577656999127 42.959082138008596985 2.4547973243625298423 -22785.01709292670057 130072.11698592100583 306.43172293127099692
1118400 136.62002010751498915 56.776733970789599937 202.36565969571799428 42.948545238010503056 2.4662143943221401798 -22818.418868514199858 130219.48239688300237 306.03939389487999279
1119600 136.62321457987400208 57.128032771005599955 204.07432393075299615 42.939321572055497711 2.4627192125728298855 -22744.234365996599081 130208.49739243500517 304.55768398169897182
1120800 136.62677236179399642 57.449341518331998202 205.79331745009400834 42.951111407569399603 2.4689356833447999584 -22664.494796131199109 130313.99304382200353 304.8698570046730083
1122000 136.61627527936099114 57.665621970359097759 207.52006846623601177 42.959488301290797096 2.4648333917147700056 -22767.650103118801781 130195.45122454299417 306.65125902992099327
1123200 136.60120200827600456 57.831340642785498574 209.2523629779979899 42.970618530377400646 2.473038384867309869 -22718.262859687900345 130267.03098189299635 305.98135090892799326
1124400 136.59929093090198648 58.122277232882801457 210.99157300376299418 42.982944424651400084 2.4746820803411400114 -22644.716832024001633 130323.46418910300417 305.22863905145300123
1125600 136.59792342111501284 58.440003105205200029 212.73976758301500922 42.981406995230301504 2.472157352495569782 -22701.571876911599247 130088.55152743599319 306.40627084690402171
1126800 136.59946820711098781 58.762914282227399099 214.49800106260499888 42.988301177480899185 2.4740069285952799305 -22756.154962916698423 129941.40971675400215 306.71179685816201754
1128000 136.60037696803200902 59.074799326974002156 216.26542390416000217 42.987264262387000713 2.4761239264444698804 -22674.837318455698551 130186.3307858640037 305.72260388611601911
1129200 136.60574783091399809 59.415000678661996858 218.04325643251701194 43.004476628817002393 2.477623637888429986 -22758.130538683799386 130352.73802129000251 306.82550224231601987
1130400 136.60461967424001273 59.706534054769896613 219.83015132104699774 43.01850523739999943 2.4783755508534599521 -22717.366663258901099 130513.6233564879949 308.29422533407898754
1131600 136.59484764447500993 59.919995109530702848 221.62456628500498823 43.025266121865101354 2.4801290566822697947 -22691.926140916300938 130497.21533480500511 305.84729349481699501
1132800 136.59157119929599844 60.177390321329099265 223.42558138956400171 43.036887340130000723 2.4868663095288798814 -22704.0808626104008 130038.2333711090032 305.39042623760701645
1134000 136.59875236441800439 60.527611936850803431 225.23591934840800377 43.048304847403898066 2.4937269258036200981 -22534.503628175498307 130388.977235355007 307.39270408958401504
1135200 136.59023891260900996 60.753755430855797215 227.0553547632119944 43.061427645731896519 2.5018278774415998456 -22612.701652944801026 129995.91589401700185 305.90566986073901035
1136400 136.57824800834799817 60.964534290643598524 228.88101856583901395 43.063963814506102779 2.4963381651224998414 -22572.925676886199653 130503.5359126060066 305.84495494927597292
1137600 136.56969093206799926 61.13419981456320329 230.71281427581101298 43.0601724895819018 2.4967269124311601836 -22609.492845386499539 129958.19849075000093 305.81759348870997428
1138800 136.55618663136900182 61.237527877170499835 232.5482429228549961 43.04954710147730168 2.4912314856324599965 -22729.813355914200656 130162.99109626299469 305.17465000854201662
1140000 136.54745996851499967 61.379015801340599978 234.38700117891099239 43.037390686720499389 2.4979372027513098153 -22501.807827579701552 130335.56026109299273 307.07268219083397298
1141200 136.53900815871401164 61.563883398463701724 236.23149138734100916 43.037378353854002455 2.5110701441981397863 -22620.623995610199927 130336.4049555100064 305.28458493645098315
1142400 136.53208737169600795 61.7692910666168018 238.08146883896898771 43.028374416430501981 2.5228888285629098576 -22571.30388048110035 130427.97883377700055 307.51913484397300635
1143600 136.51763602962699906 61.955049274131397397 239.93706494171098598 43.016499645323200696 2.5226747426317999157 -22652.610998702501092 130460.37377664700034 305.03409682617700582
1144800 136.5021085803550136 62.074922973444898844 241.79768512250799972 43.016372697536603198 2.5207617280885799005 -22441.158889926300617 130722.95716581400484 304.28870282212199072
1146000 136.49326328271101261 62.255700928133599348 243.66231360835800501 43.024898865938297376 2.532500181428989805 -22521.05443845300033 130596.75972604000708 304.85103845831901026
1147200 136.49183587602900047 62.538526910338397613 245.53405792193399293 43.037676871036296689 2.5402152336993197856 -22631.960739114001626 130401.79845851099526 305.89208952022602261
1148400 136.49258620837400713 62.828002571656803354 247.41467571876000875 43.05162382036900226 2.5477729895932599291 -22603.933329065599537 130043.40153182799986 307.86760492902698161
1149600 136.49478901672898701 63.101640937388900454 249.30325430118600138 43.061836489112401694 2.5482112809760502081 -22574.200998621199687 130509.56792391299678 306.02592347875400947
1150800 136.49544393713799195 63.373096135783399063 251.20049374624900906 43.069018678948403078 2.557389938486879899 -22635.228963371300779 130383.34774098399794 304.81572554839402756
1152000 136.49713571047499272 63.69687071449229876 253.10628792978099 43.075233687972399821 2.5513968351730600403 -22657.58322701940051 130634.10409998700197 304.528184894979006
1153200 136.49843664668500764 64.027067109166893033 255.02198290263899594 43.072103218848702966 2.558142466198019882 -22635.726464433599176 130468.35516285299673 307.30541004926402593
1154400 136.49183013552200805 64.256931364426506548 256.94685726458902764 43.07407849243870146 2.558022324755079957 -22529.341798461198778 130245.24564830800227 305.04999993719400209
1155600 136.48113194746400723 64.442741201721403854 258.87680853110100543 43.063658719521001217 2.5562981397276400841 -22766.228847913600475 130268.51216736200149 306.26203818103499543
1156800 136.47801340549699489 64.726631477924001956 260.8146855822579937 43.053507721504999495 2.5708125437949398417 -22763.047098322498641 129683.83424197700515 306.34657351388602819
1158000 136.47190623519799146 64.991262232854992931 262.76010235777198432 43.045817119197103295 2.5901068925851697955 -22571.082547822901688 130516.30622803200094 304.58497143555501907
1159200 136.47755957896799828 65.345327565848606355 264.71542176564202009 43.036164121232701518 2.5928315369625498654 -22701.838208131601277 130151.60375012099394 306.15609722097701706
1160400 136.47582266528499417 65.65157337568180651 266.68027067539202335 43.025383267651797325 2.5834315540622698748 -22700.057887708499038 130248.93502052000258 305.20124305646800167
1161600 136.47720245238301118 65.966742645265696865 268.65433784559002106 43.031270274632497319 2.574659937512000063 -22681.540714077898883 130382.07044455100549 306.33143409223197295
1162800 136.48185402365601249 66.329740698736202376 270.63882680991400775 43.048675449190497488 2.5782312869959298496 -22761.005534188898309 129795.51606263000576 306.05070306753998466
1164000 136.47718689213400012 66.613268918689598763 272.63280844419597315 43.057289941598597238 2.5715505891685701556 -22766.261144129301101 130175.11417626499315 306.73317979988701154
1165200 136.48100696898899287 66.956024789125606844 274.63618812028300908 43.08135233878339676 2.575789562930050014 -22783.153832600899477 130285.75516261499433 306.62007806833202039
1166400 136.48201914484400277 67.259019602097097845 276.64955042460599088 43.106695843013000058 2.5790621967805500425 -22633.261809094499768 129977.32637420299579 305.00399537739099287
1167600 136.48009566196100195 67.572486008618596998 278.67183869573602806 43.118752425759502955 2.5666310602170798738 -22807.669690583901684 130160.42387016900466 308.0396378213579851
1168800 136.48015128886899561 67.869734490157796358 280.70339441013499027 43.135416109131803353 2.5687464972809799235 -22793.515863344200625 130070.49849927899777 305.79536316995398693
1170000 136.48803351480199808 68.240665426839896668 282.74512707183401972 43.160469763593603432 2.574548203680299796 -22741.378105119500106 130257.20781355700456 304.88114584812700514
1171200 136.48921852385100806 68.485550485083905414 284.79619481072302278 43.16726390468669905 2.594071433574249852 -22679.132680800001253 130010.13930041699496 306.32763383476901708
1172400 136.4823295340399909 68.658873900994493056 286.85353048574899049 43.166730872368397343 2.5903874777899700277 -22713.785852752098435 130316.78328429099929 306.92798965731401495
1173600 136.4736588294159958 68.845046453141506504 288.91603862864701568 43.16262783775820111 2.5914051711801397992 -22747.325426317300298 130158.63916942400101 306.07836527837400808
1174800 136.45511263483999187 68.97774775815689452 290.98308830655997781 43.155102002227998526 2.5819844881783100554 -22818.01450329060026 129933.24499527500302 306.42747777146502131
1176000 136.43693356815100515 69.091409936469602826 293.05433114290298136 43.148587669621697671 2.5752839082003498028 -22941.896319275099813 129846.72742928400112 306.25003414094300069
1177200 136.41679463918501369 69.180241180490796182 295.12822546393198309 43.133528415593097805 2.5689728864871002045 -22791.201953085099376 130229.14425903999654 305.23654774243499332
1178400 136.40007252367399815 69.309286189699605529 297.20575688162301731 43.107522478138001532 2.566689954596120149 -22784.305392516198481 130300.82452001899946 306.55865153201398243
1179600 136.38515560528500714 69.436844174815107067 299.28702525279902602 43.103806257490802523 2.5716199417982199549 -22890.627432853001665 130312.97942411499389 305.69853600325001253
1180800 136.36911240721400418 69.541006216183902211 301.37163192598399064 43.113151317054700939 2.5728478866662500835 -22811.643570961601654 130311.29848526399292 306.51982576328600771
1182000 136.36057637186200964 69.757310086688192996 303.46122685357602222 43.112553700713199589 2.5751265960985398884 -22777.707772609599488 130152.22563972200442 305.16135560449197328
1183200 136.34248818187299435 69.896060903042894097 305.55580121396400273 43.109685923781903227 2.5761099025934699469 -22836.892256157199881 130200.03433706100623 306.26753510700700645
1184400 136.33714222545299322 70.138456087099896763 307.6564601873399738 43.125090951103203452 2.5818088527812199651 -22766.92393628389982 130457.0886216719955 305.02608821144400508
1185600 136.34115094188800299 70.444369414961499842 309.76464270350300012 43.136727742177399136 2.5918158798137098664 -22736.519399063701712 130518.73668933199951 305.25624933576000331
1186800 136.36001650231401072 70.899552310430493662 311.88476386527997875 43.136443687468201347 2.5941904922168999015 -22620.683781624800758 130426.88973955200345 304.31036998229302526
1188000 136.36490013370300289 71.194210535130494577 314.01660398421398668 43.139486853902901942 2.6040297472696098957 -22695.079243975000281 130247.38268617799622 306.27730777641301074
1189200 136.36955616355101029 71.504857512267193442 316.15691805176697926 43.144290798516699681 2.6133911693542302146 -22772.722536454701185 130021.66092472999298 306.67169272998199858
1190400 136.37881530433500643 71.86450795126330604 318.30716709120599717 43.148367932882301545 2.6248114868809602207 -22802.848209629799385 130189.46473010099726 306.09922786475800649
1191600 136.38595781136800156 72.225044060532198387 320.46844674922198237 43.148006020861899401 2.6291431706353800557 -22624.458090377800545 130150.17171774299641 305.70589245215501251
1192800 136.39702699118001306 72.631060157888995832 322.64145507790999545 43.144299161673600906 2.6371460857604400729 -22730.430028795399267 130349.39430112899572 304.05226232100000061
1194000 136.40922646096800008 73.039805109668392902 324.82639859590801734 43.159364483041201765 2.6265807124366897796 -22727.935457787298219 130133.52679293100664 307.49699482965201014
1195200 136.41356808045898674 73.370734787912795127 327.02272621412998888 43.185662555682696961 2.6243044827876298442 -22764.905568673599191 130358.35099838700262 304.61443460054601928
1196400 136.41939886063300946 73.724992506303294704 329.22949618263402272 43.209909228058201336 2.6300442513787500864 -22905.798542000098678 130700.69052769499831 305.1698194519249796
1197600 136.42971403709199762 74.070042573669496733 331.44618323602901455 43.229876985826898306 2.6417762274677700773 -22756.684616846599965 130026.25918686500518 306.24384263194298228
1198800 136.43206566414400527 74.370573789287305999 333.6731877842419749 43.236744159251898623 2.6431598399115801001 -22830.643864222300181 129967.21125548600685 306.13758179335201248
1200000 136.43173051417599595 74.631727252954803475 335.90794427893700913 43.234191132177897998 2.6317760156563898555 -22741.032084756199765 130096.80640913700336 306.04975589817797754
1201200 136.42688929634800843 74.868452719995801203 338.1506798671690035 43.233919792381001912 2.6312489835634398361 -22815.131299614600721 129615.51134249499592 307.50576673238202829
1202400 136.41827277551999487 75.059858246469303822 340.39997397286799696 43.229949461906102215 2.6301550480797901699 -22834.012482036698202 130570.69777887199598 303.65588766194701975
1203600 136.40711418432098867 75.209117095863504687 342.6541242984829978 43.231850090118797425 2.627533321110179898 -22741.130962550698314 130433.68998614700104 304.81376977321798449
1204800 136.39183210526800849 75.344403936410500933 344.91251341303001254 43.230914344437699981 2.6282460888539498356 -22786.869480104000104 130540.11169840799994 304.74186409408798681
1206000 136.3782100289110133 75.495217230845199197 347.17503701611002498 43.229609386120102954 2.6292943019262100535 -22826.636386760401365 130491.73243788600666 305.47237352894501328
1207200 136.36631023512200045 75.649478877989693615 349.44231384781602401 43.235301460804002716 2.6313220342473799818 -22767.6790000908004 129945.98700780900253 306.51500422772301135
1208400 136.3561841816350011 75.80648876005010095 351.71398730059701165 43.252917264729497049 2.6326674354149601776 -22906.906883820400253 130250.35655081000004 305.79806988704200421
1209600 136.34042970753000645 75.951100205830300638 353.99034031279597912 43.259612314595301541 2.6320446379221600353 -22646.734292335098871 130103.89669152999704 305.96574311776402055
1210800 136.32875630820299762 76.094617714131402408 356.27102689529499457 43.260064314140400654 2.6273622386472799128 -22757.928093405898835 130082.35969655000372 306.15051800533399273
1212000 136.30618376021999438 76.149420033578593348 358.55475954297497765 43.267419742471901145 2.6349052806440100838 -22656.734113981401606 130193.63903260299412 304.6874455861440083
1213200 136.28211112008298755 76.197068058562905435 360.84013285044898112 43.273881216166699915 2.6406406724294599897 -22669.328776021200611 130146.67104904699954 305.77192826617601895
1214400 136.25998737939499961 76.273284713878197749 363.12701225485301393 43.272084401644903551 2.6481573725092499849 -22732.368337404299382 129866.9184041099943 305.54214858854902559
1215600 136.24177849582198974 76.37663967884060412 365.41671174827899904 43.259182085567900344 2.6545091340761199916 -22761.963557195398607 130078.07694718500716 304.6533714356169753
1216800 136.22791255940501287 76.527118061579102459 367.71019293914298487 43.247414667963397505 2.6623996846053601395 -22894.482766962501046 129953.19338072100072 305.57481706656801634
1218000 136.22035610402400607 76.709559547876793317 370.00866336106798826 43.250347631192397557 2.6658511348188898005 -22894.528710270398733 129828.57880005899642 305.35294972914897471
1219200 136.21307040219699047 76.912001498799796195 372.31341185192201237 43.253844597846800468 2.6527614242290100677 -22759.591018146598799 130032.5097965879977 305.06701647541200373
1220400 136.20527485698099213 77.086060107308497891 374.62301622254500444 43.260244565238799908 2.6535973285969998159 -22783.305260730798182 129912.7933024649974 303.77751855210198073
1221600 136.19911407257998803 77.293750632293097169 376.93845059140102194 43.261991642695498683 2.6581096911721497911 -22718.049145915301779 129684.94510539299517 302.95536818963199721
1222800 136.19631757753398915 77.560711423312099555 379.26115503576801302 43.266837158409103381 2.6681493704732099914 -22566.255009436699766 130157.90802817100484 304.18979303044301332
1224000 136.1953016496169937 77.819862908397098522 381.59214234720701597 43.273266643683498955 2.6717709760628198801 -22735.170291409500351 130117.80420988700644 303.74284498196800541
1225200 136.19394028014801279 78.088192332941403606 383.93061532437502592 43.279263058745200965 2.6783966173861899485 -22612.291369123500772 129866.78999607400328 304.99619825638001203
1226400 136.18974682455399261 78.307241337120601088 386.27691451931701749 43.279595380384996872 2.6904651366621301634 -22581.397279914599494 129854.56927675899351 304.78949138459802271
1227600 136.19204355648199112 78.571469806151398529 388.62971999177801763 43.286811667870303211 2.6934093871667501574 -22610.311202698401758 129971.46988224799861 304.55424497226101721
1228800 136.19762118988398925 78.877226344059096164 390.99157910784697378 43.278109791529502104 2.7001994995965099555 -22558.757034160200419 129714.55793253099546 306.93820829201200695
1230000 136.20464367480400369 79.195167716138300307 393.36257070091897958 43.262166528233400697 2.7131353470274599538 -22434.13776619140117 129947.20667559899448 303.20440530469898022
1231200 136.21981485569099846 79.597717827472393992 395.74469140285100366 43.246784606575900511 2.7187165996640501042 -22434.70095108500027 129570.26414150200435 306.03384973284198622
1232400 136.22645930782400114 79.891435308372905411 398.13735266057301487 43.248610967929799642 2.7306252451763399769 -22493.543399392900028 129813.94183264599997 304.68334637743902249
1233600 136.22861169869000264 80.142522304704399971 400.53760240266700521 43.259168565488501201 2.7275217942193301646 -22544.624670922101359 130001.82949044900306 305.3769510128150273
1234800 136.228793708606986 80.379860873792495113 402.94578372876702588 43.270202032175902218 2.7304368628964601484 -22611.435761088501749 130462.55836310499581 304.56427085875901639
1236000 136.22238338103798583 80.56439917472150114 405.36004181780901945 43.275963640844402391 2.724817630314320116 -22547.296212322100473 129989.54340134699305 305.13011836467899229
1237200 136.21003706512900067 80.662500560671503536 407.77847609893797198 43.283612047228800179 2.7147083234233400084 -22498.714139681298548 130013.85955871400074 305.88889281600000913
1238400 136.20305213512799014 80.825608129755295295 410.20087108298798739 43.295546948387396924 2.7053412829240199855 -22555.502844496801117 130358.74727201000496 305.07470580923398984
1239600 136.19695004554100137 81.008507002501204397 412.62866121032800493 43.312709449639100967 2.7040013805770097832 -22476.964507078100723 130340.00573738300591 303.12867176035899774
1240800 136.19142211444000168 81.159469804050203834 415.06094844375502362 43.31785699126899658 2.7168120463492999583 -22448.212478690300486 130181.45475683099357 304.88119410310298463
1242000 136.18031727151699783 81.289342888317506208 417.49780945791297881 43.332811346248199413 2.7222232523909601909 -22272.711094777700055 129934.35348763399816 306.68762533817198346
1243200 136.17535067279899863 81.482410420806502316 419.93912420620699777 43.34707440165340131 2.7204224439462998397 -22453.507362986299995 130138.21242008100671 306.67944596889299191
1244400 136.16673521052700835 81.642679079437002088 422.38625030618800338 43.361744786223198389 2.7346543765187600883 -22379.596434008399228 130006.1266131010052 304.74874829195198345
1245600 136.1585211502560071 81.811973733520204632 424.83804579394501388 43.369746990405403153 2.7450602251394000675 -22482.170366337399173 130060.46754315600265 305.84814407559002802
1246800 136.15285160909499496 82.008038716223097708 427.2954835296930014 43.364245346245802182 2.7502181443991799981 -22404.62112601320041 129984.65907228599826 303.65746403436702394
1248000 136.14353008060101047 82.204959133538494598 429.75858256753002706 43.361250083054599713 2.7525441376121198012 -22499.430030030998751 129939.73524448000535 306.38660833988001286
1249200 136.14134004544399659 82.459202115482597151 432.22845138427101119 43.350381569061596565 2.7539915391720501958 -22305.183726036000735 130569.80525242400472 304.72995990380400144
1250400 136.14320537067800387 82.699994928894000168 434.70597861497498116 43.337138710224699878 2.75798843063294985 -22423.435070092098613 130194.27695004599809 306.44318492352300609
1251600 136.13499819535400093 82.851575999554199825 437.18950497954699586 43.334808177475402147 2.7659097315313800891 -22488.040835561099811 130354.86339735600632 304.35077053875897946
1252800 136.11979081584098594 82.945606422015600856 439.67682240447101094 43.354659557347098087 2.7713067459136198067 -22471.890329930698499 130326.3139944680006 304.94462386664599762
1254000 136.10056006401399031 82.946425634399403748 442.16508911943799376 43.36082587977040248 2.7739868946676300432 -22442.583734230800474 130750.50030914999661 304.49040483052897343
1255200 136.09855911250198801 83.129777022373502859 444.65554082176402062 43.366404417767000723 2.7777724300129098545 -22399.318546977898222 130259.39477048499975 304.75069615312600035
1256400 136.10602468617699401 83.424088125495899249 447.15394631695500038 43.374095410761000835 2.7815107476603899705 -22482.477265688201442 129905.86833145300625 304.9210618378780282
1257600 136.11561434287099814 83.732114418938806466 449.6609154349150117 43.390109288333597704 2.7883891610162598873 -22528.746367691699561 130199.9030728009966 304.95759608745601099
1258800 136.13194427647300699 84.127598944027695893 452.17880703729497327 43.403642824098398023 2.794180742763539893 -22442.944121373398957 129785.08527391699317 305.52735444760298833
1260000 136.13879229481099742 84.43917802544820006 454.70752605482999797 43.412652916208202214 2.7971819782560598533 -22537.712659967499349 129527.21111004600243 306.4811705862239819
1261200 136.1433360170069875 84.747083056013096325 457.2454256978330136 43.405714398968697765 2.8039572006550201877 -22496.161452314299822 129683.11252101500577 305.10361498762301835
1262400 136.14389346619199728 85.01425010430929774 459.79189350062898711 43.400248648275400853 2.8127306990973801604 -22483.254367584500869 130079.03415988299821 305.68057116811502283
1263600 136.15008477888301286 85.287717739246005522 462.34612869416099556 43.404788337333101822 2.8305066579727498066 -22540.278860967999208 129851.51546235699789 303.99341411516502376
1264800 136.15942089898601353 85.622765837611694906 464.90984985993497958 43.412261597591999873 2.8465030123191601419 -22522.436972884599527 130344.02905065199593 303.6263137932090217
1266000 136.1686489138380125 85.909878759508501389 467.48261122873799422 43.417073083512597975 2.8587253864012001081 -22388.642087289499614 130360.01247069200326 303.14374470516401061
1267200 136.17886967467299542 86.255682189381701619 470.06495898341898965 43.426630247823503339 2.8737849977356999531 -22427.822559060099593 130201.3704160329944 305.88230956988599019
1268400 136.18709410119100767 86.569669300962502234 472.65731174770400003 43.444207399262502634 2.8892025229319298063 -22517.255285397499392 130046.89116395599558 306.30441064410399576
1269600 136.19001943437800151 86.844945012403996998 475.25895545808100451 43.45328573750899892 2.8970514785578598271 -22386.497901007198379 129830.24704242999724 305.15261340899098741
1270800 136.18632272403800698 87.036096660642002121 477.86759248702298919 43.452019878216702864 2.9111443468488498176 -22523.942507363401091 130246.72748291799508 303.98463796396902126
1272000 136.17155485123799963 87.12573428761579919 480.47996183339699883 43.447757552841800077 2.916063511288379928 -22552.925032030500006 130114.35446910699829 306.11700599928002475
1273200 136.16425271529701035 87.28317632212659305 483.09598374691097433 43.433237095605797151 2.9146431198547100294 -22462.411139138799626 130153.63089686899912 304.05119993989802651
1274400 136.1586250707570116 87.467421605770596216 485.71745831559798035 43.432353966416499702 2.9273702975298201423 -22527.226851875399007 129879.6129350340052 305.85737098345401819
1275600 136.14422862827200333 87.54739100091539683 488.34288873581999724 43.434634168831998124 2.947381774886050021 -22396.659664298400457 129688.71004293199803 306.88725356691401203
1276800 136.13039184827098893 87.651515468021798938 490.97066985702201691 43.439190523286498546 2.9535833040365999658 -22508.514766048599995 130054.75966350200179 304.85880416388800995
1278000 136.12073128006699108 87.811569224468797756 493.60228509927497953 43.440616361385799848 2.9449888957138798951 -22553.254621545300324 129871.48730875000183 303.59731882170302697
1279200 136.11498583640201332 88.031333587933303875 496.23985680683699684 43.438895942911898373 2.943029354772200179 -22562.71291410269987 129704.7710155639943 305.72523537763697732
1280400 136.11501244126699817 88.281108571676696783 498.88483722501501916 43.443793450637002707 2.9391484831461998084 -22582.579467082799965 129847.20344314200338 304.47002114768997671
1281600 136.11026939974800598 88.468427814555298028 501.53640361519398994 43.460090194143397468 2.946948392418419882 -22349.996575819401187 130254.036394544004 304.67179771288601842
1282800 136.10285833240300235 88.601050888187302235 504.19238935299097193 43.474637381237798195 2.9428310006663997989 -22455.595260552898253 129448.47593777600559 305.81177847867797936
1284000 136.10315866423201214 88.845271410885402474 506.85349716574000922 43.475085367742998699 2.951344831209739894 -22475.975716791501327 129858.09326716700161 305.26780593278198239
1285200 136.10625791153100295 89.155367864679305967 509.52343185311298157 43.457589654623596687 2.962711652686190078 -22544.145659531099227 129926.98049942699436 305.80638956679001694
1286400 136.11215184915698728 89.485927363175605365 512.2030226662880068 43.448969196781099811 2.9728190756080601354 -22504.880189311999857 130049.58505964100186 305.77157495987597713
1287600 136.11995911595400344 89.814202966750301016 514.89259356774903154 43.447040488928799107 2.9904984330088999478 -22385.247526354098227 129911.00876954699925 303.45141497549599308
1288800 136.12794925217900754 90.122810556068202459 517.59196235403203445 43.453505048674003319 3.0061098519242501759 -22443.388465369898768 130089.06431917300506 304.60406435745198905
1290000 136.13035391202399182 90.386744608153193781 520.29942645059600181 43.456530908262102741 3.0251365640287000147 -22403.944921679998515 129985.01642051899398 304.5792511397730209
1291200 136.13762940589398909 90.70647695869560323 523.01612174443596359 43.48196174691589988 3.0485359533485398842 -22587.826218324400543 129583.15198225299537 305.24153178526398733
1292400 136.13487598964201197 90.947274452151305013 525.74104747870501342 43.491331022624898139 3.0593067054633698021 -22452.011331021600199 129941.47441998099384 304.03005923233001795
1293600 136.13377084847800802 91.204549283791592984 528.47358508317995529 43.506596956896302686 3.0761337469824701074 -22580.408368100899679 130166.57510442599596 304.41034564114198702
1294800 136.1277886125020018 91.435441124552198744 531.21306681916303205 43.506833690845702733 3.0905015390496299865 -22540.187203496501752 129806.39450210200448 304.65605744103999086
1296000 136.13186826924899719 91.766568970259896787 533.96111260690895506 43.500830466076799041 3.0934549494729499663 -22436.058594162499503 130323.17500835099781 305.7352370576520002
1297200 136.13808738015799804 92.114620581975401592 536.71904521621002004 43.500337565121597549 3.0915132670237399637 -22417.239108376001241 130088.64981590099342 302.97071199633302285
1298400 136.14168888465698615 92.436615798928301047 539.4873540300110335 43.50740886446310185 3.0942545603957101186 -22315.513098990199069 130107.76074600999709 304.20448347359797481
1299600 136.14299268677601162 92.753662428320595268 542.26553174616196884 43.514807309046396711 3.1059109352825200467 -22310.321725010799128 129938.99093787099991 303.96035796822599195
1300800 136.13597502709200171 92.947552751848206753 545.05110418612503054 43.522499294993899355 3.1220343876798701821 -22375.719497650199628 129823.66764690499986 305.25355112632297505
1302000 136.12609265367899525 93.129312296619303879 547.84225818284301113 43.538333080363202043 3.1331616372167201412 -22373.42411789740072 129982.55171094099933 304.80036062946697939
1303200 136.12616838700699873 93.397327007366200746 550.64001533978296266 43.542871363998997936 3.1405314816690999002 -22468.455351462500403 129986.9118567849946 304.55516914986702659
1304400 136.12042926975499313 93.627901011409093712 553.44569009955898764 43.539183005919596781 3.1462526283523599702 -22420.848632870998699 130170.29551077900396 303.24338991656202325
1305600 136.11699210824900774 93.850299802403100102 556.2581446167539525 43.542028654701297796 3.1457021120920201085 -22371.010633551501087 130100.81076467099774 303.52962999090402718
1306800 136.10883564971999249 93.998497867089398028 559.07570982708102747 43.543295700748998911 3.1600596101348599198 -22344.689158303899603 129878.19119296999997 304.18817628998101554
1308000 136.09817842399701249 94.134353014148203442 561.89782845760396413 43.544627098511298868 3.1589740894934101867 -22282.534977230199729 129850.59393571599503 306.10832203525399109
1309200 136.08400435176199039 94.271756487348397968 564.72370838937899862 43.54343809210590166 3.1621966986235601205 -22452.783094892198278 129647.03006198900403 307.26023322156800077
1310400 136.07236671520200844 94.445740024200304674 567.55468824140996276 43.54063827579899737 3.1579599050776998581 -22382.414542760798213 129756.05999211300514 306.52048338699898977
1311600 136.06369758260700564 94.677138185353101107 570.39118214428094689 43.554230939592699201 3.1556388020759800206 -22504.681232053098938 129634.08667466099723 306.42537797446499326
1312800 136.05211608944898671 94.854729864473000589 573.23481885477303877 43.559704059475897964 3.1632763852516001535 -22305.085381602100824 130340.12122900200484 307.04862134011199259
1314000 136.03025851120199263 94.928414046066706078 576.08163037759504732 43.565729639168097265 3.1737476515360398821 -22480.222956555298879 130078.8238392649946 303.51194509801797494
1315200 136.01405785470100795 95.074715429850400028 578.93164875691297766 43.580491572210902973 3.1713854372445400287 -22609.658134674500616 129678.21573390299454 305.29891109062901933
1316400 136.0004630160509862 95.227243061939205404 581.78633226354895669 43.589229131068002232 3.1804732742207399987 -22479.40607762629952 130391.87919766499544 304.72387440417799098
1317600 135.98306403503099204 95.333244125246693557 584.64457342556397634 43.597777856562501597 3.1884984715662199051 -22716.464883019598346 129831.02986675300053 306.37193851679199952
1318800 135.96374816861600721 95.460709866009906932 587.50654119285297838 43.606784467710298259 3.183916744268620036 -22565.789594848600245 130006.33314090500062 305.04452675424101926
1320000 135.95381877092501099 95.635599436414693741 590.37271778081594675 43.614232536367502746 3.195228628078500055 -22613.213645247200475 129464.18567813100526 306.52038648951798905
1321200 135.94753426490399306 95.84711268354679703 593.24499427436001042 43.609154961907201198 3.2081572237878601683 -22558.130972982900857 130018.94039806599903 304.79933719630702171
1322400 135.94114655888799348 96.04699214780819716 596.12303044086900172 43.609613219478703172 3.2108327227800201875 -22449.102704978198744 129981.82344087499951 303.95678424321602051
1323600 135.9299090730129933 96.182524053196900127 599.00677386313498118 43.618269212842498916 3.2187345443190298333 -22633.968252047900023 130164.44895015700604 303.78847667489600326
1324800 135.90617080589899501 96.217457553489893485 601.89244329939003819 43.623547488617703038 3.2220979256999000562 -22566.693153756001266 130099.12102320000122 303.7645508557490075
1326000 135.8907235476009987 96.381109478061404161 604.78143484633994831 43.626655058684697508 3.2081113057937797883 -22515.398142806701799 129532.81721123900206 306.72772564298099951
1327200 135.88215575399098611 96.586807655396199834 607.67583874881404427 43.627080149665800946 3.2040479150437901623 -22430.498217859800206 129530.38299462500436 305.96418363733101842
1328400 135.88145705813400355 96.850345641368306815 610.57720106907197533 43.625852404438703047 3.1946462023458401802 -22511.806951315800688 129898.30428847999428 305.70118352852801991
1329600 135.87314223667200963 97.041299754216595375 613.48605812273694937 43.621537231422998104 3.1792840252791898514 -22522.5096228486982 129452.67185803200118 305.14766311549601596
1330800 135.86544306786700531 97.229814198645797774 616.39961320505994991 43.618196715058999757 3.1729939426365501021 -22572.044194331898325 129747.70495933499478 305.05466598316598947
1332000 135.86229385608100984 97.462484158917405352 619.32008901598101147 43.620973593330198526 3.1690007593091200633 -22668.584526250200724 129644.25221084700024 306.35854325914499441
1333200 135.86280513414800453 97.733013484525400827 622.24807162333297583 43.621935128169702978 3.1580964616883000495 -22617.264781577399845 130063.43181211099727 305.2134267918460182
1334400 135.86260971973499068 97.964637886187801996 625.18364220380397001 43.612019983993299377 3.1620163387925899201 -22673.170717659901129 129902.82859504400403 303.44146197269100185
1335600 135.86477151672599462 98.241855100868903605 628.12697628448199794 43.61088215394819656 3.1536537650321800896 -22633.635632732999511 129873.5879389430047 303.89306040983899493
1336800 135.86450769940501004 98.508979246634595484 631.0779215571350278 43.611746894353402126 3.1431036217751397999 -22498.735881002601673 129740.2969259859965 305.61554605993097766
1338000 135.86648705775300527 98.824995294299796456 634.03778621675496652 43.606903244185197366 3.1414620758970901448 -22497.301471222701366 130030.67086035700049 304.03841663305502152
1339200 135.86636656842298976 99.139911140776405318 637.00716563665696412 43.604745747195799765 3.1266280269957698046 -22381.511147662200528 129656.50524483299523 305.45440260036298241
1340400 135.8742715985220002 99.548859930561306442 639.9874198131999492 43.608874640201200634 3.1233547840504498616 -22500.320443256900035 130314.08809889499389 304.6723154091420156
1341600 135.88123796929698983 99.91645975441250016 642.97928811616998246 43.607864571594703307 3.1346264503393599377 -22596.734963258801145 130017.7890569769952 303.97040433763197598
1342800 135.89621941426401008 100.37331198603800431 645.9839578196030061 43.619819177277797451 3.1336622465992101105 -22559.381591893899895 129671.14603749700473 304.8559249733730212
1344000 135.90924331511200762 100.85716775394000422 649.00228620576797312 43.627709786612797416 3.1229149965367000163 -22620.094639298298716 130041.437645419006 304.1330767288379775
1345200 135.91451737903000208 101.26065009202599754 652.03428918228496514 43.643557471148803018 3.1186132213792601142 -22597.651390975501272 129767.60793208099494 304.53223414101398703
1346400 135.92266691870099748 101.68365870622200475 655.0785624115550263 43.653768250136501194 3.105684357846790089 -22617.137764294700901 130279.94489938599872 303.58988780115402051
1347600 135.92241936101601141 102.00615135218299656 658.13409079171901794 43.653046903352901609 3.1140994363164300474 -22554.799661452001601 129866.45180057399557 303.6940797732070223
1348800 135.91951786803699065 102.2759969941390068 661.1985741170849451 43.642400604816799614 3.1132557289550701896 -22604.142162662301416 129955.92004324999289 306.01364140089901866
1350000 135.90031501855199281 102.41563247803499337 664.26890395561497371 43.635448510900999963 3.1114072951607401052 -22466.682896016500308 129639.83674605599663 305.75741130463200079
1351200 135.8892126567770049 102.65377155822399402 667.34496014228295735 43.632989804166001591 3.1155728860197999808 -22425.928568745399389 129560.33177046000492 304.99721353404697766
1352400 135.88531077644100264 102.96349106050500666 670.42895533411603992 43.630547545698398437 3.1097100844522098662 -22462.258351945700269 130102.49620063600014 305.42527961689398808
1353600 135.88092223882100029 103.27035678070799918 673.52294373098197866 43.637376419471699762 3.1138338624938701749 -22443.382755602000543 129899.63341004800168 304.76913530565298061
1354800 135.87210952226101313 103.51756986750500289 676.62429384162203405 43.644228368663696926 3.1169687124097897879 -22359.724189949600259 129802.76816978400166 304.7592062647649982
1356000 135.86220785275099843 103.74304675669699805 679.73355399314698388 43.66336208177079925 3.128595217619849933 -22375.062606972798676 130242.30439676399692 304.93392401515001211
1357200 135.85049246146900259 103.97686477758699652 682.84970980993898593 43.678588309930901801 3.1242375703344698046 -22483.258138258101098 129564.62905617999786 304.65371998875497184
1358400 135.83203826542299453 104.14382437438899842 685.97145043553700816 43.694083694799601858 3.1183054006874599828 -22378.045915336799226 129763.84403440200549 305.85716642719302172
1359600 135.8139442650220019 104.27070922224399396 689.09758877091701379 43.697544707287597987 3.1201153174932301226 -22462.691581843399035 130359.19532507400436 304.32115653357902829
1360800 135.79288498880600855 104.36557323078700676 692.22709436361503776 43.683441601156900447 3.1275039608885499831 -22408.322774175299855 129334.46766861599463 304.25638659990499946
1362000 135.77385902632099146 104.50072392471800242 695.36003059753898015 43.662895913172398821 3.1336458962374997839 -22409.134831738698267 129987.95082774100592 305.27460953359201312
1363200 135.75774713411101402 104.66482111202600436 698.49740591606200724 43.641321637282302959 3.145120827014459941 -22312.801306431301782 129768.06301417099894 305.60861826452702417
1364400 135.74745388410300961 104.86079211208999595 701.64027025112397951 43.628031980108701759 3.1461228659651299111 -22325.52263267770104 129916.89431476099708 304.83157432210299476
1365600 135.74250168545000861 105.11548737229000494 704.78985869220502991 43.626860681581597134 3.1525524404745999263 -22312.846162595898932 130107.17176230000041 303.98550217367500181
1366800 135.7324124863540078 105.30885144636999939 707.94641427253895927 43.627553778268897133 3.1637119855108299937 -22380.649288970300404 129877.99731776300177 305.58942319097400286
1368000 135.71666110455799981 105.43067830987800448 711.10757165183201778 43.633323518688300169 3.1692576025222898295 -22381.846899510601361 130028.71665388200199 302.40329894524899146
1369200 135.70415116328200611 105.66790941577799856 714.27342970467805117 43.631553232684701982 3.1710062763039101874 -22350.206512710101379 129494.91843782800424 304.71843350984698873
1370400 135.70029169758399235 105.9523736292519942 717.44779498885998237 43.637611166539102214 3.1802544279883901979 -22397.334766256801231 130048.97932998600299 301.9019893372229717
1371600 135.69235274363700228 106.17460607198600542 720.62982357598798444 43.654630672557601656 3.1846502488544801146 -22410.664734366098855 129628.45792206500482 302.95193874058799111
1372800 135.68439920595699277 106.41813750181100318 723.81848519502398176 43.66971180851049894 3.1920182944682298221 -22375.85373035540033 129645.09123117499985 304.45937323246198503
1374000 135.68352728664800111 106.73533613858299418 727.0154215788060128 43.68878767332220292 3.2022717682374302051 -22419.387358250900434 129983.51201512799889 303.60857184493102068
1375200 135.67799952115498741 107.02035790020100592 730.22205516678798176 43.696702480199000718 3.204333545415389839 -22478.976956152800994 129663.1154570600047 303.92603587586302183
1376400 135.66757899558200506 107.25369082910499685 733.43616781644402636 43.701418084249901597 3.209892473581319905 -22318.212157149700943 129436.87255563799408 304.16336971299000425
1377600 135.66567762522399221 107.56095095888400692 736.65847918400697836 43.714075944306898691 3.2052309067383197849 -22289.007577567201224 129996.55161948599562 303.69104269225397275
1378800 135.65070110460300157 107.72317425411999636 739.88771416394195057 43.723932996074097446 3.1987424562714998899 -22382.875378603901481 129694.02344943600474 304.01847550666400366
1380000 135.63767987804101267 107.87876027467500251 743.12180525882399706 43.723796738942098727 3.202902642121820076 -22244.014322672199341 129621.54573311700369 303.73586797403402215
1381200 135.62441777022399947 108.04388851783299685 746.36066170562696698 43.708661977172198476 3.2033906687946798186 -22444.714006448401051 129619.09710541900131 305.36602179392798462
1382400 135.60531107798999528 108.1843476354680007 749.60399477405496782 43.701637316172401881 3.2038813350205099795 -22369.859324860299239 129509.61179989299853 304.11308961048501942
1383600 135.58666293890999555 108.29780069383099317 752.85118678809396897 43.688508312474603201 3.1940888427992701892 -22369.057972958598839 129738.04823104800016 304.62484681375400442
1384800 135.57224660992699228 108.42081661553500282 756.10244987920600579 43.665762308876999498 3.2015694877658100737 -22491.077173571800813 130285.36760110099567 304.33019170134798514
1386000 135.55212656622299505 108.45245262633599737 759.35535854852105331 43.656030561435400728 3.2062620660203600131 -22260.761415249198762 129510.51916847800021 304.08357898118600815
1387200 135.5372776362100069 108.5749063233659939 762.610720400288983 43.654616162037100935 3.1983248120829599337 -22351.895539991699479 129891.26206794800237 303.51177968482897995
1388400 135.52316852135101044 108.70214004221899984 765.86971046880603353 43.675827754004501458 3.2044445395719600711 -22294.725744106701313 129722.79001004400197 303.89593454497702396
1389600 135.50899814498600904 108.86560332880999624 769.13315134613299051 43.703711546501502028 3.2112747008836799445 -22240.526163423699472 129461.57861248200061 303.93443870779998406
1390800 135.48850636697500249 108.98623302758400655 772.40093619729702823 43.705151103299897386 3.2009314798414800762 -22390.019118521398923 129878.28465993099962 302.02293508711102277
1392000 135.46785477032298672 109.10833911726300016 775.67243691379894699 43.704398295032596877 3.1963601041538600711 -22356.234119332199043 130097.08224314599647 304.86162743859301827
1393200 135.443132318902002 109.18923969203000013 778.9466395006629682 43.705058945456698893 3.1928951562253597984 -22456.937693174899323 129945.43629063200206 303.13300139836599101
1394400 135.43029664861398942 109.38651970470399988 782.22523367568498998 43.712836074139801212 3.1949841015292599344 -22434.740148159398814 129686.89384754700586 303.67911807694497384
1395600 135.40343236856600129 109.41339032462400382 785.50759353422802178 43.727644474020898713 3.1867589545952599295 -22423.923076196100737 129776.39092432300095 303.38482038828698251
1396800 135.38043084335399158 109.50970546559399565 788.79129825032202916 43.735174683234397719 3.1780803915008100091 -22386.269532835198333 129175.59186623099959 304.94404152262001162
1398000 135.36582324786300546 109.70268241287600119 792.0794288621019632 43.745331465738900079 3.1807843770328600996 -22406.186702622999292 129559.30254599900218 303.91114490602598153
1399200 135.34716924381999092 109.84632801595999751 795.37281289609495616 43.762180407746399169 3.1923411587499401776 -22436.617279161200713 130172.01097683999978 301.63848435080200261
1400400 135.33185534983900311 110.02033909385799859 798.67076433351599007 43.773254933163997293 3.193372241425080027 -22451.077937302201462 129739.79760933099897 304.75480653099299388
1401600 135.31707368715399298 110.15437667732000193 801.97361813244799578 43.781683867754800588 3.2056777238013500764 -22411.653118742699007 129797.25291387199832 305.11436002825098512
1402800 135.30225943492899887 110.35705224237399591 805.28153024431799167 43.801385858466701961 3.2108120585168902217 -22329.930991533401539 129883.95853474999603 306.22480321696002648
1404000 135.27898584548799477 110.48917007991200023 808.59429579339098382 43.815407476179800028 3.1999989698229098778 -22287.783068720600568 129573.53487696799857 304.12086490494499458
1405200 135.26142738013101052 110.61927445785799762 811.91057692743402185 43.824126171957196618 3.1982856131587897863 -22564.951906209000299 129828.40137767199485 304.97328321469098
1406400 135.24671012034499995 110.80778492548300562 815.23195900244695622 43.840712800071798938 3.2068090122123900088 -22495.494418864298495 129670.42453999600548 304.80854418261202454
1407600 135.23404017665100696 110.9958055948369946 818.55891915064694331 43.850051231248201589 3.2021743000613001051 -22350.697749261100398 129842.10017261799658 303.80265046473601842
1408800 135.22827801356700661 111.23561266807099912 821.89232300286505506 43.870051007527898435 3.2015513743415500159 -22554.720421028101555 129757.44627385999775 303.36984487478497385
1410000 135.21868351896799254 111.39955393006799511 825.23171279360803965 43.889529811963399197 3.2036173260100699878 -22495.695596941801341 130004.74610779099748 303.61977886450398501
1411200 135.21717858917000399 111.67269930265300104 828.57786956845802706 43.901418086773702498 3.2093778506298797915 -22170.778420528899005 129988.12010542700591 303.49626081013502699
1412400 135.21135449938100237 111.88935593889199538 831.9315929914030221 43.919408590133599546 3.2136792150519402078 -22187.118994707401725 129697.77703295799438 303.42834366780397204
1413600 135.20142255511299823 112.08340154160799784 835.29108262797501538 43.943277878111999257 3.2291791372324398779 -22308.756548281198775 129642.63163429799897 303.8015419227079974
1414800 135.19951541936399053 112.36698653283400517 838.65805272294198858 43.953186315901703551 3.2439016182236901642 -22299.832456344698585 129672.23639528900094 303.71834840313800896
1416000 135.19954617202500913 112.65224687134599435 842.03351947009605283 43.953771871926797132 3.2499850218079298081 -22445.841445097401447 129432.23171432199888 304.0245339155289912
1417200 135.1920226234429947 112.84954452228299715 845.41607500715599599 43.946457545998399041 3.2475978287211200168 -22377.377895123499911 129400.71164754200436 305.13819131213500668
1418400 135.17986941667399492 113.00198917463200132 848.80362797965096888 43.930290592007203543 3.2586269949195201256 -22331.70810304240149 130106.55681022000499 302.67792481621802381
1419600 135.16420187261499564 113.16537683787800006 852.19615273493695895 43.934883694014402522 3.2582480418636898811 -22431.565878449899174 129860.8810156499967 304.09824057396701846
1420800 135.14904072153899506 113.3193497153820033 855.59311609204405613 43.943175748750398668 3.2645761126278398656 -22411.476670161100628 129850.27350269799354 305.79437057687397328
1422000 135.13578418339798759 113.55815824182799645 858.99631311323298632 43.940848621782798489 3.2787260471320101018 -22290.145903510299831 129678.31724637700245 305.5349119924300112
1423200 135.12610663991600291 113.80442678853700045 862.40668618983704619 43.93890595645000019 3.2702889462453099689 -22320.499417914699734 129898.17593998899974 305.24313611912697297
1424400 135.12934730784999715 114.14967906529200548 865.82608120781503658 43.938150558695198811 3.2659117073681001031 -22319.12019559770124 129998.35565197200049 303.79683778859299537
1425600 135.12497957455801156 114.43331289972300624 869.25489470005902604 43.940109384828900829 3.2675047536226098366 -22292.116180355998949 129862.83190378900326 304.43925600962097633
1426800 135.12216612273701344 114.72791150438399654 872.69229065515401089 43.947276502608701776 3.2692583198551399271 -22382.190287120698486 129981.22130956999899 304.37860850903700793
1428000 135.11074402729499866 114.95038116215100388 876.13753793701005179 43.957966321560697054 3.273967136668360034 -22417.884189932501613 129851.21821279999858 304.16816468389697548
1429200 135.1026080416999946 115.19905727891000424 879.58960605648803721 43.96501301155660002 3.2783588553457501114 -22512.604024171698256 129638.7559189159947 305.70401338095598476
1430400 135.09926384712599656 115.48887928651599566 883.04997884649196749 43.966847584138299965 3.2828662244560398165 -22441.534976368300704 129561.60321225400548 304.10973365397700263
1431600 135.0846981166089904 115.68608081358900108 886.51783195043594787 43.964158543765798015 3.2838132093177501147 -22391.138380745698669 129877.52414932999818 305.73922388605399192
1432800 135.07587866233700424 115.88569979729000181 889.99139977289098624 43.967817805569403333 3.2889539381567898246 -22392.889150970298942 129943.55641905999801 304.43839603643300507
1434000 135.07142155943100192 116.16927520174000676 893.47214425829702122 43.974591747064899039 3.2905262270922799317 -22446.885957422098727 130062.35964726400562 306.28346792667298359
1435200 135.06216779653499316 116.44828366661799635 896.96127572175396381 43.975803855985802215 3.2884590822562298484 -22449.019236629301304 129589.57222710299538 305.21311576745500815
1436400 135.06479712111701019 116.81382791356099915 900.45977959822505454 43.971364548842096553 3.2677744994080901719 -22366.11128528109839 129795.32980652399419 303.72624319695898976
1437600 135.06565920183899721 117.16766872709699499 903.96981402364895075 43.975690244313497601 3.2835452891833099009 -22362.385633797901392 129797.48912569299864 307.29775580321802408
1438800 135.0638510735460045 117.46239781223999898 907.48916419437500736 43.979687845931600521 3.2920734596509801939 -22324.248153487398667 129735.07310664400575 304.66007968046801579
1440000 135.05988130617899401 117.7375917728380017 911.0171470919069634 43.970961691908897251 3.2957990495353000071 -22360.457986892099143 129928.64560740400339 305.79096864449297755
1441200 135.05261489239501316 117.96445139553999581 914.5524877134939743 43.958390134188597642 3.2972260122783398906 -22333.217711031800718 129893.97635368199553 305.8935186459959823
1442400 135.06385682797301229 118.39883314120899627 918.09750687161294991 43.957232271859801642 3.2931548399815899764 -22473.857606921101251 129687.17906772799324 304.30247092389998897
1443600 135.07527287309500252 118.83067355684100619 921.65590454503399087 43.962276489596696649 3.2894564962501799954 -22356.10847722680046 129879.22985600700486 305.91402579650701909
1444800 135.09443610015699733 119.35055172660699441 925.22863936822398045 43.970799279478200106 3.2784128185388401455 -22388.399998482800584 130196.67716382199433 304.13841073453602348
1446000 135.10409438725901055 119.77715775837199885 928.81578187352295117 43.969586967213203366 3.2647845551847001211 -22318.90175880030074 129646.75425673399877 303.36692602114300144
1447200 135.10724522586599505 120.14651047371600612 932.41507933242701256 43.971586174247697443 3.2552342956244499916 -22312.564903902199148 129584.44134928900166 304.96380716084399864
1448400 135.10661031504199059 120.45231408664699302 936.02399073005699393 43.980127356932300131 3.2541319456127499876 -22399.442445873501129 129826.87323694300721 304.03239120891902303
1449600 135.10506945569301251 120.7469299472780051 939.64208671771700665 43.989013366618401335 3.2585270052765800131 -22505.905565451001166 130035.69887028000085 303.87924737090099825
1450800 135.10495194820700249 121.05487317461100361 943.26903323309602456 43.999468007700201611 3.2582993781633899921 -22312.311111391398299 130060.95671040700108 303.92201207568001564
1452000 135.11083540869199737 121.39067471719900482 946.90589677447394479 44.006972639404196457 3.2719822708562498192 -22325.311779474901414 129886.56361235199438 304.83953906581399451
1453200 135.09828296973299189 121.54240742805100695 950.54990140081599748 44.014565115418598396 3.2882413209959899802 -22328.441604400901269 130017.63158035099332 303.75115579113901276
1454400 135.09341263640300213 121.73755795170299621 954.19913753156197345 44.023771011208602033 3.2820952349766501221 -22380.766901973500353 130036.92478005800513 304.80741120443900627
1455600 135.09586325876000501 122.01968437712399407 957.8553000718640078 44.020372590885301634 3.2867205738856402064 -22392.228741596500186 129698.76655699699768 305.0235211454560158
1456800 135.08754593501799945 122.22234988503899444 961.51914538934204302 44.028832130922801014 3.2916341173686198829 -22312.763072094501695 129491.05372082900431 302.74446234425897728
1458000 135.07434790586000872 122.36828238231599641 965.1879475473350567 44.02692723356879867 3.2904701430983100963 -22426.409474744799809 130048.85686328100564 304.90562612478402116
1459200 135.0775170679139876 122.62256213052100406 968.86237106915700679 44.033766008302997363 3.2965726185843000628 -22491.341022187498311 129828.85869762499351 305.08192141720297741
1460400 135.08077326015998665 122.92843650405599476 972.54553860981002344 44.036211801883396788 3.2967749885845898383 -22430.25416072869848 129664.87052320200019 303.94573369911802274
1461600 135.08271529700098768 123.23820045949099722 976.23795890299402345 44.041545712146103142 3.3052114277595801006 -22427.578342597600567 130015.37990190800338 304.22392921205801031
1462800 135.07810397541101111 123.50280100061999633 979.93920226278100927 44.045772916437698541 3.3100748324619901908 -22529.090158183098538 129486.33935158399981 303.88003885832500828
1464000 135.06787674040000979 123.68919312513500586 983.64720565873403757 44.043801246241301328 3.2883115229204800123 -22436.343999129698204 130158.49321176100057 303.92294669771200688
1465200 135.07164049781999893 123.94953128566500311 987.36145941609197507 44.037416065750896621 3.2669413472082498018 -22450.461780010198709 129722.6344458550011 303.61956084189000649
1466400 135.06811758487100406 124.1496098260689962 991.0830407819089487 44.031766567859499162 3.2528955869523898947 -22466.403213540001161 129748.9194934469997 303.59039800971498835
1467600 135.06543945390001227 124.3497368844130051 994.81047210585404628 44.022858623842999748 3.2441863128484000889 -22414.565487741499965 130131.01167618800537 303.00238471726100897
1468800 135.05674184275301286 124.55282050694199825 998.54455533652901522 44.011256692425199333 3.2260377057919198407 -22478.895406490300957 129906.37467631000618 304.48693343642099762
1470000 135.04535659941998915 124.7201634595569999 1002.2834772808199659 43.997199607702796698 3.214529925456349968 -22393.994553583401284 129904.37528029699752 303.80662685086497277
1471200 135.03844907968900202 124.92083712612399893 1006.0279250854199518 43.990596259051699235 3.2035892469558802098 -22366.214739971899689 129747.70775545900688 305.50776520472999209
1472400 135.02960934674399596 125.08546089137600177 1009.7782941902299854 43.98509583179789928 3.2077647818763601606 -22171.879346388101112 129876.91828646599606 303.31055531381201718
1473600 135.01654361777599433 125.19757659917699755 1013.5329413849400453 43.980925581612197561 3.2056434039282999393 -22263.864436126899818 130095.53704085899517 305.01857736100998864
1474800 134.99283599958599211 125.24415422773999751 1017.2894850369599453 43.976700831486297716 3.2069450567468997804 -22429.321867014099553 129882.27335791000223 304.88303880716699723
1476000 134.97417630179600678 125.34861853234599494 1021.0484067146200005 43.977908369617701112 3.2175495436120100656 -22541.343789132100937 130086.8855532680027 304.32118345249398317
1477200 134.96340739401799169 125.48498522097000318 1024.8108124646300894 43.979745157366799901 3.2233545039757598438 -22508.471243145901099 130122.96009645400045 302.95858435658402641
1478400 134.94937134143100366 125.64318200515900514 1028.5780894606600668 43.978677379322100194 3.2360362526162100849 -22577.086997606500518 129442.36403106199577 305.63403478734602459
1479600 134.92944157186801135 125.72490695466299826 1032.3484265032400344 43.977460432187498895 3.2272239923355598989 -22504.583735056799924 129898.26731917999859 303.82149127984502002
1480800 134.91840748331199507 125.87866228107499467 1036.1223001840899087 43.984000686571903316 3.2163965168603501077 -22452.681334066801355 129606.33440547299688 304.5634366289719992
1482000 134.91107941902700418 126.07329832576100159 1039.9015464302199234 44.002442757786198513 3.2253111328495100985 -22601.592911037900194 129743.75965189399722 305.13224716754098154
1483200 134.89608784770300076 126.24339414967799655 1043.6862321684400285 44.022738858239300441 3.2322156759223199529 -22554.63244163840136 129464.43244178200257 304.52295081510601449
1484400 134.88636015878799412 126.45556778708399293 1047.4769956879299571 44.02400060802339965 3.2316709890263299876 -22568.311309767399507 129769.71104738599388 304.09398113865097457
1485600 134.88007496178099132 126.67808918252599426 1051.2735782460899827 44.034189267757696484 3.223546283095959808 -22484.983828974000062 130018.30792723099876 303.76509127809100619
1486800 134.87237692944600553 126.86319528053900285 1055.0767203283799063 44.049427831103798781 3.2272913502552400544 -22387.393395137300104 129589.86141442600638 304.89894451697398381
1488000 134.86997079901701113 127.12118147107899802 1058.8866796502600209 44.080840537514497157 3.2298154375262999594 -22615.988551074198767 129574.75482937699417 305.13726365977299793
1489200 134.8688696128230049 127.39892729636200386 1062.7045114402499166 44.101406098420397939 3.2224105295114098269 -22625.026390296599857 129354.93802309599414 304.57063507434298799
1490400 134.86834278801200071 127.7041107355289995 1066.5314372857299077 44.115843410345497944 3.2115806855124100494 -22572.888492922600562 129764.00508638400061 305.52230339951097449
1491600 134.86691470991800657 127.99693936813200423 1070.3670640657298918 44.128484777881503476 3.203811392488109977 -22493.581500318301551 129125.01540341599321 305.10669268750501715
1492800 134.86627885209401256 128.26011196043100426 1074.2108883809000872 44.138999252698297937 3.210152464091470037 -22434.214554904101533 129516.76556807900488 304.32700858263302734
1494000 134.85326913543801197 128.45310544967099986 1078.0617528755199146 44.157376821403801159 3.1934999679315998478 -22360.443091053100943 129822.02157731099578 305.10286111877798021
1495200 134.8518594943849962 128.75360435299100459 1081.9195214231999671 44.166565219080602844 3.1836446126309700944 -22452.91108830759913 129678.97939413000131 303.4096706501790095
1496400 134.84918317959301248 129.01646721234101278 1085.7861813230299504 44.168201914529703345 3.1812023588556201936 -22513.163268723001238 129877.24161551399447 304.61048922907997394
1497600 134.85112276157300926 129.3374934489339978 1089.6612230025000372 44.163097816700101816 3.1758248161832800527 -22538.058815655400394 130006.34493166299944 303.61386793666201811
1498800 134.84935163510900225 129.62604942774200367 1093.5457405527899937 44.168095787040698497 3.16225410032089993 -22536.544211445700057 129317.57412489899434 304.55578970982497822
1500000 134.85136023377899051 129.93865976342399904 1097.4391020928999296 44.176959340471000814 3.1582621650265001456 -22491.504664213298383 129528.64124444199842 306.11580478596198418
1501200 134.85267205109400379 130.28632956695298617 1101.3422862541399354 44.179732203150003045 3.1485010959144501541 -22452.047600978901755 129475.8477297280042 304.9977882147330206
1502400 134.85916224719798606 130.64887261025899079 1105.2568531363099282 44.179965977241202779 3.1563233023021801671 -22378.078887968298659 129824.57598033199611 303.55864210385999513
1503600 134.85199593220400516 130.8645020182609926 1109.1796808512199277 44.187843811722800069 3.1619814453734997883 -22206.56068216210042 130019.33347755399882 303.1725973227920008
1504800 134.84585653311100373 131.10765247594099492 1113.1091457345501112 44.186014777526800401 3.1662016431740998001 -22437.779613735601743 129626.27227492400561 304.79638614666498597
1506000 134.8411901768820087 131.38027589222500069 1117.0465519776400924 44.19833369703709991 3.1726300175319801511 -22599.411035184799402 129512.11551468599646 304.36186154900099154
1507200 134.84175571790700587 131.66445654243401009 1120.9920810153801085 44.200636955783096482 3.1836999952534599245 -22451.92779392329976 129439.28982122799789 304.76795555018401274
1508400 134.83049053003099971 131.85105450109898584 1124.9449000987699492 44.205033558429903451 3.1913661624962901264 -22396.144951019701693 129965.33711337400018 303.10203510753200362
1509600 134.81829466708200016 132.03941544791200613 1128.903272395320073 44.197228930577303174 3.1974612795660202202 -22305.897960511800193 129748.18990440499329 306.3935695096370182
1510800 134.80913794294099262 132.27846538508299545 1132.8679229184799624 44.187188269747402103 3.196914397298149968 -22362.790074810200167 129473.68527544599783 305.23635668135000287
1512000 134.80571296839801221 132.54642019498601258 1136.8404319856599614 44.183220717013696799 3.2042414509958199176 -22541.211657058298442 129481.12967077900248 305.86192499872299777
1513200 134.78865384330700294 132.672373253173987 1140.8193037827099943 44.180012850534296831 3.2170133826717099979 -22391.670376841801044 129755.47564817499369 305.14855889719302695
1514400 134.76940249324900378 132.79017738520300895 1144.801282739070075 44.185699422691797622 3.2378405755781201059 -22312.547290079601225 129763.06843699299498 302.60875135500202759
1515600 134.75144278132199815 132.93094816660598667 1148.7865486965399668 44.18455467861880237 3.2346086553875901259 -22306.454220399398764 129858.19502641499275 304.5553918535429716
1516800 134.74250520140600429 133.14649915953199866 1152.7777945562900186 44.178042633084601221 3.2326734441525699637 -22477.793604720798612 129709.7241520940006 304.92723756212598119
1518000 134.73468128516699949 133.33436872660101358 1156.7748879944799683 44.169868338627601645 3.2330140298216698547 -22517.725797653500194 129724.84630062700307 304.83650532403402167
1519200 134.72520682040200768 133.5176778250560119 1160.7775851065700863 44.156688894019900715 3.2202546072106201791 -22389.868318206699769 129383.73074197099777 305.408294333449021
1520400 134.71808620459199801 133.70362180054999612 1164.7858901169699948 44.151574633163299666 3.2192761373138498726 -22296.219446293398505 129970.3941161630064 304.14591590513998653
1521600 134.71600986514999931 133.95837626156600209 1168.8004763074300172 44.157284611476903535 3.220177150323240145 -22374.537761825300549 129826.54434586600109 304.92995591313399473
1522800 134.71381921652800884 134.22745777431200054 1172.8234057165400372 44.171691971034597657 3.2155865355641699566 -22324.452870892200735 129524.71835510000528 305.11527795080002079
1524000 134.71288567732199226 134.52417850037198832 1176.8550060286299868 44.176226712001501085 3.2129371012821801301 -22492.738958834499499 129594.95606771600433 303.72489110769100762
1525200 134.70305042249799499 134.75418704923498581 1180.8940954383099324 44.185486403130497024 3.2077367995851098215 -22408.253382007198525 129621.9718354390061 303.32975867581200191
1526400 134.70569816485300407 135.1166876009120017 1184.94175798837 44.199284375637802214 3.2016157463430601204 -22504.880506918998435 129659.91532242699759 304.79649581483397469
1527600 134.70532210728200084 135.46238109867098842 1189.0009807191800064 44.208856801465302055 3.2051574243753297999 -22545.181649620899407 130092.20631044899346 303.70404504361698628
1528800 134.7007971743159942 135.75792350481199833 1193.0692995428400991 44.217606111405096669 3.2199835678654000759 -22463.847361070598708 130045.45114631499746 302.68330990473401698
1530000 134.69547356016400386 136.01789433557999587 1197.1460832416501034 44.22758383951870087 3.2250665956936401813 -22333.656910601399431 129279.6669191109977 305.65978831988797992
1531200 134.69320413099998746 136.28678301451898847 1201.2303928336300487 44.227028237885797068 3.22444927400796999 -22239.175568557198858 129748.89235580399691 305.6689096349550141
1532400 134.68867143468798986 136.51734216176600967 1205.3224967344399374 44.23580644823559993 3.2383689597243900948 -22352.055124262999016 129578.89150139600679 304.29323811047601112
1533600 134.69006332744700671 136.80316416171899618 1209.4221392702600042 44.245532204144403465 3.2547458047901698386 -22473.562066259801213 129742.33579628700681 303.64798036282098792
1534800 134.67702771973299036 136.97384290214000657 1213.5293562689500959 44.247655744095098385 3.2505968067630299778 -22482.149614680700324 129772.10760257299989 304.16554332023798679
1536000 134.65888775504899399 137.12817702209599702 1217.640664601419985 44.246182797720202018 3.2417671977265398731 -22335.455683186199167 129452.27945462299976 303.20262193354102465
1537200 134.64871094193799195 137.35128748331800352 1221.7579989331900379 44.246076822812902662 3.2399998760035200185 -22432.315899720200832 130024.33387570499326 304.30663698528502437
1538400 134.63669547731998932 137.53356957861899446 1225.8815714536099222 44.25390364764290041 3.2476329992425800874 -22449.774756127299042 129899.67400466700201 304.25972849435697754
1539600 134.62844665440999847 137.73388210721000746 1230.0107634588900964 44.25942589518039938 3.2604321717234698852 -22519.559782001200801 129969.23267920799844 304.16629191775399477
1540800 134.61424524162600846 137.85615464818900477 1234.1446176435399593 44.255419124624900462 3.2746657218766901387 -22528.342440947901196 129778.72650146999513 304.91608949674798623
1542000 134.61563701786201364 138.151792843544996 1238.2845948750800744 44.261484944283303378 3.2809682987605000015 -22380.535493805000442 129741.94118419699953 304.72218109787002049
1543200 134.60852151212898775 138.35078640342700851 1242.4326695446400208 44.272210183235102932 3.2847760274822501714 -22440.694857941598457 129792.00839308899594 305.11088875353800631
1544400 134.59667041663101372 138.54608176760601168 1246.5862976546100072 44.27604323791999974 3.2852243921379598035 -22303.067027372300799 130112.15744899600395 303.41852270723802576
1545600 134.58098537840200493 138.70242522436299737 1250.744742106089916 44.27061912302470148 3.2852234613389401652 -22530.880498498700035 129844.47252937000303 306.15211336370100526
1546800 134.57085231783298696 138.92041711724300512 1254.909479064370089 44.256525027737900757 3.2889631201366000823 -22284.143919149100839 129285.78605778499332 306.12568547419397191
1548000 134.54901707431798741 139.0400730310580002 1259.0787111669299065 44.250100472634898097 3.300717311367979967 -22305.174289551701804 129585.04309924900008 305.35145717756000749
1549200 134.54032661582999708 139.24807262019999143 1263.2529193785198913 44.255243517557801169 3.312353686871980063 -22557.555075421398215 129731.35637554200366 305.32616982580498188
1550400 134.53716338225999039 139.54002239721600631 1267.4345313552000789 44.24465908096139799 3.3241426533892499684 -22432.301374213999225 129839.50132730099722 304.61420607273100813
1551600 134.52559770498399416 139.75907451339600129 1271.6241319091300284 44.241331349317199795 3.3453945504705098202 -22380.97459394660109 130109.96080103899294 304.97652031941697715
1552800 134.51261061054700008 139.96521382096000252 1275.8203400198299278 44.259119758782397014 3.3598926531912298721 -22411.117241324900533 129536.66609343400341 305.48858730772298031
1554000 134.49540241642401384 140.10014775027900669 1280.0211887079199187 44.285011101044503334 3.3727271893309298534 -22412.45164076959918 129499.08896568299679 304.93691164848900144
1555200 134.47664948415899744 140.25741919872999119 1284.2268177403600475 44.303041263588099241 3.3818185201311901089 -22633.169509193401609 130024.27152369399846 303.42965471797998589
1556400 134.46072287382500576 140.45800104774801298 1288.437396719760045 44.31233708535970095 3.3873626026081100626 -22485.02346138790017 129764.32372512000438 304.25646475862498619
1557600 134.44571959434000519 140.68872054417400363 1292.6542858761999923 44.305141159078502255 3.3827965000300799225 -22328.056566667801235 129870.54190399700019 304.27757703072097684
1558800 134.44208272813798999 140.98225591864999728 1296.8793395929499184 44.293486124931902737 3.3909962193631502103 -22351.463710157200694 129378.59547501000634 304.63182057175498585
1560000 134.43939054806699573 141.28114800743600199 1301.113491250720017 44.293171229149500334 3.3964018636054800204 -22337.299162501101819 129650.5112470210006 303.12421624366402284
1561200 134.41883782861100372 141.46826665853299687 1305.3545810261400675 44.299064007223101669 3.4047612430844398368 -22471.980231307399663 129693.49822612000571 302.38470227455798067
1562400 134.41038463104200673 141.71273741984100525 1309.6023430682901108 44.306088480304701704 3.4225332754808599489 -22435.298293304698745 129594.60419582600298 304.58983775249697601
1563600 134.40575066074899269 141.96152789456598953 1313.8572598403200118 44.320874135427096974 3.4494665412408398453 -22434.616068751100102 129913.20382359600626 305.09656562538401658
1564800 134.39805762499400998 142.17885686823601077 1318.1196766989100979 44.334616538162102017 3.4755135191768902203 -22321.825858933301788 129910.38376965399948 304.41631498719601723
1566000 134.38746683993900888 142.37210966993001193 1322.38803761621989 44.329404720040102461 3.4816837124317498997 -22348.942027394299657 129845.98124805399857 306.21364019768901699
1567200 134.37472715141601043 142.58648021712400578 1326.6619850727499852 44.32992636498460115 3.4910122967803500771 -22304.243629160999262 130320.64701354299905 304.26591541191601209
1568400 134.36943260037901382 142.83813683635699476 1330.9433610872999907 44.337594421543499834 3.4936666837222700721 -22365.928307972801122 129438.54609788100061 306.63357903377698221
1569600 134.36437091811998812 143.09948988605199816 1335.2322571170500396 44.341474542567198114 3.511954041508789981 -22381.956014969400712 130174.83076806599274 304.20532765288498922
1570800 134.35837602729100126 143.36474956290601313 1339.5292534327700196 44.336496893194201618 3.5286792962937498785 -22403.603519678301382 130202.09419689400238 305.28041062614101975
1572000 134.35965151607601342 143.69564728311200952 1343.8349592547499469 44.325679784243597226 3.5515771270570999363 -22306.638517831299396 129586.40793872599897 305.50883607641401341
1573200 134.35320895385200402 143.96418041715799063 1348.1503150951200496 44.314539860639499125 3.5751812145070398508 -22268.883796262100077 129863.38487211600295 305.87444618122401607
1574400 134.34726437002299804 144.23086902548800481 1352.4729682419299479 44.322775612178503479 3.583145054681439845 -22299.215513501399982 129905.31643200499821 303.78109379881402674
1575600 134.33727315652001266 144.41711682639800074 1356.8029017180999745 44.320062183951499435 3.581414260727710186 -22484.427182947398251 129755.45872331300052 304.61351743977502338
1576800 134.33783415971100794 144.69829844558199738 1361.1396410677800759 44.307623102202796872 3.5794911454869100531 -22367.469926964498882 129536.21649870999681 305.8022200112799851
1578000 134.33719044980699664 144.97593422975199928 1365.4847909028299 44.29461436528789875 3.5822422537149098964 -22192.517531446599605 129369.2472918650019 305.99479724677598824
1579200 134.33387062561499192 145.2016579839049939 1369.8375694795900017 44.28959030086979709 3.5951095238100099216 -22349.8212174606997 129531.99876093500643 306.79449732899900027
1580400 134.321862635482006 145.33464433386399151 1374.1954553207999652 44.29402504187179801 3.6026688388942100794 -22271.535931971000537 129704.30608179299452 303.61033770524102238
1581600 134.30631441129099812 145.47762427717700007 1378.5575310515000638 44.288778634975400905 3.6095061453478800573 -22246.895523239698377 129746.1284903390042 305.22841845364899882
1582800 134.28951885954001 145.62229142626000566 1382.923863366489968 44.289190685080100707 3.612146260498250161 -22196.365889883800264 129578.15829100500559 305.81823273772397442
1584000 134.27793740191700067 145.79618605819101163 1387.2951611713599505 44.295724659479397189 3.5998711182647298301 -22298.727818538398424 129912.04361291399982 304.49162626095699125
1585200 134.26867148816100439 145.95952463769199881 1391.6713738789999297 44.320532873009597097 3.5981817140817700107 -22255.218363788801071 129940.40918799399515 304.84542625156802842
1586400 134.26393258602701053 146.15405376460199705 1396.0532575961899511 44.341943258839201292 3.5994227158887599494 -22372.612594939801056 129760.47047924999788 305.89060714392098816
1587600 134.26175914402699618 146.3683522397350032 1400.4406936777800183 44.35263060603880092 3.5952685586995900557 -22300.243828915699851 129853.6140582980006 304.58361057173698327
1588800 134.26394722093399992 146.66356499852901152 1404.8358709947199259 44.362491839820002326 3.6012671599067798134 -22428.068343967501278 129562.45929716099636 307.05037392948997876
1590000 134.26386668422100001 146.96818185623300224 1409.2405644730199583 44.354251464229101032 3.5982733495192000817 -22421.958047957701638 129659.79523535699991 304.61840088885401201
1591200 134.26685308906399996 147.29509765863699045 1413.6544522514100208 44.334023498864702617 3.5942555552322601464 -22303.983873329598282 129700.13073878099385 305.04783238545701352
1592400 134.26586642661800397 147.57287322833201415 1418.0773992733199975 44.326342477255202823 3.5993385772272601386 -22351.127383240400377 129482.68867626300198 304.79157666824897888
1593600 134.26291266114398582 147.84213931533000164 1422.5088414435299455 44.330443566074301032 3.6001935820766699514 -22328.779810966301739 129499.44907248999516 306.05129549897202423
1594800 134.2530139387289978 148.04046036928400554 1426.9472746660098892 44.335218279892501414 3.6011778666188898335 -22514.094821321901691 129832.50502493200474 304.97215469314198799
1596000 134.24291679544398903 148.21126982105201364 1431.390739288370014 44.331837679533698804 3.6045637215186698832 -22422.059229324000626 129290.83603302699339 302.90455770656700452
1597200 134.24909167370898899 148.5250744966830041 1435.8412870482000017 44.328987033752397906 3.6038260914269799606 -22467.369551050400332 129997.82266156100377 305.58859994155801587
1598400 134.24604517619800959 148.81698932373399202 1440.3015756361201056 44.326112870335400373 3.6074083886579200176 -22398.772004894301062 129502.62845132300572 305.04845606421599769
1599600 134.2367305281819938 149.04725653951899744 1444.7698326717500095 44.324414089332300648 3.6088866312440601725 -22365.624629041001754 129913.68040917499457 303.13178067766699542
1600800 134.22541334927399248 149.23466824706301281 1449.2441744849299994 44.341455210327403336 3.6175149424389401176 -22421.475168774999474 129758.00818067000364 304.95241732652999644
1602000 134.20137859846300898 149.30126197745801164 1453.7228505208599927 44.3601443538273017 3.6176829070748199868 -22453.436714189501799 129690.8254198210052 304.6154415080840181
1603200 134.1775089055610124 149.34693233726900985 1458.2022961469399434 44.373349584031700488 3.608574304424459811 -22501.432274015798612 129888.25693309500639 304.81268006445799301
1604400 134.16473033838801143 149.48105409726301218 1462.6851347686999816 44.387978223263402811 3.6067014044899399217 -22498.177256373801356 129370.71690128599585 305.91876394533699113
1605600 134.15115871106900158 149.60299783073099888 1467.1715586574200643 44.401771959105801102 3.6150934786010298083 -22382.105519179098337 129526.29506470200431 305.6577542714759943
1606800 134.13261238294700206 149.71557145976700554 1471.6611769634600932 44.408294204706997732 3.6150383362827001044 -22514.129276515199308 129481.4679861409968 303.95885333779102666
1608000 134.11287526663400627 149.81510920448698698 1476.1540924418700342 44.413644017061102431 3.6274753359502898142 -22603.214256556198961 129643.37790376899648 304.00625541803100305
1609200 134.09132131608700433 149.90241512359500575 1480.6497246736300895 44.427644790927402596 3.6356737066944599945 -22537.436824607000744 129627.30047158799425 305.10722390322797537
1610400 134.06412040740499947 149.94936153647799415 1485.147830866159893 44.443952790628699745 3.6376553336591301857 -22537.156375786998979 129679.70345413200266 305.51090287679301127
1611600 134.03406957072800765 149.94484578226200711 1489.6458322846499414 44.456648066544296682 3.6349701337543298685 -22619.454184379199432 129280.87239872000646 306.72430326135298628
1612800 134.01756392334098678 150.02482542602498938 1494.1454262022400599 44.470259525799399114 3.6268319358253799933 -22339.74288637940117 129554.21532945599756 303.83654382284197482
1614000 133.99829239133501346 150.08592842619199814 1498.646932628930017 44.482432131172402023 3.6318493125014201794 -22474.298951570399367 129588.45595768900239 304.1197424818590207
1615200 133.97766033569700994 150.18850306097300518 1503.1511663400899579 44.482930650777596782 3.6374536749757999665 -22594.280637781601399 129834.90264905299409 302.84654614271397577
1616400 133.95557692841100561 150.29004282606700826 1507.6581443391999073 44.488147973835403093 3.6290441441508698439 -22637.973973572599789 129550.61023435500101 305.02210476816600249
1617600 133.94184379340899227 150.47124722999498658 1512.1694978883699605 44.496864436837398671 3.62087502171949982 -22640.92116466709922 129599.36090447500465 304.24716222772798346
1618800 133.92840053242599652 150.64598847795400616 1516.6861905467799261 44.504607727080596646 3.6045107381498198151 -22405.835053333099495 129828.15288875499391 303.64386607760701509
1620000 133.92073237584799017 150.86313679729599357 1521.2087032160200124 44.500447724616698508 3.5961843797297099457 -22336.539046787398547 129802.15257675900648 303.89528219237598705
1621200 133.9187709329580116 151.09234590885699845 1525.7378950108700337 44.501279067369196696 3.5865291895500499564 -22449.319143153599725 129979.67420600500191 303.92515368088101013
1622400 133.92154640713400227 151.4038946259319971 1530.2754464773699965 44.4977265747286026 3.5946369596937999269 -22488.204360888699739 129598.09428671799833 305.3023198666609801
1623600 133.91467468067000368 151.5870370800460023 1534.82063494928002 44.499874694775002126 3.6161395548556098944 -22533.738255647698679 129834.21641668499797 302.76896151926598577
1624800 133.90402645435500517 151.75843510709501061 1539.3707534681400375 44.501638509369200847 3.6346452937793198856 -22613.206661524898664 129648.9394114339957 304.57394067405198257
1626000 133.89332455914299658 151.95400272620400983 1543.926544688390095 44.501189509075899764 3.6409880243216998785 -22540.813109030499618 129734.73721369600389 302.97491201190797483
1627200 133.88303421320500775 152.153917482617004 1548.4879380101199331 44.497014805198297438 3.6359784895508902025 -22597.683082194398594 129606.52210366500367 303.98082383476400992
1628400 133.88347749059099101 152.46679800458699106 1553.0570541053500619 44.485559557147198007 3.6491372729746598402 -22470.283016773599229 129330.94372483200277 304.22667148609599508
1629600 133.88197193252599959 152.78030836043100749 1557.6360381073600365 44.480487517156298338 3.6586425108568199072 -22389.379061355200975 129584.24398519200622 303.50617482109197454
1630800 133.88261502435298667 153.0864505658520045 1562.2242088692999005 44.487287758224603351 3.6786908447016202217 -22436.901243659500324 129564.32613093400141 305.29805513277801765
1632000 133.87259698351400061 153.30866143981100436 1566.8204037532800612 44.492573325019002084 3.6860300102811400791 -22362.833289705798961 129974.74002763800672 302.81748854423801731
1633200 133.85663992897400476 153.43921488205100445 1571.4215669150000849 44.49759557507969987 3.7017645484081200813 -22453.589714076999371 129645.83731154899579 302.61114734758098166
1634400 133.84336160027601181 153.56536836073098584 1576.0265270326099198 44.500278600504799442 3.7147913760542699002 -22304.285818838099658 129644.99625860300148 303.93299895910502073
1635600 133.83559171305000746 153.78453683834300136 1580.6361856118201104 44.499432254044897661 3.7192282424726799128 -22423.536147575501673 129426.79840067400073 304.66614625536300309
1636800 133.82897038326100869 154.06231417284101326 1585.2540253990200654 44.496725153459500746 3.7205775941581298305 -22392.778411156901711 129877.56482805800624 302.24582413881500997
1638000 133.82036666866699193 154.29616688536700053 1589.8794406150300347 44.500763958656996522 3.7340061102217600997 -22340.268224677798571 129643.53115629599779 304.12729917056998374
1639200 133.81198352626199721 154.47715437207500599 1594.5110453274101019 44.510590934986197453 3.7503811661531600841 -22288.263756525899225 129323.68210162200558 302.25849897564501134
1640400 133.7969154778839993 154.61178121533799867 1599.1474165894599082 44.514405851261003022 3.7585809184192999766 -22350.872405860798608 129830.55189718799375 304.97015389538699992
1641600 133.78994322533401373 154.77613555963898762 1603.7881295645699993 44.519805174320097763 3.7665239991516998863 -22433.002521758899093 129128.76206988499325 304.76995416344300338
1642800 133.78119610151699703 154.94072202638901103 1608.433748304169967 44.527286943258296503 3.7830830776034698459 -22433.244139807000465 129571.64522021499579 304.24957086937502027
1644000 133.76638940332298944 155.10364671523299762 1613.0841068723000262 44.534319763265798997 3.7910324839124198704 -22315.263240617001429 129906.41244301199913 304.06918379790300833
1645200 133.76490829312498931 155.37991055788299377 1617.7416563064900856 44.538792504187902921 3.7952729469544101981 -22448.01599737449942 129338.10411196399946 304.15549466692499436
