Step Time Temp PotEng Press E_Interface_Pair N_Interface_Contacts Polymer_Z_CM
4000 3544.456000000000131 131.46328984318381572 -1124140.3328781530727 -177.0845182763910941 -1988.69286150897 506156 64.123504199206
4500 3544.956000000000131 123.65281497046750303 -1122199.7405657568015 -179.42104222138269165 -1989.35815194363 506232 64.1235096604111
5000 3545.456000000000131 113.00982409276119256 -1119370.423927847296 -207.53124921537067848 -1989.595301188 506264 64.1235151187023
5500 3545.956000000000131 101.54734706735784755 -1116243.1421758488286 -287.15212881977583947 -1989.43555669999 506324 64.1235205664137
6000 3546.456000000000131 91.177173286821471265 -1113391.3476907603908 -437.91006964275675273 -1988.78618687 506306 64.1235259938651
6500 3546.956000000000131 83.161687217208140055 -1111202.0930916990619 -663.17821921293068499 -1987.43146058752 506439 64.1235313901876
7000 3547.456000000000131 77.82288400647038884 -1109788.4173623877577 -946.70597328042526897 -1985.63666658653 506458 64.1235367441492
7500 3547.956000000000131 74.622476094564959226 -1109004.5995228043757 -1253.8348527466903306 -1983.5979232276 506439 64.1235420449834
8000 3548.456000000000131 72.528069830740633961 -1108552.7090561850928 -1539.2782988761468914 -1981.04735390994 506511 64.123547283119
8500 3548.956000000000131 70.456304944365641063 -1108113.4215012590867 -1757.7138106196243825 -1978.31968296191 506500 64.1235524508515
9000 3549.456000000000131 67.615164784240818108 -1107446.8206319017336 -1873.8964955824365006 -1975.76266238912 506512 64.1235575428786
9500 3549.956000000000131 63.684943437190206339 -1106450.2738372299355 -1871.0407239472583569 -1973.18338997521 506475 64.1235625567172
10000 3550.456000000000131 58.865734548101727341 -1105175.4369358499534 -1754.4971232972727648 -1970.75188096289 506553 64.1235674929399
10500 3550.956000000000131 53.830784644448463894 -1103817.1542063145898 -1550.5604271184320169 -1968.86246419515 506581 64.1235723551894
11000 3551.456000000000131 49.588952698225753579 -1102674.5761764319614 -1300.6441360229600832 -1967.4115108737 506627 64.1235771498848
11500 3551.956000000000131 47.236524321023040329 -1102079.8202616395429 -1052.365943793440465 -1966.60431527005 506639 64.1235818857254
12000 3552.456000000000131 47.611956436553001026 -1102294.1179000013508 -848.74814716487526312 -1966.42323242462 506636 64.1235865729883
12500 3552.956000000000131 50.948761942414179771 -1103402.3608725306112 -719.07905293015983261 -1966.73296715393 506589 64.1235912226243
13000 3553.456000000000131 56.684899805829722652 -1105250.7779869120568 -673.25600468153459133 -1967.3896967445 506625 64.1235958453102
13500 3553.956000000000131 63.553815512150563904 -1107472.2998443802353 -702.70273783774064214 -1968.31790418867 506631 64.1236004504756
14000 3599.5999999999999091 25.630267428434695631 -1114524.5379686939996 -1019.09770934208575 -1975.16518872488 570473 64.1233747407645
14500 3649.5999999999999091 25.265644310894174396 -1116839.4334600241855 -1422.5776408784333853 -1973.55388169703 570700 64.1229648748709
15000 3699.5999999999999091 22.885802791677377854 -1118239.6871264800429 -1565.9825962209220052 -1979.05394475928 570182 64.1224240582957
15500 3749.5999999999999091 18.705105661483283797 -1118763.3779176434036 -1275.621607864645739 -1976.43505554066 570421 64.1218443483549
16000 3799.5999999999999091 16.609527340740633861 -1119591.6026406984311 -1700.8679660259363118 -1980.03626178823 570512 64.1211171740109
16500 3849.5999999999999091 15.375151235303603059 -1120399.9658295703121 -1560.9719420418632581 -1976.30455638714 570370 64.1202683293648
17000 3899.5999999999999091 13.324236130409037315 -1120745.2797183517832 -1437.9272752249819405 -1983.84240868663 570145 64.1193310217715
17500 3949.5999999999999091 12.122942722434979501 -1121155.1599493024405 -1527.4635103407758834 -1984.93326883259 570437 64.1182915709452
18000 3999.5999999999999091 11.176105422908351628 -1121486.3625203885604 -1481.3079352898819252 -1988.88995632425 570541 64.1169855464757
18500 4049.5999999999999091 10.440309547789508926 -1121743.4027782713529 -1447.083636305779919 -1981.6229165827 570199 64.1155488928289
19000 4099.6000000000003638 9.7213598333515474081 -1121883.8815584925469 -1578.2332139701563847 -1985.53611119219 570281 64.1140047428845
19500 4149.6000000000003638 9.4935673650220078201 -1122049.9422880776692 -1452.2136891629766069 -1985.40029664342 570084 64.1122059979762
20000 4199.6000000000003638 9.2551934137569809025 -1122076.4939691827167 -1505.1872352857485566 -1985.58356760032 570260 64.1103049603114
20500 4249.6000000000003638 9.2754443460827129542 -1122026.0456388632301 -1565.0846495631071775 -1986.34477552743 570377 64.1082947347593
21000 4299.6000000000003638 9.6325149697959151496 -1121995.2221254135948 -1411.223881578298915 -1982.57366648437 570398 64.106023379796
21500 4349.6000000000003638 9.7574031426880001305 -1121951.7006302359514 -1513.4842984030274238 -1984.33553746487 570395 64.1035519476576
22000 4399.6000000000003638 9.6587683645685551426 -1121966.4339534032624 -1474.1818557799308564 -1989.24876931759 570442 64.1007692327875
22500 4449.6000000000003638 9.502205406532238996 -1122038.8531913019251 -1464.6969944097625103 -1983.82187136856 570332 64.0976678222694
23000 4499.6000000000003638 9.3153099431943644504 -1122064.2238586770836 -1537.0646981367581247 -1987.50277027079 570414 64.0943807457824
23500 4549.6000000000003638 9.350838287181071351 -1122062.0901263006963 -1460.1508446119521523 -1986.89658005021 570372 64.0909373792066
24000 4668 9.6850280182080616953 -1122019.4388560771476 -1467.8534780764564402 -1986.62336221491 570444 64.0814996028317
24500 4793 9.4523423341483976401 -1122122.4390039006248 -1496.165963142541159 -1991.65225948423 570586 64.0699544686364
25000 4918 9.5649487509215642689 -1122088.0911728134379 -1484.9684567037729721 -1995.80578041486 570508 64.057232248704
25500 5043 9.5435078936834720764 -1122106.5677442888264 -1427.4500621835577476 -1994.2464850492 570575 64.0428538821664
26000 5168 9.4999256274064176608 -1122179.2537320856936 -1428.7067611597713039 -1994.55302435212 570917 64.0275277442888
26500 5293 9.6257199221502869335 -1122123.2649017376825 -1431.1498581100106549 -1994.67872557488 571033 64.0105954177602
27000 5418 9.4192811129832811901 -1122192.8420218033716 -1412.0247056105467891 -1997.10426400142 571005 63.992376067792
27500 5543 9.5963971498313682673 -1122207.0934603523929 -1385.941411965775842 -2003.47794240105 571163 63.9725852665438
28000 5668 9.533042428712606764 -1122221.241473170463 -1392.7219586570256524 -2009.70258977876 571266 63.9511840341139
28500 5793 9.443778219065215751 -1122261.311628411524 -1429.1170962728674567 -2009.91403232726 571535 63.9288810115566
29000 5918 9.5670197297911023782 -1122260.9577838198747 -1416.8793390069995439 -2009.16226966284 571838 63.9049927594912
29500 6043 9.4636725433021098297 -1122350.9087443605531 -1376.759458081137609 -2012.48517394426 571707 63.8798499454349
30000 6168 9.551181264232114998 -1122354.3276420955081 -1388.7715246425293572 -2015.97479421393 572091 63.8534227676236
30500 6293 9.514750882604481319 -1122387.6734699457884 -1291.9490772653346085 -2016.80888880215 571962 63.8259694533215
31000 6418 9.4903207394223922932 -1122423.9471751700621 -1339.2923242746965116 -2008.73970011312 572230 63.7976101063176
31500 6543 9.5260615929331962093 -1122404.901602526661 -1323.2631200527598594 -2018.19556893975 572547 63.7672200393141
32000 6668 9.4882800647414100581 -1122480.5983935568947 -1322.101162247688535 -2012.41466051145 572528 63.7353115375673
32500 6793 9.6078848647348777945 -1122497.2966643152758 -1338.2086105855162259 -2018.93606715526 572850 63.7023817435446
33000 6918 9.4963352402458074408 -1122527.3705427716486 -1312.1438691850985379 -2024.15937853501 573148 63.6686743814304
33500 7043 9.5183085769458628533 -1122562.5610169714782 -1245.13227699182994 -2025.74675447443 573384 63.6346805572883
34000 7282 9.4821925576763099741 -1122631.6160104724113 -1200.8143295494035101 -2027.6949379026 573672 63.5666510736163
34500 7532 9.5111048786878473749 -1122676.3233020009939 -1154.345824542012906 -2039.00180028629 573952 63.4919034541246
35000 7782 9.5264575722483471054 -1122721.38871426275 -1108.155606790772481 -2040.88321133811 574421 63.4143773954847
35500 8032 9.5644111242820706309 -1122797.3150707799941 -1101.7753491370704069 -2053.43325953098 574642 63.3354402203914
36000 8282 9.5126639231176071121 -1122854.8505329228938 -1053.5912620503436301 -2060.22372399586 575489 63.2535888152635
36500 8532 9.5000927332838465134 -1122915.7890799825545 -1007.4222020086867815 -2074.65058626911 575847 63.1709747352332
37000 8782 9.4846843669308018576 -1122973.117268089205 -1026.3519129421681555 -2081.38395864661 576252 63.0872094451974
37500 9032 9.5295600480951563327 -1123002.8835912242066 -910.61763559522205469 -2083.5149262443 577084 63.0040438488924
38000 9282 9.5315752132853166501 -1123069.3029735507444 -932.94852695731947279 -2094.16622061425 577617 62.9204849732897
38500 9532 9.4927590091704239228 -1123114.4978606258519 -828.57101450107847995 -2102.39259213408 577896 62.8394031757099
39000 9782 9.4906279251175416078 -1123188.6969105158933 -768.19093812109576902 -2106.57836571173 578627 62.759950579268
39500 10032 9.54345062001559441 -1123244.8164936148096 -763.60061908692489396 -2120.05331685485 579160 62.6818600415856
40000 10282 9.5597614893745230802 -1123316.9305148439016 -767.28421490465007082 -2132.89529153886 579454 62.6079516246666
40500 10532 9.5339748856819657163 -1123351.8779519139789 -741.46705837940464789 -2143.44578887047 580113 62.5348699601022
41000 10782 9.5381710675302660007 -1123408.6290605759714 -689.481559453420914 -2155.61455103044 580451 62.4655415370052
41500 11032 9.4961401327626315805 -1123497.3574169098865 -658.00686973705626315 -2166.92656019609 580970 62.4003378336987
42000 11282 9.5326215136757284085 -1123557.2230019082781 -619.95318905663623354 -2167.35669612221 581153 62.3406256467537
42500 11532 9.570290790745577425 -1123613.8053267446812 -559.45454649081136722 -2169.71721036139 581675 62.285575041959
43000 11782 9.5610016793649794664 -1123678.0569862236734 -542.47143081039394019 -2174.26753838571 581974 62.2369530503539
43500 12032 9.496681603023150231 -1123755.8366931562778 -502.43996648339583544 -2175.11338209868 582084 62.1937947708016
44000 12282 9.5083670899412666699 -1123861.656559726689 -508.75175243166165728 -2182.9704913298 582662 62.1326657778871
44500 12532 9.5175878995900777824 -1123987.4458902417682 -534.77958255631858719 -2177.65670214308 583488 62.0357998230013
45000 12782 9.5641641600840188175 -1124127.3243090894539 -418.62159504905383756 -2179.22860200602 584364 61.9110969308583
45500 13032 9.5581284945077857884 -1124196.0570934920106 -400.44960151592101738 -2182.06889963403 585334 61.7629318354121
46000 13282 9.5184493431759307214 -1124275.9069022291806 -385.81064912057746596 -2203.95097260692 586029 61.5946159417695
46500 13532 9.5149372452837841507 -1124334.2910345443524 -344.66309427542813637 -2218.1310127038 587364 61.4090771673177
47000 13782 9.5390859329718793447 -1124394.2386564644985 -330.74423952887224232 -2240.19082197015 588139 61.2115241032091
47500 14032 9.4859441577825496239 -1124423.1205278579146 -307.72464324768441202 -2250.84403221949 589085 61.0105473458117
48000 14282 9.5630087407174233505 -1124454.7206120975316 -173.20291390416355171 -2272.3498400371 589870 60.8115842780191
48500 14532 9.5607410177621154901 -1124486.9005478778854 -106.6785808068788981 -2299.05791612612 591317 60.6206060865608
49000 14782 9.5172323258084770004 -1124542.9371161782183 9.0879246285025061525 -2341.14393727461 592012 60.4445071313962
49500 15032 9.5186343917083338084 -1124576.002810718026 109.03326281389001906 -2367.52159552187 592741 60.2864584381544
50000 15282 9.4996019637354418563 -1124642.2674468206242 180.45941751649959883 -2383.76557035832 593897 60.1499590498723
50500 15532 9.5184666368690340477 -1124718.6045113257132 282.21249042253668904 -2408.28141172379 595008 60.0311181876104
51000 15782 9.5287054507813184756 -1124799.9180080387741 415.9810118463337858 -2422.74222793449 596390 59.9303341675938
51500 16032 9.529614607863511111 -1124930.3928131770808 518.37197189455503121 -2436.43688123729 597384 59.8443959746328
52000 16282 9.4671324779333563271 -1124955.80793436151 618.43394675881586409 -2445.20670365833 598326 59.7678986091574
52500 16532 9.5247342943249435621 -1125025.8963165199384 681.0615884944663776 -2483.66642294767 599358 59.6985987909745
53000 16782 9.5930486805872678957 -1124999.9698048220016 749.94011486820659229 -2491.15124084437 600190 59.6313059562386
53500 17032 9.4880946007085462668 -1125064.9151213411242 819.83586715279750479 -2510.22187518311 601314 59.5591895643614
54000 17282 9.5476039108751624696 -1125081.3540823443327 966.68000479498459754 -2533.18819216127 602156 59.4766466064382
54500 17532 9.4936732812619588628 -1125093.9640941510443 1025.7627307283294158 -2529.26608944194 602981 59.3837002239443
55000 17782 9.5699376205883481816 -1125056.8258425397798 1171.7912319814820421 -2547.31918639721 604010 59.2788870400085
55500 18032 9.5972033009195083508 -1125084.3819703508634 1264.7645400288549808 -2550.65412336434 605105 59.1671390057984
56000 18282 9.5659694365348340028 -1125115.6103888922371 1303.3945652764657552 -2574.82511666858 605570 59.0523597619477
56500 18532 9.514274798730115279 -1125128.4685896888841 1376.9429753012311721 -2589.36814519532 606236 58.9393933854284
57000 18782 9.5362405156679539431 -1125126.0321761004161 1388.2539747525238454 -2597.46105600792 606992 58.8301044586747
57500 19032 9.5899965111090992309 -1125097.4000359985512 1488.9478329038199718 -2644.29082985113 607928 58.7278567674289
58000 19282 9.524481277198113105 -1125093.6145467064343 1472.4829665448494325 -2642.728842677 608889 58.6352415763543
58500 19532 9.496768478766639987 -1125081.1790484485682 1512.9098729316799563 -2625.91018467879 609655 58.5544505168785
59000 19782 9.5196509672128080126 -1125060.3235988491215 1541.7642152061448542 -2657.08397443362 609979 58.4901824946408
59500 20032 9.4943182107893520083 -1125075.8024141048081 1554.0934786428344978 -2666.24072064285 610176 58.4402416911656
60000 20282 9.5547904769141496217 -1125107.8677885630168 1564.2376201614863476 -2656.62963284689 610596 58.4063987775078
60500 20532 9.5362490899053540261 -1125161.3925395675469 1552.2963017685578961 -2668.36786308072 610601 58.393109121046
61000 20782 9.5146300069674616395 -1125247.197274250444 1518.3486916855097206 -2676.21941485032 610481 58.3955633257807
61500 21032 9.5015781968556183301 -1125342.2413483504206 1540.9439625808129222 -2681.51375152046 610655 58.4183059079836
62000 21282 9.5591852936473262758 -1125421.8625769969076 1472.0059735007732797 -2688.33082763275 609880 58.454949166177
62500 21532 9.5733599992495417297 -1125519.3493709296454 1413.327768391218342 -2691.46947844638 609610 58.504121066804
63000 21782 9.5572730074743716955 -1125648.7248221337795 1400.7186640705738228 -2692.17253194819 609684 58.560485696827
63500 22032 9.585029662343188761 -1125765.2602260897402 1352.0529364202141096 -2707.4707828499 609454 58.6209692927879
64000 22282 9.569051470173262075 -1125855.8271408632863 1287.8614143294680616 -2692.61667365003 608692 58.681658507842
64500 22532 9.4791200989137536226 -1125967.8667220876087 1215.4934742150510374 -2700.43327537012 608228 58.7423297614892
65000 22782 9.5654809785203838146 -1126081.6819130268414 1174.80475643918885 -2675.02250073407 607224 58.8007223695221
65500 23032 9.5936496475030565989 -1126126.2729952728841 1073.6390066693172685 -2681.22274035407 606935 58.8527775902282
66000 23282 9.5357862117951501801 -1126239.5493304089177 1009.1839823369816713 -2693.37503798661 607037 58.8971249692753
66500 23532 9.5653945969786722259 -1126292.2682009059936 916.0004166917404973 -2689.94422394836 606454 58.9364540905444
67000 23782 9.5668845355339673375 -1126363.6510348231532 891.76726986053245128 -2692.86541374464 605657 58.967053843323
67500 24032 9.5436236725059586661 -1126475.7258157785982 827.4227748393117281 -2705.12661575538 605409 58.9934276709835
68000 24282 9.5250242366460646792 -1126488.1401368221268 708.85034765599436923 -2696.90372510567 604311 59.0201704809439
68500 24532 9.5625273573370073166 -1126531.1033074900042 669.33468902133506617 -2713.50720607583 604151 59.0476089877059
69000 24782 9.5040806833931412712 -1126605.9481108500622 563.767413221036918 -2715.70080877982 603926 59.0782637320513
69500 25032 9.5838996139288212817 -1126612.3526554261334 487.03770245846351372 -2705.50015140576 603083 59.1111837602563
70000 25282 9.5112721242134128374 -1126642.502234922722 487.96540997414865615 -2703.13522024241 602638 59.1502458838723
70500 25532 9.4602152778364096974 -1126668.9251311540138 435.56781221310177443 -2703.90955951526 602432 59.193198029575
71000 25782 9.5189591196153635622 -1126722.9494558465667 345.35719782464417449 -2700.56029111148 602779 59.2370282386818
71500 26032 9.5651384482889643124 -1126728.5356459727045 300.8255689152978789 -2710.37977232872 601819 59.2806324030411
72000 26282 9.606265448649542904 -1126780.383682284737 325.97354324507352885 -2695.88003952929 601605 59.3252684909027
72500 26532 9.5145587684053385402 -1126813.8799952939153 261.06738547333657152 -2691.86957141033 601784 59.3703981370394
73000 26782 9.4990434110865997752 -1126848.4828255129978 237.16497044113489778 -2686.79858550996 601102 59.4072355594446
73500 27032 9.5665991862268722201 -1126833.1938929059543 281.69289965892153305 -2687.01853281398 601108 59.4399386608132
74000 27282 9.5186141355984652535 -1126947.509813638404 209.25276412798314141 -2692.65073968443 600302 59.4822941791884
74500 27532 9.4825995404873690831 -1127032.1867105814163 218.61479633097448527 -2674.85578663187 600139 59.5522134748692
75000 27782 9.5586785431895844312 -1127124.6202784075867 212.81019824677153451 -2684.70578055271 599651 59.6410534163643
75500 28032 9.5391111646679593861 -1127183.2498396413866 222.53987153975802471 -2678.66327852837 598857 59.7494813310046
76000 28282 9.5401416098219353756 -1127218.268196037272 189.60371490115005599 -2658.17082053617 597865 59.8689628971757
76500 28532 9.553905571050536949 -1127245.4968113889918 199.11545847885972194 -2669.98460328873 597525 59.9972420514352
77000 28782 9.5196562505033259782 -1127287.2742471301463 155.86113918757777697 -2650.4764010523 596680 60.1278314959291
77500 29032 9.5134075064771135288 -1127319.1587775456719 79.041395478021215126 -2634.27990386663 596444 60.2530727332523
78000 29282 9.5501462560289311909 -1127331.6630830373615 13.459850177978848862 -2622.58121808443 595753 60.3689582140279
78500 29532 9.4946564647976288143 -1127374.743511736393 -18.763636530577091577 -2600.94808975326 595467 60.4700224317585
79000 29782 9.509991559858333332 -1127406.2748060487211 -180.77576277007713657 -2585.42096511014 594872 60.5531739570667
79500 30032 9.4906410951508224372 -1127449.6732338203583 -252.74730341923699939 -2586.2779919547 594460 60.62136098973
80000 30282 9.5389793035959105083 -1127502.7649575658143 -333.35025997223459626 -2588.77248307013 593811 60.6717933353549
80500 30532 9.5759784261169489383 -1127517.1490811973345 -469.61274500291921186 -2592.98178672756 592908 60.710863712395
81000 30782 9.5700584727580775279 -1127548.262652502628 -496.46078662354420885 -2592.34563645147 592071 60.7375157331534
81500 31032 9.5613896147251722368 -1127560.5403230946977 -609.53779828916412953 -2607.26623769047 591369 60.7579349388917
82000 31282 9.534140327445006946 -1127562.9616500535049 -660.46806947122979636 -2611.31920338799 590789 60.7786165732336
82500 31532 9.5383912957471803651 -1127508.1021535629407 -697.86631407318759557 -2609.63092444007 590293 60.8053488963167
83000 31782 9.4773269687525196758 -1127478.1623707956169 -800.66553711658389147 -2607.77110611072 589208 60.8443306736337
83500 32032 9.5345485383222978726 -1127423.5902642030269 -860.13222689424651435 -2618.75282779488 588704 60.8923238086809
84000 32282 9.5556677435439123514 -1127405.1154899115209 -957.57359940774506413 -2590.64267234932 588401 60.9521631704612
84500 32532 9.5349917726922637229 -1127377.8998841333669 -1004.233935690306339 -2594.41976378079 588049 61.0246131715864
85000 32782 9.5670517354836235313 -1127369.3767907377332 -1085.5143595143931634 -2583.35519143881 587696 61.1062107867342
85500 33032 9.5308283006687304351 -1127356.864587248303 -1098.7803471791823995 -2585.66383752955 587158 61.1970917502452
86000 33282 9.5467379624167296726 -1127359.3514625194948 -1092.4451503865200266 -2567.54932412102 586581 61.293432818341
86500 33532 9.5049194903488647412 -1127360.2119452231564 -1133.9303674670638884 -2546.93061520847 585980 61.3918611215141
87000 33782 9.5204013903380619865 -1127353.9905306268483 -1160.1053767746234371 -2530.20769012347 585852 61.4895350116124
87500 34032 9.4985212980057927012 -1127349.9265612957533 -1120.0329112732176782 -2519.24514285026 585654 61.5805941352813
88000 34282 9.5388176323581745919 -1127338.4837334600743 -1118.4474667411691371 -2510.92796370819 585190 61.6639534586083
88500 34532 9.524265234199358332 -1127338.8977137256879 -1086.1973894677566932 -2492.71608294747 584503 61.735837928948
89000 34782 9.5472311541571333038 -1127329.0273263319395 -1082.198985686626429 -2482.6418404314 584837 61.7951002271003
89500 35032 9.6074044218912959536 -1127305.8052020268515 -1030.9343432394935007 -2486.87618195328 584767 61.8387198315636
90000 35282 9.6022968884035968529 -1127333.338451833697 -1047.315050661671421 -2476.31668036012 584659 61.8619344261543
90500 35532 9.5365306619174425862 -1127347.5844642440788 -1046.9246915464461836 -2479.47673889924 584147 61.868347793607
91000 35782 9.5295539755924174585 -1127362.6407165825367 -1022.5814528779906141 -2481.92454365707 584826 61.8569031355438
91500 36032 9.5345220739565537116 -1127404.3614316175226 -1051.8958128724264043 -2483.76450698449 585341 61.8289520614971
92000 36282 9.5465568633836763723 -1127430.1019389824942 -1073.358136803031357 -2477.95654162952 585087 61.7851139013609
92500 36532 9.5546169950342321187 -1127479.479805751238 -1045.4934201160554039 -2496.59182745851 585368 61.7283801698974
93000 36782 9.5679583376336267975 -1127517.5121580855921 -1062.1651902894350314 -2494.19635832913 585485 61.6612923602507
93500 37032 9.487855427827982524 -1127537.3928375460673 -1030.2885508845756704 -2493.32714989081 586438 61.5850394430475
94000 37282 9.5991493623336854313 -1127552.0814881103579 -1012.1839252733844887 -2521.62980181919 586288 61.5021003517603
94500 37532 9.7622865410311163714 -1127544.7179315402173 -971.58894266585264177 -2531.53130790152 586651 61.414911871618
95000 37782 9.9505953380136666908 -1127520.9799867810216 -957.31327169753569706 -2541.11650504034 586809 61.326660717755
95500 38032 10.172609204684324169 -1127483.8249943635892 -932.55892510280193619 -2554.61927211746 587167 61.2398335480836
96000 38282 10.431678231517407696 -1127442.0806624668185 -873.78099268428877622 -2583.97688766979 587435 61.1570477949861
96500 38532 10.682685950416088261 -1127385.609803375788 -812.56072503000177676 -2595.72761444355 588042 61.0809404012755
97000 38782 10.964598194831076228 -1127328.3176251323894 -755.95368619404769106 -2581.42086965168 588563 61.0105744666027
97500 39032 11.327484592718104039 -1127292.2434579131659 -672.97880488370867624 -2588.31141761099 589305 60.9491895806417
98000 39282 11.62089040315068722 -1127234.9211877079215 -608.37248091697540531 -2577.25473070344 589688 60.8953105245113
98500 39532 11.949357309071082511 -1127184.5151197030209 -627.71561211752850795 -2587.7210073758 590681 60.8456986558732
99000 39782 12.221630459420762094 -1127116.1714960944373 -513.52308075145981547 -2573.38628774108 591203 60.8012001712784
99500 40032 12.503183165121004805 -1127053.2637100275606 -431.80243533770283193 -2585.46248874187 591935 60.7575617036902
100000 40282 12.798585173583552077 -1126984.648178297095 -366.32251061538664771 -2572.68091291744 592387 60.7135891654482
100500 40532 13.154049479772321973 -1126940.1769465634134 -243.96910416858455051 -2587.18607906288 592945 60.6671526850557
101000 40782 13.290777315473484066 -1126814.3058706489392 -173.28227611151331189 -2575.36235075414 593473 60.6141104027738
101500 41032 13.588199044055299325 -1126740.5763340890408 -88.489391112022431685 -2586.59418910013 593732 60.5567678425111
102000 41282 13.869408577247337888 -1126648.9148319303058 -26.400542289364025805 -2597.51236113405 594396 60.4924429306259
102500 41532 14.157253382608798731 -1126564.1468885818031 29.860442718301428044 -2590.3315302459 595076 60.4194517805711
103000 41782 14.429457076465785903 -1126462.7477325845975 83.897823884310000153 -2619.38686570723 595351 60.3409279182723
103500 42032 14.712283876933428317 -1126365.6045960255433 164.71690476551660254 -2605.70344234717 596076 60.2644402180531
104000 42282 15.047423009294973895 -1126287.6293222969398 213.70913086745193255 -2625.1664709578 596007 60.1874996486171
104500 42532 15.354364100683989491 -1126202.0339356644545 232.64862251852179043 -2615.77602181752 596851 60.1135053893755
105000 42782 15.634204673324587631 -1126103.0956959084142 250.72687223385770494 -2620.58912679512 597609 60.045741947327
105500 43032 15.833703128523881176 -1125985.1076227345038 181.16928479082429249 -2635.48792277055 597767 59.9846610800123
106000 43282 16.191317225878247399 -1125904.3931650323793 268.03075670561253219 -2639.61912105636 597827 59.9367799859515
106500 43532 16.411963124541202319 -1125783.1576614174992 278.20546503393467219 -2643.07774749632 598303 59.9004769752643
107000 43782 16.704416477218011039 -1125696.6440087398514 286.28618720136370257 -2638.89187558193 598203 59.8844764204312
107500 44032 17.088382092688888747 -1125639.9080538072158 244.18136692519419739 -2632.6786438558 598540 59.8865161515361
108000 44282 17.394484344867105818 -1125570.1710552352015 316.04925957542405968 -2634.52340419196 598238 59.9066411168732
108500 44532 17.776899673766127563 -1125539.4026362912264 275.73003019725558715 -2631.07260304498 597438 59.9428836625741
109000 44782 17.972298266676354217 -1125465.3724067725707 226.23653822212023101 -2641.76517220304 597081 59.9971280096834
109500 45032 18.285586946506150241 -1125430.452351231128 216.10868851664034196 -2639.54402452408 597060 60.0651679228915
110000 45282 18.583293303704426336 -1125402.8803780607414 182.55494564894442533 -2630.28683897973 595959 60.1451535215722
110500 45532 18.89471037580726076 -1125385.6527796620503 118.08356998915635927 -2619.34138203184 595864 60.2367827097398
111000 45782 19.150388448848396195 -1125348.23270102893 65.556504437249458306 -2609.93538090696 595148 60.3327451029792
111500 46032 19.452731333413293413 -1125315.1714309207164 13.973625116525148826 -2600.21754974391 595008 60.4321353019396
112000 46282 19.668340599200124785 -1125259.2543549626134 -79.50579832716128692 -2583.90193409585 594286 60.5294303426918
112500 46532 19.887146583284813772 -1125189.9434212718625 -144.28406846500138272 -2591.19494097661 593113 60.6294399196508
113000 46782 20.317076438966957141 -1125182.7970672056545 -206.21550593665514839 -2583.07757761873 592926 60.7198376836523
113500 47032 20.468204300792557149 -1125095.4104091548361 -289.28564623647258713 -2566.87448385525 592042 60.8078370988125
114000 47282 20.712131088976544646 -1125031.8182821171358 -334.67979706492479863 -2563.023470572 591200 60.8919108489386
114500 47532 20.936366145374709191 -1124963.1264542697463 -407.39544082399106628 -2574.48430134202 590769 60.9718657773318
115000 47782 21.314434098073899548 -1124922.4841753037181 -523.43773067536562849 -2561.0403529147 589663 61.0485573887351
115500 48032 21.484512786340420831 -1124817.2469347380102 -592.57291998545622391 -2547.32708100464 589111 61.1210683911926
116000 48282 21.733054688531840526 -1124721.715567355277 -649.12950767144263864 -2559.85449662496 588323 61.1929218042623
116500 48532 22.102815422400318823 -1124644.9768416711595 -845.49784990844477761 -2561.92385502243 587461 61.2666606858191
117000 48782 22.242832585049779226 -1124502.3740311483853 -815.77641852430690506 -2554.03093114237 587105 61.3412111109117
117500 49032 22.628270783561553969 -1124424.0451469079126 -908.0282052235484116 -2549.4991837399 585645 61.4199961354331
118000 49282 22.786819617801466364 -1124278.9260486708954 -947.29567260490227909 -2544.59054141058 585802 61.5015509481897
118500 49532 23.140694402605230806 -1124167.6811210266314 -1031.1394542959712908 -2548.15948901905 585168 61.591493686481
119000 49782 23.433461626205890127 -1124052.9244054611772 -1058.175523343875966 -2537.58314655892 583921 61.6814817651261
119500 50032 23.662529177790254664 -1123904.9280234922189 -1129.6885213190666946 -2521.83283070965 583753 61.7714758506857
120000 50282 23.954750580099087642 -1123791.7029983708635 -1148.4607101130839055 -2511.43700133755 583090 61.8609378341658
120500 50532 24.228050518116607037 -1123667.5191122405231 -1157.8565230111917117 -2500.4130640732 582879 61.950343149617
121000 50782 24.511197787844494655 -1123539.2864744481631 -1175.1609930767906462 -2483.65361643007 582767 62.0360922183935
121500 51032 24.770715606683491927 -1123409.3150817754213 -1155.1895717573220281 -2489.78461885306 581832 62.1165651578815
122000 51282 24.98595998376151428 -1123278.022203116212 -1236.3138130003567312 -2446.4408036687 581759 62.1898295240979
122500 51532 25.268636894514912683 -1123165.2608307308983 -1256.7174440561282154 -2452.19078287289 581512 62.2535391507557
123000 51782 25.66684939203126703 -1123091.9089798149653 -1174.9514131626362996 -2441.3580337731 580930 62.3087064755785
123500 52032 25.948969568769097549 -1122984.9585956693627 -1183.5491323934177217 -2424.46069510032 581261 62.3510743907134
124000 52282 26.279186141206494653 -1122912.9146999500226 -1214.0156174001031104 -2431.75691107615 581102 62.3793289767612
124500 52532 26.573018152091567146 -1122838.8010114091448 -1249.9561051215666794 -2405.30374230031 581040 62.3921150240501
125000 52782 26.766227904020496453 -1122736.3251633783802 -1173.0868538018119125 -2422.36284202894 580752 62.3917572064738
125500 53032 27.031728820813864189 -1122667.4364305238705 -1107.3621812853375559 -2425.62692910724 581202 62.3811685222666
126000 53282 27.549436419286042366 -1122689.2444525398314 -1213.6447188070790162 -2430.04173036595 581587 62.3537021715614
126500 53532 27.602653907541103706 -1122593.2011826799717 -1166.3135460582832366 -2429.2042279274 581853 62.3113715598271
127000 53782 27.904779369517726195 -1122566.707966733491 -1175.0565318579917857 -2422.41457039692 582006 62.2564357842539
127500 54032 28.359470318208341411 -1122585.5427959072404 -1113.3673113023576207 -2461.85727604749 582623 62.1907429462401
128000 54282 28.642819735696235739 -1122557.4574966116343 -1076.7864516627107605 -2470.26488988279 582678 62.1195807361204
128500 54532 28.856018797081048888 -1122528.297828577226 -1043.1582110013721376 -2461.58537689876 583316 62.0394282957131
129000 54782 29.000266622664376825 -1122482.5335870028939 -1013.1680500450762565 -2459.17836655428 583449 61.9527675932275
129500 55032 29.307889474959903708 -1122462.6451308794785 -950.33641959735086857 -2455.6545795683 583939 61.8630109452874
130000 55282 29.741468370391267229 -1122490.3654099013656 -810.80122966824558262 -2483.23609067329 583929 61.7698990538071
130500 55532 29.906916412547399631 -1122454.5975594145712 -794.34912091922490163 -2499.44626297441 584976 61.677498822018
131000 55782 30.133022261161588773 -1122411.7659867114853 -832.33580775590678513 -2515.04427314468 585851 61.5862410205695
131500 56032 30.50727077621401051 -1122395.7867798863444 -719.35782328277628039 -2516.94797833469 586269 61.4988602569108
132000 56282 30.763690303316870711 -1122358.7533209256362 -662.17979687022773305 -2506.24575713764 586835 61.4151514838779
132500 56532 30.990998821382067518 -1122316.3786922444124 -613.53545987780046289 -2531.74502637506 587657 61.3338681981388
133000 56782 31.325045952633931989 -1122303.581285054097 -545.86687321752356183 -2533.04293960014 588616 61.2533039445112
133500 57032 31.578099197293816758 -1122270.2868367794435 -438.48814869766607671 -2539.46702450708 588990 61.1744392474592
134000 57282 31.813894425110174069 -1122205.1894337350968 -350.44044662554148317 -2520.60458922025 589942 61.0933004144633
134500 57532 32.1207898321346903 -1122152.2905308566988 -261.79362221145606782 -2536.51970633079 590665 61.0148897319277
135000 57782 32.389494865780591226 -1122095.2198226377368 -162.37045605551199401 -2555.65012994196 590690 60.9394777595433
135500 58032 32.677924354440371246 -1122049.7530123887118 -120.56012825673590783 -2556.21720014862 591670 60.8604328346798
136000 58282 32.840592875761210223 -1121955.911480483599 -102.97681115571759847 -2562.80100741172 591791 60.7808244926106
136500 58532 32.970468202409570324 -1121844.8773639183491 81.688374669362346481 -2559.66182548398 592828 60.702999977972
137000 58782 33.381911191565073693 -1121817.2997158225626 85.938638432891934826 -2591.54045181651 592789 60.6244744191614
137500 59032 33.755449328556935029 -1121757.9188920524903 173.17787093470823834 -2586.28000698515 593609 60.5529843979189
138000 59282 33.894421334889706543 -1121628.5507535571232 222.30440396622535104 -2584.34342611111 594637 60.4825641508845
138500 59532 34.166364449113054036 -1121553.1740165045485 220.21957600300748936 -2596.22204331481 594842 60.4169359142052
139000 59782 34.266046650354972769 -1121416.3105621219147 221.87035047021805667 -2616.00306983462 595293 60.3566209024903
139500 60032 34.770313594792419565 -1121387.8695355851669 305.99504892770573861 -2595.41499453872 596017 60.3068223841318
140000 60282 34.894187872212945933 -1121264.9597320663743 312.12151651560697019 -2614.63737083065 595943 60.2640343518996
140500 60532 35.089971058538495186 -1121155.8596038906835 286.4915478620565068 -2586.03427892377 596178 60.2276406430691
141000 60782 35.626845432738207364 -1121147.087760864757 331.56080157300232258 -2598.24843758422 596257 60.2055789274405
141500 61032 35.709165684858085399 -1121012.0262965047732 273.27723358553578237 -2608.5840700735 595992 60.1944587928015
142000 61282 36.209618009096899982 -1121008.3596617458388 229.84498247418781602 -2622.7609811358 596083 60.1949291855606
142500 61532 36.592212031404095285 -1120970.7645129300654 327.61901029281716546 -2619.59676743776 596226 60.2068182485445
143000 61782 36.687528511263806763 -1120863.1823469141964 293.60727552704230447 -2617.43899544868 595451 60.2348700369821
143500 62032 37.121256607656519577 -1120854.1844252715819 246.77233162092500152 -2597.8174179552 595154 60.2755892034171
144000 62282 37.219974130144365176 -1120761.0004069758579 273.95164821102508768 -2615.22286602054 594875 60.3292633206566
144500 62532 37.671470573072689092 -1120770.2465023023542 199.0047915154899556 -2621.35006532021 594688 60.3896901792012
145000 62782 37.780451603589980891 -1120685.4387883276213 126.85219247849586566 -2595.21058380988 594307 60.4562728344475
145500 63032 38.206301975200055665 -1120701.1885584027041 -43.756463535680722998 -2582.05231837809 594190 60.5297559679625
146000 63282 38.413282410186539551 -1120649.789259058889 -40.996361946114802777 -2600.76855580384 593030 60.6084062371588
146500 63532 38.710383395864198519 -1120625.5635685133748 -40.182661227075286092 -2600.01046500674 592553 60.6906853870587
147000 63782 38.915130733981335709 -1120566.2918450909201 -159.07351367472685411 -2600.00530847705 592503 60.7698714981967
147500 64032 39.08253460970765758 -1120486.953655552119 -241.74751122841482243 -2579.44030468063 591192 60.8525889434564
148000 64282 39.203890130821648086 -1120381.4645005830098 -256.05001763862804864 -2590.28295864138 591005 60.9353225023585
148500 64532 39.717732239919357085 -1120379.6681873560883 -283.83117728086062925 -2582.21643325959 589752 61.0186409715778
149000 64782 39.99976490569839882 -1120317.0079206102528 -404.39068280089594509 -2583.59421780342 589374 61.0988926502842
149500 65032 40.171526361170236896 -1120199.2531797152478 -508.45016164208306009 -2558.16308102959 588330 61.1805428769754
150000 65282 40.536344738075314353 -1120129.316246194765 -559.32877837084492967 -2594.51856216591 588005 61.263689759089
150500 65532 40.838937466893156625 -1120036.9663353802171 -573.49343942453697309 -2552.21780352329 587124 61.3473923725447
151000 65782 40.987904147024096346 -1119900.5472212966997 -697.35345057299969085 -2556.2038125268 586536 61.4297729068587
151500 66032 41.068848602302530537 -1119726.9194482301828 -759.29180115161102549 -2533.81409360081 586120 61.5151520881365
152000 66282 41.509423527248074492 -1119664.5060755051672 -765.9349154614787949 -2530.92182369824 585588 61.5999070026299
152500 66532 41.796867888861505946 -1119549.0057144365273 -955.58538685836947479 -2516.13020724897 584939 61.6818419511599
153000 66782 42.213117445968784125 -1119476.0488547640853 -922.83350591554847142 -2502.92083791974 584464 61.7609002705424
153500 67032 42.453843072137395609 -1119352.5475643153768 -967.80397097614468294 -2498.60888524501 583713 61.8374188340963
154000 67282 42.48232788303633356 -1119151.2067393111065 -1017.9832148933139706 -2508.2918360088 583364 61.9143059648476
154500 67532 42.933802198875746114 -1119084.9674621273298 -964.91527779189050307 -2474.96971368103 582684 61.9871304208256
155000 67782 43.031735046853583526 -1118916.4649841540959 -1100.7046624506779153 -2491.3014674834 582740 62.0599252299768
155500 68032 43.617230420074768915 -1118897.2150138248689 -999.59732030229065458 -2459.33609056916 582476 62.127826425038
156000 68282 43.760853013819570378 -1118752.0280571237672 -1072.2715050198812605 -2486.38384366045 581781 62.1863005345118
156500 68532 44.13739868217428608 -1118670.1649197959341 -1176.949094483081808 -2454.3256337254 581740 62.2342164285557
157000 68782 44.411711696316238829 -1118557.1715999101289 -1153.2985293470401302 -2450.497094283 581152 62.2760028542605
157500 69032 44.854667631141161621 -1118506.1878167297691 -1103.4138785073216695 -2446.3280209098 581011 62.3081703684726
158000 69282 45.093189697146392803 -1118405.9052153578959 -1078.4360041796412588 -2438.75057127805 581166 62.3307406439599
158500 69532 45.370185723270218148 -1118313.0533778946847 -1137.7732807378881716 -2433.33269528044 581066 62.3448091259491
159000 69782 45.561085207800545049 -1118209.0766010917723 -1066.1893198284815298 -2445.96945615197 581060 62.3487330859678
159500 70032 45.721019519083036187 -1118106.8703759151977 -1079.4783385062280558 -2433.24210371177 581165 62.3427201019039
160000 70282 46.135332391971232369 -1118096.3326189471409 -1039.3567258757404943 -2444.09116994959 581209 62.3348214812879
160500 70532 46.354996287947258793 -1118034.1928990015294 -1058.6234954138651574 -2432.89596738165 581523 62.3167289476958
161000 70782 46.99679010279121627 -1118103.8767357903998 -1054.9494784600024104 -2430.24268562758 582006 62.2863109274477
161500 71032 46.997933135267011551 -1117980.9787079391535 -962.32073325497901806 -2449.33701839771 582021 62.2458487653655
162000 71282 47.331124471361363248 -1117964.7168370403815 -1029.6757843895500173 -2457.73183184282 582366 62.198355683209
162500 71532 47.696116661389162061 -1117963.5526732811704 -1017.4154935072350554 -2468.14657135487 582344 62.1463349260402
163000 71782 47.796229644437204342 -1117886.0260093216784 -988.24932537982999747 -2485.62209020003 583177 62.0861692141793
163500 72032 48.227576505281646746 -1117911.4116963259876 -838.40557028246973914 -2479.58920945785 583620 62.0228521154037
164000 72282 48.286580780222237763 -1117818.0944591134321 -875.72624794373098212 -2479.169183704 584012 61.9566838448666
164500 72532 48.648269928338294221 -1117824.0592628365848 -810.39176301516113199 -2488.31653548088 583742 61.883135538114
165000 72782 48.81122652091811176 -1117769.0633622622117 -840.22912725363084974 -2478.48450723238 584519 61.8065170207234
165500 73032 48.968964457339232865 -1117710.2749326452613 -762.06003041887811378 -2482.70633969602 584723 61.7278823678084
166000 73282 49.441224628802537211 -1117739.1936434484087 -719.40494416439548786 -2510.6086803214 586020 61.6435398748823
166500 73532 49.711094143242426924 -1117695.7351474945899 -589.95434355204793064 -2514.68675008993 586183 61.5564730482078
167000 73782 49.737803612224190886 -1117587.5282769233454 -507.57795769191181989 -2537.6403941771 586965 61.472680789232
167500 74032 50.057271679204305315 -1117558.8805166217498 -533.55838637504575672 -2557.77850579155 587260 61.3854631450724
168000 74282 50.537349367204065231 -1117584.0457642038818 -420.63550114057596829 -2547.8423949451 588129 61.3007946720095
168500 74532 50.647013929760333895 -1117493.4420001853723 -383.24968403416812635 -2544.64111426075 588795 61.2187312005682
169000 74782 51.048969512752535138 -1117483.2076164316386 -295.02772325692893673 -2565.59962918771 588699 61.1385825550727
169500 75032 51.32856846560679287 -1117430.1752397126984 -212.33876084461132905 -2555.22215345057 590137 61.0627957603936
170000 75282 51.491419915542223862 -1117337.8086637123488 -186.65979753230817551 -2561.38246034853 589733 60.9904636443213
170500 75532 51.765099764379556291 -1117263.5650370777585 -24.877658611381288978 -2587.56963166704 590757 60.9232349806978
171000 75782 52.13197843146836874 -1117238.244403090328 -93.441061034366242666 -2583.88123731569 591279 60.8595137696121
171500 76032 52.148500501789811779 -1117090.1837991257198 -3.0443486378787691926 -2581.28069668296 591937 60.799387504403
172000 76282 52.670642337779945308 -1117081.9540289076976 95.18816989357104319 -2591.69994085197 592160 60.744866998365
172500 76532 52.901616683687500142 -1116980.7458009235561 8.2057916323926907154 -2599.01403725423 592836 60.6926726553665
173000 76782 53.369795484747257319 -1116953.4705549308565 112.55561225575566198 -2593.32703342454 593033 60.6498798791278
173500 77032 53.458656480491846708 -1116822.5512332078069 215.78641409101103932 -2609.65512776857 593463 60.6092605969474
174000 77282 53.650853281234617498 -1116698.072504078038 113.08887833111063514 -2596.76519445327 593270 60.5720816422653
174500 77532 54.169021331055816404 -1116696.787203068845 203.16022889833186582 -2600.73436512158 593610 60.5383841097324
175000 77782 54.189774885359057066 -1116536.5402852292173 227.82430073488305311 -2607.25626406472 593937 60.5105326209407
175500 78032 54.758415352655170238 -1116547.6196426185779 169.51195305222560705 -2625.16272609314 593625 60.4945570874101
176000 78282 54.953323977546403967 -1116455.5432647436392 264.73697606801079019 -2612.19668089789 594544 60.4843526087651
176500 78532 55.299521560098838791 -1116412.8381803100929 190.49286231912827816 -2610.48235485763 593945 60.4813140470311
177000 78782 55.440557514307762688 -1116312.3366828439757 100.33190234254668383 -2625.54238253893 593976 60.4874602215331
177500 79032 55.879167616766004301 -1116301.8675521477126 102.78474061147230145 -2617.357455457 593755 60.5011965877759
178000 79282 55.981851354692892642 -1116191.7541228840128 79.61293950087581095 -2615.33217338302 594283 60.5267309348408
178500 79532 56.210414532268046628 -1116124.6738708149642 60.476099368334040207 -2620.06274767163 593230 60.5556342403982
179000 79782 56.591074168421279467 -1116097.9267536397092 126.27251472087863249 -2612.81489189047 593516 60.5926760769463
179500 80032 57.008891404469132169 -1116081.7945621774998 118.34703204379891872 -2635.19063396987 592769 60.6406173055047
180000 80282 57.365455548030141131 -1116061.1979915814009 -115.70613325058855025 -2639.34508930933 592626 60.6940259031073
180500 80532 57.423356106262126275 -1115942.1928379896563 -96.367779185605556336 -2616.44933672448 591976 60.7504265088011
181000 80782 57.770608338203125243 -1115901.8689650241286 1.9508082005228555289 -2610.54770464149 591458 60.8152809660393
181500 81032 57.897261994694815712 -1115800.9024500916712 -105.93044089366605931 -2615.36948095949 591455 60.8786711760997
182000 81282 58.201242943360249171 -1115747.0274753293488 -154.206282806626092 -2585.23083724234 590394 60.950417121111
182500 81532 58.408588787731908099 -1115665.8606426741462 -219.97351234678336596 -2607.52482243782 590006 61.0213319915423
183000 81782 58.624611467928424702 -1115585.3632838085759 -266.99056366829006492 -2578.9806161542 589907 61.0953022178539
183500 82032 58.866195530792353452 -1115500.7072745878249 -367.21372001250654193 -2565.24162105909 589017 61.1676355824475
184000 82282 59.221430059261692236 -1115441.6056721403729 -386.45330343536630835 -2571.59564000307 588999 61.2403731828558
184500 82532 59.413485919817354386 -1115327.8364326676819 -333.09977750338481428 -2567.40704883477 588457 61.3149933556497
185000 82782 59.898466617468073991 -1115300.9864371104632 -525.54188782971948513 -2547.2992632553 587221 61.384231146203
185500 83032 60.002206083429605599 -1115149.5555848518852 -578.31541838513078346 -2543.36470107138 586430 61.4552719505133
186000 83282 60.517115197661397019 -1115109.7571297278628 -687.71168016761839681 -2566.56371685211 586627 61.5279233084136
186500 83532 60.623110462032400392 -1114955.0991490208544 -712.08354533100782646 -2549.49307529554 585440 61.6022219016497
187000 83782 60.816455075299700184 -1114815.0017875477206 -746.60424230924240874 -2526.28313567863 585460 61.666738000965
187500 84032 61.043116098768912536 -1114687.0899994405918 -776.89397117721000541 -2531.65972339102 584951 61.7278154121005
188000 84282 61.393508597658879467 -1114595.0002628697548 -769.0952631529928567 -2514.85997889285 584451 61.7884187518899
188500 84532 61.697278009303161639 -1114489.8179320681375 -828.69804883354970571 -2516.03671724834 583569 61.8432548037316
189000 84782 61.789713669763344228 -1114322.3205107967369 -842.51353271330731332 -2500.06375390508 583520 61.9004649561949
189500 85032 62.392232993554543441 -1114297.2988898218609 -936.95453251308686049 -2516.78339751552 582673 61.9490766672753
190000 85282 62.804347598239267825 -1114223.3002233030275 -995.81526671070412249 -2502.15829450405 583234 61.9987929471775
190500 85532 62.91092051174647537 -1114071.9842205143068 -1006.7875053264118606 -2506.94764104178 582999 62.0444751148143
191000 85782 63.243102997816990296 -1113979.7216284999158 -992.41756370364805662 -2514.3746363582 582466 62.0820320774193
191500 86032 63.50634625459167637 -1113883.190717948135 -920.40639264492256189 -2495.0147881881 582365 62.1142325015167
192000 86282 63.615116791583552924 -1113739.8977899886668 -966.0158457562034755 -2505.33841409243 582091 62.1390010020206
192500 86532 64.002102395980358551 -1113681.8420496343169 -1047.5299841856556213 -2503.86952095879 582289 62.1591275230142
193000 86782 64.416590231807461464 -1113637.0847583510913 -1002.1856558149606826 -2512.98876364495 582350 62.1764405666343
193500 87032 64.510127779735000786 -1113517.3111129465979 -1034.9408225171339382 -2473.37656278613 581764 62.1860064563816
194000 87282 65.011665451308687125 -1113517.7446814063005 -945.66235831452900129 -2482.93981313925 581604 62.1898456844397
194500 87532 65.138388074730258381 -1113413.7825459989253 -942.18346021378545174 -2495.09302605489 582292 62.1855753474374
195000 87782 65.478005806865240856 -1113384.781509762397 -892.5497526105795032 -2485.73687187453 582374 62.1735128685164
195500 88032 65.576150421769824561 -1113285.6015786302742 -931.5946645301355602 -2482.93244309717 582338 62.1544862904218
196000 88282 65.824145092815257385 -1113239.7394774986897 -986.90188570448867722 -2487.52112063241 581738 62.1271060789027
196500 88532 66.08185012016022597 -1113190.6684468116146 -780.41020139867237049 -2507.15315385895 582465 62.0949921810211
197000 88782 66.550688971858008358 -1113199.8759408229962 -728.86855166375107729 -2492.6694448881 582633 62.0583177681453
197500 89032 66.676183363429004203 -1113106.8526405065786 -890.85776673976033635 -2467.11646278022 583620 62.0120885353612
198000 89282 67.117828863695407904 -1113111.6610754812136 -870.67549755513266518 -2479.28207997653 583457 61.9629754197873
198500 89532 67.438787826329857467 -1113082.2311393574346 -836.46132149171239689 -2479.94643618132 583305 61.9091988099001
199000 89782 67.609498839499181599 -1113012.8014540656004 -759.9926884352455545 -2520.16343592372 584418 61.8518089841545
199500 90032 67.92809561654802053 -1112987.6411030436866 -752.63646743690162566 -2502.43282355223 584457 61.7870102685986
200000 90282 68.314124455140358805 -1112982.6275506198872 -694.53880311072123277 -2514.9643186739 584294 61.7231819236326
200500 90532 68.401085376186941289 -1112892.2860508894082 -638.81782079905235605 -2518.16001830944 585101 61.6558672011076
201000 90782 68.841121506905139427 -1112906.1916420031339 -508.11402790497737669 -2511.74315457227 585613 61.5859089041137
201500 91032 69.13807772011681152 -1112888.5208263609093 -445.8876603351248491 -2530.93179064327 586263 61.5203584873698
202000 91282 69.219908693211550599 -1112786.0175231019966 -408.88192074422994438 -2522.25153741758 586102 61.4542589073845
202500 91532 69.720419256690590259 -1112809.0331333475187 -433.15549807473814781 -2514.49326520213 586709 61.386541151813
203000 91782 69.734000860690287027 -1112689.5861358658876 -379.67598083493999184 -2522.2306412255 587783 61.3181655593025
203500 92032 69.925369056551190283 -1112609.4613085961901 -232.57520843103918651 -2522.44481699366 588211 61.2521870518322
204000 92282 70.655835650064318543 -1112684.224752513459 -225.12267095233622172 -2533.30763094666 588760 61.1919938293919
204500 92532 70.651130620453116649 -1112551.3951261104085 -241.6054900332912041 -2550.11919588975 589110 61.1323884205092
205000 92782 71.042893587369675856 -1112503.3623781632632 -174.68885210809054342 -2571.08641668517 589312 61.0757304829213
205500 93032 71.294815793893761224 -1112436.8016392460559 -46.329630029010282044 -2561.76041456809 590155 61.0246040953988
206000 93282 71.60516435223682663 -1112368.1087102575693 -110.90631016307004586 -2583.3701904887 590529 60.9739891530374
206500 93532 71.628292525713803229 -1112225.7977797274943 -38.246584649986743898 -2590.12181169718 590839 60.9260934350482
207000 93782 72.035282835158440662 -1112185.8483238841873 -118.87558047860024146 -2565.8664177968 590775 60.8849134002722
207500 94032 72.30161888352756705 -1112113.3253772221506 -28.894311369104713094 -2564.38884559131 591449 60.8515811425087
208000 94282 72.661138690295317133 -1112051.6123497369699 115.51445888148478502 -2543.21571912069 591528 60.8194621584462
208500 94532 72.78932332431097052 -1111927.6644853660837 86.983338176646668671 -2561.39293049803 591703 60.7920081116734
209000 94782 73.011956178951180618 -1111843.9634715653956 0.97059320803460613636 -2579.39506953854 591978 60.7722453980448
209500 95032 73.439860764058053633 -1111814.1770813157782 53.839233825166814995 -2562.54221981831 592079 60.7542237628419
210000 95282 73.482483923136257431 -1111681.7316511243116 69.328336546799320672 -2588.48604313319 592513 60.7414005701794
210500 95532 73.924246633280134233 -1111660.9147126723547 102.21372919504828758 -2588.35461717975 592400 60.7340944295155
211000 95782 74.384762340239106493 -1111642.6091533952858 0.75262225794390835709 -2569.33276617725 592544 60.7352032660188
211500 96032 74.492437387685342287 -1111526.8981612464413 43.835741410943171559 -2558.4434527876 592168 60.7404756293506
212000 96282 74.789258395708671401 -1111455.1869946816005 188.21124169086775169 -2560.60627941219 592143 60.7487105423398
212500 96532 75.191050685461121361 -1111421.8315389670897 112.92016812633633549 -2566.86514898643 591874 60.7611478400921
213000 96782 75.486702130375718411 -1111355.3596184886992 29.261615261690248957 -2589.51824518956 591651 60.7782598283362
213500 97032 75.534213315433376579 -1111232.0942357403692 102.16635635097048862 -2598.75132637057 592080 60.8008227723978
214000 97282 75.72116186913142144 -1111135.5249182386324 -24.084056515759410644 -2583.47056632261 591608 60.8281464303108
214500 97532 76.279741038771376793 -1111160.3259621767793 -36.35487150460010497 -2611.17140833073 591210 60.8649635666626
215000 97782 76.352232826618958939 -1111046.5787341883406 -57.389340671608138678 -2590.98241282709 590996 60.9075094348253
215500 98032 76.599034913728019092 -1110976.7074596825987 -142.62619962488727765 -2585.50344359752 590692 60.9516581223467
216000 98282 76.994028765880472065 -1110934.2984436571132 -102.42638218523876503 -2553.09346380834 590122 61.0032496110555
216500 98532 77.280299055740442782 -1110861.2606429914013 -255.51328125780648293 -2571.44076658408 589526 61.0596361186938
217000 98782 77.538095774413022809 -1110772.81609891681 -297.07467965389872688 -2542.51759308496 589204 61.1175829074206
217500 99032 77.885709357273697151 -1110710.774264714215 -401.02250908389044071 -2533.54577903952 588548 61.1782954879817
218000 99282 78.286009910315229376 -1110649.2922260849737 -452.8178066823621748 -2552.2086136781 588060 61.2423213351881
218500 99532 78.668041960615937569 -1110595.4550067086238 -375.02715043258922378 -2546.01770463377 587931 61.3075534622932
219000 99782 78.921775809036958549 -1110498.2539064884186 -348.5163701094438693 -2531.49095304851 587401 61.3771747303333
219500 100032 78.889614893640356286 -1110316.8265715376474 -359.77315263149478142 -2511.18319696856 587480 61.4420714480592
220000 100282 79.159059427826392152 -1110231.1622693336103 -423.48418590630177505 -2507.58981921848 586813 61.5052317848351
220500 100532 79.175544896723309307 -1110065.9108118899167 -537.88086172756834458 -2514.10682033313 585708 61.5645363943446
221000 100782 79.464019677111934925 -1109975.5423735736404 -551.69374847605149625 -2508.45685066402 585758 61.6212053289224
221500 101032 79.682290450104687807 -1109857.9146977972705 -678.24544246103926071 -2533.63396796933 584621 61.6794753528238
222000 101282 80.23083192790306839 -1109820.7370278150775 -760.0861431521943814 -2534.36185435591 584420 61.7361717908655
222500 101532 80.584522286816053338 -1109746.6525220675394 -802.69162894028170285 -2479.70680178232 584499 61.7894490230418
223000 101782 80.993501245845152425 -1109681.012279704446 -703.02657583292500476 -2468.72088964027 584316 61.832795609847
223500 102032 80.880905344163082304 -1109447.9719580598176 -739.56500294517763905 -2472.84867230981 583323 61.8809669500379
224000 102282 81.543406397534852204 -1109450.4655183525756 -728.20010767768656024 -2510.46358168825 583179 61.9232289400229
224500 102532 81.832953698115744601 -1109338.413033260731 -910.15300622430174826 -2517.86205326771 583287 61.961270488083
225000 102782 81.981922267381207803 -1109203.7853712786455 -843.46269183929916835 -2478.76677416369 583356 61.9944735120994
225500 103032 82.081168092449658502 -1109058.996275907848 -886.40832461504692219 -2486.28185742588 582621 62.0245013736913
226000 103282 82.628246465804238596 -1109044.3844357759226 -849.7772845478182262 -2483.96910472925 582773 62.048873191726
226500 103532 82.671082663254409795 -1108899.1066252200399 -812.46926952529656774 -2484.28184020834 582456 62.0686163023548
227000 103782 83.002201849284972468 -1108828.5838218580466 -886.26046121641934405 -2502.80522327815 582218 62.085399891817
227500 104032 83.593838794357893107 -1108843.1561737966258 -978.49101756197842406 -2484.73597991444 582415 62.0994939338379
228000 104282 83.625117145882995828 -1108677.8080929724965 -896.41960576392693838 -2515.31899877714 582578 62.1072881263254
228500 104532 83.567732995579277144 -1108504.375299646752 -781.34285346438866782 -2504.41528128116 581779 62.109490605353
229000 104782 84.074058615798264782 -1108481.411506854929 -800.49141843522829731 -2491.68225289139 582138 62.1049569391256
229500 105032 84.533793022439127185 -1108468.1013116869144 -796.62471345682513402 -2490.21187500786 582322 62.0982708638366
230000 105282 84.561280355849717694 -1108343.5527954206336 -842.31821751844881874 -2500.43047639204 582397 62.0865839228268
230500 105532 85.157574520276938301 -1108378.868787237443 -852.70990974661788186 -2470.54701252528 582464 62.0725320348732
231000 105782 85.438107417778880404 -1108320.9792020441964 -769.01335892743509248 -2502.27556151201 582455 62.0507518559128
231500 106032 85.454327460104124725 -1108212.9004466147162 -870.82631722156304477 -2481.80883187909 582967 62.0242703191062
232000 106282 86.009295129575320971 -1108233.2811614510138 -716.68803969323903402 -2492.18323095469 583164 61.9963660901897
232500 106532 86.421899055111637722 -1108226.4449801607989 -696.77978156697247414 -2494.1469162244 583130 61.95705234038
233000 106782 86.168925280870084293 -1108020.1312868690584 -698.00960465016214584 -2519.71525832259 583368 61.9131519337738
233500 107032 86.594911677022736285 -1107997.8404649950098 -660.47274651612565322 -2504.64342266097 583707 61.8674368064549
234000 107282 87.005562209170420829 -1107991.4216835363768 -706.48547875753752123 -2528.01254865969 583873 61.8161598247497
234500 107532 87.141177251673596516 -1107904.2490305551328 -758.00286297212085174 -2531.93841995113 584224 61.763861245302
235000 107782 87.638059552257161045 -1107924.3023883369751 -644.13110027850791539 -2531.54222270512 584522 61.7122287798478
235500 108032 87.687071985768810123 -1107821.6587449936196 -638.35360709880410468 -2553.31233917985 585372 61.6572170451174
236000 108282 88.118954355899418829 -1107826.1053571254015 -483.81658796284875734 -2535.28775799158 585379 61.6012953483596
236500 108532 88.455836684509804968 -1107803.8827645021956 -489.0392580065751531 -2548.99815933073 585674 61.5433954912946
237000 108782 88.576602110563413817 -1107714.2088270189706 -378.62762381257681454 -2551.3963461653 586117 61.489378447856
237500 109032 89.06416911305012718 -1107717.0420715466607 -370.22997307113126908 -2565.82291913977 586369 61.4343190605037
238000 109282 88.816936762141011741 -1107529.3784698206 -449.76720350008440619 -2550.99141169661 586662 61.3791858897008
238500 109532 89.261881415528804951 -1107518.9558463331778 -364.90239849980940789 -2560.02048399946 587363 61.3276297155998
239000 109782 89.580197905445047013 -1107491.8789237479214 -344.63960130337994769 -2608.28364363102 588159 61.2761292011409
239500 110032 89.673437794554743618 -1107363.0047385240905 -194.7881119795808047 -2573.60901464172 588118 61.2252810643506
240000 110282 90.5802958776512952 -1107471.0345472279005 -194.69949802100833836 -2601.39075382061 588540 61.176124809678
240500 110532 90.375987469468853419 -1107273.781416754704 -106.93534706888573282 -2587.71286402692 589278 61.1352503875238
241000 110782 90.826942697067863719 -1107250.2378046954982 -49.031938307191282433 -2591.01319978981 589043 61.0957661984248
241500 111032 90.855846363023871959 -1107111.4320259147789 -145.05981056286356079 -2576.33676269358 589156 61.0573048422798
242000 111282 91.52442623725291071 -1107182.7937030887697 -79.745610855204560607 -2596.03368850817 589458 61.0263251756388
242500 111532 91.496185394296389859 -1107027.9052494291682 -57.981573085541640467 -2632.97282277111 590104 60.999391728013
243000 111782 91.845088809384805018 -1106996.2661508081947 5.6712582968037716924 -2593.78686618598 591054 60.9730874050055
243500 112032 92.267738605472203517 -1106966.6593774470966 -2.963782302311439576 -2619.11045829163 590101 60.9475533261359
244000 112282 92.323460877429141647 -1106822.4378168894909 -1.6756925999640190916 -2597.40910542408 591049 60.9289834206844
244500 112532 92.813920269540858499 -1106813.1761388133746 58.545818049359695578 -2598.80850858829 590560 60.9108564755778
245000 112782 93.368051105247971577 -1106798.7217117366381 21.932721949672078665 -2611.86949081447 590725 60.9028915894383
245500 113032 93.137588592077975136 -1106567.2872036627959 -30.268159084462194386 -2606.05537518582 590719 60.8991538580291
246000 113282 93.767243610150003974 -1106592.0776042132638 -84.85507736111016186 -2607.13493643925 591152 60.8948676386889
246500 113532 94.032831940793300873 -1106506.6428428145591 121.98840782647828007 -2583.47507992715 590730 60.8969205158285
247000 113782 94.261433137461295928 -1106429.2664624676108 -25.88914787020310726 -2602.94213998959 590358 60.8982036883766
247500 114032 94.364832335055538692 -1106296.8942123311572 4.6006167874728145506 -2597.8951797196 590566 60.9056138923331
248000 114282 94.633482374138012005 -1106220.5057172307279 54.054992984647299181 -2617.34730334436 590220 60.9166795920986
248500 114532 94.371349379030263549 -1105994.8730435639154 -37.471692705367679821 -2588.67670013012 590355 60.9381413075739
249000 114782 95.221635745809507512 -1106086.1800860501826 -100.68980823760499277 -2583.39153320446 589925 60.9653595736465
249500 115032 95.359143069835667461 -1105977.4310494950041 -170.46757814110119966 -2567.07585544536 589803 60.9957322393599
250000 115282 95.330189687852694647 -1105791.9702657095622 -67.267695935575531507 -2580.03481701983 589481 61.0340216035466
250500 115532 95.929396363584359619 -1105809.3939466869924 -116.89906561350332481 -2587.62939872311 589476 61.0748639508343
251000 115782 96.456691437394184163 -1105798.3964982298203 -219.57368108136583373 -2562.62484597804 588809 61.1184788291011
251500 116032 96.637969464880043802 -1105701.9003837504424 -190.56445071278920977 -2571.63382932485 588118 61.1662130935296
252000 116282 96.516087061350503973 -1105508.5451968726702 -387.05829543971088924 -2578.6196966946 588282 61.2202287143351
252500 116532 97.155188379750782701 -1105531.4272214865778 -245.74450790148975443 -2561.71727513772 588124 61.2772251952948
253000 116782 97.531144360092682177 -1105496.3804114887025 -179.63233085693352109 -2571.28490374271 587617 61.3383947205395
253500 117032 97.893098493348190914 -1105412.5615465049632 -359.88593386826812548 -2569.54213961062 587457 61.3981110592836
254000 117282 98.020753259793849566 -1105282.7160075374413 -410.67966127972920276 -2576.31968121258 586412 61.4550960064148
254500 117532 98.328488079361150653 -1105193.4410092260223 -424.80794948162696301 -2547.02752842489 586695 61.5093021564192
255000 117782 98.397849110539311823 -1105043.7196628630627 -493.01508993864280228 -2565.64508915372 585573 61.5617740610981
255500 118032 98.877034856469151691 -1105015.1156512235757 -453.32105017890660292 -2553.41864595716 585715 61.6113066043434
256000 118282 98.88827589512206373 -1104834.3799448101781 -459.51824207664594724 -2560.69848998734 584852 61.6594002329738
256500 118532 98.926559726665615813 -1104663.6066523962654 -500.25823567131521941 -2543.96480805426 585051 61.7044235883071
257000 118782 99.807972404908895214 -1104722.3293344364502 -615.37598678891993131 -2556.40752960786 583738 61.747097231538
257500 119032 100.02220130280424826 -1104611.0845937503036 -544.47402428341149516 -2536.51938177991 583842 61.7868200244137
258000 119282 100.43895873238921013 -1104545.3811474295799 -503.33715182282725209 -2554.04751346608 583815 61.8261305057963
258500 119532 100.59072449423059936 -1104395.1051559508778 -706.6436350367181376 -2534.121555666 582671 61.863927822962
259000 119782 100.6235051393084774 -1104210.9833991115447 -604.73286863235443889 -2574.4427645547 583124 61.8969166312906
259500 120032 101.09022520157741099 -1104183.1565551764797 -690.74706984703630042 -2526.51749826128 582868 61.9318609329492
260000 120282 101.22748081961674416 -1104017.3106248190161 -710.99907565106980201 -2558.85014493168 582392 61.962873851692
260500 120532 101.3811364148338896 -1103889.162303613266 -815.9626552873548917 -2557.71263631784 582532 61.9946052983119
261000 120782 101.54567785040119077 -1103750.4977340896148 -599.50603946295825608 -2527.97301594421 582121 62.0263305959338
261500 121032 101.98946930570245684 -1103701.9640648111235 -835.53513881880235203 -2522.28877028721 582418 62.0535059824104
262000 121282 102.59785579140155676 -1103712.1614699298516 -719.04596235768758561 -2565.05548101839 581792 62.0757409400271
262500 121532 102.4232122707245054 -1103493.2979428854305 -809.82467840880519816 -2534.73517841389 581502 62.0953432029236
263000 121782 102.97972930609196851 -1103508.3214566195384 -703.06063834146789304 -2503.69264913162 581829 62.1094197240471
263500 122032 103.50463466052153194 -1103493.7415694727097 -889.68847636217003583 -2517.48717560588 581332 62.1205317262187
264000 122282 103.68767892402088648 -1103384.2815330759622 -773.87545939019344132 -2521.10880396847 581669 62.131867923161
264500 122532 103.7318683818017746 -1103237.2080963305198 -768.63426640447858063 -2521.36915207936 581759 62.1341722065617
265000 122782 104.19966468137572235 -1103231.7304888048675 -677.65721076585668925 -2555.03498455037 582046 62.1345862941165
265500 123032 104.05795168757273927 -1103059.8045291597955 -675.09268693915919357 -2526.07251023715 581967 62.1251369791305
266000 123282 104.38376338104953334 -1103000.9697606831323 -690.5790555603324492 -2537.7116723866 582666 62.1065249378877
266500 123532 105.34161267772155668 -1103147.6984644320328 -662.65161238232792584 -2539.72272667026 581840 62.0854725729897
267000 123782 105.35435452957604241 -1102997.0228320050519 -743.04773300182523599 -2546.52174653649 582552 62.058569931852
267500 124032 105.56893884510131443 -1102938.1726595887449 -587.07530185054793037 -2525.48110212765 582957 62.0294653512665
268000 124282 105.71611183579091175 -1102863.7753612131346 -583.70184099498214891 -2515.23956510295 583139 61.996177019259
268500 124532 106.35104522093406842 -1102922.1944656595588 -687.85273363026271909 -2565.01933964172 582499 61.9606080500327
269000 124782 106.43447134450703118 -1102794.8835264923982 -580.01746914717512027 -2553.24038155764 583205 61.9221137842967
269500 125032 106.76804750766507368 -1102737.9027813794091 -663.14955130760040447 -2584.00963285443 583630 61.8795316465497
270000 125282 106.72219699147973415 -1102541.6922051245347 -546.4094596968714086 -2573.73552121183 583725 61.8314876473224
270500 125532 107.18639458062445158 -1102551.0943977730349 -616.95497841124279148 -2576.71121781343 583831 61.7864190736994
271000 125782 107.41061724026856439 -1102485.5564979258925 -572.13525070323942145 -2583.78684395545 584450 61.7440387739462
271500 126032 107.76216459478396814 -1102431.8973095822148 -396.61360669329172879 -2595.77560550056 584805 61.6994529353088
272000 126282 108.04770220464467911 -1102436.6130556876305 -331.68634311790611946 -2568.05666619454 585373 61.6548857685496
272500 126532 108.55675716976460876 -1102387.1115352062043 -280.59158069817095793 -2567.30394118122 585783 61.6124180732928
273000 126782 108.52868080591129285 -1102255.3020104859024 -253.76589721868407423 -2586.78321061645 585548 61.5699656112295
273500 127032 108.78262773532202345 -1102175.5587495204527 -313.51757988079555162 -2584.89232468728 586040 61.5321361081109
274000 127282 109.20373823956394688 -1102159.5398679180071 -319.20357013356061771 -2579.14360266992 586417 61.4952991298574
274500 127532 109.82076032509162644 -1102208.171014386462 -134.35671626688827018 -2570.65213165027 586383 61.4554454353997
275000 127782 109.80763778142555509 -1102029.5776277696714 -223.15638908133627183 -2584.44723499274 587267 61.4166029123359
275500 128032 109.94493839995860185 -1101938.7935944341589 -121.23573854092190061 -2604.97754524146 587093 61.382644754118
276000 128282 110.07594906497325837 -1101844.4498930284753 -174.86359392796035195 -2595.78973086501 587578 61.3559052940049
276500 128532 110.95058766741379941 -1101917.4457378827501 -235.48005595661410894 -2583.68025503262 587135 61.3249678887625
277000 128782 110.76474196918948678 -1101752.0386768174358 65.724104559324160846 -2587.53845398645 588313 61.2965669514097
277500 129032 111.44568083658856494 -1101759.2472911134828 30.690772758157230271 -2607.25378709618 588714 61.2711236305951
278000 129282 111.35599513240360636 -1101589.1872981910128 -169.41887869161999447 -2616.22471992375 588646 61.238689156914
278500 129532 111.72940799686152502 -1101570.6148100087885 -167.91148346010677983 -2640.0241876872 588660 61.2194808133486
279000 129782 111.89083162061007215 -1101481.2473177309148 -143.88073657135612393 -2616.08032683941 588913 61.2004274490366
279500 130032 112.17868709463191124 -1101434.3936301644426 -97.299667830037975591 -2616.54126025626 588938 61.181586651447
280000 130282 112.12201207968570316 -1101241.3330761580728 -130.71618767452287102 -2594.29945656603 589480 61.1671806358945
280500 130532 112.687763648356011 -1101231.9672442416195 -184.6740048259842979 -2599.9830762479 588337 61.1551694899842
281000 130782 112.5517557044442043 -1101014.1394673965406 -161.91175509843554892 -2616.94826212136 589020 61.1432628036643
281500 131032 113.27084969679081894 -1101088.6876200151164 -63.139374320351350889 -2608.70356214738 589469 61.1350921843602
282000 131282 113.27811609726659015 -1100947.7108088864479 143.30216287999269298 -2631.99051340789 588427 61.132129998396
282500 131532 113.56724334913319296 -1100894.6984420856461 18.997001647730630935 -2624.50526126771 588161 61.1378629296901
283000 131782 113.97334433923819574 -1100883.536727023311 -106.29631963803731765 -2616.18954951298 589082 61.1481614153952
283500 132032 114.31111180064242205 -1100803.4877842175774 4.0095591618849564242 -2615.05399083214 588139 61.1599806105068
284000 132282 114.63194579717463739 -1100742.5580681115389 -142.29803469317189979 -2616.58991916316 588000 61.175283843718
284500 132532 114.54551625242157797 -1100528.8744873832911 -136.06123286858729671 -2610.79655340312 587751 61.1988052886042
285000 132782 115.52457594050440548 -1100656.9022217621095 -108.54457123512395356 -2639.79845059824 587975 61.222408202794
285500 133032 115.26545281120840514 -1100413.0756202782504 -57.428729830938806344 -2607.51277947428 587486 61.248949433235
286000 133282 115.59370279496580736 -1100368.0552891734987 -127.79075070605468056 -2635.23260029289 587822 61.2827495463114
286500 133532 115.99130544242522944 -1100367.107837294694 -356.80996304911798234 -2597.79804987092 587475 61.3222768668579
287000 133782 115.98623025997433444 -1100184.3659627011511 -166.36836106759082554 -2623.77066697634 586669 61.3663367757464
287500 134032 116.05582942646739752 -1100041.7644879063591 -68.883247215640508898 -2557.26890782456 587246 61.4081414595022
288000 134282 117.19621763958893723 -1100198.3758787368424 -200.22706270239677906 -2586.20707097914 586492 61.4518770280432
288500 134532 116.99261028623789116 -1099994.2048005184624 -291.24241417437121981 -2606.18983677621 586227 61.5005492922791
289000 134782 117.44741510473501478 -1099948.74288589973 -281.92015857959194136 -2603.34334072584 585787 61.5424585869884
289500 135032 117.36404010985697255 -1099771.7283370683435 -344.11861379306395747 -2587.40888211242 585738 61.584642829355
290000 135282 118.09965403351517921 -1099766.5592800967861 -320.21994042226367583 -2567.71713715884 585205 61.6274019602648
290500 135532 118.07206642566370647 -1099596.3271845227573 -388.74848594016384595 -2553.2036648442 584794 61.672361664356
291000 135782 118.6241462596703542 -1099559.7840882663149 -475.64366965472942184 -2570.4698701789 584923 61.709671271271
291500 136032 118.34134192591328372 -1099322.0231901730876 -377.48283040006140254 -2547.28764967093 584475 61.7511128220137
292000 136282 119.24458304484535631 -1099410.8243761730846 -574.37493292945691792 -2568.98053048625 583845 61.7914974890955
292500 136532 119.62880907582642465 -1099354.2873608297668 -584.07929550945732444 -2564.61680529779 584196 61.8283469206624
293000 136782 119.23366560331582775 -1099034.5578257394955 -530.5469148299872586 -2579.3202146356 583431 61.8594715063735
293500 137032 119.90008835168568169 -1099036.8725586957298 -642.62588106931923448 -2544.11365559107 583397 61.8923253996212
294000 137282 119.66068356690111329 -1098792.1442994859535 -580.3838039430935396 -2553.54517205089 583254 61.9189627313839
294500 137532 120.75945193350825946 -1098917.6369381907862 -539.21647931189977498 -2562.0965317033 583139 61.9472932897161
295000 137782 120.16830120561662909 -1098608.1800392782316 -553.52402870582898231 -2514.2603568646 583180 61.975413248911
295500 138032 120.88728373817411921 -1098619.0406943687703 -638.85643176266432874 -2544.37848418185 582459 61.9997923199791
296000 138282 121.24140496007882462 -1098547.1794015048072 -664.22827690943756807 -2550.29037514097 582304 62.0212699744289
296500 138532 121.59409201487241603 -1098464.9700335245579 -619.6386774828806665 -2538.03287375252 582411 62.0367067547426
297000 138782 121.76434975383727988 -1098336.7126833812799 -547.02979491744952156 -2544.01642870282 581880 62.0551279690562
297500 139032 122.42497507446039151 -1098366.826018134132 -607.63400783652434711 -2583.54977975294 581787 62.072852113386
298000 139282 122.38185740368533061 -1098167.8782094826456 -615.76492738591332454 -2522.71738809537 581973 62.0883182616665
298500 139532 122.34811486215345155 -1097986.2080449380446 -683.96925332891260041 -2569.17907493659 581517 62.1022269008852
299000 139782 123.07340130049554716 -1098032.0879913053941 -555.10751940507088875 -2530.87282734075 581233 62.112221452759
299500 140032 123.39482028174391814 -1097951.6063832701184 -499.44306138527127814 -2555.57213734963 582174 62.1209126588384
300000 140282 123.27782767997825886 -1097748.4520735973492 -560.36926809003784911 -2545.47978968046 581624 62.123453514094
300500 140532 123.81856246586175985 -1097740.8874072334729 -676.50874066585026867 -2540.92776613128 582047 62.126818009416
301000 140782 123.78648891653404007 -1097585.7601921116002 -748.23894694058651567 -2549.17019771682 582461 62.1285242383872
301500 141032 124.20405304843040994 -1097564.4569436646998 -568.23534353922707396 -2523.48256817974 581922 62.1249814298983
302000 141282 124.45187196442495292 -1097510.7001162033994 -555.30151279729977887 -2491.31166381702 582148 62.1135193379421
302500 141532 124.88137924072951535 -1097476.8021319941618 -617.10636709195136973 -2538.77068549125 581998 62.0958812970934
303000 141782 125.09117103451700359 -1097406.3550234045833 -498.68242399190751257 -2563.60105481767 582751 62.0770103599962
303500 142032 125.64746511978601973 -1097441.432807936566 -557.79297080570268008 -2537.03411259171 581900 62.0533714197188
304000 142282 125.98739153484490316 -1097426.7878157747909 -690.72765251000123499 -2554.89568161946 582147 62.0252186466431
304500 142532 125.51874853352830996 -1097137.6965903737582 -526.80848665586847801 -2585.96466725045 582427 61.9962656113894
305000 142782 126.25310278417298093 -1097193.2674337292556 -432.03515434275698226 -2562.95741668527 582279 61.9637530689719
305500 143032 126.78169420791080313 -1097184.4438989413902 -644.57481747385259041 -2590.62890657296 582592 61.9260960521207
306000 143282 126.81396293743016201 -1097053.569487631321 -396.14117474620462644 -2587.45754725735 583467 61.8892364164293
306500 143532 127.14305629556761801 -1096981.4790553692728 -407.25333350294079082 -2573.61946454689 583453 61.850401641941
307000 143782 127.59308565139912162 -1096972.5570278405212 -190.77841809448605659 -2553.88199899941 584084 61.8159119686036
307500 144032 127.6392833702277585 -1096857.2019144517835 -367.08446460538158362 -2551.16476371177 584106 61.7758162100473
308000 144282 127.96905816398327715 -1096785.9397811642848 -269.09732731622608526 -2556.43682004124 584703 61.7362496654327
308500 144532 128.07224817621815305 -1096710.5010449211113 -284.15028877282679787 -2609.0229811978 584485 61.7044147820518
309000 144782 128.72326797724866765 -1096761.230921139475 -571.28498205877406235 -2563.5240550212 584223 61.6679021016794
309500 145032 128.54631475609534164 -1096524.063799868105 -341.46416358551965686 -2566.89702571412 584620 61.6325252102376
310000 145282 128.96589862482593958 -1096536.3265534653328 -363.12224500026087526 -2569.81965047621 584772 61.5994711758405
310500 145532 129.15651858310829425 -1096419.0263924135361 -297.53753668808911925 -2620.64309559557 585254 61.5691776508309
311000 145782 129.47486941851622078 -1096364.9997109260876 -245.37478757917651251 -2584.41916326001 585683 61.5476250712905
311500 146032 129.86477026839625637 -1096353.4961425999645 -191.83731679227946643 -2614.45787513933 585466 61.5239061443993
312000 146282 130.43054507808935227 -1096387.1187447772827 10.698327884468872284 -2587.71401330642 585877 61.5032206670171
312500 146532 130.28978906434781493 -1096257.9867806727998 -258.72668590671537459 -2609.24761336644 585796 61.4838520293449
313000 146782 130.69340272387120194 -1096189.1629519574344 -225.53387303200196357 -2588.5901501011 586972 61.4669368240943
313500 147032 130.88362645958190456 -1096056.3427928388119 -199.91852555496080868 -2582.96162794625 586919 61.4530833518485
314000 147282 130.3976277788329412 -1095751.8619232508354 -21.295527797600062314 -2612.34280931432 586482 61.4402156670766
314500 147532 131.90128848081650403 -1096036.5067319544032 -231.02024240574908731 -2651.73841278517 586231 61.4210095734984
315000 147782 131.57483836670130017 -1095824.671860259492 -74.829524487353850759 -2585.07292749571 586812 61.401401612902
315500 148032 131.7201729871906366 -1095693.3830866361968 24.961940212917408388 -2602.31967387671 586712 61.3922326596803
316000 148282 132.59439797119148352 -1095829.3794574595522 -34.465013067525880786 -2621.71276977637 587453 61.3853452694491
316500 148532 132.50854793334363535 -1095659.5421212604269 -50.015300859362639585 -2625.69643810778 587498 61.3796912204518
317000 148782 133.01470247028299809 -1095591.7857856655028 55.151627700677458677 -2628.91100670325 586997 61.3722531590354
317500 149032 132.93340849487540822 -1095420.5196747919545 -51.420932041250388522 -2600.14448571056 587257 61.3656931989606
318000 149282 133.23119832861530654 -1095292.6266225252766 -191.67201208292533465 -2614.3930448057 587136 61.3715260706527
318500 149532 133.4615552270990122 -1095177.829750967212 -419.04192125045312878 -2626.36605555237 585465 61.3769971222739
319000 149782 133.70010811298453746 -1095101.1660537295975 -90.010444171151405612 -2630.50219208544 586273 61.3885050804199
319500 150032 133.91380786894777088 -1094995.5768690414261 -263.56317488429687046 -2586.69454956235 586566 61.4057834676432
320000 150282 134.6114758999121932 -1095080.3413390449714 -152.61009697992702172 -2589.09248490037 586517 61.426313963097
320500 150532 134.53639162171825205 -1094898.9690506749321 -185.75580331777840115 -2587.18301895599 586585 61.4442005704413
321000 150782 135.2174982836370134 -1094885.778428738704 -270.04309346552793158 -2597.37020614654 585423 61.4707876996268
321500 151032 134.86619040659303437 -1094640.0848589814268 -202.55907369271969287 -2587.01869378499 586084 61.5061848818878
322000 151282 135.57612051769700656 -1094619.219539543381 -161.5021101041797067 -2610.85335104813 585543 61.5405853551332
322500 151532 135.77039868851812798 -1094535.0415484863333 -212.13298415053267831 -2592.22577755321 585799 61.578047356833
323000 151782 136.09512026932506501 -1094453.2028061260935 -143.24804934003023504 -2583.40860177585 585351 61.6188407084144
323500 152032 136.47990236721531687 -1094455.8386516065802 -59.063330444735321123 -2584.98849702005 584990 61.6598329899315
324000 152282 136.55405197299268139 -1094325.9972566303331 -351.40518545404478346 -2560.56173643771 584602 61.6936376752986
324500 152532 136.65657781744482691 -1094159.7817956353538 -237.73748837856368255 -2554.0278445266 585046 61.7274147036097
325000 152782 137.51189028132515091 -1094214.7434528644662 -302.42360120906158727 -2564.38736188002 584144 61.7613995559277
325500 153032 136.88952142689339553 -1093846.096187356161 -350.27186067710312045 -2540.30969955261 583895 61.7926614272743
326000 153282 137.62309432771266415 -1093888.0341984953266 -267.8713669139852982 -2537.39367859036 583723 61.8210686255093
326500 153532 137.71475089014822402 -1093738.7351619510446 -252.97268747526680954 -2556.84777087752 583349 61.8500940407471
327000 153782 138.26901135797831444 -1093746.3833979237825 -508.144282273685576 -2552.35962443941 582929 61.8771659137362
327500 154032 138.65011180119486767 -1093684.7659719572403 -275.10203358050409861 -2566.59028403733 582879 61.904823179378
328000 154282 139.06121464367026874 -1093652.447153321933 -240.05314515818719201 -2569.27626567642 582725 61.932918323593
328500 154532 139.19684387357813193 -1093489.775252005551 -402.79149099246126298 -2589.55071444551 582691 61.9555155399001
329000 154782 139.24864134659262049 -1093304.5993893954437 -548.85591135036020205 -2612.26574258575 582051 61.97623491574
329500 155032 139.38346374378679116 -1093142.9467039788142 -397.71440047929837647 -2550.81788232203 582206 62.0009057459169
330000 155282 140.25872011852908372 -1093198.5243135555647 -292.22942193970118296 -2554.31768408156 581916 62.0251400999344
330500 155532 139.94772183467483728 -1092942.1708572770003 -458.43648768261635951 -2581.73313248229 582123 62.0446757709092
331000 155782 140.42040365578958472 -1092936.3305008250754 -434.4550398717075268 -2558.07529089549 582396 62.0687051263148
331500 156032 141.15654754435988139 -1092957.410947913304 -614.01372756635726091 -2551.69830174734 581617 62.0918719780106
332000 156282 140.63025146827067147 -1092629.0086174670141 -451.69360850289484688 -2575.71764468664 581602 62.1169764839296
332500 156532 141.54305816281234343 -1092711.3558578598313 -543.18180724063483922 -2575.26207819758 581017 62.13789868652
333000 156782 141.63599895482536795 -1092549.2953844382428 -458.18843397426951469 -2568.59824074746 581422 62.1593040836279
333500 157032 141.91915194034044134 -1092455.5246380744502 -600.30273590609340317 -2581.14108803911 580820 62.1758350083178
334000 157282 142.3888100559611587 -1092430.4984277305193 -423.00704535233302295 -2573.60826277906 581164 62.1879345191019
334500 157532 142.59026467642166836 -1092304.9403309833724 -507.22592615451105758 -2543.68771673199 581158 62.202653368561
335000 157782 142.8836960390043771 -1092258.3796338567045 -510.45426234281126199 -2541.35602450575 581150 62.2114591610812
335500 158032 143.01359188363579733 -1092157.0240826960653 -435.7346591847599484 -2538.73428404509 581289 62.2174738269436
336000 158282 143.47155991282892273 -1092113.8166910926811 -555.00017006261543884 -2535.70968957872 580903 62.2196412469929
336500 158532 143.61210592623862681 -1092011.4635289099533 -479.66714007728165825 -2530.34559681679 581057 62.2200129034922
337000 158782 143.4548432797230646 -1091758.9987371987663 -318.76305676639930198 -2526.21691754603 580811 62.2114748089385
337500 159032 144.65113062343516503 -1091914.1761270752177 -411.29817145307993087 -2522.01901683303 581364 62.2056888185153
338000 159282 143.87707925205097581 -1091578.0165545786731 -495.14932570470523387 -2512.72081993121 581347 62.1976393531529
338500 159532 144.79628815774557893 -1091698.0421616795938 -439.72566294528701292 -2500.14944183013 580836 62.1827430871809
339000 159782 144.98629485256000748 -1091601.8100033239461 -545.80735395465319471 -2525.031956194 581157 62.1619931906593
339500 160032 145.05560996154252962 -1091488.5190954671707 -363.77857767241209785 -2513.08239336187 581692 62.1449932469798
340000 160282 145.46224473979904701 -1091401.3956802100874 -427.470449565492288 -2527.59360510921 581880 62.1290222780124
340500 160532 145.98074108904719992 -1091402.1559649277478 -476.72888153476412754 -2508.31788122215 581633 62.1031679333992
341000 160782 146.13356636233783092 -1091304.6335538658313 -355.98165531672219686 -2536.2313452404 581699 62.0774631083452
341500 161032 146.55630034719871446 -1091327.0064710052684 -454.96260194457801163 -2548.37996883064 581708 62.0483016494349
342000 161282 147.15503026082939186 -1091319.9294941455591 -379.39442189817503959 -2529.81049464918 582026 62.0294071592245
342500 161532 146.88199003383004992 -1091139.3921072178055 -623.47277411219147325 -2560.51048827018 582196 62.0046622115601
343000 161782 147.04654884253659475 -1091011.5266524681356 -275.06360723754130504 -2537.71568284293 582541 61.9791041719938
343500 162032 147.58682099368562035 -1090964.7336111944169 -335.32164022587937779 -2553.54225498914 582667 61.9562077059333
344000 162282 148.41495151559416854 -1091098.0736749162897 -374.70134044112609217 -2552.885782815 582657 61.9369497290505
344500 162532 147.71823398032151431 -1090773.3537837800104 -443.46685988579798732 -2600.70954719616 582429 61.9161235156865
345000 162782 147.80194222042422325 -1090615.4323472985998 -332.18800969885262475 -2566.9334968594 582975 61.8958215409213
345500 163032 148.56940951229853454 -1090708.9061027315911 -580.24301432193215078 -2553.81674443381 583607 61.8738570498771
346000 163282 149.29349331113061794 -1090673.6929113036022 -323.96421036208340638 -2583.0277526974 584180 61.845760631446
346500 163532 149.5564247603248873 -1090544.5420067601372 -100.8305117230321315 -2596.13942787795 582684 61.8229730009555
347000 163782 149.57808255602301983 -1090407.8126440458 -122.94891953159321929 -2577.11918146283 584456 61.8003946516426
347500 164032 149.77383061042712598 -1090358.228452055715 -183.95227315481517394 -2574.8116754106 584173 61.781149612969
348000 164282 150.36086306814331692 -1090391.0672974037006 -265.00813052441287709 -2567.65570164738 584709 61.7598637303425
348500 164532 150.48162905538720224 -1090304.550099712098 -3.581378317572792902 -2562.76624825255 584338 61.7357695523405
349000 164782 150.22416941085802478 -1090007.0791440457106 -187.1724239607284801 -2573.34709270818 584938 61.7160833135043
349500 165032 150.72770094833379062 -1089941.1696443154942 -113.36654163932425377 -2580.0164874253 584854 61.6992179810213
350000 165282 150.95216820816366976 -1089917.6986554816831 -138.5474859655722355 -2596.81904204829 584655 61.681124500844
350500 165532 151.49895253745077639 -1089908.4326392090879 -138.54395141794955748 -2552.74556864955 584947 61.6675051532277
351000 165782 151.62294332231260796 -1089803.5390254124068 -102.13600502552682769 -2584.45642302481 584901 61.6549020823707
351500 166032 152.21196375470154294 -1089802.1603064571973 -184.3761302883463884 -2611.54435558698 584682 61.6433314226507
352000 166282 152.4274348939282504 -1089625.0218514304142 -72.734489261106915592 -2609.3607375767 584682 61.6331131348719
352500 166532 152.82266721548558053 -1089613.9859990987461 -80.212217923233311012 -2615.93493660351 584948 61.6345121221428
353000 166782 152.47699545020671508 -1089415.5948977684602 -125.40785280000561386 -2595.59839890046 585244 61.6333999398292
353500 167032 152.71666648555444112 -1089296.0636705993675 -140.33756115170413636 -2621.59089026703 585204 61.6293714321332
354000 167282 152.52716327308669975 -1089160.3611262948252 -158.28225416414022675 -2583.87220625668 585701 61.629858426238
354500 167532 153.23770304830776467 -1089149.8739740329329 -163.27831706710355775 -2618.83252805114 585464 61.6362462251363
355000 167782 154.03244750186863143 -1089169.2679772800766 -145.09167308061435619 -2599.74361187816 585651 61.6419594428866
355500 168032 153.99931339269156183 -1089039.920337715419 -244.38104783350368621 -2619.17995197762 585270 61.6440414674813
356000 168282 154.19827198514212796 -1088869.1571873873472 -165.9332166817117411 -2620.89166702342 585292 61.6442979513171
356500 168532 154.87335157828783849 -1088890.8821857599542 -268.70114303683374146 -2587.66497777931 585456 61.653880570551
357000 168782 154.77087203908408242 -1088638.1971654628869 -279.10805598132714067 -2593.35860490121 585003 61.6630746792489
357500 169032 155.35142261330227598 -1088679.0359992873855 -16.491061189190119762 -2610.9168853792 585538 61.6704966139817
358000 169282 155.9600172034033676 -1088678.4633251768537 -3.2105217676963704321 -2602.68618377685 585395 61.6793904037346
358500 169532 155.77831778266462948 -1088480.6427793502808 -226.34200019610173626 -2640.42042033072 584887 61.6904786630998
359000 169782 156.36036734811000315 -1088530.866699261358 -133.86598601614014115 -2620.09457287051 584826 61.7016190580223
359500 170032 156.29036397978711648 -1088289.4367170459591 -410.5643833861045664 -2587.57298013645 584499 61.7205410821642
360000 170282 156.46105760420243769 -1088124.6015123166144 -296.9033833379798466 -2609.2063644992 584486 61.7394900135179
360500 170532 156.59690573785741208 -1088034.7827895022929 -436.33873324948046957 -2635.74252398291 583572 61.7640662897684
361000 170782 156.88048561772825451 -1087948.3724437903147 -200.44459928228806689 -2610.56288924762 584335 61.787511942166
361500 171032 157.79315215964297181 -1088049.6753922614735 -388.80985397106468326 -2569.26670453377 584380 61.8094488041676
362000 171282 157.50607227907548236 -1087741.6645885363687 -321.57238128458180881 -2571.32317640038 583971 61.8327769306533
362500 171532 157.97464014765677121 -1087660.6547825573944 -383.20354454384329301 -2614.47422277314 584347 61.8596737201608
363000 171782 157.98646600573445653 -1087497.6808425798081 -377.66074143782179817 -2565.57269400793 583473 61.8914628349985
363500 172032 158.23990189842959353 -1087416.7204507277347 -231.02948492493345611 -2586.78644058365 583624 61.9206372751178
364000 172282 158.45201723815654304 -1087292.5142108600121 -400.7125740200135624 -2574.74926847412 583563 61.9466536603988
364500 172532 158.73368620946709484 -1087172.5475117450114 -274.41240526449672643 -2592.65330348472 583243 61.9736128523644
365000 172782 159.0410658101593242 -1087041.3554290106986 -437.67915040341966915 -2585.4678396365 583148 62.0036475609619
365500 173032 159.17064479062409532 -1086916.6416585040279 -404.22673633997163734 -2533.13965262133 582916 62.0269258897648
366000 173282 160.23591465345435836 -1087084.7698287151288 -311.2928212866675608 -2564.96943458904 582224 62.0465017486571
366500 173532 159.89261207388989305 -1086815.7081109345891 -265.22418701766332561 -2560.53518381693 583260 62.0650455061983
367000 173782 160.49846028897943029 -1086788.878451421624 -348.59349739251575784 -2573.61985644148 582114 62.086625602696
367500 174032 161.09778543988224442 -1086774.519385231426 -364.08603964175028977 -2574.27942495941 582903 62.1065085614257
368000 174282 161.3098801121526833 -1086637.5013346686028 -292.0373157224668148 -2581.39019700953 581920 62.1192258423947
368500 174532 161.65614706564636549 -1086540.8691640265752 -503.5679088327011641 -2575.07249253916 580987 62.132390643405
369000 174782 162.26197049905096037 -1086601.7522845398635 -411.31404535876259843 -2561.00847463169 581472 62.1460843864093
369500 175032 161.78026147731384299 -1086231.5400966838934 -550.71438814197438205 -2588.56846479831 582411 62.1525829702651
370000 175282 161.85189975166642284 -1085983.0501664795447 -458.22238173465785849 -2535.16420300912 581484 62.1640180805334
370500 175532 163.14502393170499772 -1086253.5589918366168 -494.42408095113023592 -2535.41376505353 581747 62.1708336784645
371000 175782 162.88328123569235117 -1085969.1662483538967 -593.23973132185983559 -2560.61530424816 580677 62.1790042253175
371500 176032 162.66806325655397814 -1085693.2900095856749 -235.20565003737951315 -2538.10072294087 581088 62.1853935117427
372000 176282 163.41057104317823701 -1085828.4709307078738 -498.10076893303971701 -2558.32179345794 580565 62.1916751758809
372500 176532 163.99646219305694217 -1085714.6318037011661 -315.19331116640040591 -2543.77539158872 581186 62.1992665106162
373000 176782 163.52290621562579531 -1085403.2836561184376 -359.54380878513165953 -2520.87043675228 581598 62.2058969444151
373500 177032 163.81818332197050836 -1085355.4373228924815 -506.09900540142166392 -2573.74554615903 581371 62.2112974635745
374000 177282 164.21433692252324477 -1085297.9521962320432 -407.51828177018029464 -2581.32723339033 581652 62.2145129536265
374500 177532 164.94981001808869792 -1085160.319793028757 -553.80689348362841429 -2570.4368115809 581016 62.2195871855838
375000 177782 164.98536050011168186 -1085111.5341884640511 -493.60461482834614344 -2563.69698965219 581110 62.2255270822663
375500 178032 164.91883052091554873 -1085063.6254906470422 -459.90117310510015614 -2537.86663454502 580912 62.2276856042523
376000 178282 165.088141229717138 -1084862.0693845343776 -205.29482965106248571 -2568.90612789071 581089 62.2308806952826
376500 178532 166.53539823373213835 -1085024.9411412319168 -386.13724416123500305 -2583.79527731241 581659 62.2316091260849
377000 178782 166.1869300826341771 -1084886.6402777791955 -313.21784114186152692 -2558.59015737691 581523 62.2301167341923
377500 179032 165.94871923950466908 -1084566.8396767827217 -416.53242675792336058 -2554.66757667345 581469 62.221571448596
378000 179282 166.73960970132017678 -1084502.0950541070197 -483.842987624750549 -2592.57736876357 582061 62.2057479887688
378500 179532 167.03001421173007657 -1084621.0241252905689 -263.34943364301801694 -2613.07645623638 581839 62.1934844039768
379000 179782 167.4672903645977442 -1084642.6623923392035 -370.0896986972884406 -2601.6840153451 581372 62.18389588569
379500 180032 167.84367412505511652 -1084390.1958432991523 -324.51974615577370287 -2580.54579248452 581464 62.1720409146196
380000 180282 167.80219209562724814 -1084304.4741782632191 -400.25114692116045489 -2599.76579984138 581195 62.1609510493746
380500 180532 168.07230606808306561 -1084321.238813719945 -549.90697704963713477 -2552.83449504429 581411 62.1512090326691
381000 180782 168.8849576140924853 -1084110.6879406296648 -279.8057618677499363 -2608.78266379675 581760 62.1389793770641
381500 181032 167.97599196083893958 -1083814.1483633907046 -380.76699425452471814 -2589.85121544782 581310 62.1230961089082
382000 181282 169.17361691884335073 -1084153.3926211094949 -382.16563969708283821 -2593.08776227203 581161 62.109233295934
382500 181532 169.28264221718319504 -1083797.6747233665083 -379.22732370879862174 -2593.42791810218 581859 62.1023462221847
383000 181782 169.53479001011308469 -1083719.5396368049551 -345.5452876454098714 -2622.25723560079 582432 62.0898618634724
383500 182032 169.41621772942508528 -1083547.060236544814 -391.37896056357948282 -2602.25835216304 582069 62.0820298665633
384000 182282 170.67962493022918125 -1083564.8360770894215 -422.27371211372189919 -2611.43411580351 581865 62.0702048814353
384500 182532 170.41581667481207774 -1083331.3899726117961 -241.97208482894325243 -2621.64669556861 582034 62.0614200744881
385000 182782 170.95625888374627266 -1083563.6706392038614 -604.29305165590881188 -2624.55500899299 582592 62.0503467285189
385500 183032 170.40252757370018344 -1083344.4129213402048 -405.42317337287465762 -2608.55751940324 581317 62.0370296127906
386000 183282 171.6029359851038123 -1083303.4105932659004 -341.43946749737585833 -2591.57164453706 582175 62.0226724714745
386500 183532 171.65879746742410816 -1083267.974230946973 -243.30346484465795243 -2581.49890332154 581988 62.0088689637491
387000 183782 171.49188898032227257 -1083091.034084206447 -311.81642864791865577 -2595.05457736017 582318 61.9951143543549
387500 184032 172.30108869149435691 -1082971.0677962752525 -217.72097588802085966 -2578.66033249781 582766 61.9770052795325
388000 184282 172.00986289983077882 -1082822.4389764061198 -234.41021891470052196 -2576.82095270885 583203 61.9656417945265
388500 184532 172.04119874503876986 -1082812.7528496913146 -436.27226542583832725 -2607.98356063703 583625 61.9498936534387
389000 184782 172.46558990801321443 -1082626.314150118269 -216.16765209797060265 -2591.23903044519 582862 61.9375472316584
389500 185032 172.69394420432166726 -1082557.966157738585 -229.07563411107614115 -2601.76580659499 582901 61.9185456574412
390000 185282 173.21056588427560996 -1082517.1193573744968 -286.45593655533224364 -2640.35835344779 583582 61.9027040173124
390500 185532 172.91121831631068062 -1082152.6111007961445 -315.43594139070825122 -2617.91977843947 582736 61.8932815853889
391000 185782 174.19737576754502584 -1082338.5288732943591 -428.65064288802466308 -2596.34513254098 583495 61.8799333760632
391500 186032 174.77734426579741012 -1082396.2245170008391 -77.593581046754991348 -2600.17351911251 583429 61.8759494662634
392000 186282 174.4710607477174733 -1082207.0636225950439 -252.36992843773452933 -2623.67277110718 583363 61.8756499225862
392500 186532 174.47354565417847994 -1082029.2219876307063 -160.95752202110844564 -2584.36344008087 582978 61.8732500098466
393000 186782 175.27539437003605372 -1081997.1894288081676 -407.61465374470088818 -2666.86590891875 583579 61.8719298642503
393500 187032 175.27716840458887759 -1081855.1247654198669 -226.10413045616178351 -2618.17828549236 583715 61.8716151096034
394000 187282 175.44468205402063177 -1081762.2076700809412 -247.69025780718908436 -2617.50050300675 583164 61.8731655726366
394500 187532 175.93391349435376014 -1081770.2945883178618 -310.19723123380214247 -2647.12990210862 583215 61.8809490314287
395000 187782 175.6901570786639013 -1081561.3494991422631 -58.863123201499647053 -2642.02935476873 582875 61.8903649256434
395500 188032 176.47273760280566535 -1081621.5311141340062 -175.04473676156524675 -2661.41477292308 582944 61.8999277731201
396000 188282 177.07949609838300375 -1081557.3546589086764 -203.29671793032110827 -2676.11593183155 582765 61.9071405633746
396500 188532 176.39572936207298426 -1081210.12819848652 -168.56184199651997346 -2662.01969442971 582673 61.9172601401734
397000 188782 176.5674594038999885 -1081055.3348326999694 -199.6976375252534126 -2679.29797167254 582921 61.92914848702
397500 189032 177.65566991263438013 -1081241.049019738799 -177.67968573229302365 -2642.69436519318 583256 61.9407341178014
398000 189282 177.46091075215170463 -1081066.7644722762052 -275.41223442715391911 -2622.70892809715 583485 61.9568142734657
398500 189532 177.78964309839631142 -1080913.7042303192429 -42.578863535779177596 -2643.09409960489 583168 61.9684821056651
399000 189782 178.3247686076517482 -1080848.2154349503107 -167.38185218911863217 -2625.56441967336 582340 61.9744893834892
399500 190032 178.6823536012405782 -1080718.1495756432414 -139.95941709276334564 -2614.46616343039 582343 61.9867588216806
400000 190282 178.99813453580773626 -1080556.7021405196283 -383.65012469529165173 -2647.0809007586 582213 61.996169543008
400500 190532 179.25518736751072879 -1080478.1554748939816 -401.07239368543889668 -2632.67889886826 582411 62.0039021168566
401000 190782 179.42840505772545612 -1080331.8825970331673 -215.79692060642898355 -2658.25365027194 583088 62.0101400625463
401500 191032 180.22491020629053082 -1080463.3090385510586 -393.19369119720192884 -2665.82304774888 582707 62.0169765063407
402000 191282 179.11221311177297366 -1079977.2918219168205 -170.77719244742587534 -2661.48576605169 582084 62.0231013359844
402500 191532 180.50876458854969542 -1080216.8021936886944 -241.80505617425890819 -2639.69856962867 582582 62.0351517556706
403000 191782 180.24295748861780453 -1079885.7161313039251 -52.745229229382900371 -2648.69038571586 582704 62.0444654056894
403500 192032 180.61933977025395848 -1079765.4848659543786 -379.504923592102557 -2645.68723395574 581906 62.0589801222818
404000 192282 180.55500135832267006 -1079596.8859013838228 -313.85619805544655492 -2636.35482433265 582018 62.0755221641355
404500 192532 181.1722095834170716 -1079530.7746841812041 -231.23631518516017991 -2649.70215215137 581882 62.0932628836294
405000 192782 181.82451994725437316 -1079403.0450333387125 -247.65680903908904043 -2599.27223400062 582209 62.111229854317
405500 193032 181.70979532378282784 -1079292.8796481443569 -81.859067379362372208 -2599.29901196806 581124 62.129367266719
406000 193282 181.57390077632101111 -1079169.4348273929209 -122.6779878295517392 -2615.59485230888 581674 62.1460896640353
406500 193532 182.430210663852165 -1079054.8962096034084 -358.57209091057183059 -2627.45174240183 581138 62.1690618896024
407000 193782 182.55668867088076013 -1078902.1674738274887 -388.55708739220602865 -2635.01448603797 580873 62.1907525036053
407500 194032 182.97696466621636091 -1078987.7792029541451 -437.62229553438010043 -2572.10029707023 580233 62.2136052857205
408000 194282 183.35335021633019892 -1078756.972419105703 -475.59785457344111137 -2599.31609941228 581151 62.23425956231
408500 194532 183.7073108541742954 -1078607.0674597751349 -431.64219739145346466 -2640.81895169667 580807 62.2484301153783
409000 194782 183.93113575724763109 -1078626.6197009221651 -516.99309571519199835 -2637.00166426698 580032 62.2658354805198
409500 195032 183.58490758714913227 -1078164.6462352739181 -388.96662928251072344 -2590.91363461176 580423 62.2805067896086
410000 195282 184.53063458561737775 -1078272.5002688809764 -362.30397703641762064 -2621.79210037918 580493 62.2984187065792
410500 195532 184.55496662486001469 -1078235.4189175385982 -351.41429513479317848 -2619.75507854172 580381 62.3146061896942
411000 195782 185.11277789871883215 -1078127.9911469782237 -381.32689104557721294 -2598.02531110857 580194 62.3282859072019
411500 196032 185.39231329802137793 -1077886.0552302133292 -505.02119332521436945 -2598.21296536628 579610 62.3396012997913
412000 196282 185.21740003756485748 -1077884.6252654176205 -425.9195009205790825 -2592.92357758247 579642 62.3552640971439
412500 196532 185.89739559128500446 -1077938.6198450773954 -374.19677822345067852 -2595.06142844102 579344 62.3666836237442
413000 196782 186.0292564090713654 -1077565.7597565201577 -307.77308660618177782 -2618.10309010232 580081 62.3805599660697
413500 197032 185.69263278028515174 -1077426.3204296664335 -285.94553232458315506 -2580.97067875975 579714 62.3909353972091
414000 197282 186.34659771468969325 -1077356.7929779617116 -350.01218909039420168 -2631.79719480083 579146 62.3986913435963
414500 197532 186.92804417123647909 -1077220.5624822054524 -395.15441551476197901 -2604.84851159622 579582 62.4074210575895
415000 197782 187.14669256128351549 -1077186.055310673546 -316.69739513198538816 -2583.03626317837 580132 62.4181427111634
415500 198032 187.30758785628381702 -1077045.6117237610742 -302.57986182408188824 -2615.29036659877 579726 62.4281698358975
416000 198282 188.6427015776174585 -1077060.3958321432583 -569.66146651184169514 -2597.96099444625 578720 62.4384855861017
416500 198532 188.26505084063825279 -1076618.8540102841798 -641.11512862709855654 -2577.03192292365 579289 62.4489355160745
417000 198782 188.31929452443148421 -1076746.1807073201053 -409.25745682326771657 -2609.98096204824 579809 62.4537533439437
417500 199032 188.68805272052881605 -1076955.1497620514128 -440.84909453532293355 -2579.65838626234 579762 62.4542292853879
418000 199282 189.38162460601327552 -1076831.8356005826499 -374.66156534112246845 -2588.10893548325 579134 62.4461563262023
418500 199532 188.58918962612005998 -1076414.9603906949051 -297.27052451893308671 -2633.06321075903 579549 62.4472777481286
419000 199782 189.59114364310511291 -1076575.3834140300751 -438.60710811290482525 -2636.90059223583 579454 62.4544053635826
419500 200032 189.87042039223743473 -1076383.1653571897186 -367.78310882306766416 -2644.51548263922 578807 62.4596811895209
420000 200282 190.20587970224570995 -1076208.7149673146196 -489.56602566472423632 -2615.16620393208 579140 62.4696808478266
420500 200532 190.73384007085957137 -1075896.6977163271513 -337.82663131357395514 -2666.65910035252 579060 62.4732264152367
421000 200782 190.46578805119784761 -1075712.7289342831355 -439.73126449395329018 -2606.95561804447 579714 62.4756285570455
421500 201032 191.0630298378349039 -1076450.6170787420124 -426.9471198270913419 -2652.84019175534 579469 62.4692451630603
422000 201282 190.68344448504871025 -1076133.3978433974553 -365.85104805415255669 -2619.31757752956 579904 62.4678155316997
422500 201532 192.36086638490027667 -1076207.6127534718253 -285.64952456889915311 -2642.63574567213 579585 62.4593743550186
423000 201782 191.54976793612314623 -1075727.1995126337279 -331.79663431977820665 -2623.19784318888 579134 62.4568080783416
423500 202032 192.30315882945143358 -1075672.4578258839902 -419.50480804939172685 -2633.7092010299 579605 62.4437589436633
424000 202282 192.13768629265055665 -1075451.0825570875313 -226.86879042166140152 -2600.77959153797 579274 62.4291440055815
424500 202532 192.8862709692320152 -1075482.2632405094337 -202.65500603074727337 -2638.17596878377 580075 62.415186373136
425000 202782 193.84888094318861818 -1075309.9993245226797 -268.52441703755283697 -2644.3214237473 580098 62.402927521342
425500 203032 193.46102198102101966 -1075237.3593748128042 -425.70075413006179588 -2621.38516268259 579728 62.3901823373113
426000 203282 193.19112303086993165 -1075271.662723117508 -293.26711848254331017 -2631.554504298 580071 62.3733713545809
426500 203532 193.58203682338887575 -1075079.0794737825636 -201.59840795515418677 -2627.64605702449 579561 62.3609935470822
427000 203782 193.2995443362486867 -1074656.3218549641315 -420.88240588084011051 -2667.08365447308 579645 62.3517656131482
427500 204032 193.80160181885409543 -1074675.0888055411633 -352.94316213157162565 -2629.99863841668 580247 62.3393350746917
428000 204282 195.36020717794099255 -1074876.0811960767023 -231.94896244261590823 -2631.86654637652 580278 62.3317293960471
428500 204532 195.13588471401993729 -1074392.0669887843542 -395.85209606493583578 -2649.15041530202 580055 62.3270296809768
429000 204782 195.2843461316031437 -1074487.6284721277189 -134.87337312514807763 -2617.64573432179 580447 62.3273771391536
429500 205032 195.08709190371538966 -1074534.2961328369565 -377.64256657586025767 -2658.6071329443 580786 62.3176730635782
430000 205282 195.83597362217352611 -1074667.3384971283376 -238.59568561441551537 -2632.94235055951 580578 62.313336837801
430500 205532 195.75502853275753523 -1074363.0800402297173 -316.30484467844405572 -2673.8374885167 580332 62.3124889201818
431000 205782 196.62530969320189911 -1074292.6768943632487 -251.83770373042139568 -2686.04410541645 580298 62.3114620592351
431500 206032 196.13540410685291704 -1074078.6644750880077 -144.59751768790687265 -2646.23551491514 580681 62.3113450906786
432000 206282 196.23157640871653484 -1074089.0944683344569 -186.31723206233900214 -2628.11616392703 580861 62.3113462063186
432500 206532 196.96787175226208433 -1073992.5573205454275 -324.00214807778212389 -2642.51227515572 580780 62.30945916143
433000 206782 197.77542182790122638 -1073880.3490502017085 -172.35202383364978118 -2638.37190731078 580406 62.3055802781578
433500 207032 197.01553867194994041 -1073663.6826846871991 -204.11115037291065732 -2624.19184558906 580940 62.3003980339738
434000 207282 197.07075702505184722 -1073746.6583347024862 -345.56497704462094589 -2664.8265460874 580830 62.2939598460551
434500 207532 197.1952189433939111 -1073737.0711678811349 20.702562855843382295 -2637.05544361603 580819 62.2907744198142
435000 207782 197.69971866993284948 -1073374.2828347221948 -170.66721496496924715 -2627.06523979716 580379 62.2867353393678
435500 208032 198.4291550752044202 -1073306.731754663866 -271.76287569559832491 -2680.69305039915 580757 62.2818776011341
436000 208282 198.75409343744053103 -1073152.4232920468785 -157.6201906960576764 -2631.70888299099 580322 62.2727709766788
436500 208532 198.9417541284699098 -1072961.7797579704784 -240.24257299865539039 -2668.16921828988 580233 62.266559322133
437000 208782 199.50830577867660054 -1072653.1361667206511 -235.09531166125572099 -2631.84734770888 581451 62.2595146617237
437500 209032 199.69397381675864267 -1072664.6278592536692 -134.17805473816062545 -2647.24325820391 580603 62.2607589266603
438000 209282 199.38876216846597345 -1072714.0123940790072 -280.29736237298521928 -2583.47573055615 580345 62.2597937008353
438500 209532 199.64916526663677132 -1072715.7304044018965 -304.72745056383718065 -2643.92584652887 580409 62.2671126709928
439000 209782 200.72091441373950715 -1072528.6662032932509 -253.03826068271419558 -2649.57676112174 579517 62.2793702174921
439500 210032 201.1585891453739805 -1072561.9349587748293 -317.20943902110735735 -2668.68202375767 580582 62.2844805593494
440000 210282 201.32675850495635927 -1072377.7270413509104 -183.38607345732376075 -2674.92192804291 579842 62.2984303032575
440500 210532 201.57172715224189119 -1072087.2825500927866 -56.441125500597898679 -2682.68627857985 580356 62.3111463412509
441000 210782 201.646713087092877 -1072035.7827992991079 -185.91342558353554182 -2694.28769410174 580026 62.324673220035
441500 211032 201.18739482653572281 -1072057.1328685067128 -426.06855630264766432 -2629.01469564704 579410 62.3347509863579
442000 211282 201.12882927553613399 -1072157.2468875693157 -469.14934308589903367 -2656.09964124867 580030 62.3505379005352
442500 211532 202.08105455732348332 -1071937.9535476730671 -188.61691303270453091 -2641.77517629767 579957 62.3680191577154
443000 211782 202.36967245641423574 -1071657.7008332263213 -222.2678148530268345 -2660.47835809155 579890 62.3851524618371
443500 212032 202.84853709875631012 -1071482.4553701754194 -226.163943205006575 -2619.80630051059 579460 62.4019599781458
444000 212282 203.8777685581829644 -1071602.1608359010424 -270.15158372524905417 -2650.51844237628 580539 62.4128429318335
444500 212532 203.27248886787168658 -1071351.2329085431993 -122.92216891594559058 -2644.82851315614 580269 62.4205887819614
445000 212782 204.05904219756607176 -1071137.7322582015768 -151.68700457008168314 -2684.89659641797 579601 62.4290983174308
445500 213032 204.66601317427367235 -1071139.279248440871 -111.47655553208724655 -2686.34592706554 579330 62.4394894951236
446000 213282 204.26401918824828385 -1070896.3370913499966 -253.19493214650319146 -2649.32977842449 579641 62.4475165404326
446500 213532 204.35679835261518633 -1070504.3832006521989 -268.57344812428868863 -2665.31707638387 580171 62.4545466607657
447000 213782 205.466239505434487 -1070696.9238285038155 -372.20779866963448512 -2680.97891690126 579838 62.456892210813
447500 214032 205.09188196099313473 -1070799.449668499874 -169.11361402217124805 -2632.13899043767 578815 62.4572910233603
448000 214282 204.68814924078287731 -1071040.9204736754764 -414.12940951344342011 -2665.73584375855 579236 62.4544256762415
448500 214532 205.36731414422573039 -1070754.6516068647616 -171.12336712037145503 -2633.41850645436 579603 62.460696111765
449000 214782 205.68336373047651477 -1070501.4217643409502 -98.86638294266487037 -2662.55805484623 579509 62.4675409459644
449500 215032 206.15706260427671737 -1070225.2592528183013 -271.61344001726894248 -2678.28981827216 578589 62.4829183457683
450000 215282 206.18742857422816428 -1069921.6278622592799 -408.33462557358609502 -2659.92315427579 580122 62.4935353117355
450500 215532 206.24425108902727288 -1069705.0603461249266 -439.30867790526673389 -2636.07565532541 578705 62.504051410097
451000 215782 207.10858701270728943 -1069632.9547121080104 -263.08787568968585902 -2681.87982048068 578918 62.5175742121375
451500 216032 208.06845996814681143 -1069721.1385824454483 -363.51058447488645697 -2671.25560158912 579021 62.5302886854205
452000 216282 208.07479393752217334 -1069300.1995764984749 -433.8897595857429792 -2676.50246763601 579060 62.5496315454389
452500 216532 208.91961596157142367 -1069298.7775242496282 -234.13824427622898838 -2616.91715439178 579127 62.5656757171656
453000 216782 208.66254725080875687 -1069465.7822332850192 -333.11541837406258537 -2631.23337518572 579658 62.5862068986071
453500 217032 207.57129035079174173 -1069334.3713307646103 -153.92206965967716314 -2640.0797304632 578386 62.6028362499547
454000 217282 208.463773132604274 -1069192.7724962097127 -349.93786517805335734 -2597.24477943362 579135 62.6182988443205
454500 217532 209.20703896712052483 -1069175.2327519876417 -447.80232969578457869 -2625.66732762065 578195 62.6277530953937
455000 217782 209.44419371689394893 -1069063.3758505426813 -370.83811805584338117 -2585.81176530865 578295 62.6393939242411
455500 218032 209.65389483140720017 -1068750.8682771641761 -342.89327774694640993 -2575.27806068237 578799 62.6486521560076
456000 218282 210.20568235732886819 -1068736.885059225373 -314.7061571521593919 -2644.18992480934 578436 62.6591383099247
456500 218532 210.14865934812743831 -1068724.536909183953 -477.61348515972991891 -2603.21689476023 577949 62.670180543025
457000 218782 209.50785109031210141 -1068443.7935557423625 -419.23743020891748756 -2628.71137361654 578066 62.6800672622278
457500 219032 210.56619165991909881 -1068407.3123496256303 -315.29405333052159222 -2629.75724153205 578033 62.6924865458718
458000 219282 210.76577224394202403 -1068358.6452832608484 -201.30290839901684308 -2636.73213649493 578048 62.7009894921658
458500 219532 211.60543280465250859 -1068374.9349141027778 -564.75628442406264185 -2666.82226999839 578133 62.7065714772995
459000 219782 212.05348701613797857 -1068148.3657907831948 -587.77928964540899415 -2588.97329091406 577748 62.7100918248559
459500 220032 210.82547332615897062 -1067671.2328454386443 -307.24892059069401284 -2605.38839090848 578658 62.7155919127921
460000 220282 212.72842799603964181 -1068132.5792307341471 -372.43644763149535493 -2644.65164533237 578044 62.7240597806196
460500 220532 213.21926837187004367 -1067698.1191564484034 -175.74628018277186925 -2586.77420302387 577491 62.7298879704078
461000 220782 213.79212407912712024 -1067708.1096954217646 -331.30309800440716117 -2644.86395817735 578075 62.7325127595908
461500 221032 212.4331820863764051 -1067620.9441968700849 -178.2212111906896439 -2601.91462710275 577980 62.7285537826749
462000 221282 212.32559679621289206 -1067437.1714330888353 -406.83899545115838237 -2630.48077892227 578524 62.7267857134162
462500 221532 213.37693524113242916 -1067330.3126516907942 -403.19324914293741813 -2643.94509086859 578429 62.7248248102277
463000 221782 213.81937152124427826 -1067296.4278362889308 -597.81519216488288748 -2609.73307112618 578113 62.7256817396858
463500 222032 214.34486703866824087 -1067155.3521663248539 -390.11537982388023238 -2600.24754669899 577967 62.726213247737
464000 222282 214.55197758518124829 -1066894.4882454960607 -155.9335068168753935 -2593.03641029407 578450 62.7256034245919
464500 222532 214.14436983434069361 -1066735.2816436991561 -272.05303577206314003 -2624.09247765081 577926 62.7240064233963
465000 222782 214.99841766486144934 -1066946.6224273296539 -384.17627962425706301 -2662.44307633577 578151 62.7218183863853
465500 223032 215.37650130524303904 -1066777.0367462877184 -474.20711133656431002 -2626.31861070731 578257 62.7243508179773
466000 223282 215.80296822412861957 -1066630.7419403428212 -348.27226098427098577 -2632.28576962647 577635 62.7333738956635
466500 223532 215.76130337157442796 -1066422.776005332591 -382.56017313718712103 -2638.97497069038 577290 62.7373804858072
467000 223782 215.93428920066114074 -1066188.7769463816658 -242.07686219919727932 -2626.17426311512 576865 62.7500630170909
467500 224032 217.14049662214998193 -1066208.3529437405523 -329.55051771407391925 -2604.77158471255 577576 62.7563421696983
468000 224282 216.91504335227580214 -1066347.7290024438407 -257.97990547012119578 -2610.26103434205 577999 62.7571834899339
468500 224532 215.72630026590113062 -1066399.0969141863752 -197.08561564076364903 -2658.56295616479 577381 62.7550065797469
469000 224782 216.65539936749215144 -1066260.8295980321709 -333.24829202696031416 -2619.80325606518 576988 62.7542618667688
469500 225032 216.74332025251686673 -1065891.874905529432 -504.70421128926267329 -2616.20828946262 578225 62.7500865591707
470000 225282 217.58024046812053598 -1065752.4327335788403 -47.097595663858328408 -2639.81503439754 578093 62.7531962929153
470500 225532 217.94935903335360194 -1065670.8223062916659 -211.00493487978977214 -2636.71136515738 577850 62.7456218078391
471000 225782 219.0951407827649291 -1065781.2289998498745 -611.47209624087827251 -2685.0001415253 578012 62.7451633085969
471500 226032 218.5570578921733329 -1065149.8529896386899 -180.92588853963084716 -2668.15437528648 577352 62.7450810033857
472000 226282 220.19482197904844156 -1065566.5717191244476 -363.78698529344444523 -2646.13886720636 576666 62.7442809692947
472500 226532 218.16911032926276448 -1065140.8986563719809 -253.72359215911583874 -2646.43268407277 576867 62.7478531208502
473000 226782 218.35945979008013751 -1065121.6808694745414 -187.65524273379850229 -2690.47585351633 577884 62.7492394345488
473500 227032 219.69715794270072706 -1065084.207532514818 -503.84854363184541626 -2635.05060051125 577023 62.7504926298726
474000 227282 219.81934262823551762 -1064856.5038999831304 -144.56861342777793311 -2642.60073348266 577751 62.7550275776751
474500 227532 220.06658835392167362 -1064770.3220474165864 -164.2973114376580952 -2666.86541197228 577727 62.7660424114496
475000 227782 221.84230640820032932 -1064937.1773209627718 -181.18439652392765993 -2634.79591652876 576631 62.7702541914843
475500 228032 220.42171108785260003 -1064365.2583759871777 -542.04770717196299756 -2674.3332990152 577468 62.7728569351388
476000 228282 220.54956463539917877 -1064558.7433574837632 -459.1466793596165985 -2677.91677299836 577365 62.7819261912487
476500 228532 220.54638330433220972 -1064654.3516100517008 -407.57017931656992005 -2688.07396118164 576880 62.7922483222181
477000 228782 220.2328208860009795 -1064080.4743866601493 -212.64305428863028169 -2638.33582806055 576943 62.8080111752052
477500 229032 220.88461988893567423 -1063978.4658462195657 -227.42494041765795032 -2626.57266498942 577482 62.8188215191811
478000 229282 221.73195169394767845 -1063928.4209228991531 -447.57544773036170227 -2638.65640480553 577023 62.8294962702772
478500 229532 221.62526061480789963 -1063688.171090555843 -345.85565583025692149 -2648.77735970987 577627 62.8358002395213
479000 229782 223.48330229067695996 -1063708.5693882247433 -272.68529957457161572 -2615.89863548681 576628 62.8381418862882
479500 230032 223.78368888993898622 -1063648.6470732686576 -320.58553281469664853 -2626.01901867476 577194 62.8422815472699
480000 230282 223.26067763414297929 -1063748.822393006878 -306.6657273675491524 -2648.77228861633 577101 62.8513018717451
480500 230532 222.89418204329362538 -1063720.3878931850195 -214.68212585648080903 -2655.21894499828 577090 62.8572171943905
481000 230782 223.12514028577882641 -1063159.2679476386402 -304.1689751721430639 -2639.88845296207 577176 62.8659445372102
481500 231032 223.79448187023845662 -1063183.4342904349323 -301.91263450195219775 -2630.79839952254 577812 62.8668523373318
482000 231282 223.81248407516523002 -1063283.481910858769 -149.96598670251739804 -2641.74341187871 576794 62.8629212486379
482500 231532 223.95531841980778154 -1063184.0388238457963 -277.41797244809504264 -2654.36424880341 577410 62.8613412149082
483000 231782 224.37637615950851 -1062786.1472725328058 -454.10432967712137042 -2663.19207220132 577411 62.8585945362422
483500 232032 224.87321603271763593 -1062772.0006474412512 -331.48250835601777453 -2643.72979642544 576887 62.8568272780021
484000 232282 224.92214056168214142 -1062657.3702894514427 -473.11157012736606475 -2653.05822833969 577794 62.862197116916
484500 232532 225.33897875941511302 -1062347.8184450308327 -93.259928082207338207 -2628.01678192564 576294 62.8696871092409
485000 232782 226.69864750819732535 -1062490.7602020842023 -191.68529127930645473 -2666.53264156574 577099 62.8760217104493
485500 233032 226.18059010328903469 -1062445.4277632967569 -342.96212442352771177 -2661.9738588863 576822 62.8800867087552
486000 233282 226.91189339928322966 -1062582.023562471848 -215.83042165376690491 -2644.92519881374 577406 62.8816727375701
486500 233532 227.60195578076428546 -1062335.7873004176654 -397.43107367521326978 -2673.7301356909 577259 62.8855565950892
487000 233782 226.78657432631570146 -1061935.1309759581927 -281.32892909987458552 -2672.3351677506 576601 62.8877861209209
487500 234032 226.97144598175654551 -1061830.2324747913517 -282.49721756721083921 -2666.10048891054 577292 62.8973599450849
488000 234282 228.7545453743717303 -1061864.4573385834228 -79.738558374418772701 -2684.47184992516 576738 62.9060030746334
488500 234532 227.79790133351724535 -1061488.2294034655206 -306.25262013160499919 -2666.99625240841 577276 62.91288172105
489000 234782 227.85611872554233059 -1061521.0390232610516 -62.291306001148790017 -2703.2494303666 577367 62.9225096442943
489500 235032 228.76880794674164576 -1061595.1083322123159 -237.45935202295888189 -2639.64402124936 577148 62.9352420377327
490000 235282 229.43272820978549476 -1061562.8447772185318 -187.03314099694014772 -2608.61548411907 576737 62.9498570516787
490500 235532 229.81698895706938401 -1061507.588958471315 -437.41622536449926884 -2681.16802432303 576839 62.9605359305837
491000 235782 229.26327049423449012 -1061184.1370686092414 -421.12993071065898221 -2674.38651790965 576727 62.970803587941
491500 236032 229.67543885322155006 -1061014.3277967737522 -365.09407214666759955 -2703.45031684326 576456 62.9767276633996
492000 236282 230.1336091273156228 -1060825.2904015297536 -347.4353498369027875 -2664.84807764055 577006 62.9849634672989
492500 236532 230.18215294155683637 -1060973.1147178218234 -136.54593005656784044 -2626.87279592787 576262 62.9993204109667
493000 236782 228.95925699027498013 -1061008.2538456013426 -82.517514300834676533 -2663.39639842478 577438 63.0020228640866
493500 237032 229.76215710613462306 -1060712.9791661652271 -419.91117065745066839 -2692.51049996301 576461 63.0083387118807
494000 237282 229.8508848111447378 -1060460.5755385931116 -189.2153601676180017 -2654.86654565815 577619 63.0115214446139
494500 237532 231.40121217147896004 -1060453.0307491547428 -134.44188650296405285 -2636.15148794985 576492 63.0172211510918
495000 237782 231.49859035405057739 -1060283.3625321146101 -274.33722170488618985 -2641.52809092142 576174 63.0238797918125
495500 238032 231.14187222039504377 -1059892.1708458366338 -147.1928055570315621 -2590.06647892877 576822 63.0289232623852
496000 238282 232.82952536143753264 -1059977.7485964100342 -335.49311943412550363 -2718.01238180199 576226 63.0282340390858
496500 238532 232.12436226277856122 -1059895.9022468756884 -62.789206726435409678 -2715.05731393871 576658 63.0340148332567
497000 238782 232.69163179693725851 -1060140.7471868093126 -206.54062105513378356 -2683.90123015158 576225 63.0358397086814
497500 239032 232.49152256251110771 -1060080.1576475165784 -434.41941675253684707 -2679.35727507706 576583 63.0395183064064
498000 239282 233.7009252762564131 -1059780.0760122309439 -330.60145383911492445 -2640.12075113606 577161 63.0432635674526
498500 239532 233.90289547076326926 -1059580.4967425998766 -377.99716674325827626 -2687.23128290355 577012 63.0460280452939
499000 239782 233.78633636534760853 -1059467.4355353822466 -502.97007585203147073 -2655.83305273159 575924 63.0464071615089
499500 240032 233.51144096200602007 -1059558.217900732765 -78.209875924322190599 -2691.4702243105 576268 63.0447277004226
500000 240282 232.83541122930029132 -1059524.441789338598 -447.52179224594726747 -2697.34652774147 577096 63.0458156344079
500500 240532 233.30594586981894167 -1059055.1482828718144 -340.00365344554711555 -2673.33596391492 576476 63.0467571638761
501000 240782 233.91012389148724537 -1058871.4656027511228 -291.95813463048352787 -2687.98044115961 576146 63.0467992177673
501500 241032 234.83346028839707742 -1058712.6580151056405 -186.05628204277729765 -2618.51402821462 577008 63.0402325023796
502000 241282 234.90616761619162389 -1058564.5078757030424 -291.46638634403876722 -2686.92866170068 576970 63.0392732550892
502500 241532 235.38364063664670311 -1058506.9709462928586 -273.930424376843348 -2694.93272474086 576993 63.0354874480401
503000 241782 237.28774726424850883 -1058557.2347777714022 -150.17389712180715833 -2716.51036288498 577082 63.0393972978233
503500 242032 236.24154969000676374 -1058336.7016544607468 -355.53639224935801622 -2719.61938087943 576029 63.0358275830284
504000 242282 235.12390721534927707 -1058326.5462896805257 -219.69742051878824896 -2668.71341909158 576508 63.0356903987848
504500 242532 236.48978446030997702 -1058507.2164903595112 -279.25672592870472499 -2642.5093129969 576509 63.0435832118822
505000 242782 237.19010167981335258 -1058523.0730510337744 -319.02763859526339729 -2664.91296562873 576526 63.0533399355372
505500 243032 236.15446790468698168 -1057949.4924154130276 -208.41529455927417303 -2691.97490917929 576853 63.0601701427583
506000 243282 237.43193366256949162 -1057858.1943985889666 -201.86099520541503693 -2686.61469301879 576251 63.0713296059972
506500 243532 237.45776599876006685 -1057642.8953193316702 -275.98750207830465797 -2649.3343379219 575765 63.0829296901238
507000 243782 238.41440195456152651 -1057755.2655836683698 -481.37849112034086829 -2633.47878542006 576334 63.0949114490825
507500 244032 238.60677438708643194 -1057232.5779404635541 -577.49296492068549469 -2618.72948769894 576338 63.1010774610895
508000 244282 239.06282066939732545 -1057367.561965403147 -157.99709940130574637 -2628.77762634478 575304 63.1087240407689
508500 244532 238.13342999621372087 -1057363.8099888807628 -102.27570245597398468 -2664.14018776887 576131 63.1171931223197
509000 244782 238.83356003529715395 -1057667.1092015141621 -207.47038548777445044 -2664.8888507219 575489 63.1169125728758
509500 245032 240.08465583613161698 -1057361.9032723137643 -371.73560833756835109 -2649.34926557209 575211 63.1203672008076
510000 245282 239.83360798702392458 -1057014.5809731655754 -506.32201402710882121 -2697.20906916045 574941 63.1212143490561
510500 245532 240.44772951070817157 -1057083.2085156366229 -407.1874438428637859 -2646.6714357424 576706 63.1273062651508
511000 245782 240.80924608458460057 -1057006.6141620753333 -307.95463385652720945 -2653.37026118145 577118 63.1278103930599
511500 246032 241.14369935300143766 -1056723.8044144529849 -248.02422454854561806 -2627.29071369597 576169 63.127604565616
512000 246282 241.12861132646821716 -1056444.8172430831473 -194.79031775485904632 -2661.85854215351 576406 63.1305195455554
512500 246532 240.88572332111766627 -1056457.5306512163952 -297.87228583407966198 -2665.65910778699 575944 63.1275168091603
513000 246782 240.0687191677436374 -1056511.4206872724462 -315.75498171342923115 -2677.46402080514 575881 63.1289737086259
513500 247032 241.53738162343526596 -1056684.6634493600577 -255.70573714835265378 -2692.49851234928 576011 63.1261943356829
514000 247282 241.74428262571953496 -1056278.3615249067079 -220.79838305817418131 -2638.82330916194 576213 63.1222235623913
514500 247532 242.28839481254053112 -1056135.193148776656 -301.79096948061840067 -2678.81833095437 576078 63.1219408047138
515000 247782 242.55409126372413198 -1055996.6120731953997 -292.05024740799819938 -2620.74002228186 575999 63.12870385274
515500 248032 243.18758834622599352 -1055727.5069124025758 -323.82954203341950006 -2635.20470927781 575257 63.1295226636376
516000 248282 243.87292755686357282 -1055679.2669548958074 -10.144652763250054051 -2668.42307237214 575452 63.1293177931073
516500 248532 243.51802859555627379 -1055702.1535922437906 -292.77583730644585103 -2679.70770440304 575079 63.1285370099404
517000 248782 243.4968721162266263 -1055763.9364436778706 -144.9168961949778236 -2693.33940631886 575816 63.1377335990991
517500 249032 243.20979490420066327 -1055563.5935464825016 -230.25927458056469277 -2707.45318795833 575785 63.1486656344338
518000 249282 244.01055954338963261 -1055297.8181908398401 -256.77867682454535725 -2690.86504283524 575521 63.1587706425797
518500 249532 244.5313953085632761 -1055266.1916937085334 -299.38799274761242941 -2650.11576510254 575223 63.1775099710881
519000 249782 245.06982191032969354 -1055151.1890133409761 -313.91947153781791258 -2647.1979941213 576008 63.1912212552244
519500 250032 245.80259348450175594 -1054911.184932856122 -170.30064117356002384 -2618.77209542796 576438 63.2033548620609
520000 250282 245.55534907746348949 -1054768.8333096171264 -230.47565616157149293 -2609.51319421631 575308 63.2113485596267
520500 250532 244.79392631098755828 -1055055.6048631565645 -299.80660235817867942 -2629.85682753797 575782 63.2250547096927
521000 250782 244.18203834036103217 -1054933.7949664283078 -55.129781102838336437 -2637.79744395849 575777 63.2342137891769
521500 251032 246.45452036331175805 -1055018.3730937493965 -217.25638055694741979 -2647.76304002136 575417 63.2406015285381
522000 251282 246.15348434217551699 -1054491.8849364789203 -303.52908925233788295 -2653.15678668161 575609 63.2522528374731
522500 251532 247.26167651967747929 -1054431.66786188283 -145.93188060662063776 -2607.47392871029 575187 63.2623796482092
523000 251782 247.35733337485314109 -1054306.912415248109 -265.89623699418757496 -2637.68530466668 575163 63.2675007192728
523500 252032 246.93259090176150039 -1054102.8001266033389 -359.87905660676847219 -2623.76115270729 576073 63.2715722141261
524000 252282 248.10503287683522444 -1054106.4120095917024 -302.75928765137877008 -2675.87294761781 574694 63.2765775461462
524500 252532 248.2788290236884734 -1053867.0014786145184 -289.9563812187124654 -2643.5131768672 575328 63.2866735214989
525000 252782 247.91951518023384438 -1053756.5869886481669 -141.68608253426435795 -2661.01921587117 575305 63.2929612816015
525500 253032 249.09840598361788011 -1054018.6636364806909 -259.04765633638027111 -2622.43140471612 575254 63.2961144471584
526000 253282 249.82555193386863834 -1053741.1104505802505 -201.25417946677390546 -2670.22838905951 575341 63.3032372543974
526500 253532 249.38902756388083048 -1053484.4085068977438 -214.06006403992921605 -2642.62375926645 574722 63.3075487425222
527000 253782 248.96690769122335496 -1053510.5807603045832 -103.18891737144731735 -2628.04374275756 574230 63.308602932848
527500 254032 248.39509692341084701 -1053620.9425309181679 -342.91352202173965225 -2648.34700849907 575232 63.3063894724651
528000 254282 249.38200955432046158 -1053304.9323353630025 -286.86807796240680091 -2686.03634230662 575939 63.3121071382295
528500 254532 249.73133137757724853 -1053036.5953843896277 -299.03589981702782552 -2638.5832466962 574990 63.3172895444196
529000 254782 250.51041182974884691 -1053027.0771862592082 -120.90361687830387893 -2647.14057789106 575310 63.3140250696362
529500 255032 250.45853105932380345 -1052819.7380579905584 -397.24400841688822084 -2669.82544702588 575208 63.3206200703315
530000 255282 251.09879128552466909 -1052472.1407175811473 -233.13617902436027407 -2677.12105915635 575037 63.3242406079107
530500 255532 251.64358779115980269 -1052608.9792470661923 -334.88917664403669505 -2661.74310638407 575476 63.3335720043093
531000 255782 251.91306345907923969 -1053047.9016750818118 77.168328938179868715 -2614.5653996882 574450 63.3419509431691
531500 256032 250.41136594581459462 -1052663.1533330827951 -183.72492494077147285 -2695.94121238642 574022 63.3552094638198
532000 256282 251.25940289346942791 -1052109.2584290560335 -256.15155786617378908 -2643.25337892087 574492 63.3670093927355
532500 256532 253.08470169844179054 -1052448.508531895699 -318.01270595190544554 -2696.67554442983 574211 63.3764595419333
533000 256782 252.85741061471605917 -1052357.7863430168945 -128.60355612740357856 -2676.89110184975 574268 63.3859128138949
533500 257032 253.28179803811170245 -1052332.8718003327958 -94.970242163881465558 -2641.04850155268 575438 63.4050417704743
534000 257282 252.93657330921837456 -1051843.016233592527 -148.58471985899859646 -2612.40690731947 574612 63.4172457820074
534500 257532 254.26469083629669399 -1051827.3705644630827 -70.193916486860629789 -2660.43312362773 574300 63.4332793700462
535000 257782 253.86210724088218171 -1051896.5474676559679 -242.67533138133231319 -2657.42627658046 574648 63.4425000703308
535500 258032 252.96851382982211476 -1051602.4106965786777 -234.58194376497203848 -2670.35726438422 574849 63.4473978338275
536000 258282 253.84203331335257303 -1051585.4295524964109 -248.06499767136344303 -2699.02034104322 574303 63.4554513636522
536500 258532 254.43842212765230215 -1051499.1470670602284 -539.29466869063764989 -2646.80157061097 573494 63.4692865813154
537000 258782 254.75140024855136289 -1051242.3010420305654 -69.847143596806716914 -2672.92423299385 574754 63.483173453353
537500 259032 255.01127953252427005 -1051118.320414281683 -348.93647175212947786 -2620.05984275666 574138 63.4959355029499
538000 259282 255.23730034035531844 -1051117.7654189502355 -84.482179579873246666 -2665.81816744286 573475 63.5082196546819
538500 259532 255.87997969192954884 -1050879.1428359802812 48.913413139258175022 -2661.43274987067 574042 63.5220826524638
539000 259782 256.23034763221579624 -1050715.0022711991332 -86.418628359607453149 -2704.27260425115 573944 63.5358897578786
539500 260032 255.37937451012820134 -1050527.0765657764859 -432.71584560991226454 -2614.22600230791 574577 63.540950837154
540000 260282 255.13743702367443689 -1050712.6207759131212 11.230752442455301576 -2643.27768185922 574986 63.5443696799676
540500 260532 256.0732339617458706 -1050711.3408413645811 -350.03111847999639394 -2647.41366880934 573908 63.5526038805457
541000 260782 256.49707368577622901 -1050279.232210871065 -193.7710107214861921 -2647.35323678217 574324 63.5581980871202
541500 261032 257.04886889966331864 -1050190.7558689818252 -332.5818962898192126 -2685.23909550739 574808 63.5628892885011
542000 261282 257.91551122128282714 -1050441.7253885786049 -171.02118093489480088 -2673.4010504486 574890 63.5604084136876
542500 261532 257.78866280054933213 -1050577.6993954300415 -119.83770785519227786 -2617.89101513321 575491 63.5607108748525
543000 261782 257.41173995819337961 -1050319.0068128397688 -341.05650902398485869 -2682.99914331175 575010 63.5558777461145
543500 262032 258.35942345897393579 -1049990.1151117600966 -257.6548511527695382 -2642.04936685922 574815 63.554442341027
544000 262282 257.83570247226487027 -1049575.6907730498351 -182.51665235241787855 -2717.97532556511 574989 63.5522479649308
544500 262532 258.61283585406658858 -1049612.8792044697329 -326.37212530402223365 -2706.23357294777 574409 63.5481230813888
545000 262782 258.71768060153385704 -1049107.340855397284 -441.41025129443062269 -2697.25649104398 574958 63.5486258903222
545500 263032 260.23221809306909336 -1049320.3933806291316 -25.322392976567027034 -2701.08548451872 574617 63.545302508941
546000 263282 258.89423839387569615 -1048992.4121329139452 -626.88688704038963806 -2703.06662183029 575010 63.5433940433022
546500 263532 259.85049434418738201 -1049142.319632305298 -441.56547840932023519 -2679.27059434019 575208 63.5504902633896
547000 263782 260.46519322179000255 -1048798.7223125249147 -198.76932403512233805 -2639.26356989245 574770 63.5563931253103
547500 264032 260.50541045799047879 -1048501.431438781321 -359.42259096808794538 -2683.35337208746 574460 63.559492044173
548000 264282 260.59173840031627378 -1048888.9784053054173 -207.86523753037485562 -2680.6137205425 574768 63.5684762461282
548500 264532 260.70431380632822993 -1049096.6891280277632 -407.06828785468604792 -2650.38292335088 575119 63.5823373040335
549000 264782 261.84245728537950981 -1048876.9317669775337 -282.16869641078170616 -2650.26058408858 574545 63.6037813152451
549500 265032 261.82286969664079379 -1048604.1656988363247 -227.11810665921817076 -2680.38925845055 574579 63.6212459695327
550000 265282 262.00211304449732097 -1048489.1076538714115 -221.09277630210416987 -2661.29456257577 573842 63.6370178285795
550500 265532 261.62157997155912881 -1047949.1936131108087 -175.41796168197944894 -2646.11572848007 574472 63.6580511425629
551000 265782 261.93490761581620063 -1047661.8680487760575 -171.13404136536871647 -2596.37919864099 575295 63.6849019818002
551500 266032 262.75897551556192866 -1048017.9598308454733 -238.53812655308669832 -2661.4340028699 574891 63.7013143048294
552000 266282 262.80254963428109249 -1048428.7457537110895 -226.51572598790909296 -2629.70828757462 574959 63.716188557723
552500 266532 262.76407680539676903 -1048004.1833451871062 -232.42321530699442178 -2645.98797401374 574371 63.7298563364782
553000 266782 262.98156292008343371 -1047623.5915979316924 -373.06989455135544631 -2642.48378511299 574386 63.7460160679826
553500 267032 263.88137217742036 -1047689.4812430979218 -160.76695346678820897 -2677.10949873501 574721 63.7507272070345
554000 267282 264.4788528872943516 -1047432.8745076437481 -328.57406949521794104 -2626.94831507679 573642 63.7557846497493
554500 267532 264.46424562537646352 -1047201.5479317872087 -370.43682573217995468 -2646.65445221399 574385 63.7601879944043
555000 267782 264.29177529915676814 -1047313.7046412262134 -70.98373738728324156 -2659.73547153158 574801 63.7649859979846
555500 268032 264.41043214516059834 -1047637.8797004371881 -274.0732413770008975 -2663.35592180037 573948 63.7695677431911
556000 268282 264.7886165548609938 -1047202.0623546232237 -332.21849794670777101 -2672.52088658022 575187 63.7729815530877
556500 268532 265.82270329484435933 -1047091.9675527095096 -407.70990213638674504 -2697.64487474776 573790 63.7749982331984
557000 268782 266.24031164453998599 -1046957.5249334066175 -311.49673988114363965 -2624.95908105816 573899 63.7787912650609
557500 269032 266.05813517945205149 -1046535.5401650760323 -356.90711740708661637 -2628.45114102507 574102 63.7832429770731
558000 269282 267.18543238413201379 -1046312.1362362909131 -310.19599173321950047 -2645.71783095471 574480 63.7843991189438
558500 269532 267.03882918483691356 -1046124.3760028397664 -272.41393865515442485 -2702.27028384272 573800 63.7852886160974
559000 269782 265.20989477192387085 -1046291.5958541978616 -343.68871472154836511 -2659.10931312848 573866 63.7761548243443
559500 270032 265.37765334364240744 -1046190.7560059610987 -235.37944936160408815 -2649.05080190925 573663 63.7766517521941
560000 270282 267.33964893904129667 -1046167.2179742268054 -63.922529345077109042 -2657.18841918768 573827 63.7721368308181
560500 270532 266.97048214623504236 -1045748.7590485748369 -331.49312522042731644 -2705.3595001245 573713 63.7651713264974
561000 270782 268.0255797369143238 -1045792.9373601209372 -408.82553455885778249 -2707.45117422151 573848 63.7591865751022
561500 271032 268.57775667938392417 -1045407.2470925645903 -236.4527182628617652 -2627.62927265945 573474 63.7651844732655
562000 271282 268.85474047820679289 -1045294.61239737703 -405.346859581689273 -2672.19102333988 574213 63.7779486796372
562500 271532 269.03281470720594371 -1045515.0227685066639 -256.2390072188072736 -2711.13453346881 575472 63.7810025335567
563000 271782 268.33647125164435465 -1045330.0918714122381 -339.41437889350794421 -2670.28014699333 573780 63.7836669991152
563500 272032 269.05369506127038903 -1044988.7715636412613 -351.17496753706546997 -2642.96858103877 574445 63.7823362724928
564000 272282 269.57529922371526254 -1044839.5797114929883 -189.44799902815148585 -2705.91628902687 574098 63.7830645773577
564500 272532 269.65817188706108709 -1044889.5951008728007 -279.49559208758063278 -2677.05363669574 574011 63.7847390562689
565000 272782 271.00243758637839164 -1045260.4849876391236 -286.58009809956132585 -2687.16569034406 574608 63.7783877451524
565500 273032 271.36409154088170226 -1045154.54502335703 -73.220110539600824495 -2678.3717772162 574172 63.7763069592102
566000 273282 270.18750307053278448 -1044449.9897220041603 -106.43335335250606022 -2662.54660063841 574882 63.7749137735921
566500 273532 273.01753075321374808 -1044915.7627371613635 -366.79022764780125954 -2703.75105845184 573828 63.7728522040064
567000 273782 270.94389548394946132 -1044432.6137468121015 -211.28964098924171822 -2706.76621077196 574030 63.7696549951182
567500 274032 269.23622695403474836 -1044541.135622889502 22.929815705913210166 -2672.9146828055 574161 63.7710297683585
568000 274282 270.74391873724204061 -1044665.8867640080862 -321.04261532659950262 -2675.59388190031 574391 63.7685409531194
568500 274532 271.42988173394735441 -1044452.4449476184091 -156.4405842358042662 -2696.66929881826 574163 63.7728370955466
569000 274782 271.89539477630000874 -1044259.3408049506834 -266.22025376356918969 -2688.84487068323 574582 63.7741538881139
569500 275032 272.79694801066193577 -1044173.3743187130895 -223.9945914992210021 -2719.15430475753 573785 63.7857336309439
570000 275282 273.79211924014458646 -1044256.1083142821444 -279.16372255215713949 -2701.00889987856 574139 63.7845023892582
570500 275532 274.25156824273938128 -1043661.6601190577494 -254.56006070518168372 -2727.78232291494 574811 63.7805995448882
571000 275782 274.00348854202968596 -1043644.5973002401879 -136.57298691212773178 -2756.94190809634 574631 63.7760304628831
571500 276032 273.90797397027989746 -1044007.7898939888692 -172.33897685320309279 -2728.6734694162 574096 63.7781984146272
572000 276282 273.36606344400917123 -1043722.0320338972379 -3.7638120126597542914 -2704.19575396414 574695 63.7790864577348
572500 276532 273.16168211783156039 -1043344.4505103640258 -308.03051785782844263 -2698.76753259147 573810 63.7801872899483
573000 276782 274.6335789757351904 -1043608.3392217493383 -50.606701570884439434 -2701.89172408576 574417 63.7841160085106
573500 277032 275.08258718420751165 -1043486.4715797646204 -47.262922906120834909 -2720.86742913255 573758 63.7824586395967
574000 277282 275.48592581140428592 -1043128.9617081565084 -127.29749975991279598 -2740.96129151486 574083 63.7841768487044
574500 277532 275.65536542540144183 -1042790.9108221436618 -199.31092238217627255 -2743.36170984862 573640 63.7885542277588
575000 277782 276.25229304745568015 -1043111.2837699409574 -374.86778354757097986 -2689.23884217058 573982 63.7821293072967
575500 278032 275.89840977921289777 -1043114.7659199624322 -151.60530451586456024 -2734.43496938603 574351 63.7837460419082
576000 278282 275.54045523572614229 -1042691.2208869105671 -349.12761816883153188 -2689.51215058923 574119 63.7861448367173
576500 278532 277.45316012818818763 -1042692.5163783080643 -304.65128142783589738 -2758.34045872914 574146 63.7899587706715
577000 278782 276.96737335129012081 -1042590.9570601687301 -143.34672748461125025 -2765.56875844411 573680 63.7976545223662
577500 279032 277.13019339337893143 -1042892.5960131862666 76.066407788414238667 -2772.81757696294 574428 63.8052684467925
578000 279282 275.63589623176693522 -1042522.6778459509369 -358.71249450907856726 -2773.25145573629 574419 63.8136994933108
578500 279532 277.74247482579431789 -1042402.4541597838979 -339.15869579927652921 -2744.25728273672 573363 63.8202855452061
579000 279782 277.59324074972624885 -1042053.8706546165049 -251.78001770484758026 -2801.67878194051 574669 63.8217139775061
579500 280032 278.51378090501304996 -1041968.5171141506871 -93.780969959348098541 -2732.45639376998 573691 63.8190323057389
580000 280282 278.51395537365715427 -1041910.233494777116 -250.71241680052926881 -2743.62734604998 573794 63.8218079853777
580500 280532 278.83910647760853863 -1042091.8790580434725 -171.79310213887288228 -2779.71742316319 574294 63.8211717099867
581000 280782 277.72424032732828891 -1041573.434985147207 -285.68203216306073955 -2734.84407194004 574143 63.823036310508
581500 281032 278.53249309000273115 -1041235.580392312957 -121.25911384911705682 -2680.55225549577 573838 63.8202208112951
582000 281282 279.76375005491587444 -1041409.1854133311426 -325.1808366079770849 -2684.15004952438 574578 63.8176557337141
582500 281532 280.62437040001310606 -1041416.6124406668823 -130.73567721125047569 -2728.13651679087 574815 63.8188173449019
583000 281782 280.99135469722210701 -1040923.1434185559629 -124.21607925818064189 -2719.16047447204 574122 63.8226954057603
583500 282032 281.48914768468500824 -1041181.2620118625928 -262.94995948716672274 -2709.19049392554 573922 63.8252468312352
584000 282282 279.66917716441656694 -1041254.185546402703 -367.8463886962015863 -2720.84855700507 573580 63.8289126350243
584500 282532 279.77694188201593306 -1041081.4171894950559 -0.01757054531855578236 -2735.94466841774 573481 63.8417248952926
585000 282782 280.57063179393747987 -1040792.8900910053635 -5.3828478773679790947 -2650.16692146307 574541 63.8493179275923
585500 283032 281.40929668759923743 -1040660.94989290589 -202.31243237294773962 -2629.08618792622 574644 63.8653050635623
586000 283282 282.08327894564996541 -1040533.6176387581509 -227.25422960820645812 -2611.79756785873 574287 63.8744738330935
586500 283532 281.40033299316445436 -1040245.8648419547826 -290.13924458813107776 -2707.7264880822 573141 63.8771053993603
587000 283782 283.02228938089911026 -1040467.2192857008195 -396.57804439954691134 -2691.537467908 573633 63.8816889185787
587500 284032 283.01409360661727987 -1039881.5082700919593 -219.56192781444576667 -2660.51504058196 573748 63.8950757409915
588000 284282 283.1277426614773276 -1040088.7590876644244 -75.71371654669960094 -2653.2338292947 574158 63.9066175057987
588500 284532 282.6601779547460751 -1040398.9512462050188 -28.273790493267316748 -2699.38035426287 574072 63.9265516688009
589000 284782 282.60031638163690104 -1040186.2401825465495 -534.04824519948704165 -2704.12609052226 573264 63.9413529792776
589500 285032 283.41096995482024568 -1039767.5171477847034 -218.65450016486249751 -2675.96349993254 574474 63.961837619403
590000 285282 284.31645971916850613 -1039864.317346015363 -254.21730235950965948 -2636.33297659448 575052 63.9800710308692
590500 285532 284.90670198980649275 -1039855.8728054752573 -205.68045844808040101 -2644.36513974665 574950 63.9978633098332
591000 285782 284.52428039856863506 -1039310.4051977586932 -248.67964561475687901 -2622.91392872055 575247 64.0100024770853
591500 286032 285.31392252620906902 -1039137.3735637215432 -223.99224211530716389 -2659.44670306121 574683 64.0215050925939
592000 286282 285.89204583689274841 -1039117.7909380348865 -297.60316265514370571 -2635.2151261756 574708 64.035857901172
592500 286532 286.35349979263111209 -1038886.4121234912891 -423.20300327895114378 -2668.43736458559 573314 64.0563417875315
593000 286782 286.72004190535511725 -1038954.4632528072689 -177.07563383350938579 -2679.74135040818 573935 64.0700187030573
593500 287032 284.85893942773878962 -1038824.4672822793946 -77.35228842733029353 -2695.00858538445 573695 64.0866626801964
594000 287282 285.79113058938366976 -1038450.216364862863 -341.12485078089480339 -2660.1880764762 573663 64.0960594776369
594500 287532 286.0668837277000307 -1038848.4925697962753 -324.54559065002587204 -2723.24846079837 573659 64.1101625847421
595000 287782 286.72947387663333529 -1039082.8849301742157 -329.156553013286441 -2672.20933751062 573387 64.1224789505492
595500 288032 286.95787610322315686 -1038503.4287605992286 -259.46782015766962104 -2612.08903088709 573426 64.1371102805359
596000 288282 286.0967213134366034 -1038858.6724606447387 -285.49218550453781518 -2662.32756368097 573614 64.1523328993934
596500 288532 286.00259499721073553 -1038502.4178287843242 -227.76935366303717956 -2672.54051125824 573053 64.1711647924236
597000 288782 285.23782244418634946 -1038575.0963994669728 -257.5892930208673306 -2652.77205764217 573201 64.1793874041862
597500 289032 285.79140034421607197 -1038791.814541381551 -372.02341535863308764 -2668.35243075682 572115 64.1895235128755
598000 289282 287.06190850884115662 -1038550.1500532303471 -263.74937324140506689 -2704.2558369506 572743 64.1997836688569
598500 289532 285.36098392727052442 -1038973.5238756135805 -282.37703326170884566 -2660.34640991369 572710 64.207560663715
599000 289782 286.63357497295595522 -1038858.6583677916788 -303.9121900214776133 -2601.15738322199 572792 64.2084818420917
599500 290032 284.65129327929133751 -1038756.3795308058616 -313.2506155026748047 -2675.16789924319 572547 64.2189033631414
600000 290282 285.70421463943512208 -1038460.5931852050126 -40.784027596164314389 -2592.62518270046 572448 64.2288705491117
600500 290532 285.86067509301648215 -1038876.2467853793642 -295.80072636710269762 -2684.89777254727 572285 64.2353559424226
601000 290782 286.63001923920921854 -1038684.7864548884099 -403.01818877352076242 -2585.82379804118 572351 64.2398909548154
601500 291032 285.1126901006318235 -1038348.6338028477039 -122.4769053059462891 -2697.52103338217 572431 64.2476622987431
602000 291282 284.7385437820273637 -1038788.5756788976723 -185.00449657832157868 -2612.24189474835 573067 64.2540733537464
602500 291532 286.13233198154665615 -1038541.7430043040076 -414.54244423171894596 -2685.616073926 573242 64.2572135642498
603000 291782 285.89439636611740525 -1038411.633674966637 -279.37353235936240026 -2596.50114614433 572459 64.2592868521681
603500 292032 285.25234599707448524 -1038489.8212234862149 -435.14712507843552203 -2680.26836825229 571877 64.2638222356954
604000 292282 286.72443015869498595 -1038669.409669190296 -387.80081021347825754 -2646.87806040586 572582 64.2730747465553
604500 292532 286.16535384876010539 -1038707.1275003057672 -236.92722854754197215 -2637.98180454156 572539 64.2861322646072
605000 292782 286.81335158053309442 -1038145.1296734400094 1.4469557714282683669 -2670.5793554068 572046 64.3006686601209
605500 293032 285.12964205066083423 -1038285.3862180737779 -354.51175534517244614 -2633.07666735032 571983 64.3196552648248
606000 293282 286.31970581678689314 -1038492.7572213469539 -415.33250368235360384 -2609.18447925834 571567 64.346764627418
606500 293532 285.62841158792986107 -1038079.2217354679015 -239.2613797029142404 -2620.58111831861 572663 64.3583556106053
607000 293782 285.33476802756894131 -1038519.701197862043 -409.1699607023496128 -2645.52274320804 571941 64.3734716511766
607500 294032 285.8628055077439285 -1038929.3819539484102 -296.5793508071945439 -2658.5862254144 572676 64.3874085075403
608000 294282 285.86029827346152388 -1038555.3472267697798 -243.71145971531831265 -2649.76592977815 572189 64.3975237037114
608500 294532 286.96883424267741702 -1038809.7796025816351 -266.21867888245765243 -2625.8428659451 572133 64.4071182801082
609000 294782 284.67447149827017938 -1038925.4068399427924 -321.21562873047525954 -2556.49267003946 572023 64.4106391613535
609500 295032 286.64980096141044896 -1038776.3079068771331 -238.61889870053855134 -2675.22532368828 572097 64.4141730525917
610000 295282 285.78728547555255091 -1038408.9980437378399 -222.94968671787353287 -2608.3396513388 572522 64.4179726385034
610500 295532 287.32961782810099294 -1038416.721908507403 -226.69232037642117916 -2681.24911609456 572156 64.4163596963156
611000 295782 285.31624253172003591 -1038520.0958604280604 -559.86967818241021178 -2689.05382733557 572901 64.4141732816901
611500 296032 286.16740548471659622 -1038377.6284228189616 -264.81510477494668976 -2715.60782792453 572319 64.4105154468766
612000 296282 286.02752492679275065 -1038501.666715366533 -309.57020238868955175 -2665.43774155063 572774 64.4013867070609
612500 296532 286.30485265146882057 -1038823.8017282497603 -401.97835079022894433 -2692.74518769185 571571 64.390756447877
613000 296782 284.77831096046577386 -1038224.7745894188993 -249.1329257867724607 -2670.83409554434 573127 64.3876817380207
613500 297032 285.5404154372943708 -1038587.0932055690791 -320.05040213628399215 -2685.61218363181 572485 64.3739776500739
614000 297282 285.45297433651222718 -1038536.6368546622107 75.063274610868390369 -2667.2744760287 572557 64.3548533545885
614500 297532 285.31207705279268794 -1038980.6376069431426 -326.28830613892273504 -2650.29259099964 572714 64.3360978385682
615000 297782 285.83945863542993493 -1038507.6582368265372 -424.85877895298455087 -2711.05146494811 573132 64.317002401386
615500 298032 286.04148199945859687 -1038867.7162335994653 -287.00578827991290609 -2720.33310935248 573118 64.2955353658057
616000 298282 285.69100733381355894 -1039023.8769670727197 -371.27795506276413562 -2634.82754023034 572474 64.2730164852866
616500 298532 285.9937197840294516 -1038680.3386124721728 -64.380812343625748895 -2722.09291854337 573356 64.2421306168592
617000 298782 287.53980651103529453 -1038721.6723211995559 -259.06695487104946096 -2660.01641363569 573498 64.2227084230285
617500 299032 285.4362071393414908 -1038850.6146889985539 -240.98352144926607821 -2721.95720237325 572959 64.2033356900165
618000 299282 286.81667124942379132 -1038561.2190378360683 -158.59731662579201839 -2674.60905048223 574004 64.1793094080307
618500 299532 285.81895559865256473 -1039046.7515680417418 -129.11899738048430208 -2707.03006949719 574591 64.1521582759476
619000 299782 286.07933790716720068 -1038673.6515232783277 -300.33605333760897338 -2724.33110725625 574823 64.1316121339438
619500 300032 285.02874198213231693 -1038767.510659642634 -411.02557902200516082 -2723.98458319206 573883 64.1085982490619
620000 300282 285.80922654442616704 -1038945.1138276300626 -237.14295074088832393 -2680.24440565798 575824 64.0939006049313
620500 300532 286.08184842780360668 -1038595.9335554072168 -43.022101262252647302 -2662.66483077269 573923 64.079998990261
621000 300782 285.05320609546760124 -1038704.1617138497531 -278.99864106510005968 -2721.48267345046 575123 64.061887664131
621500 301032 286.37603015653400007 -1038591.3624295650516 -198.59476246480551254 -2650.88930849314 573643 64.0486833499946
622000 301282 285.79461604680869868 -1039119.9992408868857 -468.67670579966625155 -2764.34985356972 574236 64.0395010922667
622500 301532 286.36035510444139618 -1038826.6522448679898 -313.1168119920524191 -2726.1388660385 574781 64.0327737704358
623000 301782 284.7509112723311091 -1038669.2018454332137 -143.63277857352917977 -2708.36841431606 574780 64.0325495841313
623500 302032 286.24784469752415816 -1038890.9142155798618 36.201006329068512457 -2737.03492824306 574384 64.0278344012117
624000 302282 283.83839235933959344 -1039035.5310008625966 -293.67328668490915788 -2714.29137178915 573532 64.023629204418
624500 302532 285.58396417027978487 -1038762.3951241445029 -179.76526951378045283 -2741.81666940951 574479 64.0221784002466
625000 302782 286.43436262234223477 -1038938.4896714346251 -281.07224443409006653 -2694.29010353232 574555 64.0225145564318
625500 303032 285.78493540250701699 -1039393.4871207008837 -229.03782469430217361 -2669.66395772213 574627 64.0253440812546
626000 303282 286.10428713740884632 -1038831.0091292661382 -239.38523651566183048 -2698.97841077997 574867 64.0297359821064
626500 303532 286.34814888522134879 -1038936.2726909916382 -189.38212685582186623 -2744.17019614995 575159 64.0297904218679
627000 303782 285.62039233367397628 -1038978.877950060647 17.377252179792957776 -2698.56468455471 574999 64.0277155254078
627500 304032 284.66644698647093037 -1039434.4346145724412 -266.45397939249232877 -2697.72796686754 574577 64.021948944239
628000 304282 286.49995625689570034 -1039474.5782473245636 175.85172957490246404 -2786.26600627508 574976 64.0118109295955
628500 304532 286.16700326424847844 -1039255.0761296816636 -74.896140561248216727 -2746.29470130433 575163 64.0025513421356
629000 304782 286.38186606315008476 -1038666.6900267966557 39.628261588435165663 -2734.86839105936 574706 63.9973659176066
629500 305032 285.23903096929882395 -1038863.8970117936842 -95.973754162804922885 -2764.80604112965 575674 63.9791455984909
630000 305282 286.63842349484963279 -1039190.9070103013655 -74.0841567146932789 -2748.9157805184 575483 63.9645775669529
630500 305532 285.35210937856197688 -1039178.4114740851801 -142.61809029327667986 -2690.02547995774 574414 63.9537713003349
631000 305782 285.76692215755423376 -1038786.1353458805243 -168.27940296964760591 -2729.76528787391 574782 63.9428117937454
631500 306032 285.95389088901265495 -1039235.7686753305607 -335.19154132404588609 -2763.49073835308 574726 63.9405039710739
632000 306282 287.27091974943533614 -1038966.8186403271975 -3.0896903589737223506 -2676.78912437616 575091 63.9367577266829
632500 306532 285.47778297223652544 -1038908.8192407274619 -124.98616849347254742 -2633.13953120845 574345 63.9340068583765
633000 306782 286.94655521151429411 -1039001.2594039016403 -265.98299092245997599 -2686.7329920331 575014 63.9240886875782
633500 307032 284.28451115784059766 -1038865.6837805396644 -107.74119205066362781 -2660.14928685666 575819 63.9206696725326
634000 307282 287.80184876532103999 -1039177.0360371604329 -257.83512098247808808 -2732.73277694938 575368 63.9223133831463
634500 307532 286.42112637221129035 -1039299.1853368338197 -282.41831514727073227 -2715.14754943597 574792 63.9287765160512
635000 307782 286.63051646171237508 -1038591.1691622092621 -101.44721272022992764 -2666.1779851273 575395 63.9346201333743
635500 308032 285.71146059301821651 -1039125.8627776062349 -4.0008073351719257715 -2712.8795372051 576365 63.9340894154999
636000 308282 286.66117932603810914 -1038651.8167756785406 -385.67088734763700586 -2681.73443806669 575929 63.9464681827203
636500 308532 285.00941490056089833 -1038909.4983381063212 -262.38842470974401522 -2719.88431757297 575051 63.9578168236844
637000 308782 285.53513828487928095 -1038705.4112633630866 -100.89246447440568488 -2764.48483688451 574873 63.970238470391
637500 309032 284.66061938968442746 -1038343.0043604832608 -230.84938876353669457 -2746.00457112934 575879 63.981059055669
638000 309282 285.61565127091358818 -1039092.2897547337925 -153.40581391295634717 -2720.16606494359 575838 63.9957568875741
638500 309532 285.07878784496858771 -1038544.3754161855904 -315.20183515991340073 -2767.31222052171 574493 64.005312556163
639000 309782 286.09169819893577369 -1039047.7346282039071 -121.81399317584467212 -2725.75879084515 575797 64.01183392105
639500 310032 284.55136903162281214 -1039321.2792414540891 -272.55585267048041942 -2740.49378872488 575646 64.023306163749
640000 310282 285.32753370615591848 -1038566.0286206987221 -220.60223376079187574 -2655.50241652606 575186 64.0403266016194
640500 310532 285.90456528752588383 -1038959.773256314802 -154.57922444612137269 -2729.36511041097 574745 64.0507313356653
641000 310782 286.60468560771045077 -1039241.38157581829 -203.85627725699305302 -2700.04502844676 575090 64.0684670641335
641500 311032 285.72607947620087998 -1038821.0159788758028 -301.90842594574087343 -2662.59218728313 574684 64.0839369667208
642000 311282 285.58194447926302928 -1038929.4087489211233 -417.1755737937622257 -2700.64439615622 575815 64.0935999219561
642500 311532 285.08759967407678459 -1038768.4007979755988 -258.72765915198192488 -2753.79322595738 575343 64.0982130644493
643000 311782 285.82056913858440339 -1038975.0297289921436 -294.25271351992120117 -2693.37339834743 574045 64.1112682848867
643500 312032 285.31016965303626876 -1038825.8211091801059 -76.339668814772892347 -2689.17378002086 575101 64.126769199231
644000 312282 285.48065710814222484 -1039203.4851022255607 -207.97097955756953525 -2654.75111206693 574182 64.1335825643289
644500 312532 286.57508865690630273 -1038750.4242288946407 -58.862349789948332557 -2683.12566161185 574919 64.1373773028702
645000 312782 285.97388255774779964 -1038764.9173828668427 61.955110900207778002 -2705.82989220826 575179 64.1365127557377
645500 313032 285.2195039621159367 -1039008.2316956553841 -227.9124491932032015 -2640.50995463075 574780 64.1404546004568
646000 313282 285.34961236150797959 -1038279.8842915083515 -146.11955671292690795 -2742.47216796553 574145 64.1508190810508
646500 313532 286.27243588950460662 -1039049.805596491904 -206.02950752592275308 -2696.30389126895 574521 64.1546873286001
647000 313782 287.16593380563961091 -1038534.9870789638953 -70.968384795007310117 -2701.08906434282 575500 64.1600624073438
647500 314032 286.20740852174128577 -1038862.9758661587257 -339.84827807458651705 -2701.42861298572 574533 64.1680825699669
648000 314282 285.36417920841898876 -1038852.1024588921573 -133.11065658465972206 -2721.32417831531 575115 64.1754955060715
648500 314532 285.75657306003125768 -1038748.8281731470488 -282.34119472618021973 -2693.80496002674 574114 64.1809146756254
649000 314782 285.987793884214625 -1038640.4657191628357 -215.47805124762226114 -2670.82576122732 575485 64.1735436990314
649500 315032 285.7180103837898173 -1039204.4410378742032 -283.3946666788259563 -2676.622175324 574870 64.1741278640583
650000 315282 285.76814283428825547 -1038744.3875596334692 -349.66654675074738634 -2712.68536300974 573951 64.1643434625916
650500 315532 286.40301013243293937 -1038655.8405132129556 -66.194786703432839658 -2744.27346082524 574495 64.1713685349652
651000 315782 286.38505135684266634 -1038751.7246865193592 -453.32821077781164831 -2780.48308301002 574697 64.1675568797052
651500 316032 286.32983027991832614 -1038839.3384188601049 -427.06066744282469472 -2709.20024289366 574555 64.1735649347068
652000 316282 285.97151751984046086 -1038381.9545931677567 -211.484656233805282 -2690.75282887003 574723 64.186120265497
652500 316532 286.73599377857141235 -1038806.177996149403 -256.42835827934328563 -2724.37070447977 575510 64.1963224744451
653000 316782 286.74420600198078546 -1039109.7746827104129 -269.91321807979392133 -2733.09175639602 574369 64.2043079597987
653500 317032 285.98381196971274676 -1039066.8697860990651 -137.9179214316270361 -2769.97884582097 574573 64.216678461979
654000 317282 286.32674466597319451 -1038735.6707139716018 -340.13051612151269865 -2687.14764173226 573653 64.2194497497455
654500 317532 285.0539388984600464 -1038924.5545198878972 -419.38333258694893857 -2685.97027678875 574260 64.2176077607015
655000 317782 285.86423173055186453 -1038557.802692086203 -160.82033317696371455 -2715.85852224187 574942 64.2165352718745
655500 318032 285.07269201434490924 -1038557.3000591088785 -290.35718106496312885 -2704.56735323168 574085 64.2128298744955
656000 318282 286.87980674663202763 -1038290.5452619432472 -249.97471577978296864 -2686.48718017213 573373 64.2050477295854
656500 318532 286.37977989532151923 -1038818.5651252127718 -113.36908456134824519 -2666.12805029733 574946 64.2045389961949
657000 318782 286.01609818777637884 -1038643.8024235671619 -292.69451554158314366 -2684.45047822377 574394 64.1951527029819
657500 319032 285.8485956976545026 -1038178.3161805802956 -223.19866895910564608 -2681.40191016652 574574 64.1906986528892
658000 319282 285.76539736639642797 -1038700.0007340714801 -204.11544637388945489 -2699.73540029025 574442 64.1892788974215
658500 319532 284.51411407221252148 -1038814.3108388439287 -212.81758837517404004 -2697.86081778949 574371 64.1836844100206
659000 319782 286.38186496673631609 -1038994.8109366279095 -200.54969928504573318 -2725.36972357711 574435 64.1734348793771
659500 320032 285.22384644312268165 -1038604.5127361313207 -446.46845819594238947 -2718.87196394405 574582 64.1682974978446
660000 320282 284.41622334774649516 -1039109.5207458648365 -301.48853659793661564 -2715.85158572868 574792 64.1610937626021
660500 320532 286.06970341340894493 -1039248.1345215796027 -47.465713336858705418 -2682.71152902868 575166 64.1406731704617
661000 320782 286.15802187299124171 -1038846.3147560165962 -36.314161184468503052 -2729.90237202474 574888 64.1261000582823
661500 321032 285.05810518831867739 -1038985.6567806522362 -146.48252614047504494 -2749.42559119734 574932 64.1103156154994
662000 321282 285.79687040207335258 -1038572.1353116991231 -249.67890669631137257 -2709.88465729722 575198 64.0950256818656
662500 321532 285.47716609357109974 -1038845.5549104447709 -347.71740617371222015 -2701.55182145943 575038 64.0779367896537
663000 321782 285.34598424392538618 -1038639.1513134539127 -182.51700571702485831 -2678.6863779239 576781 64.0541239843173
663500 322032 286.64374285920501961 -1038326.4664457411272 -343.28178541475648444 -2688.52836740234 575314 64.0307879203804
664000 322282 285.73565637418363394 -1038834.2505000102101 -268.39087689228432509 -2732.08037443592 574264 64.007680776767
664500 322532 285.64428840265577492 -1038434.3942527471809 -336.64234485868217917 -2706.13728039988 575116 63.9797004638255
665000 322782 284.89001897793326634 -1038916.5937320810044 -346.89924674509569513 -2706.72701985202 575961 63.9571515283152
665500 323032 287.64000823569534759 -1038927.6057976030279 -211.28193558317352085 -2687.48235232908 575344 63.9419393491843
666000 323282 285.4319757728192144 -1038798.5259617265547 -145.61805220184496079 -2697.58036035079 575404 63.9237637227014
666500 323532 286.67362256094116901 -1038854.740996030625 -145.62038892855358085 -2709.76585132104 574530 63.9176048374228
667000 323782 288.01289431224205373 -1038753.1024225984002 -234.59562109865498769 -2644.84747153505 574800 63.9111423134166
667500 324032 285.82233733402046028 -1038951.5668962959899 -319.69388959300476927 -2668.35752318753 576207 63.9021792765272
668000 324282 286.75987613574460511 -1038968.347791070817 -209.74679057968111806 -2649.92130522576 577134 63.8928241274877
668500 324532 286.80864567180981339 -1039321.401348610525 -263.10474777295814874 -2690.0904867206 576402 63.883428196372
669000 324782 285.78209110238947233 -1039005.4978354293853 -96.953617178080818917 -2707.38674278449 576908 63.8782908897379
669500 325032 286.11513675965005632 -1038765.3262208461529 -108.30917014198051618 -2755.08878010911 577108 63.8827437756604
670000 325282 285.73207949170449638 -1039421.5072522909613 -281.47645428987459582 -2721.56991179202 576361 63.8828134627579
670500 325532 287.78753279856840663 -1039253.944241974852 -459.08631040761895292 -2699.7706608824 576591 63.8865469468642
671000 325782 285.53323486444679702 -1039297.838835947332 -292.6770741375909779 -2722.61897745161 576660 63.8863517513253
671500 326032 285.84665758259109225 -1039260.3413492576219 -379.65639972448718709 -2731.13238524795 575954 63.8938873287201
672000 326282 285.07030377750197658 -1038637.0544508213643 -243.0576799728104902 -2726.55190249283 576141 63.8974632742075
672500 326532 287.11004492285746892 -1038658.0207892896142 -129.37144797108908278 -2742.56961857457 576049 63.8999975851068
673000 326782 285.06897103856164222 -1038870.2279738906072 -122.0735862318303333 -2750.79910018541 576242 63.8926389383073
673500 327032 286.04495543963042792 -1038834.8266518369783 -425.66964692971669137 -2748.10454953761 576724 63.8930046662188
674000 327282 285.47748380581293759 -1039334.4678041567095 -208.45393800674986551 -2735.5716781772 577001 63.8940010826025
674500 327532 286.4085873706534926 -1038716.429439258296 -89.15004359807869605 -2706.07639193349 575512 63.8854152575299
675000 327782 285.35869508708691455 -1038913.8683431242825 -81.922662852896635854 -2722.67269356353 576348 63.8799828987102
675500 328032 285.95009939417087708 -1039043.1020805182634 -158.19184576302473033 -2739.89556679793 576135 63.8784917946401
676000 328282 286.7351652117077947 -1038443.7151346164756 -223.16359699475094658 -2719.67530352919 576161 63.882569072723
676500 328532 285.19603366159151392 -1038905.8506023484515 -248.86359840060828219 -2756.22016640247 575766 63.8876351783151
677000 328782 286.44597739686247451 -1039161.3214571629651 -299.30843872145101159 -2768.43383948212 576086 63.8932460508707
677500 329032 285.68527367543651962 -1039253.2478404439753 -61.347304792119970784 -2712.70301421293 576883 63.8998725673091
678000 329282 285.45509457382365781 -1039159.6645326687722 -379.07606453300275007 -2751.77034051466 576076 63.9001802793467
678500 329532 285.65964486412434553 -1038880.0020360680064 -231.46653121941719178 -2781.11791978087 577419 63.9009282613916
679000 329782 286.92295928431667562 -1039679.8384532317286 -343.29604191170847116 -2767.07114280895 575786 63.9060110404031
679500 330032 286.56869523128546007 -1038941.0885921501322 -212.54119411946624041 -2767.44715472645 576710 63.9148716163082
680000 330282 284.4299023908869799 -1039266.0055125540821 -26.076253573045061529 -2757.70525562173 576581 63.9214606381461
680500 330532 286.74744613528770287 -1039281.4625081146369 -106.61876540445366857 -2771.46896257528 576338 63.9242643844562
681000 330782 285.94621102373912436 -1039114.9520441041095 -180.52221646635663888 -2724.26964180085 575575 63.9257971037652
681500 331032 284.3250868881997917 -1038879.819200194208 -264.83228342928191523 -2806.44099199721 576057 63.9259041988953
682000 331282 286.28278926161436857 -1039088.3540175270755 -234.45691363392029416 -2738.83065771891 576115 63.9282610431076
682500 331532 286.619762697773524 -1039170.0512164145475 -73.312589357851109639 -2756.13823199442 576409 63.9370761793923
683000 331782 286.50104272197728505 -1038589.5376032455824 -195.84562297662159835 -2720.8849377207 576418 63.94206815696
683500 332032 285.82523166664179826 -1039192.518250744557 -118.60613483396953427 -2758.13260517508 575827 63.95664735689
684000 332282 285.68746730299670844 -1038887.8058855721029 -100.58668342249551131 -2758.13049647595 575746 63.9701135393415
684500 332532 287.12702241439183126 -1038529.2955874196487 -595.81230635318263467 -2826.7777849904 575812 63.9838218837122
685000 332782 285.93335018431895378 -1038991.8401884208433 -187.74037233970827288 -2791.00922988538 576220 63.9943442947886
685500 333032 285.73919292623878619 -1039069.498830407043 -129.57710469208893755 -2799.71580301624 575911 64.0025383075447
686000 333282 285.82143030206407275 -1038979.7409407461528 -305.30316059735258705 -2794.96826197706 575900 64.0131753603157
686500 333532 285.12423264362632835 -1038844.8591424139449 -93.865444734010779371 -2792.68321782932 575940 64.0306235465258
687000 333782 283.6840128932850007 -1039596.3864970846334 -264.58642904053709799 -2731.20700183695 576194 64.0458455648905
687500 334032 285.13828788147640125 -1039017.8402262192685 -33.497256625284670406 -2787.99837449452 575417 64.0590221825216
688000 334282 286.82984006241775887 -1038993.9951659175567 -279.76037284569514441 -2782.49322847745 575809 64.0669300480877
688500 334532 285.19893532968762884 -1039047.757424587151 -134.87208341722481464 -2767.95437417838 575861 64.084505157774
689000 334782 285.74052866713577714 -1038890.5149448560551 -427.56787016519143663 -2739.05387711231 575565 64.0954620362859
689500 335032 285.90445601617875582 -1038986.2354702263838 -290.0683775913018394 -2825.81598505899 575275 64.1129322115954
690000 335282 285.78854776297185936 -1039291.4344997794833 -231.1404131227269545 -2824.74541293066 574983 64.1306002379103
690500 335532 285.73137396632358787 -1038432.8235043960158 -257.98876168338205161 -2783.14204869443 575107 64.1387151940159
691000 335782 285.31154123152327884 -1039020.2581027061678 -250.92286163397659493 -2734.05386706379 575023 64.1453501474341
691500 336032 285.21120383548293375 -1038811.7061362236273 -475.79547936450433099 -2710.97251838422 574669 64.147851794937
692000 336282 286.47461939430826305 -1038751.111447796342 34.553534716503619961 -2772.06064655845 575476 64.1507557270989
692500 336532 284.99821624627122674 -1039084.4826297785621 -295.56372715615327706 -2753.15556945098 575116 64.148038013008
693000 336782 286.68925619267497495 -1038873.9565648316639 -452.75564598127419913 -2749.54833650146 575352 64.1522377764134
693500 337032 285.71737158674977763 -1038997.2499861089746 -161.90550300391308269 -2793.67466219373 575255 64.1503314985222
694000 337282 286.06556385550351251 -1038433.4923436009558 -327.00105839155332887 -2743.74268687706 575924 64.1513563037045
694500 337532 285.41740733166562904 -1038859.9415762614226 -438.50398493050312254 -2715.67803330019 574853 64.1565358195898
695000 337782 286.54760376033226521 -1039021.3092436188599 -155.75736158184085411 -2752.01167290442 575627 64.1594315501604
695500 338032 285.62270894895277706 -1038960.2912920955569 -362.73566308858090679 -2706.43240441594 575225 64.1533032753136
696000 338282 286.67883679023088916 -1038850.6885922651272 -565.43398643122429803 -2775.38123882636 575926 64.1491595886629
696500 338532 285.36416859329074214 -1038839.2023420424666 -441.12249627797626772 -2696.16745045505 575245 64.1458634400431
697000 338782 286.72941767335453278 -1038820.2030228702351 -215.54181767871023112 -2762.94949244045 575731 64.1398508640841
697500 339032 285.92768530056054033 -1038536.902838086593 -180.44703912623020869 -2677.12535087892 575330 64.1375060969459
698000 339282 286.17139131647394379 -1039197.0261012770934 -386.00523379442785199 -2711.16339689363 575607 64.1369872221328
698500 339532 284.14967789073460835 -1039165.3187729616184 -104.62190027768353673 -2750.61907421156 576266 64.1351653432284
699000 339782 285.49809144511573322 -1038882.8030018452555 -389.76911750243579036 -2757.06846865182 576270 64.1320128109135
699500 340032 285.42228553433483285 -1038921.1220112654846 -45.444422159667482219 -2761.8279954823 576151 64.1324513946699
700000 340282 284.81254733421997116 -1039476.2362323238049 -248.18836028247739023 -2763.50431806775 576544 64.1286728255979
700500 340532 286.19550244593096977 -1039046.1731444490142 -276.71094332958676887 -2702.99959650494 576557 64.1195197687645
701000 340782 285.43426803904389999 -1039132.6002798383124 -170.73886454929336765 -2674.45213613078 575645 64.1085589029192
701500 341032 286.04891283055417261 -1039159.297631265712 -449.1017019886000412 -2758.86115561643 576442 64.101650591735
702000 341282 286.4675441970238694 -1039241.4089120576391 -200.70442994355343558 -2739.31591544049 576937 64.0957191171453
702500 341532 286.94440568352911214 -1039238.7571535838069 -127.55712000857845112 -2723.4834158376 576274 64.0885484276964
703000 341782 285.76439426002065147 -1038740.7302416355815 -221.85872744503063814 -2705.89474640954 576544 64.0773428699179
703500 342032 286.26970503108884714 -1039402.2842283898499 -369.33107866594269808 -2703.06634088659 576790 64.0668856556795
704000 342282 285.92201720037843415 -1038675.6133212468121 -135.34836322680916965 -2740.63072031864 576035 64.0602667271299
704500 342532 285.76471954900705441 -1039131.6339803962037 -463.95629926576532398 -2739.75104599175 576313 64.0532652468628
705000 342782 285.88774800920486996 -1039153.2239715083269 -119.57323742932580046 -2748.51035843076 576701 64.0428375279079
705500 343032 286.68079106998453653 -1038481.5012646755204 27.829432872900831342 -2700.8776514561 576062 64.0360067103518
706000 343282 287.74324318764530517 -1039351.6328316654544 -87.521340346052397763 -2728.76099610283 576069 64.0335646694413
706500 343532 284.97955170814509529 -1039217.6060183888767 -249.42162739831775298 -2700.90638341393 575733 64.0140389617018
707000 343782 286.03528749305877454 -1039268.7818386559375 -273.55225006185980874 -2699.15820513587 576762 63.9995159630383
707500 344032 285.67264060539332604 -1038752.4383611265803 -466.36726025443340404 -2731.65910863505 576438 63.9866036136034
708000 344282 284.92145713713762234 -1039190.0806878543226 42.082842657270226994 -2799.96617960223 577548 63.9752148956756
708500 344532 285.37104743351170555 -1038891.2932184942765 -85.024272233380585817 -2807.48298040875 577793 63.961549594486
709000 344782 286.51175565243664778 -1039638.5964316322934 -268.67284187274810847 -2754.96500133305 576438 63.9608353368417
709500 345032 286.66158949224359276 -1039638.4485045262845 -295.82844448095539747 -2727.81287919416 577030 63.9586049822352
710000 345282 285.14429193178125388 -1038985.2147240275517 -286.6642052420477853 -2733.87557191092 576774 63.9571853242999
710500 345532 286.41994861389196103 -1039068.7492515234044 -417.2819689802580001 -2720.38892349993 576453 63.9551757532277
711000 345782 285.88303558183719133 -1039355.6082033754792 -108.96355739943462027 -2764.10795764458 576537 63.9503394632291
711500 346032 285.3778287978666981 -1039451.0501540405676 -78.332906626141109996 -2787.01462007686 577626 63.9506020045407
712000 346282 286.26619540780166062 -1039069.8812824762426 -252.01718872897066603 -2775.45537280126 576533 63.9551229971579
712500 346532 286.22510992810293828 -1039558.8262110783253 -481.81324617631355522 -2747.14027811825 577174 63.951676857641
713000 346782 285.44439393488909218 -1038657.1582152812043 -302.07787361212979249 -2752.25701072104 576875 63.9369918749153
713500 347032 285.33196902184545252 -1039212.4939373900415 -122.93179229724020729 -2787.43291262867 576472 63.9342452778689
714000 347282 286.13881741795017888 -1039101.7373024714179 -198.21071840126819552 -2772.43330736703 576526 63.9272695824548
714500 347532 286.17867257895164812 -1039223.2527468334883 -187.78508261381190891 -2730.43742172721 577825 63.9221915786084
715000 347782 284.58640844071356923 -1039069.1963746014517 -165.1623528405048944 -2738.22499747377 576562 63.9255810457777
715500 348032 286.47650279189895173 -1039135.5765244811773 -156.97589833429032069 -2758.79259909055 576705 63.9292447053925
716000 348282 285.48369688241120912 -1039197.714454130386 -287.37441902062630561 -2771.46194980155 577111 63.9287613056986
716500 348532 286.20064265553224914 -1039464.2295753690414 69.50463692397994464 -2795.97504187183 577056 63.9265517747342
717000 348782 286.74355626902348604 -1039651.552478568512 -65.719032079219488196 -2829.82344038219 576565 63.9289259196614
717500 349032 286.01429509755229219 -1039195.6586141933221 -138.59491970248251391 -2742.71659350158 577834 63.9237089772711
718000 349282 285.418792198668541 -1039078.6722873656545 48.752559975164913908 -2767.80016347357 577654 63.9246405624835
718500 349532 285.81889033568563718 -1039611.4489365638001 -260.27749466942515255 -2815.29057192413 577334 63.926352845945
719000 349782 284.19876442248812509 -1039163.4336295573739 -172.40152167841043251 -2757.68218945344 577019 63.9274728776257
719500 350032 286.19007911516717968 -1039069.2319022922311 53.304460861670712291 -2721.47182600112 577489 63.9262666381907
720000 350282 284.67019030236804156 -1039386.0422678192845 -82.158562876052812385 -2714.5153809276 577708 63.9287326733318
720500 350532 285.08924744100113458 -1038836.8208395626862 -314.48019009592195516 -2715.02037739414 576696 63.9364136274686
721000 350782 285.84040671154144775 -1039197.3769262228161 -4.0990382935116915775 -2771.13590351909 576450 63.9531621733617
721500 351032 285.86704007849255049 -1039400.8956646312727 -192.02353551388284814 -2789.16966525137 576138 63.9642963102186
722000 351282 286.20936492201866486 -1039258.5247309025144 -38.943082677951188941 -2731.00297778215 577581 63.9760794975828
722500 351532 285.26274795604382462 -1039871.5270879728487 -105.50387456372902761 -2700.83577927098 577115 63.9803384492983
723000 351782 285.61367742228878797 -1039993.430628805072 -63.197371951320562289 -2722.35116047261 576883 63.9891694258158
723500 352032 286.8247477051697274 -1039294.9464084822685 -73.73383551825340021 -2735.78461478722 576453 63.9988424890333
724000 352282 285.00233862389285378 -1039173.5908949230798 -267.4938403901975903 -2704.55682869249 576933 64.0039113823898
724500 352532 285.29988556369147545 -1038976.157667829073 -260.59859065602648798 -2693.37523380768 576173 64.0130271504464
725000 352782 286.47464016831878553 -1039420.0907214421313 -93.504219726124219392 -2740.4170038705 576327 64.0224103992849
725500 353032 285.99450671478103914 -1039594.0976926615695 81.317493017129990562 -2726.90398159812 575968 64.0297656300845
726000 353282 285.9637367106503234 -1038749.2994129343424 -114.35974689837796348 -2722.90711087307 576737 64.0363909022833
726500 353532 286.03221621451200463 -1039614.175435368903 -62.984092238067532321 -2662.52563547045 576095 64.0372938475189
727000 353782 284.82715066252097813 -1039076.5066538295941 -309.26054270908929311 -2742.26676937414 576814 64.0377845741154
727500 354032 286.65976925746849702 -1039140.6646311661461 -189.83217788042244933 -2715.7087946129 576645 64.0344279404424
728000 354282 285.73805169515924263 -1039532.3190075687598 -148.85714713284710342 -2669.28463985362 575917 64.0328250293226
728500 354532 286.38376611867835209 -1039015.2231044159271 -165.90954939568692339 -2659.24957379448 575634 64.0262528207457
729000 354782 287.12089613520362263 -1039042.3660696822917 -78.793333062874822303 -2750.73548795042 575883 64.0334781206254
729500 355032 285.73869491023327782 -1039275.1458271183074 -335.10134560609009213 -2727.98350016772 574923 64.0387979174784
730000 355282 286.94812466781104376 -1039139.7986659489106 79.229157084815071244 -2684.48492744693 575832 64.0431888930989
730500 355532 285.23880677424818941 -1038963.8034131685272 -348.89278105661890095 -2693.34263595715 575566 64.0499814654906
731000 355782 285.7790522087503291 -1039210.6713603363605 -195.05849512832500636 -2632.45856865667 575550 64.0486966661977
731500 356032 285.15995175623112345 -1038875.8612605418311 -400.00058666755870718 -2697.10098990667 575924 64.0430494872835
732000 356282 286.03729848181114903 -1039505.684430016554 -167.22698926608458692 -2726.05294468163 576586 64.0457140565767
732500 356532 284.9517435110579413 -1038839.267099350458 -150.04985592249138904 -2666.11466452701 576645 64.0516020582735
733000 356782 286.60970621511540912 -1039251.4990500613349 -521.51250215112008846 -2688.64084190008 577570 64.0579915111985
733500 357032 285.93432493064773325 -1039423.3816043938277 -242.63633131364872497 -2777.81548613221 576730 64.0602338999309
734000 357282 286.47313820816509633 -1039430.9315350428224 -209.57414527122710979 -2691.83043110255 576215 64.0644818554078
734500 357532 286.99744634558072676 -1039135.6673005616758 -222.75601124742021852 -2779.36305643792 577960 64.0639160743479
735000 357782 284.72975384166318236 -1039212.3503019032069 72.908356030109814583 -2697.30949085297 577314 64.0705704004801
735500 358032 285.71957563102944277 -1039011.2809857026441 -415.50490134706114986 -2700.8854509517 576516 64.0750594204935
736000 358282 285.48641062027786575 -1038997.9079239363782 -262.1447140689126627 -2663.18020282755 577258 64.0737185591645
736500 358532 286.74615254517317453 -1039108.8304804753279 -271.26124120562269582 -2767.46340767076 576760 64.0712303391484
737000 358782 285.81360543736013824 -1039289.010450709844 -61.341501011124151432 -2683.41971706746 576255 64.0707121034167
737500 359032 285.92811564321914375 -1039107.2738006036961 -227.21147525382906451 -2703.65628801353 576522 64.078062883667
738000 359282 284.93455781561533513 -1039341.4220678996062 -361.99196648497502338 -2748.81811507818 577305 64.0736726439299
738500 359532 284.90294256834772568 -1039147.3656072356971 -102.09243778381869561 -2757.02670106758 577210 64.0693408245381
739000 359782 285.81326092750481394 -1039120.529999414226 -299.86719907730491741 -2772.68283716521 576566 64.0764506490198
739500 360032 284.10880989682016207 -1038957.1693021624815 -329.50826203740524534 -2731.71479986529 577404 64.0762142699267
740000 360282 286.43103455940138247 -1038868.5126054869033 -115.32792492175666155 -2683.11599817511 576655 64.0781510606331
740500 360532 284.46626527456203348 -1039078.3092389079975 -216.97037754618702365 -2761.98665466106 576924 64.0748374044317
741000 360782 285.66498473266608471 -1039277.7995096843224 -369.89686034648030954 -2678.0688250943 576165 64.0792976679658
741500 361032 286.72846662004911877 -1039469.922347374144 -290.23274350591651682 -2703.14685599755 577189 64.0857268686473
742000 361282 286.25865085161416346 -1039510.1086392384022 -62.321861552978923271 -2675.2273982623 577041 64.0870781492827
742500 361532 287.2528298311987669 -1039670.3609799096594 -225.39064904802182809 -2680.1215152547 577616 64.0855868979586
743000 361782 286.70550769092238852 -1038902.20534789667 -160.02529698155916549 -2686.87242508811 576385 64.0912287517184
743500 362032 284.8093119059521996 -1039204.3322009734111 -126.7978855645343117 -2706.3062841537 576552 64.0998373887983
744000 362282 285.58844848635487779 -1038842.5881509545725 -160.91236013978323172 -2751.34333664264 576954 64.1047676180145
744500 362532 287.08597462647509246 -1039259.8449990566587 -257.86952581637882531 -2758.691595745 577604 64.1114777193557
745000 362782 284.55834958030931148 -1038860.4964053713484 -347.85960729825262661 -2735.07459330819 577200 64.1133117830564
745500 363032 286.45228876714253374 -1039057.8210716794711 -270.41546275582714998 -2687.42409315752 577074 64.1161208378119
746000 363282 285.74570604842546118 -1039290.9581427401863 -390.78801219064501993 -2763.594670341 577130 64.1149669419522
746500 363532 286.8670712963747178 -1039002.6150873667793 -133.83337679519999597 -2734.67759732561 578285 64.1013810271645
747000 363782 285.30488067130357877 -1039146.2904609047109 -48.561367797818689951 -2782.00966152647 576831 64.097103255311
747500 364032 285.09282585341657068 -1039320.244757955661 -309.38283731035812707 -2777.24217330705 577606 64.0944001166063
748000 364282 286.44093266711212209 -1039095.0882984520867 -284.57913751053479245 -2760.70836390007 578037 64.0896139078615
748500 364532 285.42274415983297331 -1039455.7865290262271 -100.42078471724816779 -2707.88297353022 577143 64.0860602194159
749000 364782 286.11873944226209687 -1039281.7728861238575 -152.46657359450236413 -2790.35981564117 577043 64.0853556470465
749500 365032 285.8672888528399767 -1039834.678716899245 -404.76828404261118521 -2784.64022313017 577814 64.0817144158595
750000 365282 286.57654387782918093 -1039232.5654866617406 -334.00422555349206277 -2730.09135765546 577966 64.0796200071884
750500 365532 285.85035144711810062 -1039445.6189201679081 -162.18399114526508242 -2774.37712697317 577486 64.076154003027
751000 365782 286.00600795285583899 -1039437.6681571572553 -305.45322597681382604 -2724.61455550989 576710 64.0714349205246
751500 366032 286.61449318631588312 -1039205.6657250940334 -145.20271561326765664 -2712.38417228519 577693 64.0670001430562
752000 366282 286.56633971773283065 -1039538.2858750026207 -289.3848759716294694 -2745.65266412664 578026 64.0576836136503
752500 366532 283.87877725893002889 -1039261.6709928072523 -90.423936934216783357 -2799.86034237315 578262 64.0425816122995
753000 366782 286.00592451837542285 -1039016.830637160223 -177.28142833432451653 -2753.06168268946 577090 64.0319382674416
753500 367032 285.65363281040310994 -1039427.0291794908699 -76.149903822393852693 -2797.97465147435 577629 64.0204286952847
754000 367282 285.63028859320655783 -1039047.4351043727947 -165.90654270296977302 -2805.94391955757 578182 64.0054093918943
754500 367532 286.53746485972129676 -1039192.3153354974929 -299.68056590284896856 -2837.15997336667 577991 63.9981655489829
755000 367782 286.52790592400003788 -1039265.6344340828946 -267.78134218411838674 -2703.71112634332 576364 63.9825736638894
755500 368032 285.54455113729193272 -1038751.1446294577327 -93.800163264123298745 -2790.04306562559 578105 63.9732277576863
756000 368282 285.18295304716690453 -1038916.1563756719697 -233.24450572604277454 -2757.41552580085 576259 63.9633529283061
756500 368532 285.16780264558860836 -1039328.2913466542959 -235.14380416475586344 -2766.64461807224 577581 63.9512120486657
757000 368782 286.27617953460128319 -1038959.9112170451554 -45.814275755825100589 -2820.21022292834 577763 63.9478622432308
757500 369032 285.04879063356491997 -1039059.0238115072716 -275.62601753262140392 -2843.97758962484 578197 63.9462339907307
758000 369282 287.45572503213139726 -1039413.1840876251226 -272.54228581662550823 -2787.54089715375 577513 63.9499728355091
758500 369532 284.94034388460903529 -1039401.3192642267095 -151.46251252398360521 -2791.47272664634 577941 63.9455632151593
759000 369782 285.70534134938873194 -1039119.4873361239443 -202.60630790510620614 -2777.2955618247 577784 63.9457008645505
759500 370032 284.61888819859268551 -1039212.1815808763495 -255.12800063980304799 -2757.08103485528 578249 63.9408037214781
760000 370282 286.272278049836018 -1039142.8438396169804 -167.32074765032083974 -2765.25321206235 578397 63.9418045605851
760500 370532 284.62865112170555904 -1039079.3880535577191 -220.74665855631070599 -2779.06773800619 578531 63.9432452437643
761000 370782 285.97210064680848518 -1038985.5188085570699 -389.9267648030989335 -2783.73258880689 577959 63.9445589064372
761500 371032 284.9700032552187281 -1039131.9937749371165 -286.94624625696860676 -2841.77732570065 577385 63.9398302992534
762000 371282 286.75583865832140873 -1039430.5011562781874 -163.22321345035126683 -2794.66181289805 577240 63.9418271312257
762500 371532 286.13680883619804263 -1038971.6940163462423 -234.27159131448533458 -2831.22369266044 578357 63.9492488667124
763000 371782 286.30906440588074702 -1039422.8868105555885 -337.18870093498310325 -2834.98185495893 578432 63.9537452389621
763500 372032 285.20202195374235998 -1039070.6659281252651 -175.21034453738951697 -2827.17426003417 577601 63.9536384121245
764000 372282 286.91049268173827613 -1039401.6855862324592 -21.916548671187584318 -2821.47235359567 577378 63.9617869330322
764500 372532 286.10224118695418838 -1039927.4507174878381 -69.06485162879623374 -2807.17375285281 577468 63.9697197803329
765000 372782 286.72777073996513764 -1039173.2019272141624 63.467411370279009475 -2803.79475831072 578348 63.9807605927714
765500 373032 286.1736385851741602 -1039527.9521172472741 46.68296236139056532 -2792.42487464806 577604 63.9801458628965
766000 373282 285.5426206120591246 -1039655.1341458578827 -191.54861879705595129 -2808.91092872703 577344 63.9786462382766
766500 373532 285.16243161099947656 -1039138.8011175928405 -200.92163930417078177 -2875.14025615047 577905 63.9694267162492
767000 373782 284.37742223045358969 -1039488.3766106093535 -452.2743096526008344 -2823.80600259882 577327 63.9681192006002
767500 374032 286.13857672908773111 -1039193.9441528090974 -127.28464976727185842 -2835.25720668141 577619 63.9609773022919
768000 374282 285.54196773272587961 -1039786.8973205999937 -352.67778622940357991 -2844.22501986986 577560 63.9523175673338
768500 374532 285.11009325529789749 -1039264.6545984337572 -30.833988800265160535 -2875.45400649305 577357 63.9443955694384
769000 374782 285.51971959333417317 -1039103.546741890721 -280.64402437617604846 -2856.37483717272 577761 63.9444667171798
769500 375032 285.82477758572679249 -1038849.231930247508 -352.43559846950245174 -2796.29327932776 576942 63.9455512623801
770000 375282 285.28394267079505653 -1039577.4513909256784 -35.32750268979504682 -2769.79084926316 577266 63.939369716439
770500 375532 287.94036829120904031 -1039555.2802568271291 60.615934188402967209 -2806.71906397822 577614 63.9327437908302
771000 375782 285.5217462293755375 -1039121.5892075682059 -519.34608339756186979 -2764.79042811197 578103 63.9271782227317
771500 376032 285.15854347706482486 -1039202.164278871147 -6.7867314736460482294 -2839.14740106093 578686 63.9244639844815
772000 376282 285.45094968087499865 -1039748.3430097735254 -155.57438726424555853 -2811.52701290858 577342 63.9164553473463
772500 376532 286.28442998600093006 -1039447.807034099591 -210.75882201358635371 -2805.33933134262 577487 63.9286645052192
773000 376782 286.55122709399353198 -1039780.0537980005611 -235.44625411406389048 -2822.45965491185 578374 63.9343970496215
773500 377032 284.65579756697826497 -1039206.9447593429359 -245.89584521084671564 -2829.62633875592 577965 63.9357153821448
774000 377282 285.53482457149840457 -1039143.0698259606725 -101.01393335657307659 -2784.05759691964 578780 63.9325388557373
774500 377532 285.05311114786326243 -1039349.6035696121398 -330.71998215204939697 -2782.54586479877 578448 63.9291455759109
775000 377782 287.28314251029598836 -1039248.775652629789 -73.172167431083451561 -2765.96706312472 579281 63.9322162302812
775500 378032 286.26160534101319399 -1039797.2064551076619 -247.42697159257863859 -2804.19832913093 578511 63.9386865979321
776000 378282 286.2908892954797011 -1039185.1234004346188 35.451755548119137984 -2728.61475397764 577817 63.943507813125
776500 378532 286.25078190432640213 -1039880.4954704008996 -73.630965331257527851 -2741.15809009292 578738 63.9426634750662
777000 378782 285.85423774894650251 -1039264.9314936822047 -105.30207872939969604 -2805.05191881342 578952 63.9500597987982
777500 379032 286.13984247443335107 -1039660.9568091293331 -299.04665571830327053 -2739.53218195026 578874 63.9643444975309
778000 379282 285.60834885317234466 -1039835.725028103916 -382.92363045900822272 -2740.15267132532 578194 63.9691634413469
778500 379532 287.42034512435196802 -1039510.0061867209151 144.62374256384921978 -2773.64035857745 579249 63.9681364277653
779000 379782 285.0907791270414009 -1039456.2781644955976 -26.756533958544729046 -2772.47277944762 578305 63.96328370684
779500 380032 287.13987222999480764 -1039333.9575113856699 64.188711314922443307 -2742.46298384806 577901 63.9662331718859
780000 380282 286.29445736361634545 -1039671.0818902737228 -279.20076168023507535 -2770.25774250736 577968 63.9654234402995
780500 380532 284.47114227644976836 -1039628.4028683103388 -266.85289675086409034 -2788.80884878289 578186 63.9655923017449
781000 380782 285.11160293176703817 -1039054.0281859526876 63.969206977800034508 -2804.83857426429 577661 63.9666823718236
781500 381032 285.85845364141846403 -1039172.5250163660385 -276.43819951152084968 -2757.65471039767 578098 63.9672152202188
782000 381282 285.17400781125161302 -1039458.3641998386011 -211.83072265230754283 -2786.84217737179 577143 63.9629248907474
782500 381532 285.8691012285057127 -1039250.3845564482035 -159.50339871956211368 -2769.56991902619 577628 63.9581000565156
783000 381782 284.88324591236101924 -1039284.1455615590094 -224.37407956779023266 -2761.02442507535 579048 63.9551936373964
783500 382032 286.29033469466844508 -1038976.1127273063175 -446.79879545472107338 -2773.6738709804 578659 63.9525823864589
784000 382282 285.31358093490700867 -1039376.0209420602769 -114.15277818385280284 -2816.81274871835 578748 63.9428170063622
784500 382532 286.52041110284142178 -1039294.6384057201212 -192.53373694892815138 -2758.9200278781 578660 63.9373249776108
785000 382782 287.83322268133099442 -1039015.9831364237471 -377.08080089913539723 -2792.08275826283 578745 63.9252110642239
785500 383032 285.54837034339601587 -1039240.2325038582785 -229.50902402284830828 -2772.83713635021 577709 63.9196808903225
786000 383282 285.22247093814166874 -1039040.4202218750725 -38.618492273049632502 -2795.45979091902 578748 63.9123673471702
786500 383532 285.23274664092542707 -1038980.1939026921755 -360.05521981353382444 -2815.42041350356 578675 63.9043305820237
787000 383782 286.23580677239374381 -1039302.2490509229247 26.703448122009096011 -2766.78462660554 579112 63.9049255006949
787500 384032 285.59730037640088085 -1039149.7705403999425 -58.490200583242284438 -2880.46690574817 578002 63.9079147321239
788000 384282 286.89672338449815925 -1039532.841800625436 -131.06669494880517846 -2805.28096595874 578441 63.9079543138308
788500 384532 286.08761831824875799 -1039008.0653677654918 -380.84085189272883554 -2779.14225773372 579001 63.9181671132843
789000 384782 284.56632080941540153 -1039233.4320319961989 76.097153373758956718 -2783.89231420217 578179 63.933571143959
789500 385032 286.62556069868725217 -1039434.2356889032526 -269.13512755026545165 -2849.053025603 578095 63.9461596330754
790000 385282 285.34368909289815974 -1039356.0000682737445 -73.436092109486281743 -2761.54008102119 579156 63.9629525568676
790500 385532 286.31480781150736448 -1039252.8457913422026 -306.03508682029763577 -2765.52186478135 578076 63.9756253203972
791000 385782 285.05985522439317492 -1038919.3267966186395 -61.795903649177930106 -2764.76104149159 579136 63.9948066408417
791500 386032 285.32319838305858184 -1039756.9658525498817 -54.128414772428286028 -2744.46564519092 579386 64.0006899389466
792000 386282 287.01170165083033226 -1039403.3991126476321 -245.46318108686642745 -2782.2424063743 578499 64.0170588473737
792500 386532 285.14700749218286546 -1039533.7566791680874 -201.75196409908264172 -2776.47956733727 578960 64.0313295450594
793000 386782 286.18325386961936374 -1038927.0165323218098 -462.40565399597488749 -2753.84425746563 578306 64.0415517769287
793500 387032 285.89085110865954675 -1039557.5769283828558 -383.7694958559335987 -2770.65907525454 578577 64.048737376508
794000 387282 285.54398522933615823 -1039075.5963438110193 -185.37048190505436196 -2752.51919559988 577876 64.0434626305024
794500 387532 287.37841497835404425 -1038818.7269902656553 -106.8608021540245403 -2787.27978450324 577675 64.0446130260896
795000 387782 285.01231524329648437 -1039221.181670050486 -51.636413933745878069 -2732.6456775568 578936 64.0415861006071
795500 388032 286.66503610090973098 -1039114.1970399101265 -157.28133959108043882 -2756.75097978079 579367 64.0309418152105
796000 388282 285.91530337761128067 -1039573.2970212463988 -77.814118851549253009 -2739.38214250412 578023 64.0245693489826
796500 388532 284.99020097527738926 -1038984.1032050794456 93.735174242028278968 -2752.87433597089 578052 64.0196417155469
797000 388782 286.34091370014198219 -1039198.6418804207351 -212.42284655132257853 -2773.0562916006 578960 64.0164254407818
797500 389032 285.81498793850278162 -1039348.3658058358124 -61.117097278421226747 -2844.31424329872 579165 64.005311596035
798000 389282 286.35330404329414478 -1039301.0341850711266 -357.5676528772417555 -2782.56132285861 579261 63.9955739881493
798500 389532 284.08754104801550966 -1039858.7232199835125 -136.81233569279106632 -2822.71645890594 577823 63.9935307735119
799000 389782 285.35429368500081182 -1039317.8519390331348 -202.61793328664629144 -2807.00000181667 579579 63.9874339275315
799500 390032 287.03591922887233068 -1039424.1055209253682 -314.27782348461977335 -2758.02369680542 578171 63.9842980615574
800000 390282 284.44216360591002513 -1039416.9958111908054 -315.36636895750302756 -2772.95999423906 578185 63.9788141453925
800500 390532 285.97588547932093661 -1039281.1100110916886 -230.13839815046165427 -2777.72571680671 578636 63.9718114041183
801000 390782 285.88146195281944983 -1038919.47000173165 -60.408144503488095722 -2795.56480785074 579307 63.964945828386
801500 391032 286.20813586170783083 -1039430.6692644325085 -289.30203660196161763 -2782.18853679664 578465 63.9540124089106
802000 391282 285.81490415916556458 -1039293.7558995541185 -88.049972652241379478 -2774.80242403504 578457 63.9506510093663
802500 391532 286.62755746930389478 -1039330.160482897074 -315.98628981967391383 -2779.556386122 579119 63.9484683336362
803000 391782 286.3895325365783151 -1039507.4331251074327 -314.53901890933292407 -2779.83562122104 578974 63.9516958635295
803500 392032 286.65751691852022986 -1039173.833138470538 64.886896040660232643 -2796.49484907303 578609 63.9505660424819
804000 392282 285.57808524411075268 -1039451.4990413528867 -350.42643041790046254 -2828.00430713193 579184 63.9482490663289
804500 392532 286.56960579991226723 -1039144.8665905739181 -149.56691535592290165 -2754.07483359277 578315 63.9433951841802
805000 392782 286.27485352383962436 -1039526.6758293488529 -286.04388834018936905 -2794.57449754024 578162 63.941208462067
805500 393032 286.58246901738743873 -1039198.7049184247153 -257.28826220977725825 -2897.11165409689 578618 63.9403137420538
806000 393282 285.95999568214750752 -1039462.9798413697863 -188.67638924394674405 -2817.12296961696 578199 63.9436099754139
806500 393532 286.04302592930378069 -1039177.0510115177603 -363.53077022374861826 -2764.40811768317 579219 63.9475910077859
807000 393782 286.34062446306012362 -1039179.821852506604 56.326612280084034978 -2795.35858970059 578052 63.9501152709415
807500 394032 284.7516425630757908 -1039292.3923391858116 -400.37988612405138156 -2800.57843906032 579180 63.9472797993026
808000 394282 287.33517074339852115 -1039232.7958660310833 -63.472534817745646762 -2800.44071997309 578217 63.9482776342946
808500 394532 285.47380312762277299 -1039626.7807227671146 -200.92160929485243059 -2842.29413377558 578521 63.9464334008305
809000 394782 286.84083179910726358 -1039351.8010669993237 14.935413795542038073 -2805.06864739593 578042 63.9455981886276
809500 395032 284.75337875596852655 -1039523.5779182405677 -70.566564980929214812 -2827.14506649264 578329 63.9453359325461
810000 395282 286.45285180811453074 -1039293.631525119883 -253.8613780207950299 -2817.87292033472 577617 63.9436830968091
810500 395532 286.64988236277298483 -1039376.4869643250713 9.389048092311659488 -2837.81439386148 578200 63.9482954178777
811000 395782 284.20782106583612858 -1039433.9657114566071 -139.64260131731407455 -2796.93612143817 578153 63.9519323523909
811500 396032 286.79708805653814352 -1039478.122285153484 -23.126625878146938931 -2778.99976306397 578367 63.9519885803053
812000 396282 286.16798014547345019 -1039304.0339688693639 -138.28364205577568669 -2834.26593081704 578216 63.9504515532856
812500 396532 284.21763695509991976 -1039261.0163731185021 -205.23434137508030517 -2800.1799400421 578011 63.951862365043
813000 396782 285.19902452736420173 -1039112.7824447929161 -337.08019869848374128 -2851.1936766202 578551 63.9446404893763
813500 397032 286.70548051410145263 -1038970.0621506138705 -48.295443302777080419 -2783.30718180746 578398 63.9317139379361
814000 397282 285.31257596612715588 -1039398.3777643830981 -15.999496829132173303 -2808.03686525065 577885 63.9251068838588
814500 397532 286.97664417903843059 -1039043.1888663867721 -313.47085788563805409 -2864.09730519405 578024 63.9220503707399
815000 397782 285.32225228386033677 -1039484.6221955157816 -321.65161603975576554 -2736.87294168182 578961 63.9253206344737
815500 398032 286.86430696566179677 -1039325.4736810883041 -171.97395648141113611 -2804.77319989369 578477 63.9169491012757
816000 398282 285.93453627944654727 -1039656.2969315695809 -230.95674585719189054 -2822.80920474078 578249 63.9028178902913
816500 398532 284.68508225842350612 -1039269.25916734559 -71.941714200882245223 -2747.66725933081 578200 63.8868417070923
817000 398782 285.0926005508430876 -1039257.6903407869395 147.08943663665442614 -2786.45255064388 577778 63.8771969622924
817500 399032 285.03632119139695078 -1039411.4525212057633 -206.98506654040465946 -2800.7780178422 577936 63.8745269441689
818000 399282 286.3125651601011441 -1039121.3045001490973 -143.0127763410577586 -2779.87616454883 577781 63.8757382914896
818500 399532 285.99093884016116363 -1039543.8097027582116 -181.64969940603921827 -2786.23824716183 578570 63.8681882888166
819000 399782 286.46627193615989881 -1039138.6241402419982 20.266953929231156906 -2787.22102471242 578714 63.8701317715087
819500 400032 285.91309039227741096 -1039433.1785534500377 -316.79812953638082718 -2784.00241533862 578291 63.8745412639209
820000 400282 285.55348105158157068 -1039171.6296112691052 -69.472695285863920844 -2809.17977350561 578634 63.8767834792027
820500 400532 285.51019963908606769 -1039011.5342504648725 -375.53066542971788522 -2790.31527506657 578533 63.8851365605197
821000 400782 284.95266081907362832 -1039105.3375819509383 -310.1060525897078719 -2861.35127546706 578893 63.8915456120121
821500 401032 285.25392533688523145 -1039033.862296821666 -225.01817802310171146 -2901.28603720384 579557 63.9063777617762
822000 401282 286.21214958138841666 -1039416.3854056294076 -415.60987556129248333 -2815.86040255296 578621 63.9233860160374
822500 401532 286.50493070018376329 -1039713.5665657810168 -2.5260325042831568432 -2808.44181606671 578111 63.941674886029
823000 401782 286.46908085660703591 -1038888.288983449107 -4.5080556791199546396 -2835.32720308872 578069 63.9609338603467
823500 402032 286.69304115752260032 -1039527.0830788074527 -291.29033703281055523 -2808.22956765388 577634 63.978475769815
824000 402282 285.85836852427576105 -1039658.9560669803759 -57.968785474387843237 -2872.47038022348 578124 63.9949264252753
824500 402532 286.88711319063673955 -1039313.3917352358112 3.3992856325213063329 -2792.05836915526 578635 64.00551201536
825000 402782 284.57808281285235807 -1039275.3447471801192 -4.0566483325701314655 -2790.4357235173 579147 64.0101138227629
825500 403032 286.88982006306571293 -1039474.5591611276614 -400.5324213547963268 -2777.49229070573 579178 64.0230541712789
826000 403282 284.88573766055208125 -1039252.8887027410092 -219.73743834665475561 -2815.70454483367 577775 64.0379733287206
826500 403532 286.27692213404787935 -1039527.4842729039956 -70.776648164705491695 -2813.23532305064 577945 64.0554560093668
827000 403782 284.86052206440507462 -1039580.9025965764886 -341.97303739195541539 -2783.37735201366 576806 64.0678970305392
827500 404032 286.5612056058061512 -1039427.0081533991033 -178.97517589693075024 -2840.60226049998 578877 64.0713973207661
828000 404282 286.26898272389354361 -1039835.7754033271922 -491.16533111615603957 -2803.2063369311 576797 64.0636375491003
828500 404532 285.06054675391845876 -1039611.8210897556273 -159.85034424049632662 -2811.27982603871 577860 64.0580293743302
829000 404782 285.84794892294479496 -1039280.837241218891 -234.32867844721903339 -2832.17936882707 578144 64.0523159792076
829500 405032 284.78118825956329374 -1039621.2206650099251 -98.198424702072784953 -2843.03629555819 578175 64.053083726449
830000 405282 286.44658551472832642 -1039232.7070590626681 -51.05492674509805795 -2796.82139317213 577524 64.056987261779
830500 405532 284.88113482210997063 -1039551.2951832156396 -297.8790275549511648 -2764.89179506122 577900 64.0619074238682
831000 405782 285.59654847750539375 -1039026.7090333618689 -209.10239304754145451 -2787.99719658328 577961 64.0735243792851
831500 406032 285.95419022822079569 -1039431.5251830075867 -161.90657407397441148 -2736.79300889938 577812 64.0814223320689
832000 406282 286.7627421520260782 -1039726.9283123083878 -303.37445190478342738 -2723.89533487001 577279 64.0790093988685
832500 406532 286.26171769063955708 -1039531.2789676469984 -225.90072105191296714 -2814.31738768208 577496 64.0758122373964
833000 406782 286.83531964737795761 -1039056.6733017645311 -381.30775319863715822 -2816.37231924016 576961 64.0774930027576
833500 407032 285.31512860964539868 -1039439.011119981762 -191.60041108803670795 -2854.09398628781 578266 64.0755020111272
834000 407282 285.91759205065966398 -1039076.8514633135637 -241.03102690082380377 -2784.13581182066 578327 64.0809854955511
834500 407532 285.44301306918248429 -1039853.2357236220269 -398.71498963156915352 -2813.61137855849 578170 64.0869417539576
835000 407782 286.32933910142429568 -1039345.6431280712131 -182.63464901205398405 -2829.02331049396 577214 64.079907107448
835500 408032 285.77200188758968125 -1039487.8181865357328 -132.53610873990510299 -2820.15247370698 577695 64.0724130515625
836000 408282 286.46020409837836951 -1039543.7933444392402 -170.16048069894230821 -2830.87154788179 576859 64.0699729862206
836500 408532 285.76438833597973144 -1038760.395960079506 -78.999272384609753317 -2825.89535845548 577495 64.0638271239882
837000 408782 285.67157868809533738 -1039586.2548585522454 30.879630956694366972 -2822.82875620482 577969 64.0642246932493
837500 409032 286.79377878101206534 -1039101.0587616087869 -74.270624091269255018 -2901.40228438186 578542 64.0660201860988
838000 409282 286.18607630526452112 -1039561.9055729731917 -361.75744873951805403 -2826.79696148692 577137 64.0653845287118
838500 409532 286.30715304393891074 -1039296.0895821291488 -56.700555507922160814 -2828.35670784584 577147 64.0654518569455
839000 409782 284.93909619435970626 -1039439.3984441620996 -300.90645355535332328 -2901.14536783038 576564 64.0692580334245
839500 410032 286.53743076076477792 -1039664.5724800128955 -240.28360959935602637 -2839.17801248662 577539 64.068920806211
840000 410282 286.09967918646157159 -1039290.9553564926609 -314.21671335214762166 -2791.40019672154 578093 64.0677667666494
840500 410532 285.20343970836370318 -1039605.0572513953084 -54.33503379868096772 -2835.72558436953 577203 64.0638316963847
841000 410782 284.28404421982003214 -1039944.8407442150638 -126.56973693355408273 -2822.67429920741 577569 64.0575660178855
841500 411032 285.77596322333732815 -1039412.9145461488515 -148.6645167741911564 -2865.88672151736 578089 64.0511860679961
842000 411282 286.29157120386025781 -1039363.9888300506864 -408.42010701922339422 -2849.72252050721 577832 64.0453780940788
842500 411532 284.91234516947105249 -1039563.3594004778424 -277.43220841695904255 -2836.3312121842 578154 64.0337509323337
843000 411782 287.0438022168349903 -1039529.6750363067258 -254.42295293369664932 -2797.73720484064 577392 64.022156881196
843500 412032 285.02850502641194907 -1039306.8374676762614 -265.94360852329833733 -2772.17335096492 576740 64.0140751020859
844000 412282 284.06426610481213402 -1039779.7070691989502 -335.37057581851439636 -2819.18220155088 577293 64.0023365681455
844500 412532 285.86292575156323892 -1039388.7861672366271 -205.10899498584817024 -2877.69020302552 577954 63.9921199521955
845000 412782 284.46473321641002485 -1039483.2700083464151 -82.483235424492619359 -2828.19849914979 577689 63.977227076524
845500 413032 287.53197863829268499 -1039752.1182864626171 -394.88404415085653909 -2838.97790094414 577876 63.9655205745996
846000 413282 285.77741180920475017 -1039755.7135968086077 -162.77236868184161267 -2830.16073947286 578491 63.9554663486347
846500 413532 286.63941180737532477 -1039231.6854615951888 -42.714156022659338419 -2903.24185216652 577362 63.9402084163869
847000 413782 285.2052456220555996 -1039508.3868543296121 115.80932678532252567 -2920.02705008027 578330 63.9287000174478
847500 414032 286.3560602699088804 -1039872.9547717797104 45.9547739140456315 -2852.75671214021 578337 63.9167436373205
848000 414282 285.91757495527377841 -1039642.096683497075 -297.72274311591706919 -2829.33598691813 578087 63.9028849194616
848500 414532 285.42944155283294094 -1039405.7591521858703 -254.62195422023557967 -2833.71410774464 577914 63.8874163786538
849000 414782 286.33485080639377429 -1039279.6685608322732 -280.0774741529937728 -2818.87865265225 578364 63.8751558751204
849500 415032 285.67677475332840231 -1039690.8995777894743 -72.103750239539110112 -2853.8866416986 579045 63.8671581298754
850000 415282 285.85671319038124238 -1039699.8467783876695 -25.667602063186972572 -2851.43892063203 578978 63.8570152386406
850500 415532 284.60237868024864838 -1039349.3334507693071 -296.11273297338925659 -2921.32435455007 579515 63.848172363528
851000 415782 286.21391035506263734 -1039464.487177130417 80.792738104060134674 -2877.06883828299 579942 63.8403341994577
851500 416032 287.05069999329458597 -1040034.7742669774452 -304.03309478649401854 -2915.95410127462 578601 63.842136084676
852000 416282 286.68445847013231287 -1039411.8200157788815 -129.08982771282754243 -2815.98520289221 579080 63.8413320259182
852500 416532 284.95851469284815494 -1039647.4442960130982 -165.58756764557006136 -2841.08507775258 578923 63.8395238258186
853000 416782 286.30025522571094143 -1039195.1524441784713 -70.627949085455682621 -2857.53212646825 579802 63.8392970401287
853500 417032 285.52247502721007777 -1039552.9669454282848 14.847947323040949996 -2847.26954067445 580017 63.8350816333139
854000 417282 285.9297950794932035 -1039988.4460173491389 -6.1817489740311426516 -2868.37939275551 579507 63.8298123025195
854500 417532 287.12048015865775596 -1039476.6015159240924 -306.5799755817129153 -2835.61189100043 579766 63.8210001993476
855000 417782 286.54024579879370549 -1040016.2669870788231 -226.63661251567202726 -2850.41424131307 579510 63.8175834067535
855500 418032 286.94203277019795451 -1039502.7296280736336 -398.86100512579332644 -2822.13108442743 579230 63.8134500332576
856000 418282 286.12800412567901276 -1039675.3616221342236 -18.289335341113790889 -2827.62318777413 579461 63.8129100337141
856500 418532 286.10482815506003362 -1039698.7334554464323 -281.97416883884500294 -2842.64279686603 579524 63.8047664138171
857000 418782 285.14028017295532891 -1040057.0700061140815 -21.680124722238158341 -2805.00719892903 579875 63.8003920545171
857500 419032 285.86815782478998926 -1039582.4450804165099 -140.76696614973181454 -2794.31483047252 579898 63.7971962569231
858000 419282 285.48558215671937432 -1040095.1656884013209 -266.98858246186472343 -2807.62691325486 579174 63.7926585675848
858500 419532 287.47726772116510574 -1039870.239393474767 64.990050858018463487 -2827.88232677668 580109 63.7866292784177
859000 419782 285.33941140808650516 -1039769.9616384839173 8.61843601801580661 -2812.88703260484 579052 63.7823364076655
859500 420032 285.99737110365549597 -1039182.4756781741744 109.98171452803603643 -2793.25755968885 580497 63.7767019859459
860000 420282 286.58927934999314857 -1039820.3551104270155 -107.83858329086216088 -2833.99408506751 580444 63.7780066631899
860500 420532 285.34619866762739093 -1039640.3471498964354 -159.96883720574331278 -2863.65066511968 580558 63.7746531132831
861000 420782 285.3541866435779184 -1040022.6848331863293 119.4694101047139867 -2821.96738049877 579883 63.7717099471224
861500 421032 286.06215255561380673 -1039444.3838734944584 -73.069437576996506323 -2819.00931519537 579054 63.7714402742067
862000 421282 286.30276017611339512 -1039268.8816357378382 -146.88678358104183985 -2839.04080943862 580013 63.7687935600494
862500 421532 286.02901965287014718 -1039782.3245964715024 -238.33236990893021812 -2827.15613111843 578537 63.767422627545
863000 421782 287.446813614917005 -1039846.8578958482249 -302.83004454972831354 -2857.89964522316 579429 63.7610896300039
863500 422032 287.11995747238688637 -1040026.4250823939219 -161.92228245886499849 -2885.37301712283 580010 63.7636532878964
864000 422282 285.12958617162269093 -1039419.0292981484672 -125.76774785963768011 -2896.29558531278 579588 63.7683228037765
864500 422532 286.36060440503979407 -1039080.8621452216757 -304.23585949361387293 -2844.75182662924 579676 63.7733328650911
865000 422782 285.26769585312058553 -1039529.6554741299478 -308.82524528223473226 -2859.05936431692 579375 63.7731058359877
865500 423032 285.22260978359338424 -1039275.4707728323992 -123.83751742141876662 -2868.72282851362 579887 63.7749093832376
866000 423282 285.76100203400676492 -1039440.5135151217692 6.7274313459441339447 -2856.6657039787 579140 63.7795228019361
866500 423532 286.19863336076394944 -1039427.4528148754034 86.635737388767182665 -2817.94013421216 580212 63.7877522728168
867000 423782 286.0064697857312126 -1039561.526995984721 39.193114447492149566 -2868.32626939534 578565 63.7948541943686
867500 424032 284.84086098499739137 -1039495.9506669429829 -67.754880553438965762 -2806.26020600617 579922 63.8068104111077
868000 424282 286.21335249599201234 -1039115.8986342565622 -192.00345102996632818 -2864.38535712848 579416 63.8144193502277
868500 424532 285.9161005576013963 -1039800.9037667156663 -121.5945376128429416 -2866.06106069033 578509 63.8219797976662
869000 424782 285.1025305017417395 -1039424.0606416955125 -28.165772134917329339 -2810.00998732913 579330 63.8303997932262
869500 425032 286.88834392030958043 -1039515.7894844079856 -166.88781269080936909 -2825.4251541761 579222 63.8390486104618
870000 425282 285.37315065851186091 -1039594.3242616216885 -427.02480603860675501 -2935.30933324453 579122 63.8486732789841
870500 425532 286.47386437293994277 -1038985.6885003854986 -145.49493752483513731 -2823.8161524517 579047 63.8617476371451
871000 425782 285.45335987928092436 -1039372.9457881926792 -57.819377310231033107 -2837.92934420238 579539 63.8708250298448
871500 426032 286.09888830545844485 -1039115.176474347827 -299.45591890117236744 -2852.40525811814 579042 63.8849135660191
872000 426282 286.33377497573110304 -1039374.9270920894342 -197.82755078054915998 -2822.77920953233 578692 63.8967459030248
872500 426532 285.62704858771655836 -1039475.6457796900067 -346.81284988695858829 -2833.16138000172 578947 63.9104078940749
873000 426782 286.48123140243177431 -1038976.875369422487 -209.44305933613520665 -2820.79637053704 578662 63.9236473613203
873500 427032 285.98696639485990545 -1039557.7999550317181 -454.49692417779954212 -2834.5342876022 577926 63.9373447831052
874000 427282 284.49558198909602424 -1039389.9331256921869 -221.17412292989757816 -2790.156699158 578595 63.956187809063
874500 427532 286.97372677767629057 -1039406.7946896193316 -274.91286622259207206 -2837.13034752508 578311 63.9757787367298
875000 427782 285.57042512707283777 -1039581.4639152395539 -93.163684823476430097 -2798.00281543635 578810 63.992773544138
875500 428032 285.37377484076597511 -1039396.3900153664872 -70.480253698047278021 -2839.83493511359 578307 63.9959971387395
876000 428282 287.23995609653252359 -1039383.7405263592955 -277.9744570944727684 -2847.42806549177 579288 63.9874092438138
876500 428532 285.08412076725193174 -1039430.7700973632745 -240.32503029420948337 -2868.97589899284 578810 63.979112377321
877000 428782 286.34563716419825141 -1039737.6992333944654 -33.702843974476913047 -2921.04658394362 579284 63.9760060293164
877500 429032 285.25484331713738584 -1038710.9560335669667 -219.53681387141239156 -2801.35258367901 579090 63.9729386958947
878000 429282 286.17823605818819033 -1039754.1817959409673 -134.97399569013589371 -2870.91462413998 577846 63.9676567569956
878500 429532 285.99994877809479021 -1039150.1025830124272 46.498997276185171756 -2848.95728200555 578131 63.9659860832173
879000 429782 284.63744193196777132 -1039604.2796329618432 -414.4695185231609571 -2882.24738320968 578609 63.9570662499324
879500 430032 285.87934772069451128 -1039399.7753152968362 -479.06826716472454564 -2890.21694916912 578302 63.9512941530278
880000 430282 287.03052661577845583 -1039631.4073248341447 -283.21725759462856331 -2845.63098483222 577632 63.9498100072879
880500 430532 285.75087466091105171 -1039301.513412865228 -51.4841571161631677 -2866.48205682998 578449 63.9477432028276
881000 430782 285.64186959605723359 -1039438.2823850535788 -155.4608789939043163 -2820.83289432288 578667 63.949643516854
881500 431032 286.37048135615378897 -1039868.942706384114 -167.68028672396206957 -2851.08594201578 578825 63.9562169371096
882000 431282 286.86066359664687297 -1039494.2552393203368 -96.590157755598127665 -2786.1129177027 578862 63.9598744381451
882500 431532 285.46702240635573844 -1039683.0790553918341 -60.858039774854319148 -2852.20476342373 579793 63.9686845716577
883000 431782 285.92086112146694177 -1039232.0993815417169 -347.53386519274567945 -2852.97977399607 578384 63.9703749872482
883500 432032 287.26509805306949374 -1038864.8728244880913 -236.07238720057648607 -2841.36142939876 578697 63.967929705823
884000 432282 285.6790872939543533 -1039310.932285642135 -288.62205395641848327 -2851.54178620964 579297 63.9696261809231
884500 432532 285.05651762803677229 -1039469.2690259919036 -235.78573891519087624 -2856.12084811552 578297 63.9666780496188
885000 432782 286.54367781261328219 -1039703.8017656240845 -216.5364351956840494 -2825.07062248542 578483 63.9654089874745
885500 433032 286.56156059929509183 -1039387.5295381026808 -152.85667239386540928 -2841.87033456377 579164 63.9601528588531
886000 433282 284.94263833367978123 -1039694.7117357264506 -309.74365150060714313 -2833.04939672015 579434 63.9498612296938
886500 433532 286.86059497478009916 -1039556.7536835903302 -382.26923281251896469 -2873.15950615361 579438 63.945655562145
887000 433782 285.47898833489631443 -1039800.1230627939804 -205.6870040471956429 -2867.83290737565 579267 63.9362850996781
887500 434032 285.43063848485871858 -1039588.9212818366941 -117.95289315106001027 -2902.48544794227 579400 63.9338826269864
888000 434282 286.36807541157668311 -1039396.9623062259052 -235.73764644473450858 -2860.52814981067 578341 63.9383854384361
888500 434532 284.72007989837447894 -1039716.1827427288517 -112.94266780920206372 -2902.02052570188 578992 63.9348770528118
889000 434782 286.83801253888918836 -1039606.2990154195577 -396.91456529818992749 -2798.85963454016 578872 63.9313449280062
889500 435032 285.83324566363228314 -1039662.9234847318148 -202.27341803719161817 -2801.99172176576 578778 63.9269439452291
890000 435282 284.63050691808621195 -1039539.9207894732244 -144.16635486358117646 -2811.31483268056 578554 63.917702633421
890500 435532 285.69160875995629567 -1039106.8303241916001 218.8085327918396672 -2811.6187604363 579853 63.9100370687808
891000 435782 285.45901970538091064 -1039838.0250664941268 85.114866378189674379 -2805.24958030376 579734 63.898564468997
891500 436032 285.53135529977726037 -1039384.4688439458841 -151.22806723506042204 -2896.37463385894 578548 63.8839037357684
892000 436282 288.20802431087622608 -1038975.3878196157748 245.6250295251513478 -2833.17415971605 578806 63.8790307957122
892500 436532 285.79050409708952429 -1039258.2125984567683 -209.49539467590020081 -2861.67130579323 578859 63.8694333774321
893000 436782 285.57041531363802278 -1039691.9417227631202 -216.49495952594051573 -2869.22213238937 579009 63.8653479635618
893500 437032 286.26160125093940678 -1039267.9035593183944 -193.47096666338666182 -2875.94153307453 579225 63.8625695763721
894000 437282 285.19257264498986615 -1039307.7827417099616 -288.57495605265432914 -2901.29477071552 579206 63.8614967124017
894500 437532 285.53135760848522295 -1039892.4473849614151 -217.7699801440276417 -2891.57740299462 579292 63.8539981239384
895000 437782 285.26795031301242034 -1039379.4998687531333 6.6152934346624761019 -2807.351941704 579681 63.8563713380798
895500 438032 286.60963606912577006 -1039972.9751842360711 -81.896166293800277458 -2810.53077222472 579452 63.8597547679696
896000 438282 285.28315214862857374 -1039524.6628095587948 29.389006910674691397 -2819.86615321784 579287 63.8631400762301
896500 438532 286.48234637418306647 -1039738.9158089294797 -291.24431738479859177 -2900.38749486029 579991 63.8651298539214
897000 438782 286.27467784323158639 -1040006.7644998532487 -204.11748425471020596 -2909.90139426851 579385 63.8720135715008
897500 439032 286.98727337020551431 -1039350.8366661802866 -175.92159496705124866 -2857.08685592806 578407 63.8780576402927
898000 439282 286.51689790502689448 -1039830.3369745113887 -406.69844818299100098 -2832.88978903875 579126 63.8758394651624
898500 439532 285.78597649779646872 -1039816.1988319453085 -326.97713863059300365 -2824.89349045666 579090 63.8705114321766
899000 439782 286.70852216310731819 -1039219.0127444486134 -156.22649768135281079 -2843.48555606195 579652 63.8620748025752
899500 440032 286.28005245407001667 -1039965.1971688277554 -102.26595745855701125 -2846.87424585284 580039 63.847023993869
900000 440282 285.85982015251840949 -1039869.9400271219201 -88.833088241274467123 -2857.73118102153 580833 63.8301222271694
900500 440532 285.98407083078097912 -1039648.9323698100634 -49.683491944082746272 -2867.75328759885 580644 63.8162870918888
901000 440782 286.78282861358167111 -1039857.5730323874159 -174.17513578419985265 -2834.37232738935 580567 63.8065219973624
901500 441032 285.72712002828149025 -1039735.5239359248662 76.980222828214252218 -2854.85563020101 579916 63.7962698226364
902000 441282 286.02206918361400767 -1039533.8556837423239 -322.28787626805802802 -2853.0535623425 581046 63.7815976201115
902500 441532 284.00591616833071384 -1039725.1351109978277 -16.464582045228716822 -2804.61978203909 579747 63.7732040842292
903000 441782 286.8528455532975272 -1039790.0716664515203 -173.40871051327584951 -2836.69133494898 580195 63.7571557805664
903500 442032 284.70277625528052567 -1039562.742433096515 -124.45417213814030788 -2870.0249336314 579851 63.7470915759539
904000 442282 286.65397886762832513 -1039602.6520557177719 24.779961186117489547 -2820.89985651178 579963 63.7400688123214
904500 442532 285.08802880467720797 -1039560.758148409077 -316.93001925874585822 -2844.81012000673 580653 63.7328524974232
905000 442782 285.76538510845961127 -1039000.9854096570052 -318.43812154131330772 -2812.13804831431 579850 63.720910721266
905500 443032 285.23869671556576577 -1039220.9045254579978 -243.73043744268147748 -2912.76333134826 580164 63.7168312607556
906000 443282 286.61127313322640475 -1039898.0603895381792 -352.25190146390548307 -2867.2885594921 580440 63.7184694295304
906500 443532 287.28012481961815183 -1039458.6317086182535 -7.061694533928694284 -2819.26515197444 579766 63.726924578516
907000 443782 286.31629833470134372 -1039915.9699342864333 -87.730088573828240328 -2866.94576214396 580316 63.7301658883846
907500 444032 286.26725794478818443 -1039711.6009537301725 -41.809798375202319676 -2855.97971954022 580957 63.7299876303638
908000 444282 287.04978753266254898 -1039511.2045068276348 -136.78106496349204235 -2878.11875309459 580680 63.7305618673531
908500 444532 284.86480625416044177 -1039766.6324292833451 31.903577644271532421 -2907.66112335448 580482 63.7424839386913
909000 444782 286.70241691737317069 -1039631.7377051131334 -146.13848005645303374 -2888.51651315827 579285 63.7563521119024
909500 445032 284.73298689430288277 -1039871.8075944568263 -238.01178346181700363 -2863.21812400429 579411 63.7718941898939
910000 445282 285.85502403108142744 -1040092.6777622719528 -313.3236559751447885 -2768.01184922332 580104 63.7921729637657
910500 445532 286.60309433044324123 -1039821.2756770380074 161.65571342400070876 -2861.64247321261 580576 63.805947598828
911000 445782 284.67032873628846801 -1039903.7916349893203 38.223537480689813606 -2819.82970065762 580188 63.8127163758916
911500 446032 286.13452655157323079 -1039687.1568519392749 -163.29646755002175951 -2817.43320829644 580160 63.835132812397
912000 446282 286.34286024719085617 -1039931.4877953905379 -245.40597540908402152 -2829.24375245765 579760 63.8490778074238
912500 446532 285.63454563916377538 -1039928.0856555392966 -281.56170305745138194 -2880.85644213477 580167 63.86637277463
913000 446782 285.53178466353904241 -1039225.6812377835158 11.291956977522451311 -2817.04682877263 579656 63.8818727241766
913500 447032 285.61775197204548249 -1040005.2457776877563 -122.05869159339097507 -2889.28512647851 579550 63.8879625428889
914000 447282 285.80984763994564446 -1039933.8617633749964 -141.46194187346753779 -2851.46393766342 579207 63.8934802476989
914500 447532 286.74122139690132371 -1039731.9183433902217 -101.2777507703458042 -2890.55426979538 578745 63.8981004907792
915000 447782 284.90262713110303139 -1039838.0789057624061 -219.3837127375290379 -2879.2626831204 579054 63.9041658410522
915500 448032 287.17320486803401991 -1039955.7982543441467 -497.81845229749342252 -2923.17185319339 578760 63.9140117885003
916000 448282 285.64816256023067353 -1039665.2023446498206 -320.2858048259834618 -2866.31931660429 578236 63.9223133171056
916500 448532 285.40772218724231379 -1039852.3469999793451 -223.7468504164921228 -2876.28801207919 579025 63.922774411834
917000 448782 286.73670895648029955 -1039891.1157630378148 -204.37176925681538364 -2844.01993274726 579291 63.9175705158701
917500 449032 285.94186039248080533 -1040107.9620550640393 -187.84550151561123243 -2959.39746248676 579045 63.9174793349805
918000 449282 286.46969531340999993 -1039790.7410717942985 -196.54724306023075542 -2857.38244392287 578983 63.918798433541
918500 449532 285.46130458344322278 -1039837.3474840180716 -453.48916866633595646 -2791.79716576003 579782 63.9222288176532
919000 449782 287.04573644442405111 -1039597.2724756812677 -399.78338435437945009 -2866.49346203236 579309 63.9221519996437
919500 450032 286.20777732326735077 -1039788.2236465063179 -100.40270099760979861 -2873.43159371519 579637 63.9153806906169
920000 450282 285.25972441569371085 -1039541.6968886170071 -168.42709980162584316 -2868.09715060624 579285 63.907702618053
920500 450532 286.61038792194818825 -1039807.1964846786577 -180.74971482570060743 -2861.01887935393 578960 63.8979960397414
921000 450782 284.87018688534908506 -1039880.7030671259854 -355.91027664339361536 -2870.49426412078 578973 63.8940737562224
921500 451032 286.68706096739600753 -1039668.3670241347281 -449.58089849983690556 -2891.24121888511 578533 63.896435612774
922000 451282 286.39683337955852949 -1040139.4616885561263 -137.3193499856401445 -2781.37142991324 579769 63.8938201617018
922500 451532 286.03831006285827243 -1039081.3538641022751 -229.04274167266871132 -2831.24215494566 579562 63.8913097483158
923000 451782 286.03957408882388336 -1039743.7017339444719 -267.77967036034470993 -2859.12762779577 579090 63.8912851806866
923500 452032 284.97832182345217689 -1039063.9298431014176 -216.23239398499373465 -2853.23065099488 578973 63.8880039495925
924000 452282 286.15389566568723012 -1039736.6457014599582 -244.58233458118857584 -2855.29507316068 579123 63.8832525193093
924500 452532 287.29688185290478941 -1039520.8334817007417 -448.35950923578468519 -2870.68568729193 579371 63.8829883692363
925000 452782 285.97932944307274283 -1039581.003897220362 -297.20329837419416208 -2837.43977182739 580442 63.8880486993824
925500 453032 285.70743898428008833 -1039723.9998759180307 -149.43914883005024308 -2875.05710107758 579407 63.8904821567568
926000 453282 285.57491681327445576 -1039452.8444715376245 -288.23453520831191099 -2802.99197903488 580181 63.8942321109171
926500 453532 285.88934989585607127 -1039356.3275174904848 -167.40482952528392957 -2833.74186797947 581122 63.8913452629894
927000 453782 285.30545422849507986 -1039424.1239439120982 -279.82152922240726411 -2903.3926819318 579835 63.8835141597843
927500 454032 286.77929850085212138 -1039093.4957281568786 -343.78312653335160576 -2858.49404874104 579337 63.88206235702
928000 454282 285.47710558388939717 -1039549.8694785396801 -346.39502755668382861 -2857.14659193452 579709 63.8852751062021
928500 454532 285.72876023923555522 -1039481.2986293815775 -336.91119036503374673 -2850.58705808003 579365 63.8767591263507
929000 454782 287.38379808596960174 -1039470.4560240162537 -199.96931803419124662 -2793.21936833957 579696 63.8696432935916
929500 455032 284.75262959410139274 -1039161.0048201921163 -283.91021349645222926 -2889.56919599998 578940 63.8631575622243
930000 455282 286.18364167185603719 -1038992.2503913496621 -450.52515423652539539 -2918.42560673804 579738 63.8642767078989
930500 455532 285.46033078618512491 -1039428.9866178970551 -238.49563608237676249 -2896.87509729421 580870 63.8653457697884
931000 455782 285.87762122996622338 -1039613.6800131193595 -437.22095167732476284 -2917.14602494839 580641 63.870359872535
931500 456032 284.81165791925405983 -1039407.2329152590828 -368.59760499364574571 -2845.42562710874 579922 63.8721653869671
932000 456282 285.60126937233792432 -1039427.0858172754524 -312.01744215289420481 -2836.93839282547 579630 63.8756911142842
932500 456532 287.01128550963142061 -1039812.0169072884601 -159.40706396602459449 -2860.35272921612 579864 63.8753895597433
933000 456782 285.76061768440854394 -1039694.0202892671805 -206.68654445267938513 -2853.26522190523 579812 63.8717337633957
933500 457032 286.74183838079420639 -1039378.6120272991247 -350.0928639553082462 -2869.47449925089 580831 63.8670465832381
934000 457282 286.4476722647196425 -1039566.2699868225027 -436.83020783543037169 -2910.71550379004 579945 63.8654787508387
934500 457532 285.73817040117205579 -1039829.2491818504641 -186.19626249790195516 -2873.23499786475 579950 63.859853691032
935000 457782 285.94085415468106248 -1039176.4719590367749 -65.747888721761270858 -2822.88259564251 580136 63.8496042744335
935500 458032 285.55326720170847921 -1039714.9482128028758 -2.5593080684387539137 -2833.90872497429 580276 63.8383163044764
936000 458282 285.98862026792158986 -1039742.082667970215 -377.25374477906058246 -2912.10104731577 580495 63.8288768841835
936500 458532 286.63937877015956701 -1039080.9651955356821 -68.375164297227357224 -2814.47378331274 580258 63.8194771800547
937000 458782 285.38832665004025557 -1039694.444980216329 -214.04528318814772092 -2857.56114189801 579430 63.8115977686569
937500 459032 287.52212178339249249 -1039886.4516873039538 -250.04308773026801305 -2863.9990301588 581421 63.8051636152014
938000 459282 286.51910932482434191 -1040001.3392249573953 -320.4518047747392302 -2861.49636580234 580582 63.7985788453205
938500 459532 287.15354290417695893 -1040067.569004093064 -244.79622819006308987 -2848.03193482777 580653 63.7882022223007
939000 459782 286.72942662953425952 -1039200.2614159511868 -184.36242503325334496 -2847.7127817266 581291 63.7784907932109
939500 460032 285.98423371077836919 -1039826.2116904348368 -56.087609366776497666 -2848.34807050039 580403 63.7739249177797
940000 460282 285.32197350747981091 -1039159.0754909747047 -163.5094155931934381 -2871.04548661762 580670 63.7730314515819
940500 460532 284.8449119494794104 -1039704.1407252179924 -424.09259659553396205 -2883.27779891491 580222 63.7700870784086
941000 460782 285.88070597489627289 -1039203.1687359286007 -180.30645381266202776 -2859.33273535951 579674 63.7756712891681
941500 461032 285.84336523082487247 -1039609.2306070107734 41.887247453623743354 -2894.6140918686 580830 63.785413502767
942000 461282 286.57481146953051621 -1039797.2693719780073 -218.95316847254463255 -2870.26201302356 581329 63.7812119598813
942500 461532 285.03074766337147139 -1040064.7292534625158 -205.83836032935136018 -2856.84672514665 580803 63.7857964329286
943000 461782 285.48861936510252235 -1039526.3072415033821 -112.78040810935647187 -2881.17864047042 581491 63.793168450898
943500 462032 284.74891180932178258 -1039417.388340555015 -198.67524034517461473 -2887.19131814976 580652 63.794622437187
944000 462282 285.34831524534439495 -1040132.5720872003585 -147.90615762185626636 -2909.17610350129 580061 63.8007242060536
944500 462532 286.55437391354280408 -1039770.088966862415 -109.89877253485838082 -2860.61655404204 580318 63.8035447826884
945000 462782 284.99953230404702254 -1040123.6933867878979 -316.25553351766922106 -2832.97796502179 580863 63.8098997025673
945500 463032 286.35093798459234904 -1039893.9119050556328 -314.27949572568257963 -2890.03587815307 580680 63.8209541665315
946000 463282 286.76791745895491204 -1039901.7914216626668 26.678527772862075551 -2907.02424184555 579761 63.8338038939838
946500 463532 285.42194848326903411 -1039899.1012480752543 -304.75960426196854769 -2855.91226155753 580071 63.845659581785
947000 463782 286.01193703020254588 -1039316.8376136230072 -514.03487098595621774 -2897.25501840426 579698 63.8484876414879
947500 464032 285.49537321432273984 -1039798.7254297962645 65.849918810519142198 -2908.0002800961 580185 63.8551045434552
948000 464282 287.41553455711431297 -1039559.3831132648047 -29.033945548660589964 -2875.14022712837 579722 63.8603557952011
948500 464532 286.75073203342617489 -1040099.8422478596913 -15.771786557350921498 -2906.92456750287 580146 63.8641272391704
949000 464782 286.67775176500521184 -1039791.3378374229651 -97.801696657392227507 -2858.88905706813 581040 63.8613659231433
949500 465032 286.42206883071611401 -1039800.4662546332693 -136.61426121267456324 -2841.19504035621 581266 63.860224933465
950000 465282 285.14198129299842321 -1039505.837758449954 -38.505582845744235954 -2861.92091931639 581152 63.8549444498274
950500 465532 286.99322652701494007 -1039557.28347329807 -472.09643509578080511 -2884.99169023717 579655 63.8433118400618
951000 465782 285.24530176727597564 -1039549.9989258528221 -130.80941862619678773 -2845.70307950281 579798 63.8324690050467
951500 466032 286.3089736210053502 -1039421.8468459011056 -75.187403261830411338 -2850.39389259527 580865 63.8220226136694
952000 466282 284.05390834091730312 -1039139.3575094394619 -288.95463684511480551 -2804.89871370963 581019 63.8209064629901
952500 466532 285.27662366900392499 -1039450.6231320109218 71.759885943638010986 -2899.67005503552 580680 63.8156599928973
953000 466782 287.04345279715113293 -1039171.0354331553681 -184.41012153712645727 -2852.29197719117 580006 63.8093833249229
953500 467032 284.85577555969678087 -1039302.8989367622416 -190.57964172170088091 -2917.03551745825 581179 63.7973415977069
954000 467282 285.92410219814473749 -1039495.9777992980089 -411.31975946115073839 -2873.53757185262 581075 63.7914157353616
954500 467532 285.36114870381885567 -1039670.8549480623333 -312.90375077928570136 -2922.68500750336 580714 63.7877211721482
955000 467782 286.74432323270059442 -1039263.3173375885235 -284.61740240689789516 -2940.87203614387 580225 63.7903696407602
955500 468032 285.54635775612024418 -1039330.2210174993379 32.564524039794768839 -2911.90732793951 580535 63.7944952641474
956000 468282 285.80423464943038425 -1039569.5374396053376 -365.87345660178516482 -2981.35947516168 578778 63.8111035154171
956500 468532 285.34793120994550009 -1039892.2016451563686 -266.28694168147512755 -2953.90372510538 579421 63.8271831401911
957000 468782 286.26849712303561546 -1039587.3746582517633 -322.34368629873665668 -2953.87130435435 579730 63.8329958276269
957500 469032 284.91839376194400302 -1039604.209224590566 -169.77213463067204202 -2883.14080296482 580870 63.8402398319293
958000 469282 286.75946400064913178 -1039469.1460235947743 -325.58426421665291173 -2934.28349527255 579776 63.8479013330927
958500 469532 285.00460526929555272 -1039663.2760629963595 -307.83625153647648176 -2922.19642128324 579218 63.8617285849138
959000 469782 284.55794854285687734 -1039044.2052473672666 -227.47558254689391788 -2896.04989726497 579971 63.866682664065
959500 470032 285.70151731182221511 -1039075.065149725182 -340.08034293642725743 -2892.75833076771 580529 63.8657106348276
960000 470282 286.31278068587033658 -1039902.2666045360966 -501.87642715347044486 -2901.55493412498 580297 63.8725247606268
960500 470532 285.04939441899574604 -1039625.7303862317931 -171.86298102404555266 -2897.08706899329 579925 63.8727302336238
961000 470782 287.10580399044738442 -1039500.5125786309363 -219.31453164758056573 -2895.27876082845 579488 63.8737877450992
961500 471032 285.53115718604607309 -1039767.7331662249053 -133.5788845673762637 -2892.3721267337 580123 63.8729580994073
962000 471282 286.30970488259811191 -1039745.3753435210092 -238.86510742325859269 -2888.63294727249 579588 63.8750916709148
962500 471532 285.83310050682331394 -1040046.8915223506046 102.53978893888942991 -2914.80673134259 579543 63.8726991750456
963000 471782 285.65731108443873154 -1039589.2262692211661 -126.2810748807591068 -2862.64431248845 579912 63.8726788345974
963500 472032 285.58272619443596341 -1039372.0771535303211 -71.375406101841576856 -2913.71547496967 578866 63.8678046177501
964000 472282 286.01806510875138656 -1039687.696432886878 -247.83339550402394025 -2888.40042653205 579691 63.8704344241098
964500 472532 285.41574639389023105 -1039556.9798710354371 -115.90928089062488482 -2905.27210577293 579304 63.8760468558997
965000 472782 287.57764646574065637 -1039509.955709520611 -220.15670532021312056 -2937.45472130972 579926 63.8826716224836
965500 473032 286.07445785753088785 -1039771.9811169296736 -302.83063977569759118 -2889.45437857173 579286 63.8827024859184
966000 473282 286.94317631115615086 -1039340.7151312654605 -59.120875706784005388 -2922.03441130056 579302 63.8812129435759
966500 473532 285.96580595629495747 -1039938.6506028424483 -162.01776771200024996 -2855.14948183914 579721 63.8812097193566
967000 473782 287.36879976107047696 -1039719.2064316326287 -116.53222017429571622 -2908.80604713742 580106 63.8720942398092
967500 474032 285.80895853376694049 -1040124.9812195397681 -450.88383418865402064 -2856.43505983401 579271 63.8571848876563
968000 474282 286.18536347814000464 -1039524.4273445513099 -97.114620352704278616 -2878.53845694577 579197 63.8459760754164
968500 474532 284.97910000971245381 -1039670.5246813965496 -366.61009713496923723 -2938.7646980755 579541 63.8386149687533
969000 474782 285.27986110148799526 -1039593.5742506161332 -196.23111778939212968 -2922.11457535968 579593 63.8207789545822
969500 475032 286.33527810211722908 -1039472.8267640335253 -476.15477494334277253 -2959.00776175527 580193 63.8048008425309
970000 475282 287.32505357137819146 -1039553.7120088477386 -149.58859285813517204 -2876.14915889501 579524 63.792239183758
970500 475532 285.40615431020864889 -1039716.2983161940938 -279.21980577697701165 -2899.77388824465 579683 63.7866024534905
971000 475782 286.12245450063676344 -1039385.3588131288998 -66.949314779481412074 -2938.56074643538 580023 63.7769528979539
971500 476032 285.73350111109181171 -1039946.4055287241936 -132.69058150050645395 -2875.47778832419 580060 63.7648173002909
972000 476282 285.85020835828515828 -1039449.9676821108442 -297.46408590800791671 -2883.34180511131 580440 63.7578149856317
972500 476532 286.39639711870586325 -1039723.8136697320733 -486.85732975813266421 -2882.42592776037 579858 63.7535183486203
973000 476782 285.71414275615103406 -1039683.2986050664913 -284.88062745825209277 -2883.82061113093 579915 63.7488196592148
973500 477032 285.43619309509529103 -1039705.3293029821943 -357.69855143805614262 -2897.22310834986 580041 63.7361480374989
974000 477282 286.07188610141224672 -1040219.245245089056 -320.57375916046873954 -2867.87306395665 580238 63.7271562478047
974500 477532 286.50295266365719726 -1039891.2354944936233 -143.92898484853091645 -2945.88843889339 580246 63.7208239931319
975000 477782 286.25993185966035526 -1040295.5935549935093 -63.176075027728998634 -2952.50229932657 580616 63.7100055561789
975500 478032 285.64432203274770927 -1039591.2729057029355 17.924321298175083683 -2902.54048337765 578979 63.704517313106
976000 478282 286.63398318163984868 -1039475.0238008068409 -169.27049942322952347 -2941.09879334903 580948 63.7066278574455
976500 478532 286.03704809750723825 -1039668.9219190051081 -216.81906813075141827 -2924.30122048949 579560 63.7100980900326
977000 478782 286.60398332376917097 -1039831.8191513712518 -68.842935115780250044 -2923.18774496082 580408 63.7196458980388
977500 479032 285.81561124104695182 -1040207.0449615669204 -245.73238909461869639 -2968.54035904459 579430 63.7161702705254
978000 479282 285.65469720929110053 -1039662.6160617632559 -102.1890718840591461 -2906.13004197758 579306 63.7180667779448
978500 479532 286.69362035045691073 -1040034.6332123773172 -144.67938492855603272 -2917.74698086294 580680 63.7263515289434
979000 479782 283.49015244747369024 -1039615.9714929901529 -62.763118277949224932 -2968.94201190909 580497 63.7318416608314
979500 480032 284.85547909865709926 -1039494.5695080664009 -205.30830921373683395 -2975.56075584334 580189 63.743523639837
980000 480282 286.16184291734907674 -1039800.5488807415823 -90.984618451868044531 -2906.52725664167 580108 63.7548169563609
980500 480532 285.12147978384274438 -1040012.0789485429414 -243.13944877277742762 -2911.8107269493 580783 63.7637918611828
981000 480782 285.52171344044114676 -1039472.7418394851265 19.684306941094313004 -2908.01552831636 580924 63.7682330864778
981500 481032 285.2448500596563008 -1039827.2051965299761 -199.95839603624813208 -2871.66547387699 580492 63.7761693504763
982000 481282 285.19869675028019174 -1039617.3677055009175 -234.59254635697973868 -2912.18612516114 579080 63.7841216415316
982500 481532 285.21856272917938213 -1039311.3689842675813 -113.06223153426505235 -2925.33935106064 579730 63.7854818452938
983000 481782 286.04324674609250678 -1039370.9946664228337 -25.337495598994259183 -2908.52957411906 580651 63.7850183666663
983500 482032 285.34022616306612008 -1039812.051468566875 -196.85814716820783588 -2937.08858221866 579724 63.7872759450537
984000 482282 286.85449835634273086 -1039852.8786715639289 -157.027153696272876 -2908.16669952455 580726 63.7861454589515
984500 482532 286.02108736756747476 -1039779.627946120454 -284.39032368426018138 -2887.63027291766 579705 63.7824355953512
985000 482782 285.08796380952543359 -1039760.0684600899694 -193.45280704506723168 -2950.61512431432 580136 63.7739120939208
985500 483032 285.18155597033285176 -1040012.5266620394541 -190.1037961397408651 -2905.33397793443 579925 63.7672290990581
986000 483282 286.57363525968094109 -1039605.7524556005374 -300.05753881909691927 -2948.84572982727 580104 63.7716253954994
986500 483532 285.14458736544145268 -1039990.1537666021613 -180.92729342744144105 -2931.18332345532 579416 63.7726582116688
987000 483782 285.6512879832500289 -1039761.1505762169836 -157.4780606466276538 -2967.32200848045 579921 63.7724199813808
987500 484032 285.08996659999405665 -1039106.990503246896 -16.353229353035597882 -2942.15500478228 580059 63.7648175514588
988000 484282 286.3376149542824578 -1039778.5126184263499 -435.07932854281364143 -2974.86852286487 579689 63.7703651995715
988500 484532 284.88556539933040312 -1039671.8785449017305 -164.2449115674271809 -2952.68533875033 580718 63.7690636573932
989000 484782 286.97725030256009404 -1039666.8910036230227 8.8995964588274976137 -2921.75721596573 579960 63.7699562475223
989500 485032 285.48884043978256386 -1039544.7927862768993 -7.4663771440649204791 -2937.70572256314 580232 63.7674732680135
990000 485282 286.73516139182584084 -1039279.8944505639374 -33.970108957959624263 -2906.83448429624 580744 63.7639215131361
990500 485532 287.1856671013898108 -1040125.1860297125531 -400.76670606164583432 -2891.49392537812 579936 63.7628507056216
991000 485782 285.79333059324369515 -1039954.7410335928435 -95.107926409263427558 -2910.67973262383 580571 63.7511070656654
991500 486032 285.47191878543361554 -1039459.1653251140378 -21.920028607300409362 -2930.9641378912 580836 63.7491249867541
992000 486282 285.58731738371608344 -1039558.5714198363712 -99.316099012613790364 -2988.18768294453 580346 63.7528802744101
992500 486532 285.91867710209197639 -1039882.1474554672604 -127.17779265368997699 -2919.08334621088 580253 63.7639050950966
993000 486782 285.45387575105058886 -1039427.673349848832 -235.66659955329626541 -2937.98112221893 579445 63.774038094665
993500 487032 283.66457956462119228 -1039849.5022394368425 -379.28943066512545101 -2935.15537426607 580208 63.7849516692768
994000 487282 285.5277705054311923 -1039559.260643608286 -169.72167778197837151 -2935.29519648969 579292 63.7981855394791
994500 487532 285.50801816039501091 -1039541.2812093017856 -177.68417512272290537 -2863.35622636199 579604 63.8128402747634
995000 487782 285.46953372639154622 -1039597.9797166376375 -77.680349299680514719 -2889.06731813316 579587 63.8176894427287
995500 488032 287.18971567742272555 -1039439.3467635196866 -90.392849832473814331 -2872.73350147286 579195 63.821875330034
996000 488282 286.32188731986894936 -1040017.361154790502 -358.78120990272765312 -2871.36442177085 580587 63.8296726652935
996500 488532 286.56803811707408158 -1039306.7591050856281 -273.81978080006109622 -2880.92179823642 579821 63.8328356580582
997000 488782 285.3857016026656197 -1039405.9132202023175 -164.31324157499057037 -2946.37346904275 580112 63.8347551277833
997500 489032 285.27661364888842854 -1039500.299370497698 -7.4842266386154543412 -2896.37405418434 579460 63.8430866232956
998000 489282 285.52898925888064241 -1039961.5384451498976 -360.07494972548010992 -2894.12313731866 579730 63.8576300854011
998500 489532 287.04671160716316081 -1039686.699684793246 -103.45261599085729642 -2834.00244869027 580127 63.8693898393835
999000 489782 286.20561097681860474 -1040004.3487738827243 -221.95964093180623422 -2881.70526738659 580422 63.8759232654798
999500 490032 285.58855639134617377 -1039343.5204996910179 -310.15894916212477028 -2885.3603635777 579127 63.883600338684
1000000 490282 284.62464307846880729 -1039775.7895091880346 -236.79907951704097968 -2876.38437327538 580640 63.8945339966051
1000500 490532 285.91442738021629566 -1039612.7929527786328 -269.43730485288074306 -2877.61099076854 580139 63.9013131730263
1001000 490782 285.76617807930131221 -1039423.5505834096111 -254.88395614684776547 -2859.66179080436 579128 63.9013150053788
1001500 491032 284.97494496408319264 -1039969.3262575209374 -234.31890261621353488 -2885.95192491328 578996 63.8987684104147
1002000 491282 285.58121575903243183 -1039510.3371353194816 -355.47694148219449062 -2909.96855941573 579706 63.8896097731211
1002500 491532 284.87480032098733318 -1039853.483954907977 -142.7029580034265166 -2925.96823279614 579574 63.8828997641303
1003000 491782 285.16985905933739787 -1039698.5742809813237 -311.09834819769781689 -2935.9426681438 579320 63.8718098438582
1003500 492032 285.81256292723350043 -1039568.5830028762575 -217.10430360103904945 -2942.21387718909 579482 63.8642956087514
1004000 492282 287.14119800553544337 -1040214.0372669287026 -284.08138043131299355 -2933.30686249028 579514 63.8512613031478
1004500 492532 285.17397560147128388 -1039856.0102139220107 -324.13128537777379279 -2926.11201731958 579768 63.8441023904143
1005000 492782 286.9905550886201695 -1039726.770277135307 -518.09616895304725404 -2896.18787258116 579962 63.8345198945633
1005500 493032 285.76815503805602248 -1039973.299474093481 -159.55173686684204881 -2929.94143279672 579549 63.8233573813229
1006000 493282 285.90057350231188593 -1039933.5474697080208 -404.0436380011723827 -2971.55802772175 579436 63.8149624188555
1006500 493532 285.7764419205460058 -1039851.1332792891189 -193.34194270854433739 -2915.53549511391 579293 63.8072175194967
1007000 493782 285.86266469567135573 -1039758.1188473672373 -169.66604980626163979 -2977.73648446726 579868 63.7997974830317
1007500 494032 285.4252266565652576 -1040231.5590193208773 -77.158257811471941068 -2937.69912235493 579877 63.7954128505927
1008000 494282 286.6647641912940685 -1039728.8160221285652 28.227224476230492911 -3001.64092808189 579753 63.793837776314
1008500 494532 284.51122613968533415 -1039886.8169546265854 -163.14684648549297208 -2945.66654032091 581252 63.795152905805
1009000 494782 285.23996188340856861 -1039653.4464226139244 -341.88158890913348387 -2945.74140191041 579421 63.8038785722475
1009500 495032 285.66495479997354323 -1039612.7393583622761 -475.15044192678124091 -2990.9391970342 579789 63.8079397552617
1010000 495282 284.4314941642849135 -1039766.6675478584366 -331.60429468084521432 -2955.30275757873 580638 63.8048148878972
1010500 495532 285.9974352469596397 -1039631.3169967916328 -65.081285422243752237 -2974.02670030389 579481 63.8060897807401
1011000 495782 285.44082106128820442 -1040185.0088178346632 -18.543204669471126778 -2911.63787693341 580069 63.8074889954388
1011500 496032 286.16108985083906191 -1039903.8366313846782 -304.28461378192491793 -2932.10755995587 580433 63.822877262731
1012000 496282 285.6580131897852084 -1039450.1071317613823 -27.239571076522299364 -2921.67574998473 579783 63.8280970969718
1012500 496532 285.5443252368572189 -1040190.1795405694284 -50.14303588859804961 -2975.75203755706 579879 63.829113469042
1013000 496782 286.56700251518219602 -1039983.4935801392421 -274.0391196933733795 -2928.64989181241 580060 63.8354619693484
1013500 497032 285.20427752679330524 -1039489.5696833082475 -97.258612937082418171 -2928.31268161383 579307 63.8377786872089
1014000 497282 287.13507051759114574 -1039387.2947775532957 -560.63812486117842582 -2916.66811002472 580699 63.8412006336347
1014500 497532 285.3843877717387727 -1039608.8120674333768 -127.29196543802503072 -2941.97832838186 579849 63.8422362376184
1015000 497782 285.47352244066581761 -1039793.3966108699096 -309.07893947739773921 -2917.07777374258 579692 63.8403257403961
1015500 498032 286.91678382480353093 -1039504.0301115979673 -207.5522329630390459 -2996.68180634659 580368 63.8407707382295
1016000 498282 285.34873681223115227 -1039793.7700805872446 -125.68536420024130962 -2983.84258569285 579568 63.8406611193906
1016500 498532 286.55400256259628122 -1039991.8933726308169 -135.34891727459313415 -2927.41341166024 580218 63.8306034780809
1017000 498782 285.1699656697219325 -1039727.4869613964111 -170.83836473189728622 -2939.55349518713 579686 63.8262291447512
1017500 499032 286.15603037244386542 -1040296.682938279002 -260.53679574516974071 -2960.71015903443 579872 63.8126404638688
1018000 499282 285.793810704663656 -1039355.3751880493946 -19.632799123022063981 -2994.71198709354 579691 63.8022168733186
1018500 499532 285.06513337717848344 -1039981.6988073840039 -256.70923805893107783 -3012.96634356192 579954 63.7974269178797
1019000 499782 285.60312885566668228 -1039576.3353886764962 -343.91775163032508544 -3019.00935806972 580322 63.794441757243
1019500 500032 285.17604642388084812 -1039974.5182630373165 -116.148480321251796 -2950.10490561128 580464 63.7932844717653
1020000 500282 286.40449972596883299 -1040076.2819225804415 -32.400988323090288645 -2943.50098055822 580199 63.7923609372507
1020500 500532 286.35833598970037883 -1039928.4422520791413 -46.404589941673251019 -2989.4308909714 580508 63.7898753159196
1021000 500782 284.81990753533483485 -1040248.6042796775 -217.58081440966071796 -2995.99750556871 580866 63.7882298150366
1021500 501032 286.65048322369005973 -1039978.7725142241688 -72.159894550476508357 -3021.4036276888 578979 63.7832551662697
1022000 501282 284.26861884093318622 -1039661.9140285180183 -71.253502980263107247 -2999.93254987239 580835 63.7749620664436
1022500 501532 286.17997973057333638 -1039710.6445054567885 -87.035837547978843531 -2976.90332219044 579963 63.7752738130228
1023000 501782 285.87522163133189679 -1039994.4097165087005 133.99492977966235685 -2981.44511657871 580495 63.7745687756073
1023500 502032 284.78754630078526588 -1039372.2046812907793 -173.60038415298822656 -3019.68994175971 579798 63.7734114415326
1024000 502282 288.32037323083608271 -1039687.4752947175875 -85.937390029570522643 -2936.35396116622 580679 63.7703020070072
1024500 502532 285.91971561973122107 -1039837.7948442768538 -354.5822170045281041 -2953.81006018759 580098 63.763714729511
1025000 502782 286.65656011693863547 -1039741.1365392273292 -18.028595627631958109 -2976.74977693363 579649 63.7634462590722
1025500 503032 284.90568189927677167 -1039605.7153789085569 -442.68983381108529329 -2998.21606350828 579154 63.7619184314489
1026000 503282 287.03687308535148759 -1039989.1218710555695 -206.53777503640756663 -2991.5503243143 580708 63.7506159192182
1026500 503532 285.83886934256418044 -1039528.9899248908041 -306.27167687541123087 -2977.1765853855 579640 63.7403275988826
1027000 503782 284.6153298539919092 -1039904.0584443662083 -153.09106046870320483 -2962.85234437511 579856 63.7290580673282
1027500 504032 286.49103411319748602 -1039658.4625876207137 -312.84420533322543179 -3022.45033385347 580201 63.7229816157835
1028000 504282 285.08374610563242868 -1039746.8406076208921 -317.17620257485947377 -2915.81934999922 579718 63.7298917173288
1028500 504532 287.14162803123093681 -1039551.8789162414614 -199.928660922918084 -2947.98381682468 579126 63.7304394524826
1029000 504782 284.77760475051849198 -1039439.3802585152443 -237.00800698148452739 -2907.69482025143 579910 63.7358241340082
1029500 505032 285.57576006364638488 -1040101.4467228535796 -202.89493455132065947 -2915.91391546817 580314 63.7441239611574
1030000 505282 287.88322101764418903 -1039649.7700276223477 154.4864530146553534 -2935.61488650994 580570 63.7477559927408
1030500 505532 286.31460548792762211 -1039927.1861187485047 -22.669724504228874196 -2950.60550334875 580468 63.7594012943687
1031000 505782 285.4117160881345967 -1039669.5515244660201 -406.69562213770450398 -2956.71463156094 579268 63.7631445762165
1031500 506032 286.63158450889284268 -1039528.1220198889496 -208.06289844026252922 -2989.09271187642 580437 63.7646380073191
1032000 506282 285.72113450682263647 -1040098.3922692677006 -203.12818800793516516 -2978.57802648945 580048 63.7666490165497
1032500 506532 286.83706504674341886 -1039751.6674609075999 -313.64749288275771733 -2945.7228702905 580327 63.770279080786
1033000 506782 285.50061739055212229 -1040111.310644467012 -109.86641081070597181 -2964.81705704148 580110 63.7783722974274
1033500 507032 283.85716752772663085 -1040435.3731555920094 -228.20451455312866074 -2944.27087125636 579448 63.7845133836113
1034000 507282 286.81867675898899961 -1040222.1757890415611 -211.15247381340336119 -2932.00850633767 580600 63.7866670024841
1034500 507532 286.17036707770051862 -1039748.0553407573607 -359.73397905509165184 -2955.96602357603 579864 63.7911156458446
1035000 507782 284.70012904855803981 -1040052.7477044458501 -339.22475050833691057 -2925.16917398173 579616 63.794196313676
1035500 508032 286.783555620850791 -1039869.6114687104709 -382.34419993595355436 -2932.62798537149 580368 63.7932899186231
1036000 508282 286.22355750578941525 -1039892.4994332742644 -343.24099233729924663 -2927.50604184092 579642 63.7938862735674
1036500 508532 285.19512384769370783 -1040173.9283035745611 -177.4419813510469055 -2908.0107468332 580708 63.7963041477396
1037000 508782 287.18409872943550454 -1039977.0954271962401 -85.000141230165752404 -2913.51535216685 579929 63.804262134869
1037500 509032 285.97547891143034349 -1039928.1486702080583 -200.62653065907443306 -2921.99753772942 581031 63.8127345532594
1038000 509282 285.8148089288091569 -1039308.5279054197017 -149.92963364003537663 -2905.1904278218 579753 63.8204776742288
1038500 509532 285.8925100792641274 -1039829.9321966086281 -331.81424992849991895 -2913.87639403901 580158 63.8202808873392
1039000 509782 286.24691138619652975 -1039915.0900446593296 -386.92652459781646712 -2915.78521722309 580146 63.8214667134709
1039500 510032 286.40522352390252081 -1039692.2947206102544 -82.85364042064574619 -2899.56326677132 579908 63.8237430125849
1040000 510282 285.08923904430696439 -1039784.2464789120713 -121.54159512048600789 -2910.02892118231 579773 63.8227992777527
1040500 510532 285.45388322553321814 -1040374.2978983565699 -461.09101234966607308 -2937.20716744886 579322 63.8187297235666
1041000 510782 285.66497812288594105 -1039593.3145481136162 -152.1153488764628321 -2920.61509367245 579293 63.812616647899
1041500 511032 286.69442912324092276 -1039685.5828112319577 -66.593825585932208355 -2948.10289996547 579966 63.8116097707862
1042000 511282 285.24882380576406149 -1039973.1940173868788 -96.008477402051440208 -2879.94384735486 579930 63.8137256959099
1042500 511532 286.37857558639950639 -1039653.7695678290911 -219.09790093782297049 -2869.46039779519 580892 63.8102525415691
1043000 511782 286.48362673283281765 -1040106.1193522096146 -269.91938546094087314 -2921.14882868292 579568 63.8050277455704
1043500 512032 286.24949928098050123 -1039546.9327699821442 -94.617941754296623458 -2882.59656619298 580495 63.8013307970092
1044000 512282 286.78372453925186392 -1039892.0075085585704 -218.75500611922362282 -2916.48996749551 579932 63.8045683603192
1044500 512532 286.54738377931613513 -1040083.2596794739366 -318.44583484113917393 -2921.0025203843 579231 63.7995765151741
1045000 512782 284.91915810152028143 -1039810.4167509593535 -229.82419641985921999 -2896.49705801228 579861 63.795861488277
1045500 513032 287.77414069253705975 -1039897.5666074545588 -221.75452841163939866 -2908.97173401063 579817 63.792791816789
1046000 513282 285.76853074922740916 -1039965.9664079063805 -67.037213931535546863 -2949.62708901045 579818 63.7884750190522
1046500 513532 286.05672509256265812 -1039913.784327538684 -274.44079774757273071 -2939.49294769175 580272 63.7878320426613
1047000 513782 287.469791563055594 -1039606.1155655346811 -277.79581438965277584 -2919.23115893483 580632 63.7863615667571
1047500 514032 285.67621281421617141 -1039832.07272109529 -234.45161831915063999 -2945.75280322083 580051 63.7839868091011
1048000 514282 284.80781884046621144 -1039691.9869161350653 -314.14493349769145425 -2960.0977519012 579751 63.7815553898261
1048500 514532 286.85633829853446741 -1039819.5923814900452 -173.75213635536630363 -2911.75536414152 579432 63.7796716117183
1049000 514782 284.59711441046891878 -1039505.3066258992767 -108.90460172489908075 -2996.11618584347 579818 63.7811159560505
1049500 515032 286.36594140864195879 -1039420.3761476529762 -296.39140723172056369 -2904.04586980266 580100 63.7810918760409
1050000 515282 286.01465845113540354 -1039641.3395852381364 -385.03457133309586879 -2912.77499139359 579329 63.7871436248339
1050500 515532 285.36135175984236412 -1039895.7782750488259 64.262352031676130082 -2885.96775876575 579213 63.7895564811968
1051000 515782 286.64378130796967525 -1039422.791401137365 -241.23552835560568042 -2933.76519908427 579323 63.7951659006735
1051500 516032 285.30537835777244027 -1039737.159797191387 -276.74992186603867594 -2952.63652946401 579347 63.8012145250655
1052000 516282 286.47651834132472004 -1039564.4426437666407 129.51485817603185069 -2868.73699524778 579819 63.8111058721435
1052500 516532 284.23382263553838811 -1039372.8647615172667 -18.410837099251640581 -2909.96283326636 579848 63.8185982530255
1053000 516782 285.95651889042909488 -1040003.1936386990128 -305.1327606236644101 -2934.74239688202 579363 63.8261062214188
1053500 517032 285.72642509241876496 -1039389.0921920754481 -188.9567503171006706 -2915.70494062092 579064 63.8272271869941
1054000 517282 286.04395585841700722 -1040039.9786828972865 -75.690869833605972872 -2893.11616495593 579051 63.8367118494505
1054500 517532 287.13692660525623523 -1040032.1273473087931 -386.41607791489133206 -2938.23861727354 579037 63.8373350773521
1055000 517782 284.61326419841930147 -1040131.1892636583652 -54.652651122249437776 -2932.87266829931 579159 63.8411021534347
1055500 518032 286.06525999292750839 -1039675.1732886430109 -187.65194686503969024 -2908.65937820981 579607 63.8513740803697
1056000 518282 285.78678579412991212 -1040097.5517121432349 -226.99305708929395564 -2970.15555498277 578695 63.854856225221
1056500 518532 286.5579897094942794 -1040059.062686414225 -142.10562206148057385 -2951.2549112272 579239 63.8628031055893
1057000 518782 285.86951565160978816 -1039827.2716931593604 -327.64225053859615855 -2934.86277382861 580597 63.8661015364428
1057500 519032 286.27863149246360308 -1039891.7720742012607 25.112357025304739011 -2918.39096284029 580004 63.864971720119
1058000 519282 285.45523208566726225 -1039840.0014849597355 -364.69773234307297116 -2918.69467785247 580495 63.8602482201985
1058500 519532 287.11288261263655386 -1039729.5669695086544 -370.19466580066330152 -2877.20234658681 580237 63.8624313562065
1059000 519782 284.56661155336684033 -1039780.53601490031 -273.0465017997863697 -2948.96010721093 579803 63.8637706296807
1059500 520032 285.74917393555239187 -1039649.1411390138092 -137.31396011531057866 -2957.07175794412 580758 63.855426045219
1060000 520282 287.73461874169203156 -1039708.9708567116177 -181.72125210931045558 -2953.64080989228 580374 63.84910407109
1060500 520532 285.70216988903285937 -1039955.1816571147647 -376.46154340680254791 -2875.37523140405 580474 63.8382074555668
1061000 520782 284.79617000616832456 -1039868.1613197944826 -187.83719546182467752 -2870.07101098836 579543 63.8234429980197
1061500 521032 286.71847615161289013 -1039754.7163769470062 -236.56016498096789746 -2926.93187530588 580401 63.8176103119579
1062000 521282 284.87950649847340401 -1040045.8226594941225 -150.35163176875082058 -2912.37504991075 579590 63.8087990330965
1062500 521532 285.80675292300583124 -1039925.4225429780781 -185.15829077446613837 -2984.29871456955 580002 63.7969480149371
1063000 521782 286.16857928828972035 -1039971.0106901588151 -212.32782861556333387 -2947.92950590602 579582 63.7768569353822
1063500 522032 286.41847397234522532 -1039314.5414203320397 -246.04745361715706053 -2998.54406365748 580171 63.7650468353815
1064000 522282 285.23926682339561012 -1039622.9935468059266 -321.03078761264271179 -2968.66840824188 580854 63.7570306907743
1064500 522532 284.63460814390714404 -1039799.5322995200986 -247.34970609337810288 -2985.75744609235 580465 63.7523500128181
1065000 522782 285.93511864134404732 -1039473.8059848266421 37.655598541599793805 -2899.42756494497 580617 63.7438417428437
1065500 523032 284.90022879559745661 -1039835.2803155994043 -212.94521291955112474 -3002.44968364549 581445 63.7332272075953
1066000 523282 285.75458450284355649 -1039874.107144992915 -49.634098332595371517 -2952.03880454271 580234 63.7243093953655
1066500 523532 286.15415017925101893 -1039629.1231101991143 -418.49503054351708897 -2946.70622278836 580960 63.7172510339378
1067000 523782 284.80851283579585242 -1039982.2664373847656 -394.44082158714689967 -2894.28423179217 581701 63.7046982031343
1067500 524032 286.31503473067226651 -1039835.6436171776149 -133.17395242639381081 -2899.56438276526 580462 63.6916472532951
1068000 524282 286.18116394444189154 -1040113.5348796872422 32.492353296708202492 -2942.12975089781 580675 63.6845787508725
1068500 524532 286.22395727353904249 -1039706.1297405263176 -305.12233390374643704 -2918.48538896741 580544 63.6748161787797
1069000 524782 286.29563859342960086 -1039905.2680791107705 -229.12560354433580301 -2901.36024577204 580143 63.6672536800413
1069500 525032 285.7073549628166802 -1039794.7397128476296 -211.8303092558360845 -2909.1357810031 580090 63.6582596795669
1070000 525282 285.92808882673335802 -1039817.1823611004511 -338.21257750284900112 -2913.40772384838 580979 63.650291570755
1070500 525532 284.96910331065294031 -1039890.8934405214386 -160.71742677382923148 -2913.78888294605 581905 63.6383767210746
1071000 525782 285.93022952011676807 -1039756.0051297857426 -355.76940107302277738 -2927.66854797163 581512 63.6294886336007
1071500 526032 284.83151730164473747 -1040260.2640015661018 -182.28123217749021023 -2905.25302366683 581127 63.6295215390961
1072000 526282 286.93556058694855437 -1040218.6879491412546 -234.08209141091546712 -2903.40532523024 581666 63.6321225266407
1072500 526532 284.34395011748648585 -1039862.464374436182 -133.7065061027811339 -2937.43098878757 581809 63.6301472153727
1073000 526782 286.24793266024408922 -1040696.435985600343 72.242399094102978552 -2986.01748367858 580810 63.6340026314296
1073500 527032 285.85348824450835536 -1039966.3530381977325 30.44313220954732202 -2971.4126630464 581861 63.6410156077229
1074000 527282 287.17265889577106464 -1039661.1395640163682 -288.38936103295873181 -3045.72394456779 582565 63.6469782597413
1074500 527532 285.04455640128372806 -1039790.1611264474923 -16.925420769464388115 -3025.82864907039 581636 63.6489844843697
1075000 527782 285.64346094232939777 -1039656.215000404045 75.744859927011091827 -2987.88920095013 582043 63.6426511818398
1075500 528032 286.0050227167617436 -1040291.0821102687623 -160.85982517537536296 -3022.35632341877 581432 63.6381781208943
1076000 528282 285.70698417012727077 -1039883.1663249779958 -131.08939870205838929 -3006.93800885288 582114 63.6309500389131
1076500 528532 285.37066218914424098 -1039726.0936420169892 -12.550044164232474486 -3000.31556114525 581194 63.6190578028927
1077000 528782 284.79669838875912546 -1040526.4846508961637 -287.79781173886175338 -2901.01282517615 582530 63.6103531349427
1077500 529032 284.70435526440638796 -1039790.7049367974978 5.7934118302444312931 -2961.96667417474 581981 63.6035287830271
1078000 529282 286.45693022707200726 -1040122.6566809593933 -42.110262254135484739 -2939.93110563045 581220 63.5985345716707
1078500 529532 286.07905562924213427 -1039974.9580618187319 -391.00476529310611795 -2966.49836341377 581890 63.5973654334606
1079000 529782 285.50874544780822362 -1040267.2167552089086 -270.72525170379134352 -2974.96394247966 581586 63.5932848969689
1079500 530032 286.11146124581966887 -1039742.2671504318714 73.563002109448987653 -3004.76681382632 581471 63.5897524572071
1080000 530282 285.18425283676339177 -1040195.6792542854091 28.457708996055675499 -2970.76093262925 581774 63.585678291354
1080500 530532 286.70309943767040295 -1040176.6439523310401 37.105803513238754476 -2939.94732034444 581211 63.5847609877122
1081000 530782 285.75342271929446269 -1040174.5247846859274 -170.36255883514039056 -2995.72159527281 581493 63.5785600572693
1081500 531032 285.25980419994129988 -1040062.5648898179643 -343.44668479499978275 -3002.59426730005 581770 63.5774675922453
1082000 531282 287.51076654163762214 -1039711.8135191436158 -54.828633400777583518 -2985.43530045786 581188 63.5771985850282
1082500 531532 286.88789631351863818 -1040231.9862494682893 -132.63860625220678457 -2982.95677975843 581381 63.5788563150994
1083000 531782 285.3847593101899065 -1040168.0078823666554 -269.73268181491732776 -2956.70118998627 582008 63.580033211937
1083500 532032 286.5746803527490556 -1039789.2161586000584 -86.378474858026166316 -3027.25188731371 581249 63.583289352256
1084000 532282 283.94079715199217162 -1039984.2976445115637 -165.46991416395187002 -3029.26559047288 582075 63.5918072658395
1084500 532532 285.82298574655857237 -1040124.9448320238153 -124.50590634914657073 -2971.2701750393 582131 63.5942869675173
1085000 532782 286.04416653685910887 -1039808.488137866254 -283.94583974935568449 -2959.97194480464 582919 63.5999616520453
1085500 533032 285.70138227886286586 -1040533.4192493502051 -321.64604948065334611 -2978.46613971752 581233 63.6140914988682
1086000 533282 285.90566488813414026 -1040040.2749505259562 -158.35236682395449748 -3007.46235275664 581098 63.6259825384646
1086500 533532 287.00216779912642551 -1040231.2771650525974 -183.96689855946249281 -2989.02649113169 580887 63.6370359344677
1087000 533782 284.12164437347342982 -1040325.9499417231418 -21.030498071471033228 -2998.72841037543 581392 63.6490136234426
1087500 534032 285.89388165998451541 -1040180.0952215861762 -60.92117632696739804 -2934.69011227646 582031 63.657568576791
1088000 534282 284.91863699022212586 -1040020.4883089467185 -25.773470372197621714 -2972.24664697649 581643 63.6721303514152
1088500 534532 286.03414530679691552 -1040004.883570447797 -87.268452657800850147 -2912.9696440739 581476 63.6868715841894
1089000 534782 286.17488335648033626 -1040064.3163072278257 -175.60039462159247137 -2906.85352879041 580975 63.6982732666824
1089500 535032 285.63596334925892961 -1040487.9604956825497 -71.432606545188960467 -2963.1609829158 580824 63.7045889079067
1090000 535282 286.44015625536633252 -1040194.0845172943082 -79.383457657769341154 -2988.19970909006 581323 63.7021346052372
1090500 535532 285.7837888909883759 -1039817.2805978460237 -423.31093530821061677 -2958.12080300473 580793 63.7054489762115
1091000 535782 284.99516606290416121 -1039967.2935308876913 -216.3535681122013159 -2983.18269891918 581073 63.716295465884
1091500 536032 286.1985798566009862 -1039915.0986368973972 -170.52733223395711093 -3014.76219788033 581607 63.7311680437852
1092000 536282 285.8803852870644846 -1039688.6137852784013 -309.9414985327573504 -3030.839221651 580533 63.7467933194612
1092500 536532 284.88326457312086859 -1039626.6387745542452 -386.83534947251496305 -2956.02307737548 580765 63.7569107620263
1093000 536782 285.65996087917409341 -1039970.1776880823309 -301.16420779516352013 -3040.33010432021 580576 63.7648593356193
1093500 537032 286.48848225540319845 -1039979.6350943736034 -99.657086912337589979 -3057.57073652538 580222 63.7750880396727
1094000 537282 285.24787191384348262 -1040021.6803856266197 -139.22768606603975172 -3040.3512929505 580637 63.7841266401656
1094500 537532 286.37635310095134855 -1039529.8852541737724 -222.73997681898458723 -2970.82980441365 580787 63.7999505061536
1095000 537782 285.44420586955828867 -1040000.5884896325879 -301.24556714462903528 -3017.40924577588 581119 63.8236644658757
1095500 538032 286.18298302263804089 -1039708.5467819290934 -236.79100435352270893 -2984.99630702497 580991 63.8366920188931
1096000 538282 287.15308274350570628 -1039682.6794455647469 -136.52337100146849025 -2961.51548383322 581336 63.8473798318194
1096500 538532 285.69576491060820445 -1039807.2912312332774 -72.403920530746205486 -2982.7399364208 580902 63.8538386983426
1097000 538782 284.79097382707902852 -1039615.9187871624017 -383.59821416494941104 -2970.33938187829 581388 63.8577252347579
1097500 539032 286.18897682013636086 -1039551.9093036267441 -335.92068023908433361 -2999.41373847204 580457 63.8668807896759
1098000 539282 284.85569434278414747 -1039932.7012471212074 -289.41774419299161991 -2958.2031468626 580871 63.8743989297589
1098500 539532 286.51700527722334755 -1039722.2328386033187 -511.10504665816660008 -3000.75269316379 581059 63.8778609540373
1099000 539782 286.34875904155575199 -1040179.816639941535 -251.95832950173053177 -2972.38207345751 578926 63.8726438651766
1099500 540032 284.82459900621825 -1039893.510628881515 -276.39597499254983859 -3024.06667528597 580006 63.8684764340393
1100000 540282 285.60968200456539989 -1039428.5254091563402 -347.38357858887781049 -2963.8394562599 579623 63.8710013537045
1100500 540532 285.76880150558361038 -1039916.0903462886345 -1.6586194733617187769 -2954.36613033033 581162 63.875225007094
1101000 540782 286.39871753879333482 -1039763.7175393594662 -224.75699443208850425 -2943.37164704816 579971 63.8811097278545
1101500 541032 286.91042064287410085 -1040144.2349910821067 -180.89923566167490776 -2931.43574155146 580626 63.8815686220346
1102000 541282 285.81648973105058076 -1039644.4927462746855 -293.19205759785188548 -2945.01817704243 579357 63.879653911337
1102500 541532 284.83431746377914351 -1040064.1951160997851 -308.81555766845156086 -2956.5270563921 579645 63.8789866567971
1103000 541782 285.9188779535007825 -1039821.371012241696 24.368723179057642625 -2937.49885488984 579178 63.8831993986735
1103500 542032 286.4294013769010121 -1039701.8090946540469 -245.01762169010683579 -2944.08608124228 579451 63.8816608838639
1104000 542282 287.36943792152658261 -1039537.9161526138196 -296.236948076948579 -2952.19366725876 580122 63.8859449777752
1104500 542532 285.47028432073398108 -1039814.6014192082221 -349.61804068454301841 -2954.98919786477 579988 63.8869785423787
1105000 542782 285.73158084707347371 -1039377.8168923497433 -163.39170254876975719 -2959.58408574451 579556 63.8868864312736
1105500 543032 286.31559615824755838 -1039886.0451969038695 -156.54730249095368322 -2996.64295106141 580620 63.8852923281086
1106000 543282 285.56236095215768955 -1039844.2389421950793 -341.05553040754375616 -2982.07185637587 579907 63.8875875202532
1106500 543532 287.7453778250417713 -1039957.3346426150529 -78.647971460664535925 -2957.27184824584 580003 63.8853191823829
1107000 543782 285.45105324660011092 -1039740.7875825695228 -215.7964631865737033 -2983.36984184016 580462 63.8797846272476
1107500 544032 286.19739418942231168 -1039678.8279192736372 -147.49155374140144659 -2972.34323196487 579994 63.8641158287276
1108000 544282 285.74030360838673914 -1039669.8395470080432 -100.7874699188064227 -2949.59421612635 580500 63.853263634943
1108500 544532 285.80109547961939143 -1040014.6078253320884 -383.81925745866453781 -2983.45547045425 580936 63.8498175069874
1109000 544782 286.56814379922064973 -1039607.9422697079135 -417.48643546416866457 -2908.95532636956 580689 63.8453972630165
1109500 545032 285.00076301949587787 -1039757.4714781392831 -377.42760810883203249 -2948.66540617092 581052 63.8346535380405
1110000 545282 286.5439157246470927 -1039722.2174122213619 -245.16891884915369815 -2974.89759663784 581535 63.8333738143928
1110500 545532 287.03715019627998117 -1039873.7485543575604 -194.5258224448971589 -2925.24302150796 580872 63.8313413977785
1111000 545782 286.7498114410672656 -1040163.2572451302549 -167.80713625243677711 -2906.83034319993 580199 63.8236685014964
1111500 546032 286.54307306055380877 -1039278.4369840451982 -190.806832012706451 -2955.59932558371 580776 63.8176344620473
1112000 546282 285.40100148589272067 -1039701.6240034148796 -348.54851527757006124 -2932.74040838609 580879 63.8053667542501
1112500 546532 286.51900734740621601 -1039436.991335240542 -168.75753723052872601 -2914.75550811452 581287 63.7914581470774
1113000 546782 286.20445163515535114 -1040118.6363557298901 -143.61532472132614657 -2952.26102117926 582270 63.7774703626175
1113500 547032 286.42880228456607483 -1039658.9210127159022 -226.52646313893578167 -2953.19995508694 580635 63.7756074514451
1114000 547282 285.5793240531619972 -1040141.5609308365965 99.696562292554858686 -3018.16892070895 581193 63.7705056307971
1114500 547532 286.25112887771786063 -1039716.8891229334986 100.4234283886669914 -2992.27408439545 581505 63.7618793503337
1115000 547782 286.09587732627693413 -1039746.302599176066 -206.69769414272101926 -2993.25578306282 581312 63.7494624756246
1115500 548032 285.30485287825143814 -1039692.5739375464618 -97.857788969447454974 -3014.20777778467 581911 63.7379691676264
1116000 548282 286.9044954724054719 -1039690.9940051632002 -271.29736670767994156 -2978.2645538717 582052 63.7338812716014
1116500 548532 286.24886866743469227 -1040017.0177321070805 -109.81856319805302746 -2982.24516231545 581965 63.7289490029413
1117000 548782 286.07832040992070688 -1039349.3379134956049 -240.0244884390293123 -3003.90216867384 582368 63.7322751055167
1117500 549032 285.03295065795930441 -1039860.6097922440385 -253.23014641827242599 -2965.27222134423 581946 63.7329802780631
1118000 549282 286.9760667426252212 -1040019.8439552144846 -204.1135323920324538 -3007.75885454011 581072 63.7356843283009
1118500 549532 284.91460137541662334 -1040017.59083664231 -315.8029652567961989 -3029.60271134605 581416 63.7351531574335
1119000 549782 286.04970682364262302 -1039981.1962557337247 -350.30095489917084706 -2992.77435470877 581212 63.7329280206463
1119500 550032 286.29097380008414575 -1039678.8840009430423 -188.89120176462853351 -3065.021328572 581318 63.7293338745551
1120000 550282 286.06228791761202501 -1039826.8964861365966 -108.13842681085957054 -3035.92350681813 581494 63.7339207721159
1120500 550532 285.96228238542414601 -1040089.0933429116849 -183.34095845646692169 -3036.71082049904 581817 63.7396176680455
1121000 550782 285.8125354825056661 -1039309.0050990175223 25.824684852094396348 -3015.93985088541 581577 63.7457389822302
1121500 551032 284.51538873393735685 -1039693.9264410425676 -473.28921394932848443 -2960.84978999206 581600 63.7563659610747
1122000 551282 286.53079882138075618 -1039754.3490932249697 -320.29536938772821486 -2914.22487024155 581736 63.7614403735162
1122500 551532 284.80794151343559406 -1040045.7407657857984 -271.39891227514226557 -2989.6304163347 581325 63.7664569319733
1123000 551782 285.62406625286382678 -1039651.940044349758 -6.6062398413204546088 -3024.94081189142 581723 63.7731241736485
1123500 552032 285.18174215420879136 -1040346.523083759821 -100.55566502056329625 -2971.94359590998 581536 63.7823943363752
1124000 552282 285.48127793820543729 -1039789.1583502579015 91.334356003855248218 -2971.16731553257 581922 63.7883662586984
1124500 552532 285.82447630783588011 -1040003.6938533807406 -454.71373382888396009 -3035.67254525342 581909 63.783861039066
1125000 552782 285.61088633899498745 -1040326.2388445016695 -159.40908331371338136 -2954.97459479521 580829 63.7822258449191
1125500 553032 285.71201508539138558 -1039867.8652241246309 7.7419386917445622842 -2999.38646143022 581653 63.7782863500641
1126000 553282 284.72581650051665747 -1040388.0324827503646 -344.70711525254284879 -2999.68423703399 582002 63.78145756291
1126500 553532 286.00021827696320997 -1040027.5901879015146 -231.66841922216838157 -2884.50216285041 581598 63.7905725630106
1127000 553782 286.19853162068000074 -1039716.4995128193405 -128.13606111264277843 -2983.67085320963 581058 63.8023585922747
1127500 554032 285.79582278577356647 -1039540.412251689937 7.1793937825618909798 -2932.50691337475 582157 63.8184472762112
1128000 554282 284.97561449850667259 -1039978.0277895922773 -209.76728399931184299 -2869.83282931905 581896 63.8215421953364
1128500 554532 285.76855651804532954 -1039342.1722740611294 -64.463884173270642464 -2889.30925774313 581527 63.8247037415119
1129000 554782 283.82329773374578963 -1039551.5724682764849 -193.04110928459857632 -2906.3953008032 581823 63.8313773388257
1129500 555032 286.20823544255580373 -1039856.3462720020907 -74.182710989812321145 -2976.56167226792 581978 63.8356659252324
1130000 555282 284.70790748331194209 -1039101.0786273744889 -81.513829882748552791 -2956.61354537888 581734 63.8416466493792
1130500 555532 284.05908838532627669 -1039213.8095760485157 -178.46944180685557058 -2921.28348599811 581134 63.841082990839
1131000 555782 286.03310025371115444 -1039557.9553090740228 -212.56338496037463415 -2940.92663669629 582580 63.8400342442777
1131500 556032 286.44243234004954957 -1039776.6746166541707 138.86076728196607633 -2883.05973481601 581748 63.8393087501795
1132000 556282 284.9542641252266435 -1039833.7954329045024 -55.016374221263880884 -2929.40676039364 582111 63.8336100837431
1132500 556532 285.53192092502149535 -1040038.1766923416872 -317.72498256976882658 -2962.90624515456 579809 63.8307066876419
1133000 556782 286.27928660445741116 -1039588.2997292299988 -253.2355767523151826 -3006.38393454738 580495 63.8310872256548
1133500 557032 285.5061509656383123 -1040064.6305552779231 -198.20807942442181115 -2934.44479526727 581200 63.8303836990628
1134000 557282 286.63342667986324841 -1039576.0321322815726 -342.09849476207216412 -2966.20411529714 580225 63.8398712414029
1134500 557532 285.86508616912465186 -1039802.4643470275914 -70.071762479216118891 -2923.45947539106 581062 63.8512824003477
1135000 557782 285.30062225312832425 -1040106.8806778000435 -280.09407744606608048 -2925.88102455453 581078 63.853083803946
1135500 558032 285.01218194411558216 -1039262.6947748841485 -249.45765397365630633 -2951.13491707585 579981 63.855751507947
1136000 558282 285.71638926790268442 -1040028.2887874362059 -138.81546931734297345 -2981.6189601986 580557 63.8599742926542
1136500 558532 286.75108696522130458 -1039584.1106084629428 -218.31991155830408502 -2993.9338503807 581478 63.8656025215763
1137000 558782 285.39378998355016392 -1039698.2223624687176 -92.249384075807626004 -2995.08090498665 580688 63.8715700565973
1137500 559032 287.01050612900928627 -1039555.1159280081047 -177.03189492138392325 -2986.44988789574 580791 63.8734237212465
1138000 559282 284.71294655400532747 -1039392.7588891014457 -297.77683240714287649 -2945.68550788301 580380 63.8766883753554
1138500 559532 286.06930934102359743 -1039702.0277854609303 -193.84817241316284253 -2934.75759758387 580999 63.8875940089616
1139000 559782 287.02214518901433848 -1039551.2992436029017 -254.97445602637930051 -2940.24153276096 580820 63.8961823411912
1139500 560032 285.21476390692316727 -1039684.2351861870848 102.78907004456966945 -2959.86622141852 581088 63.9027548420635
1140000 560282 285.78021427622064721 -1039363.265212518163 -427.98611005733539514 -2936.03739055265 580408 63.9101868110428
1140500 560532 285.66509789326624968 -1039688.1265437394613 -300.16951333094976917 -2988.42977484725 580531 63.9131367915767
1141000 560782 285.44681862278918061 -1039350.867641831981 -224.39738915783399875 -2954.00146475941 580411 63.9133860496353
1141500 561032 285.86263958450541622 -1039358.8052083413349 -242.15652191223753675 -2997.36359036965 580909 63.9158428078698
1142000 561282 285.69178434442301295 -1039602.8659147996223 -320.73464184422016388 -2992.43343187061 581023 63.9235568316648
1142500 561532 286.62196169342684016 -1039391.6947729028761 -67.326786335154253038 -2986.72426551888 581019 63.9279948432718
1143000 561782 286.39273059846419756 -1040244.979769941885 -300.99314070411219291 -2986.88899479093 580744 63.928508959635
1143500 562032 285.32835016121146055 -1039438.321812008624 -249.01078350996951372 -2920.51998344881 581398 63.920171588224
1144000 562282 285.89183351789432663 -1039476.9170832016971 -285.26330693502984559 -2964.91683198316 580990 63.9213847088539
1144500 562532 285.44941272458237336 -1040051.1403346766019 -366.68308098863792566 -2935.7451010241 580384 63.9257269835497
1145000 562782 286.00531969975730817 -1039609.7998836552724 -295.62869148527971674 -2903.39424442645 580687 63.9289901310727
1145500 563032 287.0946222354253905 -1039625.6090072805528 -145.57147622912512475 -2929.58969120593 580457 63.9269141656426
1146000 563282 285.07005772556249212 -1039684.3325399647001 -326.43323050525719964 -2924.26511224992 580752 63.9217835378098
1146500 563532 286.63686157107048302 -1039199.2819632117171 -335.09363025748496057 -2957.46607716409 581659 63.916415804592
1147000 563782 286.39599470516861857 -1039716.8803157721413 -344.80071838197881107 -2941.59911008253 581206 63.9142605504411
1147500 564032 285.91849799522321973 -1039963.2336965386057 -81.893296681681505333 -2949.12915464689 581007 63.9003328431253
1148000 564282 286.54597801902917809 -1039689.480819782475 -238.78074587481549429 -2893.75525524192 580536 63.8894701666306
1148500 564532 284.55789995675877435 -1039732.453570220503 -223.07785853474874216 -2915.65880178505 580014 63.8842380766506
1149000 564782 286.23655334273718154 -1039403.1069149718387 -230.26021543435717831 -2936.18908261687 580273 63.8797671814287
1149500 565032 285.45531352514149148 -1039923.021978180157 -136.80992578122737768 -2871.09489650697 580760 63.8627549343096
1150000 565282 285.20388931577161884 -1039692.1698739753338 -446.89093316216025187 -2957.47574289828 579548 63.8472747924652
1150500 565532 287.27086833096097962 -1039656.4252246568212 -275.93179184731980058 -2933.62841585607 580153 63.8320870489259
1151000 565782 284.92565247298955455 -1039717.6054451754317 -210.6697153847092352 -2931.16391038263 580532 63.8201125320039
1151500 566032 286.89842651438914345 -1039727.2906544869766 -204.47259221414364561 -2955.69644350241 580824 63.8135994614911
1152000 566282 285.04388682623277873 -1039345.9088057747576 -423.42422574778419175 -2937.55948416793 579975 63.8046503696661
1152500 566532 286.238122075196884 -1039822.6151474224171 -32.00865878430458622 -2928.35730809441 580754 63.8010626592895
1153000 566782 286.35480801052784727 -1039879.82408713107 -341.08874849885387448 -2922.62492199676 580027 63.7963363721342
1153500 567032 286.10107336460157512 -1039821.2518556959694 -171.6941257144414692 -2947.87432973272 580060 63.7982433087766
1154000 567282 286.18953672863761994 -1039374.1330450460082 -260.03904291407559413 -2991.74107684558 580997 63.8011138550132
1154500 567532 284.74263145279275022 -1039635.518847979256 34.907781242867585547 -2933.51569273843 580358 63.8064056956472
1155000 567782 286.07143161051897096 -1039979.9473505310016 -122.2184467471794278 -2878.00111477187 581012 63.8052184409023
1155500 568032 286.68309200964534966 -1039806.1989442005288 -116.54781528040589933 -2871.7723885389 580996 63.8087098648803
1156000 568282 284.96315206173875367 -1039973.6301229009405 -70.772546112598320178 -2910.46738839922 579450 63.8086543850174
1156500 568532 286.13213295494000477 -1039623.834158473881 -80.565310328925690442 -2923.94234441556 580440 63.8133263672062
1157000 568782 285.48889978559213887 -1039948.6671423000516 -59.301171681638088273 -2910.75707961935 580474 63.8170639147122
1157500 569032 285.97944311731453126 -1039743.8874004002428 -106.11358290781835478 -2966.48751478742 580489 63.8174120575109
1158000 569282 285.03568405957190635 -1040155.8562861593673 -211.66687690362812191 -2944.15749993914 579797 63.8165603750829
1158500 569532 286.75658345921800674 -1039874.4874672275037 -31.179963445514264464 -2901.54831802057 580489 63.8180994256375
1159000 569782 285.23281060034338452 -1040062.6860637054779 -172.25508209312511099 -2939.8496657358 580747 63.8225027517779
1159500 570032 285.60180254758051888 -1040028.3424245847855 -157.26579783477615138 -2919.21067360653 581518 63.8274696765379
1160000 570282 285.49522751851083058 -1040121.6591577577638 -103.66751527327478755 -2939.98802132886 580105 63.8261429588633
1160500 570532 285.86277573605104863 -1040746.4614994107978 1.1654958206202867821 -2930.03673682654 580037 63.8252353837186
1161000 570782 286.44250153972689077 -1040312.8945344988024 -222.4747930419410693 -2920.20949541078 581002 63.8223690436535
1161500 571032 284.3779148093322533 -1039917.3776498050429 -164.18893306918096187 -2964.0765684085 580717 63.8167371369859
1162000 571282 286.06380690036019132 -1039932.5074976764154 -335.20852389962885809 -2926.57313434251 580903 63.8105410534726
1162500 571532 285.84116565624884743 -1040233.7757445753086 -187.08083948812992503 -2921.6771086929 581439 63.8031361100593
1163000 571782 286.26612887999942814 -1040093.6228162629995 -142.08033157008810576 -2907.08196033612 582249 63.7973263907134
1163500 572032 285.83061696848318434 -1040039.2618865770055 -213.84404340265953692 -2959.9784459838 580861 63.7922437387084
1164000 572282 287.07004940372297597 -1040103.091856838786 -129.34386410878454399 -2911.57372276321 580907 63.7826955709893
1164500 572532 286.68656424460658627 -1040170.0167941224063 -205.90132476640039272 -2923.35540374528 581840 63.7687007186167
1165000 572782 285.77352688179382767 -1039870.5113474703394 -271.13092603290226634 -2901.04451606841 581329 63.7552165393016
1165500 573032 286.90781238764509453 -1040018.049751688377 -143.3001378135211894 -2841.90136167085 582289 63.7414689727926
1166000 573282 284.60031496253412797 -1040051.5357741845073 -342.17414406696002516 -2844.69261166941 581877 63.7352211714703
1166500 573532 286.40035536661582682 -1039888.7035662698327 -198.18636796698703506 -2868.9072426844 581286 63.7235361585796
1167000 573782 285.27887741955834144 -1039975.9146745089674 62.669334788932708591 -2859.39105274368 581538 63.7118973590047
1167500 574032 285.8544808569236011 -1040077.194962444948 -135.4887816001827332 -2942.47250122392 581340 63.7011614276872
1168000 574282 285.72801244034513957 -1039762.9967439937172 -130.429312126987071 -2920.7820739679 581374 63.7014500303153
1168500 574532 286.49827520320729946 -1039962.7234688926255 -300.84333561759967779 -2935.79503412013 582495 63.6919245869164
1169000 574782 285.44325261958687179 -1039828.676370217232 -232.141703906295362 -2875.20690604353 581949 63.6931886528501
1169500 575032 287.12515322098596471 -1039666.944869539584 -6.0817635623600905248 -2941.40295895702 582023 63.6961259863632
1170000 575282 285.74573160484476375 -1039875.8000483011128 -116.7498184176955931 -2904.962573731 582213 63.6993271434233
1170500 575532 286.57096708850463074 -1039806.024047007435 -213.04686235692835794 -2977.54085790047 581280 63.7036343121209
1171000 575782 287.11028629973367288 -1040111.5376143775648 -176.61153495103494038 -2958.27525153875 581122 63.7130932662799
1171500 576032 286.7220498510631046 -1040142.9546921224101 -44.93822819859416029 -2933.17371642935 582463 63.7224228218253
1172000 576282 286.10283820814157707 -1039796.390354053583 -160.89470976737641195 -2914.10000707837 581191 63.7268238857881
1172500 576532 285.22074418951575581 -1039698.2577769539785 -336.13263518231337912 -2959.70743493039 581701 63.7301794797844
1173000 576782 286.91921909548182157 -1039523.4559297502274 -218.41720257780696102 -2928.01949955862 581049 63.7472493879092
1173500 577032 284.76453453919907588 -1039816.0107377888635 -185.30240496471881784 -2975.10630702577 581505 63.7561217375148
1174000 577282 285.96841289585279355 -1039581.6786252891179 -383.27128350767048914 -2936.40746002623 581289 63.761901316817
1174500 577532 287.2776321575644829 -1039735.1802620340604 -119.73235638568401384 -2928.85675869426 580349 63.774351361305
1175000 577782 285.91299649816102146 -1040284.858144548838 -444.00330850263253524 -2955.9590339385 581872 63.7849324420479
1175500 578032 287.29452138031712138 -1040002.8980132795405 -372.25206450015656401 -2912.63019772254 581905 63.7963102876706
1176000 578282 285.21214138333851906 -1039765.7193551084492 -399.50556198950778253 -2973.38900612099 580192 63.7989441497978
1176500 578532 285.81039610167306364 -1039901.247051791288 -321.63420424639741668 -2999.19580974366 581474 63.8066987878971
1177000 578782 284.5127529371625883 -1039201.9075591143919 -160.05479733580258994 -2967.37891412197 581383 63.8213321394009
1177500 579032 284.38665425933805864 -1039669.8023421198595 -193.18441203771993742 -2993.31435591755 581764 63.8253524922282
1178000 579282 285.61269304771599309 -1039360.993159370264 -305.63621052473718009 -2915.95485187325 580936 63.8323087226229
1178500 579532 286.27835153754540443 -1040093.1542722871527 -225.07054312531812457 -2960.01324870216 581406 63.8413464301726
1179000 579782 285.14726896113234034 -1039774.0164123665309 -182.17425347522490142 -2896.27552977142 580689 63.8474808546645
1179500 580032 286.21835340350963861 -1039522.0053363550687 -393.28758931367053719 -2884.86450036697 581394 63.8442558372912
1180000 580282 284.79555223509737516 -1040098.1410129280994 -256.3748489009275886 -2952.66146430465 580746 63.8395101565305
1180500 580532 286.51172922115080155 -1040255.9841143978992 -333.56631208179237547 -2914.43959292493 581232 63.8357082469017
1181000 580782 284.89641692089651315 -1040273.5187457432039 -269.52001084172508172 -2847.86177921173 581091 63.8323135824328
1181500 581032 285.79528257181243589 -1039765.5781956822611 -371.81789961107295994 -2869.85832716122 581175 63.8230354167806
1182000 581282 285.71246330160329308 -1039907.3397367177531 -268.94275431307107738 -2920.92399401379 581115 63.8181479487375
1182500 581532 287.1148780951569961 -1040055.273966184468 -412.95403741318875745 -2903.83589597928 580822 63.8154889099852
1183000 581782 284.89864020800308708 -1039768.5405662496341 -221.33334285716327372 -2863.8970213977 580794 63.8124306771863
1183500 582032 285.88917205890146533 -1040056.5604639332741 -223.88924902487468671 -2906.03115937307 580883 63.8122468228087
1184000 582282 287.56937246092076066 -1039913.1247662251117 -420.3383939650349248 -2909.48673276612 580328 63.8088288355445
1184500 582532 284.89605766609616921 -1039712.4779788774904 -313.8930318069403711 -2940.69412679299 581319 63.8036851046486
1185000 582782 286.07573716465390135 -1039889.5142962925602 -223.42348147180379669 -2921.97461170499 580683 63.80089850862
1185500 583032 285.7709690799439386 -1039604.6584642030066 -309.78277200222811416 -2972.40048003743 580774 63.806930689081
1186000 583282 285.27120741961920203 -1039730.9965799818747 -227.80349632961119255 -2920.91361621546 581117 63.8141168762501
1186500 583532 285.57068486651797912 -1039444.4237570646219 -416.31639256105165714 -2924.67320834997 581095 63.8131568688472
1187000 583782 284.95760323354352295 -1039491.4704111585161 -297.81892149060473685 -2934.15825530733 580508 63.8098528207363
1187500 584032 286.09476873072617309 -1040136.8008921777364 -273.10486937321104506 -2937.0461739298 580939 63.8151126059607
1188000 584282 284.32230388474096117 -1039789.0063556887908 -311.62022476597445575 -2958.35275794143 581127 63.8173936613914
1188500 584532 286.72641071268640189 -1039865.9192768603098 -86.55790537730349854 -2951.17564753928 580985 63.8068001839379
1189000 584782 285.24238526813070393 -1040240.5424450641731 -28.053459337897777459 -2997.21086594513 581604 63.798383370564
1189500 585032 284.70317647015832563 -1039618.343308288604 -256.30498987298977909 -2989.869497094 582081 63.7891885927093
1190000 585282 286.32735626687940567 -1039620.4762559939409 -265.40421757375793277 -2955.73118562796 579782 63.7852071488289
1190500 585532 285.81752029933687709 -1040207.6484590893378 -250.1212136348892443 -2981.976979991 580420 63.7796611701948
1191000 585782 285.37212371752832496 -1039585.6033121561632 -40.727272293534547032 -2974.03173060253 581136 63.7711658776878
1191500 586032 286.12831328290474175 -1039915.0331374522066 4.1012683252932369271 -3000.97157521115 580920 63.7667518587955
1192000 586282 285.93578575371213901 -1040147.1286218921887 -247.6761892830918157 -2930.72457205321 580587 63.7648007757441
1192500 586532 285.65785649615924058 -1039865.6767599820159 -59.78255033499680593 -2941.40945221577 581125 63.7636456517977
1193000 586782 285.04273939167961771 -1040043.3450207542628 -421.62288244980152285 -2975.22523301511 581542 63.7625644861225
1193500 587032 285.49556467722300113 -1039546.6191736836918 -198.04418696257647525 -2974.82090412817 580790 63.7534834617891
1194000 587282 285.3300776830710106 -1040037.9521732387366 -97.020366028796672708 -3047.91435845613 582057 63.7465608427776
1194500 587532 285.92950209605101008 -1040019.8659257476684 -16.097504277960641872 -2994.58346004361 581844 63.7500344862496
1195000 587782 287.81861572354910095 -1039583.9770905552432 -226.98695529317956243 -2994.32409770282 581560 63.74103298218
1195500 588032 286.39763792652104257 -1040009.5106936352095 -34.473217743839910554 -2925.57939348079 582481 63.7370831712892
1196000 588282 285.42664814433749143 -1039937.8381762218196 -297.67542298673259893 -2938.29339481323 582182 63.7291729554696
1196500 588532 285.9977409551056553 -1039565.0923136848724 -338.76116775826130834 -2970.4348022687 582201 63.7230010467352
1197000 588782 284.82620657003297993 -1040278.4794974675169 -73.769948646393103786 -2957.26930795033 581064 63.7209972604508
1197500 589032 286.45996646900812266 -1040063.1633256550413 -287.24138959155214934 -2965.96699582352 581190 63.7162580682316
1198000 589282 285.94840331017576318 -1039823.0341018809704 -222.63645141924962445 -2940.76651288777 581703 63.7128416617114
1198500 589532 286.4243589631326472 -1039609.0775907002389 -211.50702810078055904 -2930.98905025146 580876 63.7013772031494
1199000 589782 285.87096196650998081 -1040289.3772989499848 -327.67627469277994123 -2954.50167186056 581350 63.6896576158283
1199500 590032 287.04052677640282809 -1040237.9289855582174 -345.54374415377532159 -2966.20100752085 581299 63.6786415078168
1200000 590282 285.36996448505419721 -1039811.1295425076969 -169.77854632326469186 -2958.94406749495 581194 63.664235072476
1200500 590532 286.16368731356141097 -1040213.6952208795119 -241.6021030411053232 -2964.88699018231 581998 63.6452342231547
1201000 590782 287.41852074142531137 -1039977.9209643289214 -38.476029969460107338 -3004.04453895167 581929 63.6290545125862
1201500 591032 285.46000771618741965 -1040192.0797314686934 -85.642630004602636973 -3000.7471513073 582461 63.6251275679942
1202000 591282 285.5348992606125762 -1040012.7157474589767 -429.15546016700227483 -3021.20418396779 582009 63.6205093464143
1202500 591532 286.0826745383064349 -1039974.1157021733234 -173.49149722949283614 -2949.88112703436 581871 63.6199220062426
1203000 591782 286.57452160097426486 -1040302.4411039942643 -260.07890226361297437 -2959.00255700279 583189 63.617986723157
1203500 592032 285.38782241322371647 -1039666.0912325819954 -144.39993795373641206 -2949.2198475269 582619 63.6131792273488
1204000 592282 285.62102381183149191 -1039497.7258291154867 -182.18161451714684063 -2937.53665061344 583043 63.610758915925
1204500 592532 285.69218876181395217 -1039981.0618555953261 -88.763537119199668268 -2991.16438858709 582425 63.616500376284
1205000 592782 286.39621681602721992 -1039756.8222450666362 -41.362751638272378329 -3024.29295669849 581747 63.6248390629791
1205500 593032 284.91353654135377838 -1040019.9231942951446 -245.66346062736676004 -2950.91965961772 582893 63.6289244633995
1206000 593282 286.26035101799578797 -1039804.0817506669555 -122.91107950104824909 -3026.18791504519 581814 63.632329306247
1206500 593532 284.98208933396978182 -1039800.5614081915701 -425.25078226437670992 -2996.48220822522 583151 63.6403116902768
1207000 593782 286.31818894135705023 -1040290.1072280087974 24.703504163219957235 -2962.55931712357 582952 63.6454046580279
1207500 594032 284.73058082759479248 -1040452.6984859616496 -170.20588578672598601 -2960.77795841305 581621 63.6513450643569
1208000 594282 286.00728814076586559 -1040043.6772649756167 -51.18658101189799936 -2986.71581591876 582066 63.6549485438354
1208500 594532 285.40525136482983726 -1040605.5528250361094 -341.00928053351839253 -2954.70551509543 582496 63.6671763526085
1209000 594782 286.6789690033430702 -1040320.9793944617268 -228.30386150858524275 -2932.49700186569 582677 63.665073793829
1209500 595032 286.44688267459446251 -1039915.0299477571389 -201.65528392818333714 -2931.11367757952 582264 63.6639936845672
1210000 595282 284.97123736239558411 -1040135.7949689429952 -116.51928184462947513 -2916.84799987073 582033 63.6634424664487
1210500 595532 286.37271059802753825 -1040012.5012732017785 -169.15809341345192252 -2923.71955426104 581709 63.6670447445584
1211000 595782 285.39614141576379325 -1040300.5171049855417 -161.77550598100646084 -2920.68595184774 581544 63.6698843171192
1211500 596032 285.30328043855462283 -1039801.7996747914003 -181.93036130580401277 -2958.79389409819 581776 63.6715325156728
1212000 596282 285.71482610776911315 -1040203.3965043326607 90.323430751086362989 -2928.45795786184 581711 63.6747502849581
1212500 596532 285.57621067765046519 -1040379.2042361425702 -401.90585391074012023 -2915.57088708906 580944 63.6772011970031
1213000 596782 284.88830041878543398 -1039380.0078210625798 -242.85226936026924704 -2887.97759913055 581087 63.6764579693743
1213500 597032 283.89729873575618058 -1039670.4407698612195 -186.3812316242561451 -2896.61042396425 581739 63.6767025989385
1214000 597282 287.07636212361973094 -1040308.9942660788074 -168.44680068730156108 -2886.4351579422 581641 63.6719631346517
1214500 597532 286.35106186284690466 -1040020.5169156900374 41.094961558460148865 -2965.07816793307 581550 63.6677925077921
1215000 597782 285.33957903390455613 -1040141.161587363109 -101.87990776480319255 -2901.41438950976 581875 63.6582872608049
1215500 598032 285.29317108526140601 -1039802.5611799421022 -201.58072907052630285 -2958.82632766697 582106 63.651785250961
1216000 598282 284.45754450541897995 -1039972.2154007185018 -149.65557599717536164 -2910.88629822593 581758 63.6468053711398
1216500 598532 286.75184452312089434 -1040022.2621865647379 -161.08311492741952975 -2974.06720855833 581472 63.6521087017998
1217000 598782 285.28366709984771887 -1040096.2147767678834 -119.53763982311774328 -2951.07460551249 582348 63.6663492277999
1217500 599032 286.22172045107652139 -1039641.5395215466851 -270.78606980859751729 -2943.68471886669 582076 63.6800496336336
1218000 599282 285.77860616464738541 -1040271.7328136987053 -347.25722943014909561 -2987.32748514389 581757 63.6852120444123
1218500 599532 285.98851231290109354 -1039721.8969621146098 -168.96606205398879297 -2910.2839714046 581982 63.693600762306
1219000 599782 287.09649915798138409 -1039909.6394014932448 -338.62164292065858717 -2943.22798676154 581558 63.7065425510519
1219500 600032 285.0293626979154169 -1039702.6093032967765 -110.329387021010902 -2923.59834627865 582269 63.7100578287402
1220000 600282 284.50923125406239933 -1039766.8344678301364 -205.57974389453042363 -2959.39679512048 582061 63.7078031309809
1220500 600532 286.48548260059402537 -1039732.3891383175505 44.656274878399642603 -2944.05113042786 582205 63.7064047282613
1221000 600782 285.05581794823541486 -1039813.990041537676 -187.69393041929041033 -2988.11492416806 582709 63.7071130599907
1221500 601032 285.97216504791867919 -1040007.5485932830488 -33.500226028618669716 -2952.69221649038 581523 63.7059951879082
1222000 601282 285.24358955468687782 -1040181.1943317411933 -194.73520648186826065 -2964.52280795149 581487 63.7080793751125
1222500 601532 286.56109716725018188 -1040100.533284081379 -386.39793124930048407 -2964.56750768654 581855 63.7150254904895
1223000 601782 286.73252585155324823 -1040532.0357495626668 -16.906395535727284596 -2969.39093715386 580297 63.7158287264954
1223500 602032 287.972975296965501 -1039763.1627223916585 -314.03001118452618812 -2985.98738981726 581608 63.7180800848793
1224000 602282 285.65422021226362403 -1039953.98844666488 -119.11163811741923269 -2981.35063559848 581998 63.7214425078217
1224500 602532 286.74069680948849737 -1040032.8544710669667 -360.7423382139419914 -3054.19006595749 581544 63.7244450383261
1225000 602782 285.81548596830054976 -1039488.0795538827078 -147.41464795796508724 -2995.15371594328 580996 63.7241969952639
1225500 603032 284.74896558313980677 -1039737.2287250050576 -343.19032657178041745 -2981.83616936209 581196 63.7287959069345
1226000 603282 286.24481869984060722 -1039666.0525115201017 -192.54025985814621436 -2964.95557173565 581427 63.7317286674139
1226500 603532 286.14407101543844192 -1040027.6238338283729 -313.78413429315997973 -2896.53141399487 581557 63.7304823436072
1227000 603782 287.74006350294956746 -1039887.2094718986191 -140.85373218263367789 -2941.6285261037 581469 63.7347590561292
1227500 604032 285.84292257427227923 -1039961.0921582787996 -237.81435408623727312 -2900.04857759439 581473 63.734049708278
1228000 604282 286.29175235037132552 -1040030.6902761366218 -201.44144221477958467 -2925.47336230215 581574 63.7226673034545
1228500 604532 284.07503996632152621 -1040255.8997755773598 -342.94484870405744914 -2927.96110635413 582070 63.7201009577356
1229000 604782 285.36130607729927533 -1039704.2581438058987 -273.88694491599551384 -2935.37449172106 581506 63.7113009863948
1229500 605032 285.65002679404193486 -1040112.7696515842108 -263.98192957059762875 -2959.26709464607 582116 63.7046688949029
1230000 605282 286.79401615247763857 -1040002.6011518148007 -218.87913822000908226 -3028.08537742052 581337 63.7028055172111
1230500 605532 285.49235079477330146 -1039945.7467958298512 -305.01437418203897778 -3022.68370892255 580877 63.7068067071926
1231000 605782 284.18304136832512086 -1040195.1899571896065 -314.9762623891941189 -2953.78490332757 581457 63.7131552834067
1231500 606032 285.76920428807545704 -1039584.1774739080574 -237.46739221440427059 -2976.51761511937 580180 63.727460928872
1232000 606282 284.71558144201287632 -1039879.0989942275919 -18.46855123184710834 -2970.91461231575 580189 63.7350566118755
1232500 606532 286.51725271895037395 -1039739.0375047519337 -85.968189050199242729 -2930.04031747742 581644 63.7338062651925
1233000 606782 285.3679690247526537 -1039959.8956075808965 -296.01250766386885971 -2999.94840382624 581159 63.7394852015607
1233500 607032 286.96893638354646328 -1039744.3902680608444 -25.810503606505211138 -2964.65665985675 581248 63.7498568906256
1234000 607282 286.73754149790909196 -1040169.600972800632 -148.16413958191404276 -3013.79485029433 582190 63.7642747869213
1234500 607532 285.31372171634512824 -1039973.5947158469353 1.8394588560128413146 -2988.61610903372 581078 63.7806867893351
1235000 607782 286.64839550585344341 -1039481.7703671201598 -400.49669138831893633 -2991.97758498614 581473 63.786053398907
1235500 608032 284.99601686026460357 -1039697.6261611150112 -5.8522676347310440548 -2972.8929409618 582231 63.7912106876705
1236000 608282 287.69422613517684795 -1039924.97706519044 -291.33308449531216411 -2909.93001603526 581171 63.798386386493
1236500 608532 287.2962421993753992 -1039587.8404814929236 -226.45180372068975316 -2895.98125337828 580579 63.8028947126559
1237000 608782 284.79855714198760097 -1039408.45999915211 -56.74871975929472967 -2922.76114990987 581781 63.8054832381454
1237500 609032 285.37604596904793652 -1039858.8669321839698 -195.55188009778029823 -2979.10073492431 581208 63.8044575541153
1238000 609282 286.71396459272568791 -1039618.8142445299309 -367.86767510577442408 -3003.55244625601 581634 63.8005281552111
1238500 609532 285.40839920807491126 -1039941.1478492753813 -7.7045396087661179862 -2973.27937855567 581864 63.7977329984732
1239000 609782 286.03761942786553618 -1039854.8107435842976 -232.51623283079948123 -2895.09151259295 582068 63.7993861135526
1239500 610032 287.78695843073461447 -1039539.96520718385 -201.91850798687124779 -2956.113048226 582205 63.789189425991
1240000 610282 285.47500334518520049 -1039658.7922972779488 -171.87983206853516549 -2959.5233930784 580924 63.7898003071253
1240500 610532 287.22827673233371115 -1039807.4750128233572 -215.74592761609665104 -2995.78143046242 582072 63.7875089091307
1241000 610782 285.39308305731759674 -1039932.6047030554619 -165.18870176617980405 -2964.68689837351 581190 63.7893931413054
1241500 611032 286.43795374755831062 -1039745.2690551516134 -90.868631373796105777 -2932.52912361418 581726 63.7840501832253
1242000 611282 286.42272526951137479 -1039623.0755870525027 -264.74496968002250696 -2934.22999875576 581890 63.7786067014383
1242500 611532 284.85059226957633882 -1039859.7075527647976 -128.02576793999654114 -2902.62166858041 581819 63.7717559244893
1243000 611782 287.06568397221809619 -1039732.568065373227 62.65285886592916853 -2937.65041974077 581442 63.7716900122787
1243500 612032 285.47058418373472932 -1039897.1171449979302 -8.0426891965708140475 -2950.43981743168 581312 63.7683637324193
1244000 612282 285.64454534000185504 -1039762.8657885774737 -270.82358565638094205 -2952.11820223911 581173 63.7701686592187
1244500 612532 286.58533064638231735 -1039866.8363724682713 -154.57191519900808885 -2906.57224445075 581255 63.7805131271914
1245000 612782 285.14594424519947324 -1040008.0342228667578 -322.84245578628059548 -2989.75449572076 581036 63.7904288159104
1245500 613032 286.03361880939428374 -1039779.6659853797173 -224.9124420408112428 -2917.26740495043 581122 63.801384556155
1246000 613282 286.63953507272987054 -1040074.8239062369103 -42.439582595599667059 -2914.35450321863 580567 63.80842359733
1246500 613532 285.83258404016390841 -1040057.7161570729222 -350.55540678194967086 -2926.20715489182 582090 63.8115356954245
1247000 613782 285.67633619114246812 -1039600.0345193275716 -122.89041957024078044 -2918.60997893214 581348 63.8121720813249
1247500 614032 284.97131916999586565 -1040071.0044346917421 -110.11031128815970703 -2859.86846833848 581685 63.8188063519663
1248000 614282 285.60287821943188646 -1039650.8942569808569 -339.31837479722787521 -2872.71104149785 581700 63.82337783997
1248500 614532 285.61933570473451027 -1040143.2309800001094 -84.192715853863546727 -2905.44392619048 580849 63.8254947754336
1249000 614782 285.94918285881885822 -1039819.4184557150584 -14.609426283963317772 -2936.10290698806 581914 63.8262380189856
1249500 615032 285.78750618515988435 -1039588.9377922305139 82.356282039368977621 -2944.76456341981 581346 63.8268590388798
1250000 615282 285.04226015061385624 -1040143.7216902323999 -270.24448631205700622 -2932.23959442653 581599 63.8235286416918
1250500 615532 285.72203482465118896 -1039513.4001797678648 -399.45807867926527024 -2954.24246943441 581795 63.8163530248249
1251000 615782 285.72283014674582091 -1039826.0142967025749 -248.35688977353368045 -2945.86214782234 581451 63.8102620450353
1251500 616032 285.38477304769298826 -1040412.3342954261461 -322.82383249730992247 -2964.62108238117 580703 63.8065935023782
1252000 616282 286.15591357509862291 -1039798.0636778667103 -205.14384393608531809 -2944.92519776677 581094 63.8100424837426
1252500 616532 284.68393850361962905 -1039709.9016573119443 -117.52332176974402955 -2861.43327782108 580568 63.8140762821324
1253000 616782 286.70493460351730164 -1039665.8033885189798 -80.499732166543381595 -2867.98080156954 581449 63.8214608350049
1253500 617032 285.39335438245461773 -1039819.0492448194418 -243.81996563855287263 -2906.25237626449 581304 63.8345645653845
1254000 617282 286.55149663089298429 -1039907.5247664649505 22.287411480009559739 -2869.97546596765 581324 63.8434164068413
1254500 617532 285.46774451209881818 -1039640.661940506543 -97.721473307106350603 -2902.3602711667 581689 63.8467853080973
1255000 617782 284.84389693827790779 -1040151.8306018041912 -293.11764251817510285 -2934.96206153346 581052 63.8569389105271
1255500 618032 285.2588365022314747 -1040140.1279916302301 -149.62940868882819245 -2872.34630677409 581522 63.8589966998443
1256000 618282 286.39272932749719303 -1039847.1910543778213 -252.96512296499531658 -2893.43696459151 581539 63.8611921333346
1256500 618532 284.91328226812049706 -1040115.1740645326208 -310.13486510028036491 -2886.08682958654 580861 63.8696662022696
1257000 618782 285.53002367020326346 -1039774.2975275493227 -92.95252995754526637 -2868.73978398057 581081 63.8715715973021
1257500 619032 286.93738672861047689 -1039463.9759403751232 -21.440734936516708586 -2889.05922499288 581784 63.8720333970003
1258000 619282 286.6504109966315923 -1039950.3633666740498 -379.54758687357707458 -2891.53018120086 580835 63.8678228238564
1258500 619532 286.17387228957818479 -1040030.2705709817819 -103.42294911207265784 -2911.28136711785 581109 63.8584434678207
1259000 619782 287.37991589236946766 -1039832.077564167208 -154.58389497551030445 -2884.97960498221 581970 63.8542889233043
1259500 620032 286.48289550055966401 -1040328.5360609691124 -162.05948548910757268 -2914.12194034915 581568 63.8485111533284
1260000 620282 286.68503405743456369 -1039772.2126473725075 -181.74563953928128512 -2889.02792737369 582151 63.8411284006136
1260500 620532 285.02175247411042847 -1039991.6162798478035 -196.93875641939234811 -2904.15344455709 581354 63.8344059459191
1261000 620782 285.89326947060425255 -1039469.8791365955258 10.030569751309911908 -2894.36496789568 580889 63.826811569901
1261500 621032 285.20723727056332564 -1039745.150497960276 -169.98319361806767347 -2910.43001352095 581885 63.8146781217198
1262000 621282 285.8762439544168501 -1040285.220386347617 -4.8638472307795881378 -2955.60901079427 581097 63.8019008155109
1262500 621532 285.44897495849681945 -1039447.0691839178326 -102.91717958181254744 -2904.30348845303 582070 63.7855911192823
1263000 621782 284.89047624232978251 -1039890.8144788988866 -215.55001484283931745 -2936.7022577974 581550 63.7690488686905
1263500 622032 285.3725000593304344 -1039609.4499854999594 -157.72444212633132565 -2937.44285979708 581018 63.7596424307791
1264000 622282 286.45801343189299359 -1039285.7516353497049 -218.46560720588479398 -2877.62589216237 582083 63.7490486258069
1264500 622532 284.67996848931346676 -1039680.566115144291 -217.39959643564469616 -2910.27623348247 581667 63.7387519393794
1265000 622782 287.23907669220386651 -1039730.5195149570936 -289.7920136219726146 -2896.9848635875 581049 63.7368929499701
1265500 623032 285.74692318127512181 -1039752.542248972808 -254.35260789720499019 -2912.54782989882 581858 63.7367938432709
1266000 623282 285.93802560422454917 -1039636.3014794829069 -261.33845765009846218 -2910.91372527858 581410 63.7347646757502
1266500 623532 285.61274972186504328 -1039633.143770625582 -304.6181469359177072 -2958.18246810176 581004 63.735545850172
1267000 623782 285.10376274185131251 -1039955.3263799309498 -233.75672423924328314 -2901.06375824544 581451 63.7400441531873
1267500 624032 287.02717362239326349 -1039973.8100443576695 -220.97401741245195694 -2903.64745420127 581337 63.7417965382348
1268000 624282 285.46873531870022589 -1039928.7894373865565 -234.07833528598419548 -2859.24072728319 581376 63.7422285889246
1268500 624532 286.0532843533805476 -1039767.0694268809166 -325.13039931792138759 -2929.09166722545 581017 63.7420449583675
1269000 624782 284.96680901407603415 -1039746.5052145626396 -179.60684163409965208 -2903.86510684086 581571 63.7398632863038
1269500 625032 286.04528000161946011 -1040072.4922183749732 -204.73422506310404856 -2893.75661323519 582051 63.744950208033
1270000 625282 285.74235277490026874 -1039541.1875260910019 -317.83876822762283609 -2927.86364923652 581834 63.7447273712428
1270500 625532 286.34566045083806785 -1040176.5476241423748 -158.83699051442073369 -2855.25232325359 582891 63.7488557436662
1271000 625782 286.08022658024310658 -1039797.682208399754 -377.91713881433810229 -2903.33542416656 582267 63.7477090306328
1271500 626032 285.75393131738138663 -1039734.901274719974 -230.48308950028817321 -2875.67795943123 582079 63.7434977474122
1272000 626282 284.37923540096966235 -1039645.2785792817594 -282.04076096909039961 -2861.63434212689 581879 63.7433811297575
1272500 626532 285.91087229965745564 -1039427.926753125852 -343.87718940667554079 -2900.20801684804 581822 63.7370367923821
1273000 626782 286.62038984378472151 -1040269.9676048838301 -156.2284548628541927 -2884.08648982599 581288 63.7347899506264
1273500 627032 286.25050944201075254 -1039803.2706968513085 -220.01815562680766902 -2875.81888210589 582643 63.7254478566551
1274000 627282 285.08574628698227116 -1039577.3861480058404 -113.05696663025493365 -2909.26694727541 582806 63.720184620341
1274500 627532 286.10123081468049122 -1039933.1065509499749 -217.21177335684143372 -2909.1795157339 582261 63.7119296771611
1275000 627782 286.13314853552691375 -1039302.4878976213513 -352.2096310721141208 -2894.73986820425 582230 63.6993634533531
1275500 628032 285.647184610780414 -1040002.0862989312736 -92.913854134890357273 -2896.63999976116 581954 63.6951075202041
1276000 628282 286.51590496421823673 -1039900.794740749523 152.63326641566521857 -2930.1264834133 583024 63.6964869777019
1276500 628532 285.36085928019519997 -1039582.8962159750517 -380.77300966421540807 -2901.57052558086 582784 63.6929475604537
1277000 628782 285.61381089526702226 -1039969.0958006967558 -84.605732216486103425 -2925.41512497574 583056 63.6945297479846
1277500 629032 286.4323949779288796 -1039732.9155011838302 -42.221363279981460437 -2861.82055493866 582708 63.7007083690147
1278000 629282 285.50676698788504382 -1039961.3596542977029 -258.58463289617174041 -2945.36955401515 583064 63.7018318925629
1278500 629532 286.67903057857603244 -1040029.7233987369109 -185.86480689356463358 -2917.45466936591 582200 63.6965797670232
1279000 629782 285.83970290599773989 -1039752.7313693406759 57.133366231745739583 -2937.45844639424 582605 63.6936906933483
1279500 630032 285.52144985033817193 -1039927.6502623440465 -137.37115774230142051 -2924.99661491743 582001 63.6908130922806
1280000 630282 285.56695357375684807 -1039555.9767316909274 -72.097550697200460945 -2913.76988980323 582995 63.6954394817655
1280500 630532 286.56226349809082876 -1040066.1702642025193 -133.35905974758171055 -2909.49701741087 582202 63.7011179522274
1281000 630782 284.55895763145014143 -1039686.7403629266191 -329.43561156047780969 -2927.18774602393 582305 63.6978209835409
1281500 631032 286.44274923039364467 -1039959.4732406056719 -385.29137709298322534 -2907.56254121815 581260 63.6959068220098
1282000 631282 285.64355238028150552 -1040327.9403800998116 -307.91695247053803541 -2952.47566467979 581715 63.6964049719643
1282500 631532 287.14321781886371809 -1040145.1676091880072 58.756290982923317756 -2876.96571502878 581425 63.7050771405004
1283000 631782 285.24992354912041037 -1039978.2524100895971 -250.96913303246680016 -2946.00784321037 582796 63.7117532260295
1283500 632032 286.0337084465152202 -1039601.2643340101931 -263.98137758711948209 -2928.96950041941 581380 63.7105552600957
1284000 632282 285.44121826237920914 -1040025.4605639644433 -2.4281741486008159292 -2946.15129461236 581036 63.7121525420948
1284500 632532 285.81271928147077688 -1039877.4766240161844 -174.4491775225005199 -2927.5519121733 581690 63.7063800043807
1285000 632782 285.94869748084488492 -1039524.2156876742374 -263.47883924608714779 -2970.43140905567 581625 63.7148795435912
1285500 633032 285.84027846306946685 -1040152.7319321834948 -149.70056196022366635 -2905.092022519 581276 63.7244314785267
1286000 633282 287.01622472141599474 -1040006.1894620601088 -103.05803180379965056 -2884.68868945326 580578 63.7336609920619
1286500 633532 284.30865798706190617 -1039918.3461356426124 -144.63081381045785179 -2939.75722185832 581717 63.7452708386332
1287000 633782 286.05556178972051384 -1039905.5985200387659 -87.539103640793243244 -2886.96586889517 582238 63.7580281160482
1287500 634032 286.54506264785516123 -1039766.2514229931403 -246.80580335347758592 -2909.07746947099 582100 63.7660057754318
1288000 634282 285.21410408051832519 -1040086.1273596191313 -272.5974242368713476 -2891.02776763187 581403 63.7682093849654
1288500 634532 286.39953120631201955 -1039561.9685741356807 -230.55758290950845435 -2899.00090244089 582732 63.7667946764394
1289000 634782 286.50516072332635531 -1040087.3218133453047 -257.6827856633088345 -2940.92245701325 582484 63.7725097121717
1289500 635032 284.56421824122054431 -1040302.0438059681328 -232.54961185980897653 -2897.17379647697 582258 63.7733650312862
1290000 635282 286.63599049853002043 -1040089.5138184539974 -136.94783547707169191 -2909.44929945714 582319 63.7718697230142
1290500 635532 285.65845593937297053 -1039653.8529151570983 -402.65947903815526843 -2941.02715414137 582213 63.7671353181188
1291000 635782 284.77272949655565526 -1039881.938405620167 -342.02723756624311591 -2940.72166398607 581842 63.7629781478074
1291500 636032 287.42521176044647291 -1040210.4970963475062 -143.74968101193937287 -2870.64702223179 582423 63.7581636075033
1292000 636282 284.26581691378675032 -1040141.8105319857132 -236.1106520595632503 -2934.84416652143 581369 63.7468131657447
1292500 636532 286.13680387991337284 -1040055.8880126789445 -185.57281010279703537 -2902.58382731071 581797 63.7432384740946
1293000 636782 286.62789087005461397 -1040118.0811302982038 -78.73122591114936597 -2899.17941914388 581571 63.7394559318056
1293500 637032 285.34965661875799015 -1040336.3125335155055 -294.066811033499107 -2977.8185364302 581586 63.7359399864951
1294000 637282 286.62918374417569112 -1039863.2740269226488 -67.490705134891925354 -2885.15533096635 582346 63.7326232426367
1294500 637532 285.0504061913654823 -1040039.4258908485062 -201.99753963842016447 -2976.31623965794 582794 63.7259452494171
1295000 637782 285.80299510934997897 -1039506.55159406655 -246.79779029277494828 -2922.0372619328 582410 63.7209790360972
1295500 638032 285.2437771691147077 -1039898.870367968455 -202.69314995201449392 -2949.43442375793 582814 63.7205624255301
1296000 638282 286.53371276796445954 -1039413.1008896161802 -86.005948704430025487 -2979.41482950021 582513 63.7231849584336
1296500 638532 285.68214324758622524 -1039845.6242063111858 -334.48943878961551945 -2918.59620216954 582594 63.7277099371821
1297000 638782 285.08583729039520449 -1039722.6886022784747 -395.43013705308203498 -2915.16342384954 582780 63.7333690624721
1297500 639032 288.06026967605180289 -1039878.1719973902218 -324.28627474164437672 -2931.4409891436 581820 63.7393113845684
1298000 639282 285.39441922325249834 -1039693.7719223485328 -237.72080587419910103 -2950.77611357608 582849 63.7357091794578
1298500 639532 286.77274796639949273 -1039603.4290942080552 -160.00621856312201885 -2990.62513231437 582333 63.7269530539376
1299000 639782 285.27227012887794899 -1039709.9846169649391 -181.88699469636264894 -2922.84819128868 581572 63.7178781026378
1299500 640032 285.76706254257385353 -1039892.049737413181 -393.37000313917502581 -2976.17111053214 582479 63.7135255754477
1300000 640282 285.78969080347320642 -1040353.8770385781536 -408.03097967596261242 -2942.1364877897 582180 63.7130747121882
1300500 640532 286.1691567193715855 -1039919.4952830098337 31.02930916401840733 -3005.29705260081 581961 63.7144853703713
1301000 640782 283.79197357192020945 -1040136.9884734880179 -365.58558010861634102 -2959.61416875233 582236 63.7184383220176
1301500 641032 285.94290924854834657 -1039989.389851174783 -217.37527727446493486 -2928.35972079519 581933 63.7192695767107
1302000 641282 285.69534692193798264 -1040104.9292883006856 -4.2915914938690962188 -2923.8693967094 581364 63.7255313594138
1302500 641532 285.57881293569937498 -1040183.1765001323074 -301.80222043419149713 -2936.98472258262 580780 63.7360296478621
1303000 641782 286.06985172485650537 -1039897.9688103060471 -210.50109885287201905 -2913.97599338776 581046 63.7435990270234
1303500 642032 284.24357448712601126 -1040191.2377779099625 -159.89528150078228919 -2923.40510674383 582329 63.7497741946745
1304000 642282 285.53452663025240099 -1039910.9002549092984 -210.38988050434642219 -2975.00630948395 582393 63.7533638162381
1304500 642532 287.39894769873410496 -1040205.8752365810797 -335.09950883367946517 -2953.74782862063 581697 63.7612503091496
1305000 642782 285.00840894696040095 -1040187.0985626290785 -390.20683630377851614 -2996.2982724412 581828 63.7656527870701
1305500 643032 287.53431374451588454 -1040126.4243299661903 -161.93007311580785768 -3020.38816499597 582106 63.7682647943387
1306000 643282 285.43026738298465261 -1039948.8748980228556 -314.42270093136539799 -2956.96202997041 581749 63.7743489568406
1306500 643532 285.6458222238912299 -1040550.6334109997842 -251.99272192917308644 -2897.29835672243 582523 63.7798384801089
1307000 643782 285.78028591569682249 -1039591.8604235652601 -309.82073487882996687 -2916.4297944737 582685 63.7776990369243
1307500 644032 285.45537229731928619 -1040149.1027939592022 -114.97599856890968795 -2930.94690955717 582222 63.7703462320472
1308000 644282 285.31988925165154569 -1040274.5776980540249 -172.94072594070229343 -2984.47774255841 581885 63.7654731367591
1308500 644532 287.12273861912802886 -1040008.3679554801201 -272.07846905032039331 -2900.42804167029 581513 63.7544923116687
1309000 644782 285.07438168167368531 -1040120.4438295502914 -276.47735721634438733 -2925.43833508695 582574 63.7467361715787
1309500 645032 286.7295949666684578 -1039818.8657952069771 3.3719503145846503323 -2945.29281506719 581866 63.739894536277
1310000 645282 285.18493942783140938 -1040003.0898991333088 -82.75563540623403469 -2987.98836100422 581824 63.7267425466105
1310500 645532 285.26740746995744757 -1039841.7949304684298 -384.23922149226677902 -2985.10649809091 582212 63.7186575438607
1311000 645782 285.96474908570553453 -1040321.5964961576974 -207.77533197461929149 -2949.33924977478 582223 63.7122648464878
1311500 646032 286.57971308850329706 -1039950.8355431500822 -295.90482850857256381 -2946.62420162805 582832 63.7083591043703
1312000 646282 284.94995673879719789 -1040245.6007966629695 -339.93271007975323528 -2893.96278871236 582122 63.6999644313755
1312500 646532 286.85475678791738119 -1040142.948076468776 -250.26274765402382627 -2962.62510889185 581331 63.6913304895064
1313000 646782 286.69995357186860474 -1039545.1263795128325 -218.91794240949994332 -2975.21674860138 581960 63.683785410347
1313500 647032 286.83270767220477637 -1040344.5251083360054 -266.07304740470959814 -2959.13310686615 581732 63.6764069003888
1314000 647282 286.06409431965539625 -1040137.5205029291101 -281.22281010786747402 -2948.77717987668 582115 63.6729069626211
1314500 647532 284.17833682156236819 -1040068.971223049215 -245.09307124727803284 -2898.08995021124 582092 63.6750794074046
1315000 647782 286.71986831699553022 -1039924.1328877607593 -127.94138395012248566 -2877.57746709655 582964 63.6797537750778
1315500 648032 285.88935657698220894 -1040303.9908828422194 -279.83034589836262285 -2885.71763939715 582168 63.6800041516738
1316000 648282 285.78064144586875273 -1040023.5785806848435 -261.51180171170943822 -2900.37887136667 582739 63.6815350492077
1316500 648532 286.18196954480850991 -1039862.6099845718127 -300.33380242113821623 -2983.47232205132 582121 63.6820899939448
1317000 648782 285.47495573255383761 -1040154.4064935875358 -383.42593535048251852 -2920.29696022989 582522 63.6852768538804
1317500 649032 286.44419206924362697 -1040049.5967502408894 -142.70790701919190724 -2981.60171080643 581925 63.6783089441978
1318000 649282 286.20960842235217569 -1040015.0388511272613 -142.94183537688527963 -2986.05402754105 581970 63.6746791073616
1318500 649532 284.26790019899044637 -1040060.2700647326419 -211.41214985367918189 -2958.52693381499 581676 63.6710081795225
1319000 649782 286.0034602632343308 -1040135.0397690116661 -296.53485970648603143 -2901.02295041613 581876 63.6665957006592
1319500 650032 285.83336788883292456 -1040120.4411727442639 -69.917227722133375778 -2955.71726588719 581773 63.6589772846767
1320000 650282 286.30983579593737431 -1040366.7768754296703 -150.61774905152762472 -2991.37066331302 581245 63.6586144984079
1320500 650532 286.70949674565980558 -1040115.6783285017591 -213.75288540446337038 -2932.86323807961 581396 63.6630413515533
1321000 650782 284.84452823051935866 -1040132.5778120999457 -243.28656843232892015 -2975.77760024524 582008 63.6672593846005
1321500 651032 286.31395516540118251 -1040028.3712504543364 106.66497203942240901 -2983.0775218559 582107 63.6780477249229
1322000 651282 283.42074025315571362 -1039950.4600425459212 -375.51765569745748508 -2963.27730729507 582568 63.6738191416025
1322500 651532 285.36796394321049775 -1040150.0796706068795 -187.88056845419674801 -3031.25770172992 581713 63.6748144273251
1323000 651782 286.02274390265426973 -1039718.0788051511627 -114.89476802075068917 -2892.01977204723 582207 63.6830078605624
1323500 652032 285.2606102082995676 -1040259.1834480377147 -202.48974979748032865 -2946.47188887559 582049 63.6903294235085
1324000 652282 286.70824374305686888 -1039946.7213945440017 -359.59121150000163425 -2973.83657918568 581782 63.6988127954796
1324500 652532 286.43939364730937314 -1040117.157461310504 -189.44609450017173913 -2956.34932010333 581822 63.7033121559988
1325000 652782 284.93093395417406555 -1039589.6917218337767 -286.9866482192507533 -2975.19568345906 582427 63.7070183977979
1325500 653032 286.22513206212153136 -1039922.4582411210285 -270.26104687804718196 -2919.34960227956 582180 63.7091357471878
1326000 653282 286.70068825435413373 -1040431.73806788004 -223.77339703044290786 -2942.4406461416 582391 63.7061211266499
1326500 653532 286.76543927072560791 -1039895.3288457647432 -295.24982187842942949 -2915.74273285748 580862 63.6996659158095
1327000 653782 286.35307047749347475 -1040514.0084459529025 -358.51901527104843126 -2969.50319763598 581967 63.6969711802942
1327500 654032 287.0717834354015281 -1040193.7012070411583 44.947137385051426861 -2948.93282540943 582503 63.6957034777905
1328000 654282 285.74251928176715865 -1040520.7285132519901 -21.720147180766048223 -3016.69628014572 581923 63.693972343693
1328500 654532 285.84228550000847235 -1039880.3274419687223 -156.43386117134974711 -2978.34971810867 582639 63.6936679862725
1329000 654782 287.27748580881910812 -1040674.1555796778994 -128.24971627929710394 -3045.1135592129 582057 63.6897068666039
1329500 655032 285.85375213754434753 -1040376.6811660403619 -281.5432342121732745 -3032.18567532002 583096 63.678255803084
1330000 655282 286.45518079033399772 -1040294.230155858444 -100.09603125606146534 -3004.9163030975 582271 63.6648666975063
1330500 655532 285.5243166844204552 -1040233.1754475865746 -51.710160898024255971 -3042.40132583914 581902 63.6574178916254
1331000 655782 284.89065932207068954 -1039884.8875995738199 32.791307056661096908 -2977.07846331614 582775 63.6528404982852
1331500 656032 287.66221286540758229 -1039970.5219775764272 -16.383044343437251911 -2992.49816386694 581940 63.6457573668825
1332000 656282 285.89423855989389267 -1040198.1859352136962 -102.16375559315905264 -3040.08264732273 582478 63.6465262974365
1332500 656532 285.20129987875463939 -1040439.901021487196 -351.37804936750046636 -3017.98932954053 581618 63.6483920945801
1333000 656782 285.32428252768158927 -1040110.568577785627 -245.61679142437773748 -2995.69075885028 582842 63.6461813511732
1333500 657032 286.94345456511479142 -1040435.8759610804264 -186.171327519424608 -3034.2035853626 582712 63.651323509045
1334000 657282 285.16953342283125039 -1040452.7754799446557 -152.85936414728797672 -2990.32157830655 582739 63.6607286567979
1334500 657532 286.51680871403249284 -1039992.7300530641805 -61.957389769342690045 -3037.62318085333 582211 63.6658954243361
1335000 657782 285.76937571438833174 -1040526.4715131615521 -322.1032771604888012 -3044.02255382275 581833 63.666400989796
1335500 658032 285.59632081329476705 -1040440.4112114708405 -433.27149952816375844 -3027.68610385503 582540 63.6692324450176
1336000 658282 286.51401721301635916 -1040036.4446562104858 -157.96524752126487101 -3032.76229122037 582078 63.6679205659915
1336500 658532 285.9805669864488209 -1040104.85353338602 -358.64649965642905727 -3076.93962087953 582125 63.6631233545766
1337000 658782 285.09946628083122278 -1040081.6968413016293 -95.920670808350877223 -3035.6393037979 582022 63.6626469451019
1337500 659032 286.37713784156744623 -1039897.4034194797277 -378.20067849443768182 -3009.27089662171 582178 63.6664720189829
1338000 659282 285.54035414082130728 -1040313.4330048277043 -76.513316025800065745 -3046.31822340406 582332 63.6708511319052
1338500 659532 287.06019852469199805 -1039992.3764266129583 -74.677119493784914539 -2946.29234500473 581934 63.6721130493501
1339000 659782 285.59343398002062031 -1040175.9410781054758 -407.3644173908245989 -3013.15869151118 582407 63.6674496355563
1339500 660032 285.88422152582427316 -1040219.1261222519679 -7.5423975085330559054 -3010.91314407758 582150 63.6727057648295
1340000 660282 285.80469074243552541 -1039976.4047665348044 -334.51765840840698729 -2992.15302747696 582226 63.6725164709748
1340500 660532 285.55964794836739884 -1039778.3024079989409 -27.950302607106120689 -3003.52608618493 582362 63.6764697451638
1341000 660782 285.13325281477136741 -1039803.4652902064845 -455.12493060642083265 -2965.35766377689 582496 63.6778019498476
1341500 661032 286.82368138766395305 -1039656.9543501338921 -123.12718559074725988 -2968.86787656385 582749 63.6769102451354
1342000 661282 285.95732442645936544 -1040356.0150696878554 -207.03350367152017952 -2972.40801970585 582069 63.6820770258635
1342500 661532 286.00972302009432724 -1039865.4251705182251 -267.82007780688525145 -2944.66056082725 582517 63.6868553548028
1343000 661782 286.30317632094664759 -1040214.1683276994154 -348.59829958977678643 -2937.35023683628 582163 63.6886259351596
1343500 662032 285.91985590255637817 -1039886.7468781276839 -319.11821741503149497 -2924.02056570847 582334 63.6911634487615
1344000 662282 286.08262550685469705 -1040018.5784600963816 -201.24568368371146221 -2953.16945737637 582694 63.6921187476007
1344500 662532 284.08729835073233971 -1040384.6050044922158 -289.53472850623506929 -3023.51426894623 582987 63.7003177213325
1345000 662782 287.22959132351201106 -1040437.1034949726891 -178.09553021043953436 -3011.24607698567 582842 63.7005338488226
1345500 663032 285.14169908367688322 -1040009.5038543982664 -140.58840814675224351 -2997.48051856347 582506 63.7006507089182
1346000 663282 285.91411072086071954 -1039666.2573790352326 -254.44711475311532922 -3031.57959063371 582549 63.6989283909929
1346500 663532 284.9945394390082356 -1040187.6780329814646 -389.16953010508268562 -2973.08942385506 581301 63.6953744271269
1347000 663782 287.03614291100967648 -1040028.9321522382088 -87.295356152235783043 -2960.12568414926 583329 63.7002701419584
1347500 664032 285.46712659836316561 -1040030.9312587872846 195.08766866552062424 -2946.69180793145 583025 63.7005066631913
1348000 664282 286.43726753040760968 -1039825.7435080276337 -340.07567158931442464 -2977.17778401791 582251 63.698204365575
1348500 664532 286.20423526508392342 -1040089.3510550552746 -299.21035743388478068 -2996.67949172107 581308 63.6909993796469
1349000 664782 285.8070109071733782 -1039890.2880067792721 -88.314006879763738311 -3007.40614006291 582556 63.6873666330274
1349500 665032 286.73272098870296531 -1040053.2931943010772 -300.24474414604304684 -3014.06943783259 582789 63.6811751331851
1350000 665282 286.30595834675528977 -1040614.1279522165423 -162.10392176699176048 -3043.71055002091 581738 63.6720719181785
1350500 665532 286.91194865544105141 -1039883.418678519316 31.231978519477955558 -3003.14862552035 582905 63.6621331204029
1351000 665782 285.76634917971972527 -1040167.2493574058171 -415.71775932166394796 -3101.11383936451 582219 63.659288878494
1351500 666032 287.8848883014802027 -1040228.304222348379 -212.41033662882273347 -3022.07457038728 582243 63.6586265228776
1352000 666282 285.6735320520588175 -1039634.1359076764202 -159.5716887599547249 -3012.25060752957 582955 63.6662087378893
1352500 666532 286.25064222456916241 -1040393.0094596442068 -165.61441070335212089 -3055.85256403416 582219 63.6712932798387
1353000 666782 287.63443593774576357 -1039964.4657601511572 -276.18419032416852588 -3029.67974802773 582985 63.6756863776607
1353500 667032 285.43394461919604055 -1040104.4223121792311 -182.65550613703732097 -3023.672402843 582400 63.679655505864
1354000 667282 285.57558609247865888 -1039690.6374534536153 -66.283676076721050663 -3018.81879442967 583105 63.6859351622813
1354500 667532 284.34911923674394529 -1040222.9502527874429 -247.17223702197063062 -2985.84273476568 581542 63.6873761779472
1355000 667782 285.27398867492200907 -1039934.8093213294633 -239.9102197724787402 -2975.51873402617 582642 63.6916809771174
1355500 668032 286.14456641024526107 -1040337.0644441193435 -257.96494136151545717 -2958.75841203986 583161 63.6907396338965
1356000 668282 286.22700239167210157 -1040461.9066475786967 -126.31531045734905661 -2989.85856313282 582660 63.6876219389999
1356500 668532 286.1566516358662966 -1039874.3545449300436 -298.2550487317858483 -2972.41981969768 582668 63.6828738581159
1357000 668782 284.40341237141257125 -1040385.352044756175 -292.16208005078107135 -3015.38969899363 582996 63.6814263279914
1357500 669032 286.15280051090280722 -1040157.7465970915509 -218.37554241623240614 -2944.62467987632 583992 63.6825644446511
1358000 669282 284.52456413207710284 -1040204.829595279065 -263.25561832333210077 -3005.39941236371 583084 63.6819913113871
1358500 669532 286.0807807522014059 -1040249.6072224272648 -171.7094444043329986 -3000.44343158452 583368 63.678782925729
1359000 669782 286.67205604908019723 -1040155.0767234154046 -304.13007003574193732 -2974.21300251711 582648 63.6773627259212
1359500 670032 285.8902828516329464 -1040538.6867850841954 -9.4210046470659243312 -2965.77631584591 581760 63.682083268492
1360000 670282 286.05615783722623746 -1040414.290940552135 -181.91719690775636309 -2962.88104391882 582838 63.6759300225731
1360500 670532 285.45850132240849462 -1039989.5922894809628 -126.51855883467767683 -2975.58380027522 582591 63.6777138269961
1361000 670782 287.14842495102209341 -1040194.9524024170823 0.14576698473199015127 -2943.22214016307 582911 63.6798653033102
1361500 671032 285.591755339965232 -1039981.9470330668846 -256.97790271551332353 -3029.21347066932 584199 63.6819516729147
1362000 671282 285.64035684288961647 -1040102.6740123910131 -178.34989890350362884 -2973.19369154533 583804 63.6860923984241
1362500 671532 284.05886254466287255 -1040392.8339012481738 -272.01419210526228198 -2946.22827255067 582910 63.6887042377417
1363000 671782 286.11147841139461434 -1039996.2349939304404 -388.25939004238961161 -3012.3615913655 583516 63.6892710883894
1363500 672032 285.20888697468649298 -1040276.0176766327349 -280.90933687756825066 -2927.41673476533 583010 63.6876596728759
1364000 672282 286.41706844268514942 -1039738.504841424292 -446.52059134702471965 -2953.34672589214 583582 63.6893434895861
1364500 672532 285.19270966969094161 -1040011.7412719092099 -188.18070340774198712 -3014.14643499901 583003 63.6892842439124
1365000 672782 286.12941021617234583 -1040198.0534427431412 -61.431746914882758404 -2989.76824563682 582771 63.6955158428296
1365500 673032 285.69181244411618081 -1040299.1535152451834 8.2553272342972761066 -2965.7150704968 583437 63.7063685963312
1366000 673282 285.87650918738506789 -1039657.3651000038953 -50.389442664775970115 -2971.23702448096 582800 63.7089942012955
1366500 673532 284.40927814693890241 -1040222.0622817105614 -107.59407215203957264 -2933.50017787932 583309 63.7098051367734
1367000 673782 286.36465316857561447 -1039992.1742497549858 -319.67558761465903672 -2937.30897031927 582730 63.7107737829285
1367500 674032 286.0167995387986366 -1040467.5788599931402 -204.61449876525611558 -2926.23741237057 583025 63.7157523544516
1368000 674282 287.08391841381052245 -1040232.1556528556393 -143.26290261193653919 -2940.04357329102 582988 63.7139252033817
1368500 674532 285.62230995715708559 -1040131.4682633979246 -248.12700951318120701 -2972.64561655285 583526 63.706161685496
1369000 674782 286.51952400674150567 -1039676.7480245204642 -145.13749197069535057 -2937.29323360708 582438 63.6980786790394
1369500 675032 284.61746072512676164 -1039800.6078422408318 -310.22435609813652491 -2921.59895132642 582596 63.6944898571175
1370000 675282 287.02121789757353554 -1039949.8009594955947 -111.24708996609030009 -2976.83551833381 583634 63.7049687626485
1370500 675532 285.41082762142440288 -1039940.4128742630128 -140.83105220018541104 -2964.42479851237 583086 63.7117104339557
1371000 675782 285.78843792994348405 -1040460.4174198572291 -4.669320171217685278 -3053.69498824809 582569 63.7229300018513
1371500 676032 286.50576457732205427 -1039966.7797811314231 -169.55771462493262902 -3051.72337402095 582523 63.7316014312307
1372000 676282 285.34150489538768625 -1040281.208787891781 -166.04391606180976737 -2983.70285770166 582443 63.742767154023
1372500 676532 284.91571599768178658 -1040085.8880380425835 7.3471715271000626046 -3026.72105306397 582301 63.7509173297843
1373000 676782 285.93524361637531683 -1040149.953758703894 -85.678536723080853221 -2963.44850649668 583196 63.7618036505554
1373500 677032 285.33411984688302709 -1040160.111595518305 -110.81104155603988204 -2967.55915108355 583067 63.7698641827756
1374000 677282 285.9963202686905106 -1039617.3514479666483 -232.91136109224066786 -2986.90929358579 582428 63.7807827455834
1374500 677532 286.69013157338156361 -1040601.8379606010858 -278.30463818211745775 -2995.29336228744 581684 63.7897449830292
1375000 677782 285.11370649621380835 -1040244.9175347316777 -65.893835796297011598 -2958.13429049785 582091 63.7985027530107
1375500 678032 286.91902340291142082 -1040005.8176411226159 47.379215102765179779 -3003.20570269136 581947 63.8068421721683
1376000 678282 285.55697165320469821 -1040416.4609725419432 -249.67600753954184256 -2979.94524005308 581678 63.8125166492837
1376500 678532 286.83587752548618255 -1040129.9597332114354 -233.09810763179109472 -2928.886539574 582099 63.8102530101101
1377000 678782 285.26770822312710152 -1039987.2713055196218 -303.33618668506329641 -2933.89073302244 582114 63.8032292116888
1377500 679032 285.26348832606839778 -1040301.2247306792997 -250.64848766221641085 -2975.89061895002 581552 63.80055047806
1378000 679282 286.49340302448524653 -1040146.1530577444937 -362.22421541802992806 -3019.79803689494 581455 63.8054607343312
1378500 679532 285.53601948795909493 -1039956.9473728400189 -279.65376249932501196 -2948.80818596905 581986 63.8066927418814
1379000 679782 283.32150156609992564 -1039951.1230605745222 -457.56425507579780287 -2989.78849185405 582294 63.8040563014123
1379500 680032 286.20997780650731102 -1039966.0686581234913 -310.33232171392114651 -2997.38237479895 581128 63.7991102390471
1380000 680282 285.59034274685018318 -1040294.12780674838 -282.83552448709565397 -2969.11475832074 582891 63.8004697556164
1380500 680532 287.56498169350589933 -1040158.2242762825917 -116.68470627203477363 -2998.02828961612 582832 63.7966896370768
1381000 680782 285.01903202359216039 -1040208.3234000111697 -163.17867638738081837 -2979.12392375959 581411 63.7974513596611
1381500 681032 285.08847331365791433 -1040485.0797951938584 -206.96415288287383305 -3000.89065611474 581920 63.7908770885187
1382000 681282 285.97923570160764939 -1039829.1344949643826 -34.435865401513325423 -2952.13124012458 581837 63.7825754816678
1382500 681532 285.19931911851881523 -1040282.50729448325 -283.37999485052091586 -2939.84354127674 582186 63.7763440201444
1383000 681782 285.55029983115662162 -1039807.110702071921 -250.14533288512228637 -2950.26589995834 582736 63.7739042316066
1383500 682032 285.70727459005956916 -1040129.2862259056419 -312.65426268568336354 -2958.43005678874 581821 63.7700568643168
1384000 682282 285.29195875155136264 -1040398.5472197438357 -385.32561324649770995 -2927.47816949958 581469 63.768751788159
1384500 682532 285.78820014733298649 -1040231.0488402985502 -205.10181684343055508 -2943.15349415017 581931 63.7620470326612
1385000 682782 284.82232778288823738 -1040730.4986816867022 -359.76691269820690877 -2949.34542679262 581574 63.7589713845691
1385500 683032 285.61656414312881225 -1040047.838556233095 -229.21772420725798725 -3008.06638044368 582530 63.7542016673025
1386000 683282 286.10117028712261344 -1040190.2535356883891 -199.86273520049414287 -2994.08607189139 581625 63.7504156431035
1386500 683532 284.48873034073460531 -1040316.8824900287436 -513.74464371165436205 -2959.76901681839 582134 63.7532135455507
1387000 683782 285.37400620905236792 -1039791.9812560535502 -348.10299996631840713 -2965.51350813998 582502 63.7551989246659
1387500 684032 286.02799457843610753 -1040465.8980723478599 -253.68155895746363626 -2992.79479858563 581626 63.7481505026339
1388000 684282 286.40763958456631144 -1039863.7138294950128 -159.22107139333425607 -2944.90739508168 581861 63.7395729420256
1388500 684532 284.99109666154367915 -1040203.2866291846149 -303.28344909718720146 -2978.21854476529 582656 63.7401872649069
1389000 684782 286.68458560704129923 -1040298.4138512348291 -181.07456381147503066 -2932.24300298017 583410 63.7351095445352
1389500 685032 284.59637128122847116 -1040402.2478136852151 -80.602785435571590256 -2979.14528365446 582419 63.7281981494289
1390000 685282 286.9186887214650028 -1040229.8351863077842 -104.39526914413104919 -2953.62375411045 582396 63.7257637006626
1390500 685532 285.06223895716203742 -1040267.4130047132494 -429.92444975680251673 -2995.38284800394 582147 63.7278394965591
1391000 685782 285.64586586293506798 -1040008.8234333033906 -53.671870842124448586 -3013.70586304047 581929 63.7251683134392
1391500 686032 285.84175467291078121 -1040216.6354161156341 -346.81804883927901528 -3007.97053767972 582105 63.7165240934886
1392000 686282 285.39526554290011973 -1040474.5998661298072 -141.71262238499417663 -2994.47035338516 582573 63.7101116543539
1392500 686532 287.06188700846956863 -1040539.9927629125305 -106.47589426204031327 -3030.06160202394 582997 63.7111475255112
1393000 686782 286.51336664483534378 -1040504.1244174588937 -100.69413387645164448 -2957.06963244149 582350 63.7178187630327
1393500 687032 284.51930002904214234 -1040790.0074411006644 -249.20673795789724636 -2953.80319515216 582063 63.717454846141
1394000 687282 285.53424208742484325 -1040484.1776942982106 -92.931001578343000347 -2960.87021506159 582748 63.7082483828871
1394500 687532 285.85057975036102107 -1040129.3994320835918 -287.83026910888480643 -2974.09461603344 583320 63.701222842189
1395000 687782 285.79534722242487987 -1040238.9790390211856 -86.027697174527460788 -2926.65434655326 583506 63.7006970915324
1395500 688032 285.79265472435531592 -1040425.956652060966 -252.30602199538881791 -2997.05430965992 583307 63.6953192288686
1396000 688282 285.56466247863397712 -1039903.2681900844909 -449.19197653791758285 -2957.59867440922 583569 63.6944706934463
1396500 688532 285.77510104294532312 -1040192.9414748001145 -127.64167550552244279 -2972.34041998664 582854 63.6928954860594
1397000 688782 285.42680192092808511 -1039925.3218163711717 -2.6397862372088716221 -2944.21085000701 584166 63.6785480344808
1397500 689032 286.21126055096408436 -1040599.100822702283 -138.98321825301221111 -2990.11795385369 583271 63.6628268954828
1398000 689282 287.12560085877532856 -1040423.9294033885235 -212.29362449028442938 -2934.35336617606 583185 63.6454780990252
1398500 689532 285.68862066730088145 -1040216.3241065893089 -142.74459178279835214 -2967.7865140975 583811 63.6313809570178
1399000 689782 285.65710492093302264 -1040152.5660399000626 -210.23334240843274756 -2930.2074681279 583958 63.6154799732139
1399500 690032 284.69003777768170949 -1039929.6119835053105 -180.96570682292178844 -3017.32342778395 583776 63.593962777669
1400000 690282 284.3202941846319618 -1040327.1040258050198 -214.22902485666702432 -3029.54837442886 584334 63.576622306239
1400500 690532 286.07987935986773209 -1040089.2929213630268 4.0894111100798786751 -3007.34613357747 583856 63.5658990173065
1401000 690782 285.70575115578282066 -1040775.3196940022754 -69.909973700314665734 -2999.26325764297 584831 63.563121466831
1401500 691032 285.49885164782091351 -1040348.5256784572266 15.977979820738068995 -2974.52162369799 583922 63.5544257118971
1402000 691282 286.44230710884477276 -1040373.4828509724466 -201.2909264077895557 -3003.00950705532 583231 63.5380893039222
1402500 691532 286.13608989687696749 -1040296.310767613817 7.8162041657347600676 -3001.15719278633 583627 63.529005246594
1403000 691782 285.37799425237005835 -1040515.3735608775169 16.712408445502799026 -2980.15252299827 583962 63.5265612467458
1403500 692032 286.46118269239224219 -1040193.7916682806099 -194.5358478912690714 -2969.7535611715 583767 63.526419388718
1404000 692282 285.26058252968044826 -1040711.2015465325676 -24.416447097894881324 -3040.69469655692 583843 63.5227020848155
1404500 692532 286.18390052900224418 -1040516.8954885773128 -16.424468345432551075 -2960.06418142539 583201 63.5214991757688
1405000 692782 287.24762583442560526 -1040257.7098316171905 -333.86057239640223315 -2981.62113054684 583404 63.5227468641061
1405500 693032 284.59046460376515597 -1040393.8476485053543 -349.91147519762392903 -3006.23433941577 584713 63.5303108584635
1406000 693282 286.89915397325586355 -1040370.0616483517224 -175.03333091144168066 -3027.10036093164 584717 63.5293691541523
1406500 693532 285.84744727397549013 -1039880.82620245812 -409.67632987414975787 -2932.35113716645 583817 63.5392358478776
1407000 693782 286.11021294988535146 -1040303.5897385206772 -178.70876581313206088 -3007.39678654458 583305 63.5514878827506
1407500 694032 286.31738147423357077 -1040340.63724912412 -39.242923726969280551 -2906.08476232907 584491 63.5662065630686
1408000 694282 285.6737525203976702 -1040049.6206816479098 -31.6039287259711692 -3000.72242594513 583984 63.5785039580419
1408500 694532 285.78023498868464003 -1040295.3862281922484 -57.068851099718067132 -2952.28022685566 583861 63.5915757750546
1409000 694782 285.65942972461579075 -1040153.8984152717749 -124.40889207426519647 -2943.13432207619 584295 63.6021736633901
1409500 695032 285.79213863821729547 -1039925.6678954423405 -179.47082081997223213 -2921.62444358825 583851 63.6164228675857
1410000 695282 285.3547782917480049 -1040866.9029497092124 98.72474291464261853 -2892.28129686102 583036 63.63360606574
1410500 695532 285.87984658437505914 -1040334.8695604638197 -0.89404977469909141519 -2934.90669048336 583266 63.6499033276585
1411000 695782 286.02987652197151647 -1039935.8795981630683 -336.25868751426219205 -2933.17876254519 583691 63.6656742369422
1411500 696032 284.64701605425477737 -1040212.682562881615 -324.34472128607160357 -2968.33154869195 582489 63.6820709870197
1412000 696282 285.68747429409722827 -1039757.2354289536597 -119.24783820644817922 -2873.43096887475 583270 63.688094396055
1412500 696532 285.07132756875853374 -1039924.654168316396 -82.151786595600128749 -2924.18975659055 582951 63.7000531692529
1413000 696782 285.62934516589319855 -1040132.5680783381686 -356.97423878264146424 -2941.86016453449 582994 63.7091842621221
1413500 697032 286.7616023205739566 -1040211.0496101930039 -273.59588483761746147 -2931.86262371852 582772 63.722212209226
1414000 697282 285.08140766000781241 -1040418.1832908459473 -234.22015259020085409 -2882.1193850116 582294 63.7327373553881
1414500 697532 286.97259167325393037 -1040217.9840943446616 -213.88705219222609344 -2949.91509343043 582125 63.7368125244339
1415000 697782 285.89429155247074732 -1040123.8606987576932 -107.52970240230492038 -2951.69151436067 581118 63.7424375555935
1415500 698032 286.66658731914122882 -1039815.7949063690612 -322.66980059925867863 -3003.12953932781 581915 63.7426147815402
1416000 698282 285.61537455099869476 -1040221.0032478938811 -20.675956792530712391 -2923.76978940221 582155 63.741148536374
1416500 698532 285.58698181146701245 -1039823.1444299316499 -80.188965582577495184 -2941.7178743152 581043 63.7435694935451
1417000 698782 285.83223223839388538 -1040447.653228667099 -483.78944639679195916 -2972.67634385985 581691 63.7493193902313
1417500 699032 285.31449583928952052 -1039946.2828461611643 -64.365961739567850941 -2936.75995821146 581993 63.7525194148325
1418000 699282 286.43398648435623954 -1040015.402998198173 -106.78590577613424273 -2939.74244221099 581552 63.7598471424877
1418500 699532 284.84796509368510442 -1040139.313200121047 -198.98590644927253379 -3044.27765300002 581772 63.7700666234306
1419000 699782 285.95564026785137912 -1039980.2702290234156 -173.79384807447928551 -2913.51175300264 582586 63.7730703452024
1419500 700032 286.40929827034358368 -1040071.062164249015 -157.55059543401750943 -2969.72180966555 582422 63.7783404755535
1420000 700282 285.39517621716203166 -1040029.594464889029 -123.60398490163822771 -2930.80872827146 582203 63.7825835564699
1420500 700532 285.44861133470379855 -1039787.0460634845076 -426.54192963735425792 -2981.66277729743 582709 63.7820997618786
1421000 700782 286.11185338597874761 -1040165.3077109815786 -285.96767026452567961 -2959.06220327055 582347 63.7792044566522
1421500 701032 284.83341539483382121 -1040568.0436283953022 -283.75091083065944986 -2997.32815444883 582396 63.7656625932899
1422000 701282 285.18515819038492509 -1039874.9918918899493 -511.53612043761722816 -2954.40315059921 581705 63.7585837028508
1422500 701532 286.12886346530956416 -1039790.7240783468587 124.05388947591465865 -2973.40806177758 581516 63.7478542439816
1423000 701782 285.51924233383846286 -1040154.91854923754 -288.4605838221869476 -2994.71030918505 581078 63.7390339068645
1423500 702032 286.50929848377222697 -1040063.8440699182684 -350.06707529803782109 -3004.01007102434 582270 63.7308667998127
1424000 702282 285.34264785813513754 -1039836.5627199396258 -192.11192678335450523 -2925.12525362899 582774 63.7247888557683
1424500 702532 286.40446549515451125 -1040186.8251413126709 -50.944491672488183553 -2954.84570254076 582268 63.7183993807778
1425000 702782 285.32878216853202957 -1040360.3968555445317 -221.66710887682711473 -2971.11182219783 582165 63.7163917685426
1425500 703032 286.46847040098981552 -1039955.88545167353 -221.2917613916134485 -2980.26065615578 582097 63.7160129208881
1426000 703282 285.99151172763350814 -1040305.3782161584822 -319.14695749652037193 -2956.30561715723 582988 63.7199016833748
1426500 703532 287.33297468284774823 -1039787.5221920345211 -176.85824753532483555 -2959.2221654293 582668 63.7244920859743
1427000 703782 285.93059721510377358 -1040065.1938545652665 -114.74369084573179123 -3060.17545090739 582339 63.7316780032838
1427500 704032 286.76202965801354594 -1040468.8464574420359 -439.91068470852258088 -3014.20940226052 582028 63.7426053466442
1428000 704282 286.26185578170367307 -1040006.0113764611306 -297.63554040447985471 -3029.05191588948 581808 63.7478712794361
1428500 704532 285.91634145370204578 -1040027.1663823942654 -150.27190390077919346 -3088.98960430141 582351 63.7526419608255
1429000 704782 286.85289267485285336 -1039829.6242993583437 -132.04441634595625032 -3048.89322238143 581840 63.7537509218142
1429500 705032 285.84170356038185901 -1040280.2273849862395 -144.11314444610391661 -2955.12038403738 582129 63.7528059934889
1430000 705282 287.14263930038509898 -1040053.9939437971916 -166.62981495337447768 -3017.85458205885 582360 63.7548964986263
1430500 705532 285.41004756838560752 -1039831.2997736285906 -145.05997404694994657 -3001.99298142398 582385 63.7597195534498
1431000 705782 284.44766961554296358 -1040133.5368239756208 -20.303997321012026589 -2986.90925382854 582159 63.7629572155861
1431500 706032 285.13007731229021147 -1040421.393872136483 -64.181870534353706148 -2992.86373743575 582436 63.7594862447271
1432000 706282 286.99629048650774621 -1040340.6567813438596 -235.08414716707534353 -3055.99085741522 582317 63.7572930210431
1432500 706532 285.88601626914163489 -1040388.0835827543633 102.25631674331155807 -3052.19796763016 582480 63.7600784288843
1433000 706782 286.10252691311166018 -1039909.6642458144343 -243.7408752523361386 -3011.83059002667 582111 63.7563665117541
1433500 707032 286.97099481264217502 -1040233.2436351596843 88.133259918454029958 -3025.47265477942 582450 63.749366762347
1434000 707282 284.97244593035856042 -1039938.6365271063987 -152.89547814597139563 -3020.19146241787 582049 63.7358420590778
1434500 707532 287.11582208775200797 -1039892.3869256919716 75.093123033131078614 -3039.21038271606 581761 63.7170604403288
1435000 707782 285.93002636855993615 -1040202.867201383342 71.511156969113372384 -2995.54730155022 581264 63.7040304597432
1435500 708032 286.49581828549924012 -1040447.0280332604889 -157.42086358504465693 -3016.59002636028 582286 63.6867867367682
1436000 708282 286.59367352560184372 -1039714.569246139843 20.603726614875103706 -3063.68423881762 581946 63.6653184943277
1436500 708532 285.60464117342291956 -1040167.4870512385387 -57.965975600990581995 -3070.83468034035 582911 63.6439269194164
1437000 708782 286.73411039695821501 -1039981.2440290022641 -330.55760797498521697 -3001.34103569893 581690 63.6307708423955
1437500 709032 284.88567126469160939 -1040209.8542917319573 -299.96260529091460967 -2961.52380232223 582855 63.6181526352978
1438000 709282 286.49008775404161042 -1040019.9083165446064 -201.55457955362211919 -3039.39431584346 582457 63.6093712802301
1438500 709532 284.5489705553143267 -1040297.9533248015214 -34.106966857486327172 -3014.00208824299 582554 63.5964600843794
1439000 709782 284.90588565248856412 -1039786.7033024919219 11.511330255822015189 -2996.89201958818 582465 63.5823345182763
1439500 710032 285.13849932042722912 -1040170.2002075265627 -45.377875372110217711 -2999.35079434538 582545 63.5753964424028
1440000 710282 285.26668072754023342 -1040144.5116332438774 -152.70737085118474852 -2980.75792830577 582870 63.575700151658
1440500 710532 286.89663409346815115 -1039919.449465383077 -229.06626916612401601 -2964.34645175554 581859 63.5795439966846
1441000 710782 285.16039734583847576 -1040125.214465951547 -476.54327588827914042 -3026.15693736745 581615 63.5784440676536
1441500 711032 286.12804949971240376 -1040215.5638966883998 -242.59699112846300295 -3057.52409501213 582363 63.5767960428516
1442000 711282 285.72941272369308763 -1040495.257825236069 -150.62949308030408702 -3059.5966176642 583435 63.584031146853
1442500 711532 285.90006777228984447 -1040141.6281432058895 -346.55421874556066086 -3052.54069288465 583157 63.5916330809835
1443000 711782 285.65763094819050139 -1040370.4141763658263 -282.92209423347890151 -2967.25106127045 582611 63.5943705230744
1443500 712032 284.58176436368518125 -1040659.4813055563718 -266.94053037359839209 -2977.64228752653 582605 63.6018916978903
1444000 712282 285.10235524313543465 -1040010.347490473534 -224.62263315345117576 -3002.58380193392 583736 63.6071476413136
1444500 712532 285.40270805385614494 -1040201.3367117347661 -336.70110052683895674 -3021.73866238151 583508 63.6074039800354
1445000 712782 284.0621806211142939 -1040040.6024940421339 155.24119754151666939 -2938.86916314825 583145 63.616244384215
1445500 713032 286.23881693219442468 -1039989.5295632086927 -208.46529031935912712 -2909.45172134855 582377 63.6365707924305
1446000 713282 285.46248201527703259 -1040554.1393317909678 -112.03732044658052303 -2938.86213994976 583022 63.6581854431113
1446500 713532 285.07124373303400944 -1039996.6567716388963 -108.4073063151213745 -2947.81234532802 583410 63.6708896933448
1447000 713782 288.01210406364634764 -1039772.4405617474113 -466.99254649561680708 -2935.10211309676 582527 63.6766377249419
1447500 714032 286.13906786358614909 -1040309.9435599045828 55.429599469661454236 -2952.26826092425 582664 63.6767241359306
1448000 714282 286.474726990027591 -1040748.394935471355 -404.47311514444612612 -3020.15179927726 582600 63.6817203356963
1448500 714532 287.47346486119323572 -1040206.1000401428901 -37.73382643950258597 -2984.95018522603 582476 63.6777086270399
1449000 714782 285.91883950044262974 -1040416.5652108124923 -51.589649439636637851 -3002.39174022072 582048 63.6724000321804
1449500 715032 285.2758545375629069 -1039999.690963123343 -77.299372853915571113 -3001.30244860414 581899 63.6623813428845
1450000 715282 284.71507152987538802 -1040353.4302446567453 -282.20119427816075586 -2887.73127474667 582114 63.6529586022679
1450500 715532 285.34807315010885986 -1039889.4549986433703 -153.79447613665595895 -2978.94073329749 582990 63.6457364653029
1451000 715782 285.72083626139925627 -1039924.3705573908519 -10.110907485499806668 -2944.05035090445 583402 63.6387681225128
1451500 716032 285.78999755985574893 -1040691.1516443898436 -82.534461361863250772 -2930.44704500385 583764 63.6318219766149
1452000 716282 286.36955388192757255 -1040128.7618155058008 -394.96851012723033136 -2971.25246830957 582815 63.6237437885349
1452500 716532 285.48508814334212502 -1040295.4877654951997 -67.073514827244522962 -2988.47527984617 582315 63.609443020339
1453000 716782 284.95144663417050879 -1039716.8304078927031 -284.15036476170030255 -2940.76442907514 582865 63.6016982492253
1453500 717032 285.46366869655150822 -1039791.3454541639658 -205.02884911314816918 -2957.80883468377 582781 63.5971548411884
1454000 717282 285.01241373613197538 -1040363.8278279189253 17.709770531945757455 -2930.91921824536 583423 63.5967918226184
1454500 717532 286.22288698914115912 -1040141.9199114774819 -6.9439096414435370619 -2958.43046022632 583246 63.5934483567132
1455000 717782 286.1561689933568573 -1039880.3663163578603 -284.44181893649482618 -2964.64941879932 583137 63.5937469603964
1455500 718032 287.00593884664397137 -1039778.1462742884178 -296.09548061957281107 -2984.65957345916 582753 63.5979958517806
1456000 718282 286.40076045966827678 -1040133.9603830224369 -91.223740991865383876 -2961.78205345989 582581 63.6049256170692
1456500 718532 287.7488047866563079 -1040106.0427966113202 -235.08772649957489875 -2918.14955988908 583241 63.6092046004793
1457000 718782 286.39536097356153732 -1040509.5099445498781 -194.16640538871126864 -2920.83042562634 582309 63.6137993146928
1457500 719032 286.58344501902251977 -1039804.654545065132 72.573030180284234802 -2914.20530160151 582306 63.6227256163146
1458000 719282 285.84025799109087984 -1039879.8603149990086 -90.571725245201903931 -2952.09810852221 583156 63.634826617199
1458500 719532 285.37038059717076521 -1040337.670844737906 -61.007333546565014615 -2942.05335997279 582931 63.6425018612657
1459000 719782 286.72187770111173677 -1040132.1623839882668 -113.93228904055921191 -2927.27561447293 582942 63.6514005859267
1459500 720032 285.20115031843727138 -1040200.5400762038771 -104.94581412281074506 -2982.16080928381 583560 63.6652002410969
1460000 720282 285.42260626047243477 -1040101.6733985419851 -129.50165962069888792 -2906.75047046114 583009 63.6752793227597
1460500 720532 287.08766752309497861 -1040040.5946571698878 -255.58372369644914102 -2971.42690735145 583287 63.6887524287983
1461000 720782 285.62346690255157 -1040385.7830048751784 -204.57077024046532188 -2896.93483220662 583162 63.703907482429
1461500 721032 286.59866667150640751 -1040296.8765166650992 -229.82931104340880779 -2927.18090575723 582960 63.7146726549013
1462000 721282 285.5941404405870685 -1040160.6282457561465 -165.80648762491529169 -2949.1686812491 582744 63.7226968680704
1462500 721532 287.27540986036552795 -1040573.249413988553 -530.71435003641317962 -2964.44583508912 582299 63.7182554580174
1463000 721782 285.48159083317881368 -1040156.5384447978577 -326.98140757670114454 -2970.03801948067 582815 63.7189829491591
1463500 722032 284.14592518045708402 -1039936.3276915539755 -209.53443704173523088 -2874.87016455562 581825 63.7177927952653
1464000 722282 286.29228339400242476 -1040043.6134398918366 -262.33363098532328195 -2895.47260934499 581854 63.7198528444189
1464500 722532 286.00968343972766661 -1040563.7284178627888 -222.92810154769347264 -2971.09724164118 582066 63.7138496138262
1465000 722782 286.9696117790642802 -1039964.6727097312687 -167.46383801377368172 -2933.82031096907 582244 63.7035462771064
1465500 723032 286.25691250620445771 -1040451.337363358587 -22.800546241152122917 -2932.62505397428 582180 63.6888969188694
1466000 723282 286.22080337650766069 -1040133.1878672775347 -160.40421054407067913 -2910.96860516411 581819 63.669968581123
1466500 723532 286.5269725755458694 -1039746.3866671642754 -160.4882502448008097 -2971.60174368098 582156 63.6584051964399
1467000 723782 285.12579205260067283 -1040023.9693399498938 -438.81912613165900439 -2970.38624502638 581772 63.6466960323129
1467500 724032 286.45017354492352979 -1039732.2152147840243 -347.70407924761076401 -2905.28033726954 581785 63.638604334634
1468000 724282 286.28992444146342677 -1040585.9050876478432 -176.73654305171490364 -2886.89581628391 582483 63.6189910132011
1468500 724532 285.66713248721623586 -1039934.1283628611127 -246.90968455411723426 -2895.40673958777 583019 63.5950815695545
1469000 724782 286.40115609675990527 -1040257.4521123213926 -251.3846499915664765 -2966.38517995154 583963 63.5716019955563
1469500 725032 285.42660813401914766 -1040746.0086066158256 -167.50680254647559764 -2991.73258059457 582348 63.5513026399633
1470000 725282 286.33929898742820797 -1040317.0589452191489 32.8606748169723204 -2962.14508765118 583603 63.5300302937601
1470500 725532 286.19991940320221602 -1039700.9276598669821 -45.08727553870327398 -2924.80730855077 583028 63.5141290824052
1471000 725782 285.4236231065812035 -1040283.638986311038 -173.0033268445609167 -2973.99415064323 584355 63.4945450666156
